{"address":"","progress_loop":{"progress_with_timeout":{"num":3536,"min":0.000000238,"max":0.104013681,"avg":0.074601175,"var":7.751434072,"sum":263.789754391},"progress_timeout_value_msec":{"num":3536,"min":100.000000000.0,"max":100.000000000.0,"avg":100.000000000.0,"var":0.000000000.0,"sum":353600.000000000.0},"progress_without_timeout":{"num":55833141,"min":0.000000000.0,"max":0.000679493,"avg":0.000000112,"var":0.000002454,"sum":6.261266232},"trigger":{"num":5002,"min":0.000000000.0,"max":0.000023603,"avg":0.000000723,"var":0.000000008,"sum":0.003615618}},"rpcs":{"65535:65535:14048217247822970879:0":{"rpc_id":-4398526825886580737,"provider_id":0,"parent_rpc_id":65535,"parent_provider_id":65535,"name":"get_file_data","origin":{"sent to ofi+cxi://0x24030400":{"iforward":{"duration":{"num":1000,"min":0.000000954,"max":0.000028849,"avg":0.000001467,"var":0.000000001,"sum":0.001466513},"relative_timestamp_from_create":{"num":1000,"min":0.000000000.0,"max":0.000003815,"avg":0.000000132,"var":0.000000000,"sum":0.000132084}},"forward_cb":{"duration":{"num":1000,"min":0.000000000.0,"max":0.000000477,"avg":0.000000196,"var":0.000000000,"sum":0.000196218},"relative_timestamp_from_iforward_start":{"num":1000,"min":0.001343489,"max":0.256463289,"avg":0.016026769,"var":0.083143860,"sum":16.026768684}},"iforward_wait":{"duration":{"num":1000,"min":0.001343489,"max":0.256464720,"avg":0.016026989,"var":0.083145379,"sum":16.026988983},"relative_timestamp_from_iforward_end":{"num":1000,"min":0.000000000.0,"max":0.000000238,"avg":0.000000069,"var":0.000000000,"sum":0.000068903}},"set_input":{"duration":{"num":1000,"min":0.000000000.0,"max":0.000004292,"avg":0.000000219,"var":0.000000000,"sum":0.000219345},"relative_timestamp_from_iforward_start":{"num":1000,"min":0.000000715,"max":0.000018120,"avg":0.000001049,"var":0.000000000,"sum":0.001048803}},"get_output":{"duration":{"num":1000,"min":0.000020742,"max":0.000144005,"avg":0.000021684,"var":0.000000016,"sum":0.021684170},"relative_timestamp_from_wait_end":{"num":1000,"min":0.000000000.0,"max":0.000000715,"avg":0.000000197,"var":0.000000000,"sum":0.000197172}}}},"target":{"received from ofi+cxi://0x24030400":{"handler":{"duration":{"num":1000,"min":0.000000477,"max":0.000006437,"avg":0.000000686,"var":0.000000000,"sum":0.000685930}},"ult":{"duration":{"num":1000,"min":0.001341105,"max":0.256462097,"avg":0.016024389,"var":0.083143475,"sum":16.024389267},"relative_timestamp_from_handler_start":{"num":1000,"min":0.000000715,"max":0.000013828,"avg":0.000001092,"var":0.000000000,"sum":0.001092434}},"irespond":{"duration":{"num":1000,"min":0.000202417,"max":0.000362635,"avg":0.000255548,"var":0.000001026,"sum":0.255548239},"relative_timestamp_from_ult_start":{"num":1000,"min":0.001078606,"max":0.256196976,"avg":0.015766144,"var":0.083101750,"sum":15.766144276}},"respond_cb":{"duration":{"num":1000,"min":0.000000000.0,"max":0.000000477,"avg":0.000000131,"var":0.000000000,"sum":0.000131369},"relative_timestamp_from_irespond_start":{"num":1000,"min":0.000203133,"max":0.000363588,"avg":0.000256536,"var":0.000001030,"sum":0.256535769}},"irespond_wait":{"duration":{"num":1000,"min":0.000001192,"max":0.000009060,"avg":0.000001851,"var":0.000000000,"sum":0.001850843},"relative_timestamp_from_irespond_end":{"num":1000,"min":0.000000000.0,"max":0.000000477,"avg":0.000000092,"var":0.000000000,"sum":0.000092268}},"set_output":{"duration":{"num":1000,"min":0.000156164,"max":0.000306129,"avg":0.000205952,"var":0.000001071,"sum":0.205952168},"relative_timestamp_from_irespond_start":{"num":1000,"min":0.000000000.0,"max":0.000001907,"avg":0.000000161,"var":0.000000000,"sum":0.000161171}},"get_input":{"duration":{"num":1000,"min":0.000000000.0,"max":0.000001907,"avg":0.000000358,"var":0.000000000,"sum":0.000357628},"relative_timestamp_from_ult_start":{"num":1000,"min":0.000000000.0,"max":0.000003099,"avg":0.000000283,"var":0.000000000,"sum":0.000282764}}}}},"14048217247822970879:0:14048217247822970879:0":{"rpc_id":-4398526825886580737,"provider_id":0,"parent_rpc_id":-4398526825886580737,"parent_provider_id":0,"name":"get_file_data","origin":{"sent to ofi+cxi://0x24056200":{"iforward":{"duration":{"num":1000,"min":0.000001907,"max":0.000074148,"avg":0.000003804,"var":0.000000033,"sum":0.003804207},"relative_timestamp_from_create":{"num":1000,"min":0.000000000.0,"max":0.000000477,"avg":0.000000180,"var":0.000000000,"sum":0.000179529}},"forward_cb":{"duration":{"num":1000,"min":0.000000000.0,"max":0.000000715,"avg":0.000000160,"var":0.000000000,"sum":0.000159979},"relative_timestamp_from_iforward_start":{"num":1000,"min":0.001020908,"max":0.256106853,"avg":0.015596879,"var":0.077872911,"sum":15.596878529}},"iforward_wait":{"duration":{"num":1000,"min":0.001018047,"max":0.256104469,"avg":0.015593745,"var":0.077869205,"sum":15.593745470},"relative_timestamp_from_iforward_end":{"num":1000,"min":0.000000000.0,"max":0.000000477,"avg":0.000000237,"var":0.000000000,"sum":0.000236988}},"set_input":{"duration":{"num":1000,"min":0.000000000.0,"max":0.000000477,"avg":0.000000170,"var":0.000000000,"sum":0.000169516},"relative_timestamp_from_iforward_start":{"num":1000,"min":0.000000238,"max":0.000002146,"avg":0.000000934,"var":0.000000000,"sum":0.000933647}},"get_output":{"duration":{"num":1000,"min":0.000028133,"max":0.000317335,"avg":0.000038469,"var":0.000001177,"sum":0.038469076},"relative_timestamp_from_wait_end":{"num":1000,"min":0.000000000.0,"max":0.000013828,"avg":0.000000252,"var":0.000000001,"sum":0.000252247}}}}},"65535:65535:8686831390660034559:65535":{"rpc_id":8686831390660034559,"provider_id":65535,"parent_rpc_id":65535,"parent_provider_id":65535,"name":"__shutdown__","target":{"received from ofi+cxi://0x24014401":{"handler":{"duration":{"num":1,"min":0.000012159,"max":0.000012159,"avg":0.000012159,"var":0.000000000.0,"sum":0.000012159}},"ult":{"duration":{"num":1,"min":0.000020266,"max":0.000020266,"avg":0.000020266,"var":0.000000000.0,"sum":0.000020266},"relative_timestamp_from_handler_start":{"num":1,"min":0.000016689,"max":0.000016689,"avg":0.000016689,"var":0.000000000.0,"sum":0.000016689}},"irespond":{"duration":{"num":1,"min":0.000009298,"max":0.000009298,"avg":0.000009298,"var":0.000000000.0,"sum":0.000009298},"relative_timestamp_from_ult_start":{"num":1,"min":0.000001431,"max":0.000001431,"avg":0.000001431,"var":0.000000000.0,"sum":0.000001431}},"respond_cb":{"duration":{"num":1,"min":0.000000477,"max":0.000000477,"avg":0.000000477,"var":0.000000000.0,"sum":0.000000477},"relative_timestamp_from_irespond_start":{"num":1,"min":0.000016212,"max":0.000016212,"avg":0.000016212,"var":0.000000000.0,"sum":0.000016212}},"irespond_wait":{"duration":{"num":1,"min":0.000007391,"max":0.000007391,"avg":0.000007391,"var":0.000000000.0,"sum":0.000007391},"relative_timestamp_from_irespond_end":{"num":1,"min":0.000000477,"max":0.000000477,"avg":0.000000477,"var":0.000000000.0,"sum":0.000000477}},"set_output":{"duration":{"num":1,"min":0.000000477,"max":0.000000477,"avg":0.000000477,"var":0.000000000.0,"sum":0.000000477},"relative_timestamp_from_irespond_start":{"num":1,"min":0.000001192,"max":0.000001192,"avg":0.000001192,"var":0.000000000.0,"sum":0.000001192}},"get_input":{"duration":{"num":0,"min":0.000000000.0,"max":0.000000000.0,"avg":0.000000000.0,"var":0.000000000.0,"sum":0.000000000.0},"relative_timestamp_from_ult_start":{"num":0,"min":0.000000000.0,"max":0.000000000.0,"avg":0.000000000.0,"var":0.000000000.0,"sum":0.000000000.0}}}}}}}