{"address":"","progress_loop":{"progress_with_timeout":{"num":2246,"min":0.000000000.0,"max":0.104005575,"avg":0.057722246,"var":5.996152665,"sum":129.644164085},"progress_timeout_value_msec":{"num":2246,"min":100.000000000.0,"max":100.000000000.0,"avg":100.000000000.0,"var":0.000000000.0,"sum":224600.000000000.0},"progress_without_timeout":{"num":642720,"min":0.000000000.0,"max":0.000016212,"avg":0.000000113,"var":0.000000010,"sum":0.072609901},"trigger":{"num":4002,"min":0.000000000.0,"max":0.000035286,"avg":0.000000287,"var":0.000000002,"sum":0.001149654}},"rpcs":{"65535:65535:14048217247822970879:0":{"rpc_id":-4398526825886580737,"provider_id":0,"parent_rpc_id":65535,"parent_provider_id":65535,"name":"get_file_data","origin":{"sent to ofi+cxi://0x24032400":{"iforward":{"duration":{"num":1000,"min":0.000000477,"max":0.000034094,"avg":0.000000657,"var":0.000000001,"sum":0.000656843},"relative_timestamp_from_create":{"num":1000,"min":0.000000000.0,"max":0.000004292,"avg":0.000000082,"var":0.000000000,"sum":0.000081539}},"forward_cb":{"duration":{"num":1000,"min":0.000000000.0,"max":0.000000238,"avg":0.000000076,"var":0.000000000,"sum":0.000075579},"relative_timestamp_from_iforward_start":{"num":1000,"min":0.000056028,"max":0.015306711,"avg":0.000190679,"var":0.000475489,"sum":0.190679312}},"iforward_wait":{"duration":{"num":1000,"min":0.000056028,"max":0.015306234,"avg":0.000190686,"var":0.000474932,"sum":0.190686226},"relative_timestamp_from_iforward_end":{"num":1000,"min":0.000000000.0,"max":0.000000238,"avg":0.000000049,"var":0.000000000,"sum":0.000048637}},"set_input":{"duration":{"num":1000,"min":0.000000000.0,"max":0.000004292,"avg":0.000000103,"var":0.000000000,"sum":0.000103235},"relative_timestamp_from_iforward_start":{"num":1000,"min":0.000000238,"max":0.000021935,"avg":0.000000428,"var":0.000000000,"sum":0.000428438}},"get_output":{"duration":{"num":1000,"min":0.000000000.0,"max":0.000000238,"avg":0.000000111,"var":0.000000000,"sum":0.000111341},"relative_timestamp_from_wait_end":{"num":1000,"min":0.000000000.0,"max":0.000000477,"avg":0.000000097,"var":0.000000000,"sum":0.000096798}}}},"target":{"received from ofi+cxi://0x24032400":{"handler":{"duration":{"num":1000,"min":0.000000238,"max":0.000006914,"avg":0.000000330,"var":0.000000000,"sum":0.000329971}},"ult":{"duration":{"num":1000,"min":0.000054836,"max":0.015301466,"avg":0.000189404,"var":0.000474298,"sum":0.189404488},"relative_timestamp_from_handler_start":{"num":1000,"min":0.000000477,"max":0.000015497,"avg":0.000000576,"var":0.000000000,"sum":0.000576019}},"irespond":{"duration":{"num":1000,"min":0.000000238,"max":0.000002861,"avg":0.000000293,"var":0.000000000,"sum":0.000293016},"relative_timestamp_from_ult_start":{"num":1000,"min":0.000053167,"max":0.015299320,"avg":0.000187919,"var":0.000474175,"sum":0.187919378}},"respond_cb":{"duration":{"num":1000,"min":0.000000000.0,"max":0.000000477,"avg":0.000000074,"var":0.000000000,"sum":0.000074387},"relative_timestamp_from_irespond_start":{"num":1000,"min":0.000000477,"max":0.000003815,"avg":0.000000696,"var":0.000000000,"sum":0.000696182}},"irespond_wait":{"duration":{"num":1000,"min":0.000000715,"max":0.000002146,"avg":0.000000906,"var":0.000000000,"sum":0.000905752},"relative_timestamp_from_irespond_end":{"num":1000,"min":0.000000000.0,"max":0.000000238,"avg":0.000000045,"var":0.000000000,"sum":0.000045300}},"set_output":{"duration":{"num":1000,"min":0.000000000.0,"max":0.000000954,"avg":0.000000100,"var":0.000000000,"sum":0.000100374},"relative_timestamp_from_irespond_start":{"num":1000,"min":0.000000000.0,"max":0.000001192,"avg":0.000000072,"var":0.000000000,"sum":0.000072002}},"get_input":{"duration":{"num":1000,"min":0.000000000.0,"max":0.000001907,"avg":0.000000104,"var":0.000000000,"sum":0.000103712},"relative_timestamp_from_ult_start":{"num":1000,"min":0.000000000.0,"max":0.000003338,"avg":0.000000138,"var":0.000000000,"sum":0.000137806}}}}},"14048217247822970879:0:14048217247822970879:0":{"rpc_id":-4398526825886580737,"provider_id":0,"parent_rpc_id":-4398526825886580737,"parent_provider_id":0,"name":"get_file_data","origin":{"sent to ofi+cxi://0x24030000":{"iforward":{"duration":{"num":1000,"min":0.000000954,"max":0.000040770,"avg":0.000001355,"var":0.000000003,"sum":0.001354933},"relative_timestamp_from_create":{"num":1000,"min":0.000000000.0,"max":0.000000238,"avg":0.000000068,"var":0.000000000,"sum":0.000067711}},"forward_cb":{"duration":{"num":1000,"min":0.000000000.0,"max":0.000001431,"avg":0.000000076,"var":0.000000000,"sum":0.000075579},"relative_timestamp_from_iforward_start":{"num":1000,"min":0.000047207,"max":0.015288830,"avg":0.000181613,"var":0.000471991,"sum":0.181613207}},"iforward_wait":{"duration":{"num":1000,"min":0.000046253,"max":0.015279055,"avg":0.000180398,"var":0.000470871,"sum":0.180397987},"relative_timestamp_from_iforward_end":{"num":1000,"min":0.000000000.0,"max":0.000000477,"avg":0.000000212,"var":0.000000000,"sum":0.000211716}},"set_input":{"duration":{"num":1000,"min":0.000000000.0,"max":0.000000715,"avg":0.000000095,"var":0.000000000,"sum":0.000094891},"relative_timestamp_from_iforward_start":{"num":1000,"min":0.000000238,"max":0.000002146,"avg":0.000000368,"var":0.000000000,"sum":0.000367880}},"get_output":{"duration":{"num":1000,"min":0.000000000.0,"max":0.000001192,"avg":0.000000161,"var":0.000000000,"sum":0.000161409},"relative_timestamp_from_wait_end":{"num":1000,"min":0.000000000.0,"max":0.000000715,"avg":0.000000096,"var":0.000000000,"sum":0.000095606}}}}},"65535:65535:8686831390660034559:65535":{"rpc_id":8686831390660034559,"provider_id":65535,"parent_rpc_id":65535,"parent_provider_id":65535,"name":"__shutdown__","target":{"received from ofi+cxi://0x24014401":{"handler":{"duration":{"num":1,"min":0.000023365,"max":0.000023365,"avg":0.000023365,"var":0.000000000.0,"sum":0.000023365}},"ult":{"duration":{"num":1,"min":0.000018835,"max":0.000018835,"avg":0.000018835,"var":0.000000000.0,"sum":0.000018835},"relative_timestamp_from_handler_start":{"num":1,"min":0.000028133,"max":0.000028133,"avg":0.000028133,"var":0.000000000.0,"sum":0.000028133}},"irespond":{"duration":{"num":1,"min":0.000009298,"max":0.000009298,"avg":0.000009298,"var":0.000000000.0,"sum":0.000009298},"relative_timestamp_from_ult_start":{"num":1,"min":0.000000954,"max":0.000000954,"avg":0.000000954,"var":0.000000000.0,"sum":0.000000954}},"respond_cb":{"duration":{"num":1,"min":0.000000715,"max":0.000000715,"avg":0.000000715,"var":0.000000000.0,"sum":0.000000715},"relative_timestamp_from_irespond_start":{"num":1,"min":0.000015020,"max":0.000015020,"avg":0.000015020,"var":0.000000000.0,"sum":0.000015020}},"irespond_wait":{"duration":{"num":1,"min":0.000006914,"max":0.000006914,"avg":0.000006914,"var":0.000000000.0,"sum":0.000006914},"relative_timestamp_from_irespond_end":{"num":1,"min":0.000000000.0,"max":0.000000000.0,"avg":0.000000000.0,"var":0.000000000.0,"sum":0.000000000.0}},"set_output":{"duration":{"num":1,"min":0.000000715,"max":0.000000715,"avg":0.000000715,"var":0.000000000.0,"sum":0.000000715},"relative_timestamp_from_irespond_start":{"num":1,"min":0.000000954,"max":0.000000954,"avg":0.000000954,"var":0.000000000.0,"sum":0.000000954}},"get_input":{"duration":{"num":0,"min":0.000000000.0,"max":0.000000000.0,"avg":0.000000000.0,"var":0.000000000.0,"sum":0.000000000.0},"relative_timestamp_from_ult_start":{"num":0,"min":0.000000000.0,"max":0.000000000.0,"avg":0.000000000.0,"var":0.000000000.0,"sum":0.000000000.0}}}}}}}