{"address":"","progress_loop":{"progress_with_timeout":{"num":2237,"min":0.000000000.0,"max":0.104011297,"avg":0.057519141,"var":5.977252073,"sum":128.670317411},"progress_timeout_value_msec":{"num":2237,"min":100.000000000.0,"max":100.000000000.0,"avg":100.000000000.0,"var":0.000000000.0,"sum":223700.000000000.0},"progress_without_timeout":{"num":4105369,"min":0.000000000.0,"max":0.000071764,"avg":0.000000113,"var":0.000000084,"sum":0.462696075},"trigger":{"num":5002,"min":0.000000000.0,"max":0.000030994,"avg":0.000000433,"var":0.000000002,"sum":0.002166033}},"rpcs":{"65535:65535:14048217247822970879:0":{"rpc_id":-4398526825886580737,"provider_id":0,"parent_rpc_id":65535,"parent_provider_id":65535,"name":"get_file_data","origin":{"sent to ofi+cxi://0x24076600":{"iforward":{"duration":{"num":1000,"min":0.000000477,"max":0.000025749,"avg":0.000000681,"var":0.000000001,"sum":0.000681162},"relative_timestamp_from_create":{"num":1000,"min":0.000000000.0,"max":0.000003099,"avg":0.000000093,"var":0.000000000,"sum":0.000093222}},"forward_cb":{"duration":{"num":1000,"min":0.000000000.0,"max":0.000000238,"avg":0.000000087,"var":0.000000000,"sum":0.000086546},"relative_timestamp_from_iforward_start":{"num":1000,"min":0.000142574,"max":0.019292831,"avg":0.001171723,"var":0.000622310,"sum":1.171723366}},"iforward_wait":{"duration":{"num":1000,"min":0.000142813,"max":0.019270420,"avg":0.001171745,"var":0.000621413,"sum":1.171745062},"relative_timestamp_from_iforward_end":{"num":1000,"min":0.000000000.0,"max":0.000000238,"avg":0.000000047,"var":0.000000000,"sum":0.000046730}},"set_input":{"duration":{"num":1000,"min":0.000000000.0,"max":0.000004292,"avg":0.000000135,"var":0.000000000,"sum":0.000135183},"relative_timestamp_from_iforward_start":{"num":1000,"min":0.000000238,"max":0.000015736,"avg":0.000000424,"var":0.000000000,"sum":0.000424147}},"get_output":{"duration":{"num":1000,"min":0.000001192,"max":0.000003576,"avg":0.000001663,"var":0.000000000,"sum":0.001662970},"relative_timestamp_from_wait_end":{"num":1000,"min":0.000000000.0,"max":0.000000238,"avg":0.000000094,"var":0.000000000,"sum":0.000094175}}}},"target":{"received from ofi+cxi://0x24076600":{"handler":{"duration":{"num":1000,"min":0.000000238,"max":0.000006914,"avg":0.000000333,"var":0.000000000,"sum":0.000333071}},"ult":{"duration":{"num":1000,"min":0.000141382,"max":0.018754005,"avg":0.001169914,"var":0.000602992,"sum":1.169914246},"relative_timestamp_from_handler_start":{"num":1000,"min":0.000000477,"max":0.000505209,"avg":0.000001082,"var":0.000000254,"sum":0.001082182}},"irespond":{"duration":{"num":1000,"min":0.000001431,"max":0.000035048,"avg":0.000004510,"var":0.000000055,"sum":0.004509687},"relative_timestamp_from_ult_start":{"num":1000,"min":0.000137568,"max":0.018719435,"avg":0.001164113,"var":0.000600262,"sum":1.164113045}},"respond_cb":{"duration":{"num":1000,"min":0.000000000.0,"max":0.000000238,"avg":0.000000078,"var":0.000000000,"sum":0.000078440},"relative_timestamp_from_irespond_start":{"num":1000,"min":0.000001907,"max":0.000035763,"avg":0.000004959,"var":0.000000055,"sum":0.004959345}},"irespond_wait":{"duration":{"num":1000,"min":0.000000715,"max":0.000001669,"avg":0.000000978,"var":0.000000000,"sum":0.000978470},"relative_timestamp_from_irespond_end":{"num":1000,"min":0.000000000.0,"max":0.000000238,"avg":0.000000054,"var":0.000000000,"sum":0.000053644}},"set_output":{"duration":{"num":1000,"min":0.000000715,"max":0.000024796,"avg":0.000003049,"var":0.000000027,"sum":0.003049374},"relative_timestamp_from_irespond_start":{"num":1000,"min":0.000000000.0,"max":0.000000954,"avg":0.000000079,"var":0.000000000,"sum":0.000078917}},"get_input":{"duration":{"num":1000,"min":0.000000000.0,"max":0.000002146,"avg":0.000000100,"var":0.000000000,"sum":0.000100374},"relative_timestamp_from_ult_start":{"num":1000,"min":0.000000000.0,"max":0.000005007,"avg":0.000000147,"var":0.000000000,"sum":0.000146866}}}}},"14048217247822970879:0:14048217247822970879:0":{"rpc_id":-4398526825886580737,"provider_id":0,"parent_rpc_id":-4398526825886580737,"parent_provider_id":0,"name":"get_file_data","origin":{"sent to ofi+cxi://0x24076200":{"iforward":{"duration":{"num":1000,"min":0.000000954,"max":0.000032187,"avg":0.000001640,"var":0.000000002,"sum":0.001639605},"relative_timestamp_from_create":{"num":1000,"min":0.000000000.0,"max":0.000000238,"avg":0.000000076,"var":0.000000000,"sum":0.000076056}},"forward_cb":{"duration":{"num":1000,"min":0.000000000.0,"max":0.000000954,"avg":0.000000086,"var":0.000000000,"sum":0.000086069},"relative_timestamp_from_iforward_start":{"num":1000,"min":0.000129223,"max":0.018608093,"avg":0.001154663,"var":0.000596532,"sum":1.154663324}},"iforward_wait":{"duration":{"num":1000,"min":0.000128031,"max":0.018579721,"avg":0.001153221,"var":0.000595174,"sum":1.153221369},"relative_timestamp_from_iforward_end":{"num":1000,"min":0.000000000.0,"max":0.000000477,"avg":0.000000212,"var":0.000000000,"sum":0.000211716}},"set_input":{"duration":{"num":1000,"min":0.000000000.0,"max":0.000000477,"avg":0.000000117,"var":0.000000000,"sum":0.000117302},"relative_timestamp_from_iforward_start":{"num":1000,"min":0.000000238,"max":0.000002146,"avg":0.000000373,"var":0.000000000,"sum":0.000372887}},"get_output":{"duration":{"num":1000,"min":0.000001431,"max":0.000016451,"avg":0.000002187,"var":0.000000001,"sum":0.002186775},"relative_timestamp_from_wait_end":{"num":1000,"min":0.000000000.0,"max":0.000018358,"avg":0.000000151,"var":0.000000001,"sum":0.000151157}}}}},"65535:65535:8686831390660034559:65535":{"rpc_id":8686831390660034559,"provider_id":65535,"parent_rpc_id":65535,"parent_provider_id":65535,"name":"__shutdown__","target":{"received from ofi+cxi://0x24014401":{"handler":{"duration":{"num":1,"min":0.000021458,"max":0.000021458,"avg":0.000021458,"var":0.000000000.0,"sum":0.000021458}},"ult":{"duration":{"num":1,"min":0.000015020,"max":0.000015020,"avg":0.000015020,"var":0.000000000.0,"sum":0.000015020},"relative_timestamp_from_handler_start":{"num":1,"min":0.000025272,"max":0.000025272,"avg":0.000025272,"var":0.000000000.0,"sum":0.000025272}},"irespond":{"duration":{"num":1,"min":0.000005960,"max":0.000005960,"avg":0.000005960,"var":0.000000000.0,"sum":0.000005960},"relative_timestamp_from_ult_start":{"num":1,"min":0.000001192,"max":0.000001192,"avg":0.000001192,"var":0.000000000.0,"sum":0.000001192}},"respond_cb":{"duration":{"num":1,"min":0.000000238,"max":0.000000238,"avg":0.000000238,"var":0.000000000.0,"sum":0.000000238},"relative_timestamp_from_irespond_start":{"num":1,"min":0.000011683,"max":0.000011683,"avg":0.000011683,"var":0.000000000.0,"sum":0.000011683}},"irespond_wait":{"duration":{"num":1,"min":0.000006437,"max":0.000006437,"avg":0.000006437,"var":0.000000000.0,"sum":0.000006437},"relative_timestamp_from_irespond_end":{"num":1,"min":0.000000000.0,"max":0.000000000.0,"avg":0.000000000.0,"var":0.000000000.0,"sum":0.000000000.0}},"set_output":{"duration":{"num":1,"min":0.000000715,"max":0.000000715,"avg":0.000000715,"var":0.000000000.0,"sum":0.000000715},"relative_timestamp_from_irespond_start":{"num":1,"min":0.000000715,"max":0.000000715,"avg":0.000000715,"var":0.000000000.0,"sum":0.000000715}},"get_input":{"duration":{"num":0,"min":0.000000000.0,"max":0.000000000.0,"avg":0.000000000.0,"var":0.000000000.0,"sum":0.000000000.0},"relative_timestamp_from_ult_start":{"num":0,"min":0.000000000.0,"max":0.000000000.0,"avg":0.000000000.0,"var":0.000000000.0,"sum":0.000000000.0}}}}}}}