{"address":"","progress_loop":{"progress_with_timeout":{"num":1236,"min":0.000002623,"max":0.104006290,"avg":0.103552632,"var":0.054631088,"sum":127.991053104},"progress_timeout_value_msec":{"num":1236,"min":100.000000000.0,"max":100.000000000.0,"avg":100.000000000.0,"var":0.000000000.0,"sum":123600.000000000.0},"progress_without_timeout":{"num":6344322,"min":0.000000000.0,"max":0.000459909,"avg":0.000000114,"var":0.000000343,"sum":0.722042322},"trigger":{"num":13002,"min":0.000000000.0,"max":0.001510143,"avg":0.000000562,"var":0.000002283,"sum":0.007302999}},"rpcs":{"65535:65535:14048217247822970879:0":{"rpc_id":-4398526825886580737,"provider_id":0,"parent_rpc_id":65535,"parent_provider_id":65535,"name":"get_file_data","origin":{"sent to ofi+cxi://0x24030000":{"iforward":{"duration":{"num":1000,"min":0.000000477,"max":0.000024557,"avg":0.000000724,"var":0.000000001,"sum":0.000723839},"relative_timestamp_from_create":{"num":1000,"min":0.000000000.0,"max":0.000002861,"avg":0.000000099,"var":0.000000000,"sum":0.000099421}},"forward_cb":{"duration":{"num":1000,"min":0.000000000.0,"max":0.000000238,"avg":0.000000084,"var":0.000000000,"sum":0.000084162},"relative_timestamp_from_iforward_start":{"num":1000,"min":0.000685930,"max":0.025315046,"avg":0.001832837,"var":0.000723369,"sum":1.832837343}},"iforward_wait":{"duration":{"num":1000,"min":0.000685692,"max":0.025294542,"avg":0.001832964,"var":0.000722388,"sum":1.832964420},"relative_timestamp_from_iforward_end":{"num":1000,"min":0.000000000.0,"max":0.000000238,"avg":0.000000046,"var":0.000000000,"sum":0.000045776}},"set_input":{"duration":{"num":1000,"min":0.000000000.0,"max":0.000003576,"avg":0.000000147,"var":0.000000000,"sum":0.000146866},"relative_timestamp_from_iforward_start":{"num":1000,"min":0.000000238,"max":0.000014782,"avg":0.000000444,"var":0.000000000,"sum":0.000443935}},"get_output":{"duration":{"num":1000,"min":0.000002623,"max":0.000006676,"avg":0.000003071,"var":0.000000000,"sum":0.003071308},"relative_timestamp_from_wait_end":{"num":1000,"min":0.000000000.0,"max":0.000000477,"avg":0.000000089,"var":0.000000000,"sum":0.000088930}}}},"target":{"received from ofi+cxi://0x24030000":{"handler":{"duration":{"num":1000,"min":0.000000238,"max":0.000006676,"avg":0.000000337,"var":0.000000000,"sum":0.000337362}},"ult":{"duration":{"num":1000,"min":0.000684738,"max":0.024771929,"avg":0.001831010,"var":0.000698183,"sum":1.831009865},"relative_timestamp_from_handler_start":{"num":1000,"min":0.000000477,"max":0.000510931,"avg":0.000001091,"var":0.000000260,"sum":0.001091480}},"irespond":{"duration":{"num":1000,"min":0.000003815,"max":0.000048399,"avg":0.000005310,"var":0.000000037,"sum":0.005310059},"relative_timestamp_from_ult_start":{"num":1000,"min":0.000679016,"max":0.024684429,"avg":0.001824295,"var":0.000692614,"sum":1.824294567}},"respond_cb":{"duration":{"num":1000,"min":0.000000000.0,"max":0.000000238,"avg":0.000000078,"var":0.000000000,"sum":0.000077963},"relative_timestamp_from_irespond_start":{"num":1000,"min":0.000004292,"max":0.000085115,"avg":0.000005845,"var":0.000000043,"sum":0.005844831}},"irespond_wait":{"duration":{"num":1000,"min":0.000000954,"max":0.000037432,"avg":0.000001076,"var":0.000000002,"sum":0.001076221},"relative_timestamp_from_irespond_end":{"num":1000,"min":0.000000000.0,"max":0.000000238,"avg":0.000000050,"var":0.000000000,"sum":0.000049829}},"set_output":{"duration":{"num":1000,"min":0.000003099,"max":0.000039339,"avg":0.000004276,"var":0.000000019,"sum":0.004276037},"relative_timestamp_from_irespond_start":{"num":1000,"min":0.000000000.0,"max":0.000000715,"avg":0.000000091,"var":0.000000000,"sum":0.000090837}},"get_input":{"duration":{"num":1000,"min":0.000000000.0,"max":0.000002146,"avg":0.000000104,"var":0.000000000,"sum":0.000103712},"relative_timestamp_from_ult_start":{"num":1000,"min":0.000000000.0,"max":0.000004768,"avg":0.000000140,"var":0.000000000,"sum":0.000140429}}}}},"14048217247822970879:0:14048217247822970879:0":{"rpc_id":-4398526825886580737,"provider_id":0,"parent_rpc_id":-4398526825886580737,"parent_provider_id":0,"name":"get_file_data","origin":{"sent to ofi+cxi://0x24074600":{"iforward":{"duration":{"num":3000,"min":0.000000954,"max":0.000031471,"avg":0.000001408,"var":0.000000002,"sum":0.004225016},"relative_timestamp_from_create":{"num":3000,"min":0.000000000.0,"max":0.000000477,"avg":0.000000081,"var":0.000000000,"sum":0.000243187}},"forward_cb":{"duration":{"num":3000,"min":0.000000000.0,"max":0.000001192,"avg":0.000000095,"var":0.000000000,"sum":0.000283718},"relative_timestamp_from_iforward_start":{"num":3000,"min":0.000211239,"max":0.024566650,"avg":0.001788658,"var":0.001602351,"sum":5.365975142}},"iforward_wait":{"duration":{"num":3000,"min":0.000210047,"max":0.024539709,"avg":0.001787482,"var":0.001599703,"sum":5.362446308},"relative_timestamp_from_iforward_end":{"num":3000,"min":0.000000000.0,"max":0.000000477,"avg":0.000000170,"var":0.000000000,"sum":0.000511408}},"set_input":{"duration":{"num":3000,"min":0.000000000.0,"max":0.000000715,"avg":0.000000144,"var":0.000000000,"sum":0.000430822},"relative_timestamp_from_iforward_start":{"num":3000,"min":0.000000238,"max":0.000004768,"avg":0.000000381,"var":0.000000000,"sum":0.001141548}},"get_output":{"duration":{"num":3000,"min":0.000003099,"max":0.000033379,"avg":0.000003798,"var":0.000000004,"sum":0.011393070},"relative_timestamp_from_wait_end":{"num":3000,"min":0.000000000.0,"max":0.000018120,"avg":0.000000166,"var":0.000000001,"sum":0.000499249}}}},"target":{"received from ofi+cxi://0x24032400":{"handler":{"duration":{"num":1000,"min":0.000000238,"max":0.000001669,"avg":0.000000370,"var":0.000000000,"sum":0.000370026}},"ult":{"duration":{"num":1000,"min":0.000239849,"max":0.019928694,"avg":0.001815690,"var":0.000550457,"sum":1.815690279},"relative_timestamp_from_handler_start":{"num":1000,"min":0.000000477,"max":0.000010014,"avg":0.000000649,"var":0.000000000,"sum":0.000648737}},"irespond":{"duration":{"num":1000,"min":0.000004053,"max":0.000052452,"avg":0.000006006,"var":0.000000045,"sum":0.006005764},"relative_timestamp_from_ult_start":{"num":1000,"min":0.000219345,"max":0.019758701,"avg":0.001792188,"var":0.000541142,"sum":1.792187929}},"respond_cb":{"duration":{"num":1000,"min":0.000000000.0,"max":0.000000238,"avg":0.000000077,"var":0.000000000,"sum":0.000077248},"relative_timestamp_from_irespond_start":{"num":1000,"min":0.000018835,"max":0.000169039,"avg":0.000022961,"var":0.000000140,"sum":0.022961378}},"irespond_wait":{"duration":{"num":1000,"min":0.000014305,"max":0.000116348,"avg":0.000016964,"var":0.000000046,"sum":0.016964436},"relative_timestamp_from_irespond_end":{"num":1000,"min":0.000000000.0,"max":0.000000477,"avg":0.000000284,"var":0.000000000,"sum":0.000284433}},"set_output":{"duration":{"num":1000,"min":0.000002861,"max":0.000040054,"avg":0.000004376,"var":0.000000023,"sum":0.004376411},"relative_timestamp_from_irespond_start":{"num":1000,"min":0.000000000.0,"max":0.000000477,"avg":0.000000069,"var":0.000000000,"sum":0.000069380}},"get_input":{"duration":{"num":1000,"min":0.000000000.0,"max":0.000000477,"avg":0.000000107,"var":0.000000000,"sum":0.000106812},"relative_timestamp_from_ult_start":{"num":1000,"min":0.000000000.0,"max":0.000000477,"avg":0.000000129,"var":0.000000000,"sum":0.000128508}}},"received from ofi+cxi://0x24056600":{"handler":{"duration":{"num":1000,"min":0.000000238,"max":0.001508951,"avg":0.000001885,"var":0.000002274,"sum":0.001885176}},"ult":{"duration":{"num":1000,"min":0.000257254,"max":0.013714552,"avg":0.001807450,"var":0.000381820,"sum":1.807450294},"relative_timestamp_from_handler_start":{"num":1000,"min":0.000000477,"max":0.001510382,"avg":0.000002139,"var":0.000002277,"sum":0.002139330}},"irespond":{"duration":{"num":1000,"min":0.000004053,"max":0.000052691,"avg":0.000005593,"var":0.000000033,"sum":0.005593061},"relative_timestamp_from_ult_start":{"num":1000,"min":0.000235081,"max":0.013553858,"avg":0.001783033,"var":0.000374389,