{"address":"","progress_loop":{"progress_with_timeout":{"num":2539,"min":0.000080109,"max":0.104010105,"avg":0.103832669,"var":0.041921491,"sum":263.631146193},"progress_timeout_value_msec":{"num":2539,"min":100.000000000.0,"max":100.000000000.0,"avg":100.000000000.0,"var":0.000000000.0,"sum":253900.000000000.0},"progress_without_timeout":{"num":53996096,"min":0.000000000.0,"max":0.000669956,"avg":0.000000113,"var":0.000003020,"sum":6.095304966},"trigger":{"num":29002,"min":0.000000000.0,"max":0.003465176,"avg":0.000000917,"var":0.000020756,"sum":0.026600361}},"rpcs":{"65535:65535:14048217247822970879:0":{"rpc_id":-4398526825886580737,"provider_id":0,"parent_rpc_id":65535,"parent_provider_id":65535,"name":"get_file_data","origin":{"sent to ofi+cxi://0x24012000":{"iforward":{"duration":{"num":1000,"min":0.000000715,"max":0.000027657,"avg":0.000001113,"var":0.000000001,"sum":0.001112700},"relative_timestamp_from_create":{"num":1000,"min":0.000000000.0,"max":0.000002861,"avg":0.000000109,"var":0.000000000,"sum":0.000109434}},"forward_cb":{"duration":{"num":1000,"min":0.000000000.0,"max":0.000000477,"avg":0.000000143,"var":0.000000000,"sum":0.000142574},"relative_timestamp_from_iforward_start":{"num":1000,"min":0.006006718,"max":0.275417328,"avg":0.016081780,"var":0.103493582,"sum":16.081779957}},"iforward_wait":{"duration":{"num":1000,"min":0.006006718,"max":0.275541306,"avg":0.016082977,"var":0.103686374,"sum":16.082976580},"relative_timestamp_from_iforward_end":{"num":1000,"min":0.000000000.0,"max":0.000000238,"avg":0.000000071,"var":0.000000000,"sum":0.000070572}},"set_input":{"duration":{"num":1000,"min":0.000000000.0,"max":0.000004053,"avg":0.000000171,"var":0.000000000,"sum":0.000170708},"relative_timestamp_from_iforward_start":{"num":1000,"min":0.000000477,"max":0.000017405,"avg":0.000000777,"var":0.000000000,"sum":0.000776529}},"get_output":{"duration":{"num":1000,"min":0.000020742,"max":0.000143051,"avg":0.000026228,"var":0.000000067,"sum":0.026227951},"relative_timestamp_from_wait_end":{"num":1000,"min":0.000000000.0,"max":0.000000477,"avg":0.000000205,"var":0.000000000,"sum":0.000204563}}}},"target":{"received from ofi+cxi://0x24012000":{"handler":{"duration":{"num":1000,"min":0.000000238,"max":0.000008345,"avg":0.000000523,"var":0.000000000,"sum":0.000522614}},"ult":{"duration":{"num":1000,"min":0.006005287,"max":0.275415659,"avg":0.016080048,"var":0.103494285,"sum":16.080048084},"relative_timestamp_from_handler_start":{"num":1000,"min":0.000000477,"max":0.000014305,"avg":0.000000865,"var":0.000000000,"sum":0.000864506}},"irespond":{"duration":{"num":1000,"min":0.000027418,"max":0.000397682,"avg":0.000059050,"var":0.000004594,"sum":0.059049845},"relative_timestamp_from_ult_start":{"num":1000,"min":0.005803585,"max":0.273900270,"avg":0.016015052,"var":0.102126746,"sum":16.015052319}},"respond_cb":{"duration":{"num":1000,"min":0.000000000.0,"max":0.000000477,"avg":0.000000104,"var":0.000000000,"sum":0.000104189},"relative_timestamp_from_irespond_start":{"num":1000,"min":0.000027895,"max":0.001497746,"avg":0.000061751,"var":0.000006947,"sum":0.061750889}},"irespond_wait":{"duration":{"num":1000,"min":0.000001192,"max":0.001874685,"avg":0.000005264,"var":0.000005748,"sum":0.005263805},"relative_timestamp_from_irespond_end":{"num":1000,"min":0.000000000.0,"max":0.000000477,"avg":0.000000097,"var":0.000000000,"sum":0.000096798}},"set_output":{"duration":{"num":1000,"min":0.000026464,"max":0.000267267,"avg":0.000050468,"var":0.000002685,"sum":0.050468206},"relative_timestamp_from_irespond_start":{"num":1000,"min":0.000000000.0,"max":0.000003099,"avg":0.000000170,"var":0.000000000,"sum":0.000169754}},"get_input":{"duration":{"num":1000,"min":0.000000000.0,"max":0.000001669,"avg":0.000000181,"var":0.000000000,"sum":0.000181437},"relative_timestamp_from_ult_start":{"num":1000,"min":0.000000000.0,"max":0.000003099,"avg":0.000000190,"var":0.000000000,"sum":0.000190020}}}}},"14048217247822970879:0:14048217247822970879:0":{"rpc_id":-4398526825886580737,"provider_id":0,"parent_rpc_id":-4398526825886580737,"parent_provider_id":0,"name":"get_file_data","origin":{"sent to ofi+cxi://0x24012400":{"iforward":{"duration":{"num":7000,"min":0.000000954,"max":0.000064611,"avg":0.000001815,"var":0.000000029,"sum":0.012702942},"relative_timestamp_from_create":{"num":7000,"min":0.000000000.0,"max":0.000000715,"avg":0.000000100,"var":0.000000000,"sum":0.000699282}},"forward_cb":{"duration":{"num":7000,"min":0.000000000.0,"max":0.000001669,"avg":0.000000217,"var":0.000000000,"sum":0.001517296},"relative_timestamp_from_iforward_start":{"num":7000,"min":0.000753164,"max":0.280849457,"avg":0.015311088,"var":0.446325732,"sum":107.177616596}},"iforward_wait":{"duration":{"num":7000,"min":0.000751495,"max":0.280938387,"avg":0.015310326,"var":0.447492212,"sum":107.172280788},"relative_timestamp_from_iforward_end":{"num":7000,"min":0.000000000.0,"max":0.000000477,"avg":0.000000169,"var":0.000000000,"sum":0.001182318}},"set_input":{"duration":{"num":7000,"min":0.000000000.0,"max":0.000000954,"avg":0.000000154,"var":0.000000000,"sum":0.001080036},"relative_timestamp_from_iforward_start":{"num":7000,"min":0.000000238,"max":0.000009060,"avg":0.000000566,"var":0.000000000,"sum":0.003964663}},"get_output":{"duration":{"num":7000,"min":0.000025511,"max":0.000290155,"avg":0.000028641,"var":0.000000231,"sum":0.200488329},"relative_timestamp_from_wait_end":{"num":7000,"min":0.000000000.0,"max":0.000000954,"avg":0.000000216,"var":0.000000000,"sum":0.001512527}}}},"target":{"received from ofi+cxi://0x24050400":{"handler":{"duration":{"num":3000,"min":0.000000238,"max":0.003464222,"avg":0.000001984,"var":0.000011991,"sum":0.005953074}},"ult":{"duration":{"num":3000,"min":0.001023769,"max":0.282484293,"avg":0.015603361,"var":0.282705886,"sum":46.810082674},"relative_timestamp_from_handler_start":{"num":3000,"min":0.000000477,"max":0.003465652,"avg":0.000004226,"var":0.000022946,"sum":0.012678623}},"irespond":{"duration":{"num":3000,"min":0.000028133,"max":0.000341654,"avg":0.000057052,"var":0.000012836,"sum":0.171157360},"relative_timestamp_from_ult_start":{"num":3000,"min":0.000789404,"max":0.281003475,"avg":0.015362587,"var":0.225704817,"sum":46.087761402}},"respond_cb":{"duration":{"num":3000,"min":0.000000000.0,"max":0.000000477,"avg":0.000000108,"var":0.000000000,"sum":0.000323057},"relative_timestamp_from_irespond_start":{"num":3000,"min":0.000064135,"max":0.158654451,"avg":0.000238634,"var":0.054602624,"sum":0.715900660}},"irespond_wait":{"duration":{"num":3000,"min":0.000035524,"max":0.160307169,"avg":0.000182996,"var":0.055633449,"sum":0.548988342},"relative_timestamp_from_irespond_end":{"num":3000,"min":0.000000000.0,"max":0.000000715,"avg":0.000000258,"var":0.000000000,"sum":0.000775337}},"set_output":{"duration":{"num":3000,"min":0.000026464,"max":0.000278711,"avg":0.000047977,"var":0.000007438,"sum":0.143931627},"relative_timestamp_from_irespond_start":{"num":3000,"min":0.000000000.0,"max":0.000000477,"avg":0.000000160,"var":0.000000000,"sum":0.000478745}},"get_input":{"duration":{"num":3000,"min":0.000000000.0,"max":0.000000715,"avg":0.000000187,"var":0.000000000,"sum":0.000560760},"relative_timestamp_from_ult_start":{"num":3000,"min":0.000000000.0,"max":0.000001192,"avg":0.000000192,"var":0.000000000,"sum":0.000576496}}},"received from ofi+cxi://0x24016200":{"handler":{"duration":{"num":3000,"min":0.000000238,"max":0.002321720,"avg":0.000002143,"var":0.000008728,"sum":0.006429672}},"ult":{"duration":{"num":3000,"min":0.001079798,"max":0.283837795,"avg":0.015489034,"var":0.267161345,"sum":46.467103481},"relative_timestamp_from_handler_start":{"num":3000,"min":0.000000477,"max":0.002323151,"avg":0.000003843,"var":0.000017016,"sum":0.011528969}},"irespond":{"duration":{"num":3000,"min":0.000028133,"max":0.000317335,"avg":0.000054915,"var":0.000011779,"sum":0.164745092},"relative_timestamp_from_ult_start":{"num":3000,"min":0.000849485,"max":0.283097506,"avg":0.015226594,