{"address":"","progress_loop":{"progress_with_timeout":{"num":1235,"min":0.000000477,"max":0.104013920,"avg":0.103640241,"var":0.043631816,"sum":127.995697498},"progress_timeout_value_msec":{"num":1235,"min":100.000000000.0,"max":100.000000000.0,"avg":100.000000000.0,"var":0.000000000.0,"sum":123500.000000000.0},"progress_without_timeout":{"num":6289710,"min":0.000000000.0,"max":0.000460386,"avg":0.000000114,"var":0.000000352,"sum":0.716636658},"trigger":{"num":13002,"min":0.000000000.0,"max":0.001909971,"avg":0.000000581,"var":0.000003649,"sum":0.007556200}},"rpcs":{"65535:65535:14048217247822970879:0":{"rpc_id":-4398526825886580737,"provider_id":0,"parent_rpc_id":65535,"parent_provider_id":65535,"name":"get_file_data","origin":{"sent to ofi+cxi://0x24050400":{"iforward":{"duration":{"num":1000,"min":0.000000477,"max":0.000032902,"avg":0.000000736,"var":0.000000001,"sum":0.000736475},"relative_timestamp_from_create":{"num":1000,"min":0.000000000.0,"max":0.000004530,"avg":0.000000096,"var":0.000000000,"sum":0.000095606}},"forward_cb":{"duration":{"num":1000,"min":0.000000000.0,"max":0.000000477,"avg":0.000000081,"var":0.000000000,"sum":0.000080585},"relative_timestamp_from_iforward_start":{"num":1000,"min":0.000151157,"max":0.012266874,"avg":0.001809239,"var":0.000377316,"sum":1.809239388}},"iforward_wait":{"duration":{"num":1000,"min":0.000150919,"max":0.012266874,"avg":0.001809382,"var":0.000376888,"sum":1.809381723},"relative_timestamp_from_iforward_end":{"num":1000,"min":0.000000000.0,"max":0.000000477,"avg":0.000000043,"var":0.000000000,"sum":0.000042915}},"set_input":{"duration":{"num":1000,"min":0.000000000.0,"max":0.000004768,"avg":0.000000145,"var":0.000000000,"sum":0.000144958},"relative_timestamp_from_iforward_start":{"num":1000,"min":0.000000238,"max":0.000021219,"avg":0.000000448,"var":0.000000000,"sum":0.000447750}},"get_output":{"duration":{"num":1000,"min":0.000002623,"max":0.000005245,"avg":0.000003129,"var":0.000000000,"sum":0.003128529},"relative_timestamp_from_wait_end":{"num":1000,"min":0.000000000.0,"max":0.000000238,"avg":0.000000103,"var":0.000000000,"sum":0.000102758}}}},"target":{"received from ofi+cxi://0x24050400":{"handler":{"duration":{"num":1000,"min":0.000000238,"max":0.000006676,"avg":0.000000332,"var":0.000000000,"sum":0.000332355}},"ult":{"duration":{"num":1000,"min":0.000149727,"max":0.012265682,"avg":0.001807866,"var":0.000376461,"sum":1.807866096},"relative_timestamp_from_handler_start":{"num":1000,"min":0.000000477,"max":0.000015259,"avg":0.000000602,"var":0.000000000,"sum":0.000601768}},"irespond":{"duration":{"num":1000,"min":0.000003815,"max":0.000055313,"avg":0.000005371,"var":0.000000043,"sum":0.005371332},"relative_timestamp_from_ult_start":{"num":1000,"min":0.000144482,"max":0.012223005,"avg":0.001801136,"var":0.000372895,"sum":1.801135540}},"respond_cb":{"duration":{"num":1000,"min":0.000000000.0,"max":0.000000238,"avg":0.000000073,"var":0.000000000,"sum":0.000073195},"relative_timestamp_from_irespond_start":{"num":1000,"min":0.000004292,"max":0.000076532,"avg":0.000005875,"var":0.000000047,"sum":0.005874634}},"irespond_wait":{"duration":{"num":1000,"min":0.000000715,"max":0.000032663,"avg":0.000001048,"var":0.000000001,"sum":0.001047611},"relative_timestamp_from_irespond_end":{"num":1000,"min":0.000000000.0,"max":0.000000238,"avg":0.000000051,"var":0.000000000,"sum":0.000050545}},"set_output":{"duration":{"num":1000,"min":0.000003099,"max":0.000043631,"avg":0.000004387,"var":0.000000026,"sum":0.004386663},"relative_timestamp_from_irespond_start":{"num":1000,"min":0.000000000.0,"max":0.000001192,"avg":0.000000102,"var":0.000000000,"sum":0.000101805}},"get_input":{"duration":{"num":1000,"min":0.000000000.0,"max":0.000002384,"avg":0.000000109,"var":0.000000000,"sum":0.000108719},"relative_timestamp_from_ult_start":{"num":1000,"min":0.000000000.0,"max":0.000003576,"avg":0.000000141,"var":0.000000000,"sum":0.000141382}}}}},"14048217247822970879:0:14048217247822970879:0":{"rpc_id":-4398526825886580737,"provider_id":0,"parent_rpc_id":-4398526825886580737,"parent_provider_id":0,"name":"get_file_data","origin":{"sent to ofi+cxi://0x24012000":{"iforward":{"duration":{"num":3000,"min":0.000000954,"max":0.000036478,"avg":0.000001437,"var":0.000000003,"sum":0.004312038},"relative_timestamp_from_create":{"num":3000,"min":0.000000000.0,"max":0.000000477,"avg":0.000000088,"var":0.000000000,"sum":0.000263214}},"forward_cb":{"duration":{"num":3000,"min":0.000000000.0,"max":0.000001907,"avg":0.000000093,"var":0.000000000,"sum":0.000278234},"relative_timestamp_from_iforward_start":{"num":3000,"min":0.000134706,"max":0.012481928,"avg":0.001776101,"var":0.001025349,"sum":5.328304052}},"iforward_wait":{"duration":{"num":3000,"min":0.000133753,"max":0.012472391,"avg":0.001774900,"var":0.001023262,"sum":5.324701309},"relative_timestamp_from_iforward_end":{"num":3000,"min":0.000000000.0,"max":0.000000477,"avg":0.000000172,"var":0.000000000,"sum":0.000517368}},"set_input":{"duration":{"num":3000,"min":0.000000000.0,"max":0.000000715,"avg":0.000000146,"var":0.000000000,"sum":0.000438452},"relative_timestamp_from_iforward_start":{"num":3000,"min":0.000000238,"max":0.000002146,"avg":0.000000372,"var":0.000000000,"sum":0.001115322}},"get_output":{"duration":{"num":3000,"min":0.000003099,"max":0.000049353,"avg":0.000003769,"var":0.000000005,"sum":0.011307955},"relative_timestamp_from_wait_end":{"num":3000,"min":0.000000000.0,"max":0.000005484,"avg":0.000000129,"var":0.000000000,"sum":0.000386715}}}},"target":{"received from ofi+cxi://0x24070000":{"handler":{"duration":{"num":1000,"min":0.000000238,"max":0.000002861,"avg":0.000000385,"var":0.000000000,"sum":0.000384808}},"ult":{"duration":{"num":1000,"min":0.000188112,"max":0.012675285,"avg":0.001805455,"var":0.000361694,"sum":1.805454969},"relative_timestamp_from_handler_start":{"num":1000,"min":0.000000477,"max":0.000007629,"avg":0.000000678,"var":0.000000000,"sum":0.000678062}},"irespond":{"duration":{"num":1000,"min":0.000004053,"max":0.000051975,"avg":0.000005857,"var":0.000000039,"sum":0.005856752},"relative_timestamp_from_ult_start":{"num":1000,"min":0.000166893,"max":0.012517691,"avg":0.001779775,"var":0.000351051,"sum":1.779775143}},"respond_cb":{"duration":{"num":1000,"min":0.000000000.0,"max":0.000000477,"avg":0.000000073,"var":0.000000000,"sum":0.000072718},"relative_timestamp_from_irespond_start":{"num":1000,"min":0.000020266,"max":0.000553608,"avg":0.000025134,"var":0.000000430,"sum":0.025134325}},"irespond_wait":{"duration":{"num":1000,"min":0.000015974,"max":0.000515223,"avg":0.000019307,"var":0.000000304,"sum":0.019307137},"relative_timestamp_from_irespond_end":{"num":1000,"min":0.000000000.0,"max":0.000000477,"avg":0.000000284,"var":0.000000000,"sum":0.000284195}},"set_output":{"duration":{"num":1000,"min":0.000002861,"max":0.000038147,"avg":0.000004259,"var":0.000000021,"sum":0.004259348},"relative_timestamp_from_irespond_start":{"num":1000,"min":0.000000000.0,"max":0.000000477,"avg":0.000000077,"var":0.000000000,"sum":0.000077248}},"get_input":{"duration":{"num":1000,"min":0.000000000.0,"max":0.000000715,"avg":0.000000117,"var":0.000000000,"sum":0.000116825},"relative_timestamp_from_ult_start":{"num":1000,"min":0.000000000.0,"max":0.000000477,"avg":0.000000126,"var":0.000000000,"sum":0.000125885}}},"received from ofi+cxi://0x24096600":{"handler":{"duration":{"num":1000,"min":0.000000238,"max":0.001908541,"avg":0.000002290,"var":0.000003637,"sum":0.002289534}},"ult":{"duration":{"num":1000,"min":0.000175238,"max":0.010308743,"avg":0.001804703,"var":0.000312040,"sum":1.804702520},"relative_timestamp_from_handler_start":{"num":1000,"min":0.000000477,"max":0.001910686,"avg":0.000002572,"var":0.000003645,"sum":0.002572298}},"irespond":{"duration":{"num":1000,"min":0.000003815,"max":0.000050306,"avg":0.000005775,"var":0.000000038,"sum":0.005775452},"relative_timestamp_from_ult_start":{"num":1000,"min":0.000150681,"max":0.010141134,"avg":0.001780400,"var":0.000304874,