{"address":"","progress_loop":{"progress_with_timeout":{"num":1269,"min":0.000000715,"max":0.104009628,"avg":0.102148664,"var":0.237143531,"sum":129.626655102},"progress_timeout_value_msec":{"num":1269,"min":100.000000000.0,"max":100.000000000.0,"avg":100.000000000.0,"var":0.000000000.0,"sum":126900.000000000.0},"progress_without_timeout":{"num":414809,"min":0.000000000.0,"max":0.000664949,"avg":0.000000134,"var":0.000000455,"sum":0.055610657},"trigger":{"num":22002,"min":0.000000000.0,"max":0.003546715,"avg":0.000000601,"var":0.000018533,"sum":0.013229370}},"rpcs":{"65535:65535:14048217247822970879:0":{"rpc_id":-4398526825886580737,"provider_id":0,"parent_rpc_id":65535,"parent_provider_id":65535,"name":"get_file_data","origin":{"sent to ofi+cxi://0x24012000":{"iforward":{"duration":{"num":1000,"min":0.000000477,"max":0.000026941,"avg":0.000000654,"var":0.000000001,"sum":0.000653744},"relative_timestamp_from_create":{"num":1000,"min":0.000000000.0,"max":0.000003338,"avg":0.000000074,"var":0.000000000,"sum":0.000074148}},"forward_cb":{"duration":{"num":1000,"min":0.000000000.0,"max":0.000000238,"avg":0.000000076,"var":0.000000000,"sum":0.000076294},"relative_timestamp_from_iforward_start":{"num":1000,"min":0.000044346,"max":0.023209095,"avg":0.000183712,"var":0.000865062,"sum":0.183712244}},"iforward_wait":{"duration":{"num":1000,"min":0.000052691,"max":0.023195028,"avg":0.000185262,"var":0.000864251,"sum":0.185262442},"relative_timestamp_from_iforward_end":{"num":1000,"min":0.000000000.0,"max":0.000000238,"avg":0.000000044,"var":0.000000000,"sum":0.000043631}},"set_input":{"duration":{"num":1000,"min":0.000000000.0,"max":0.000004292,"avg":0.000000098,"var":0.000000000,"sum":0.000098228},"relative_timestamp_from_iforward_start":{"num":1000,"min":0.000000238,"max":0.000016212,"avg":0.000000432,"var":0.000000000,"sum":0.000431776}},"get_output":{"duration":{"num":1000,"min":0.000000000.0,"max":0.000000238,"avg":0.000000094,"var":0.000000000,"sum":0.000093699},"relative_timestamp_from_wait_end":{"num":1000,"min":0.000000000.0,"max":0.000000238,"avg":0.000000097,"var":0.000000000,"sum":0.000096560}}}},"target":{"received from ofi+cxi://0x24012000":{"handler":{"duration":{"num":1000,"min":0.000000238,"max":0.000007629,"avg":0.000000362,"var":0.000000000,"sum":0.000362396}},"ult":{"duration":{"num":1000,"min":0.000041962,"max":0.023158550,"avg":0.000181159,"var":0.000862426,"sum":0.181158781},"relative_timestamp_from_handler_start":{"num":1000,"min":0.000000477,"max":0.000015020,"avg":0.000000936,"var":0.000000000,"sum":0.000936270}},"irespond":{"duration":{"num":1000,"min":0.000000238,"max":0.000002623,"avg":0.000000291,"var":0.000000000,"sum":0.000291109},"relative_timestamp_from_ult_start":{"num":1000,"min":0.000038147,"max":0.023151159,"avg":0.000178419,"var":0.000862253,"sum":0.178418875}},"respond_cb":{"duration":{"num":1000,"min":0.000000000.0,"max":0.000000238,"avg":0.000000075,"var":0.000000000,"sum":0.000075102},"relative_timestamp_from_irespond_start":{"num":1000,"min":0.000000477,"max":0.000016928,"avg":0.000001716,"var":0.000000004,"sum":0.001716375}},"irespond_wait":{"duration":{"num":1000,"min":0.000000715,"max":0.000017166,"avg":0.000002204,"var":0.000000005,"sum":0.002204418},"relative_timestamp_from_irespond_end":{"num":1000,"min":0.000000000.0,"max":0.000000238,"avg":0.000000041,"var":0.000000000,"sum":0.000041008}},"set_output":{"duration":{"num":1000,"min":0.000000000.0,"max":0.000002384,"avg":0.000000087,"var":0.000000000,"sum":0.000087023},"relative_timestamp_from_irespond_start":{"num":1000,"min":0.000000000.0,"max":0.000000954,"avg":0.000000078,"var":0.000000000,"sum":0.000077963}},"get_input":{"duration":{"num":1000,"min":0.000000000.0,"max":0.000001669,"avg":0.000000096,"var":0.000000000,"sum":0.000096321},"relative_timestamp_from_ult_start":{"num":1000,"min":0.000000000.0,"max":0.000003099,"avg":0.000000143,"var":0.000000000,"sum":0.000143290}}}}},"14048217247822970879:0:14048217247822970879:0":{"rpc_id":-4398526825886580737,"provider_id":0,"parent_rpc_id":-4398526825886580737,"parent_provider_id":0,"name":"get_file_data","origin":{"sent to ofi+cxi://0x24012400":{"iforward":{"duration":{"num":7000,"min":0.000000954,"max":0.000036716,"avg":0.000001162,"var":0.000000004,"sum":0.008137226},"relative_timestamp_from_create":{"num":7000,"min":0.000000000.0,"max":0.000002384,"avg":0.000000060,"var":0.000000000,"sum":0.000421047}},"forward_cb":{"duration":{"num":7000,"min":0.000000000.0,"max":0.000002861,"avg":0.000000095,"var":0.000000000,"sum":0.000663280},"relative_timestamp_from_iforward_start":{"num":7000,"min":0.000018835,"max":0.023059607,"avg":0.000145317,"var":0.003388483,"sum":1.017222404}},"iforward_wait":{"duration":{"num":7000,"min":0.000017881,"max":0.023028135,"avg":0.000145332,"var":0.003385777,"sum":1.017325878},"relative_timestamp_from_iforward_end":{"num":7000,"min":0.000000000.0,"max":0.000002384,"avg":0.000000233,"var":0.000000000,"sum":0.001633406}},"set_input":{"duration":{"num":7000,"min":0.000000000.0,"max":0.000002146,"avg":0.000000091,"var":0.000000000,"sum":0.000636339},"relative_timestamp_from_iforward_start":{"num":7000,"min":0.000000238,"max":0.000002623,"avg":0.000000370,"var":0.000000000,"sum":0.002587795}},"get_output":{"duration":{"num":7000,"min":0.000000000.0,"max":0.000013828,"avg":0.000000107,"var":0.000000000,"sum":0.000747681},"relative_timestamp_from_wait_end":{"num":7000,"min":0.000000000.0,"max":0.000003099,"avg":0.000000103,"var":0.000000000,"sum":0.000722647}}}},"target":{"received from ofi+cxi://0x24016200":{"handler":{"duration":{"num":3000,"min":0.000000238,"max":0.003545284,"avg":0.000001570,"var":0.000012562,"sum":0.004710913}},"ult":{"duration":{"num":3000,"min":0.000027895,"max":0.019715071,"avg":0.000154429,"var":0.001209157,"sum":0.463285923},"relative_timestamp_from_handler_start":{"num":3000,"min":0.000000477,"max":0.003546953,"avg":0.000002350,"var":0.000012577,"sum":0.007049084}},"irespond":{"duration":{"num":3000,"min":0.000000238,"max":0.000002623,"avg":0.000000343,"var":0.000000000,"sum":0.001028299},"relative_timestamp_from_ult_start":{"num":3000,"min":0.000024319,"max":0.019709349,"avg":0.000147201,"var":0.001207430,"sum":0.441602230}},"respond_cb":{"duration":{"num":3000,"min":0.000000000.0,"max":0.000002623,"avg":0.000000081,"var":0.000000000,"sum":0.000241756},"relative_timestamp_from_irespond_start":{"num":3000,"min":0.000002861,"max":0.000676155,"avg":0.000005485,"var":0.000000474,"sum":0.016455650}},"irespond_wait":{"duration":{"num":3000,"min":0.000002384,"max":0.000694990,"avg":0.000006469,"var":0.000000541,"sum":0.019408464},"relative_timestamp_from_irespond_end":{"num":3000,"min":0.000000000.0,"max":0.000002861,"avg":0.000000224,"var":0.000000000,"sum":0.000670671}},"set_output":{"duration":{"num":3000,"min":0.000000000.0,"max":0.000002384,"avg":0.000000085,"var":0.000000000,"sum":0.000253916},"relative_timestamp_from_irespond_start":{"num":3000,"min":0.000000000.0,"max":0.000002384,"avg":0.000000078,"var":0.000000000,"sum":0.000233889}},"get_input":{"duration":{"num":3000,"min":0.000000000.0,"max":0.000003576,"avg":0.000000119,"var":0.000000000,"sum":0.000356197},"relative_timestamp_from_ult_start":{"num":3000,"min":0.000000000.0,"max":0.000001431,"avg":0.000000136,"var":0.000000000,"sum":0.000406742}}},"received from ofi+cxi://0x24050400":{"handler":{"duration":{"num":3000,"min":0.000000238,"max":0.002439499,"avg":0.000001192,"var":0.000005947,"sum":0.003575087}},"ult":{"duration":{"num":3000,"min":0.000026941,"max":0.017988682,"avg":0.000156732,"var":0.001327473,"sum":0.470196486},"relative_timestamp_from_handler_start":{"num":3000,"min":0.000000477,"max":0.002441168,"avg":0.000002057,"var":0.000005964,"sum":0.006170034}},"irespond":{"duration":{"num":3000,"min":0.000000238,"max":0.000002861,"avg":0.000000337,"var":0.000000000,"sum":0.001010180},"relative_timestamp_from_ult_start":{"num":3000,"min":0.000022888,"max":0.017980337,"avg":0.000148760,