{"address":"","progress_loop":{"progress_with_timeout":{"num":1910,"min":0.000000477,"max":0.104011059,"avg":0.049566084,"var":5.150338029,"sum":94.671221256},"progress_timeout_value_msec":{"num":1910,"min":100.000000000.0,"max":100.000000000.0,"avg":100.000000000.0,"var":0.000000000.0,"sum":191000.000000000.0},"progress_without_timeout":{"num":472943701,"min":0.000000000.0,"max":0.001700878,"avg":0.000000112,"var":0.000069052,"sum":52.752366781},"trigger":{"num":5002,"min":0.000000238,"max":0.000033855,"avg":0.000001053,"var":0.000000013,"sum":0.005266428}},"rpcs":{"65535:65535:14048217247822970879:0":{"rpc_id":-4398526825886580737,"provider_id":0,"parent_rpc_id":65535,"parent_provider_id":65535,"name":"get_file_data","origin":{"sent to ofi+cxi://0x24032400":{"iforward":{"duration":{"num":1000,"min":0.000001669,"max":0.000029802,"avg":0.000002650,"var":0.000000001,"sum":0.002649546},"relative_timestamp_from_create":{"num":1000,"min":0.000000000.0,"max":0.000004292,"avg":0.000000196,"var":0.000000000,"sum":0.000195503}},"forward_cb":{"duration":{"num":1000,"min":0.000000000.0,"max":0.000000477,"avg":0.000000252,"var":0.000000000,"sum":0.000251532},"relative_timestamp_from_iforward_start":{"num":1000,"min":0.037595272,"max":0.259523392,"avg":0.135020940,"var":0.184580058,"sum":135.020940065}},"iforward_wait":{"duration":{"num":1000,"min":0.037595272,"max":0.259528160,"avg":0.135021254,"var":0.184587371,"sum":135.021253824},"relative_timestamp_from_iforward_end":{"num":1000,"min":0.000000000.0,"max":0.000000238,"avg":0.000000101,"var":0.000000000,"sum":0.000100613}},"set_input":{"duration":{"num":1000,"min":0.000000238,"max":0.000004053,"avg":0.000000433,"var":0.000000000,"sum":0.000433207},"relative_timestamp_from_iforward_start":{"num":1000,"min":0.000000954,"max":0.000018358,"avg":0.000001734,"var":0.000000001,"sum":0.001734257}},"get_output":{"duration":{"num":1000,"min":0.000530958,"max":0.001988888,"avg":0.000750553,"var":0.000011036,"sum":0.750553370},"relative_timestamp_from_wait_end":{"num":1000,"min":0.000000238,"max":0.000000954,"avg":0.000000364,"var":0.000000000,"sum":0.000364304}}}},"target":{"received from ofi+cxi://0x24032400":{"handler":{"duration":{"num":1000,"min":0.000000477,"max":0.000006914,"avg":0.000001019,"var":0.000000000,"sum":0.001019239}},"ult":{"duration":{"num":1000,"min":0.037590504,"max":0.259521723,"avg":0.135016525,"var":0.184585980,"sum":135.016524792},"relative_timestamp_from_handler_start":{"num":1000,"min":0.000001192,"max":0.000015020,"avg":0.000001706,"var":0.000000000,"sum":0.001706362}},"irespond":{"duration":{"num":1000,"min":0.001283884,"max":0.002462864,"avg":0.001961403,"var":0.000047378,"sum":1.961402655},"relative_timestamp_from_ult_start":{"num":1000,"min":0.035696507,"max":0.257119417,"avg":0.133049973,"var":0.183812497,"sum":133.049973011}},"respond_cb":{"duration":{"num":1000,"min":0.000000000.0,"max":0.000001192,"avg":0.000000217,"var":0.000000000,"sum":0.000217438},"relative_timestamp_from_irespond_start":{"num":1000,"min":0.001286030,"max":0.002465248,"avg":0.001963571,"var":0.000047420,"sum":1.963570833}},"irespond_wait":{"duration":{"num":1000,"min":0.000002384,"max":0.000011683,"avg":0.000003453,"var":0.000000001,"sum":0.003453016},"relative_timestamp_from_irespond_end":{"num":1000,"min":0.000000000.0,"max":0.000000477,"avg":0.000000183,"var":0.000000000,"sum":0.000183105}},"set_output":{"duration":{"num":1000,"min":0.001197815,"max":0.002354383,"avg":0.001708050,"var":0.000040489,"sum":1.708050013},"relative_timestamp_from_irespond_start":{"num":1000,"min":0.000000000.0,"max":0.000002384,"avg":0.000000367,"var":0.000000000,"sum":0.000366688}},"get_input":{"duration":{"num":1000,"min":0.000000238,"max":0.000002146,"avg":0.000000360,"var":0.000000000,"sum":0.000359774},"relative_timestamp_from_ult_start":{"num":1000,"min":0.000000000.0,"max":0.000003099,"avg":0.000000351,"var":0.000000000,"sum":0.000350714}}}}},"14048217247822970879:0:14048217247822970879:0":{"rpc_id":-4398526825886580737,"provider_id":0,"parent_rpc_id":-4398526825886580737,"parent_provider_id":0,"name":"get_file_data","origin":{"sent to ofi+cxi://0x24030000":{"iforward":{"duration":{"num":1000,"min":0.000002861,"max":0.000347137,"avg":0.000007257,"var":0.000000474,"sum":0.007256508},"relative_timestamp_from_create":{"num":1000,"min":0.000000000.0,"max":0.000000715,"avg":0.000000299,"var":0.000000000,"sum":0.000298500}},"forward_cb":{"duration":{"num":1000,"min":0.000000000.0,"max":0.000033379,"avg":0.000000261,"var":0.000000001,"sum":0.000260830},"relative_timestamp_from_iforward_start":{"num":1000,"min":0.034908295,"max":0.243496656,"avg":0.131836479,"var":0.160483965,"sum":131.836478949}},"iforward_wait":{"duration":{"num":1000,"min":0.034905195,"max":0.243493080,"avg":0.131830186,"var":0.160463217,"sum":131.830186129},"relative_timestamp_from_iforward_end":{"num":1000,"min":0.000000000.0,"max":0.000000477,"avg":0.000000242,"var":0.000000000,"sum":0.000242472}},"set_input":{"duration":{"num":1000,"min":0.000000000.0,"max":0.000000715,"avg":0.000000371,"var":0.000000000,"sum":0.000370502},"relative_timestamp_from_iforward_start":{"num":1000,"min":0.000000715,"max":0.000023365,"avg":0.000001085,"var":0.000000001,"sum":0.001085043}},"get_output":{"duration":{"num":1000,"min":0.000513554,"max":0.002981901,"avg":0.000752340,"var":0.000076983,"sum":0.752340317},"relative_timestamp_from_wait_end":{"num":1000,"min":0.000000000.0,"max":0.000000954,"avg":0.000000326,"var":0.000000000,"sum":0.000326157}}}}},"65535:65535:8686831390660034559:65535":{"rpc_id":8686831390660034559,"provider_id":65535,"parent_rpc_id":65535,"parent_provider_id":65535,"name":"__shutdown__","target":{"received from ofi+cxi://0x24014401":{"handler":{"duration":{"num":1,"min":0.000017881,"max":0.000017881,"avg":0.000017881,"var":0.000000000.0,"sum":0.000017881}},"ult":{"duration":{"num":1,"min":0.000018120,"max":0.000018120,"avg":0.000018120,"var":0.000000000.0,"sum":0.000018120},"relative_timestamp_from_handler_start":{"num":1,"min":0.000021696,"max":0.000021696,"avg":0.000021696,"var":0.000000000.0,"sum":0.000021696}},"irespond":{"duration":{"num":1,"min":0.000008345,"max":0.000008345,"avg":0.000008345,"var":0.000000000.0,"sum":0.000008345},"relative_timestamp_from_ult_start":{"num":1,"min":0.000001431,"max":0.000001431,"avg":0.000001431,"var":0.000000000.0,"sum":0.000001431}},"respond_cb":{"duration":{"num":1,"min":0.000000477,"max":0.000000477,"avg":0.000000477,"var":0.000000000.0,"sum":0.000000477},"relative_timestamp_from_irespond_start":{"num":1,"min":0.000013828,"max":0.000013828,"avg":0.000013828,"var":0.000000000.0,"sum":0.000013828}},"irespond_wait":{"duration":{"num":1,"min":0.000005960,"max":0.000005960,"avg":0.000005960,"var":0.000000000.0,"sum":0.000005960},"relative_timestamp_from_irespond_end":{"num":1,"min":0.000000238,"max":0.000000238,"avg":0.000000238,"var":0.000000000.0,"sum":0.000000238}},"set_output":{"duration":{"num":1,"min":0.000000477,"max":0.000000477,"avg":0.000000477,"var":0.000000000.0,"sum":0.000000477},"relative_timestamp_from_irespond_start":{"num":1,"min":0.000000954,"max":0.000000954,"avg":0.000000954,"var":0.000000000.0,"sum":0.000000954}},"get_input":{"duration":{"num":0,"min":0.000000000.0,"max":0.000000000.0,"avg":0.000000000.0,"var":0.000000000.0,"sum":0.000000000.0},"relative_timestamp_from_ult_start":{"num":0,"min":0.000000000.0,"max":0.000000000.0,"avg":0.000000000.0,"var":0.000000000.0,"sum":0.000000000.0}}}}}}}