{"address":"","progress_loop":{"progress_with_timeout":{"num":1239,"min":0.000004768,"max":0.104010105,"avg":0.103301480,"var":0.086593455,"sum":127.990533590},"progress_timeout_value_msec":{"num":1239,"min":100.000000000.0,"max":100.000000000.0,"avg":100.000000000.0,"var":0.000000000.0,"sum":123900.000000000.0},"progress_without_timeout":{"num":19668,"min":0.000000000.0,"max":0.000488997,"avg":0.000002299,"var":0.000001098,"sum":0.045225859},"trigger":{"num":60002,"min":0.000000000.0,"max":0.002846718,"avg":0.000001157,"var":0.000087594,"sum":0.069427490}},"rpcs":{"14048217247822970879:0:14048217247822970879:0":{"rpc_id":-4398526825886580737,"provider_id":0,"parent_rpc_id":-4398526825886580737,"parent_provider_id":0,"name":"get_file_data","target":{"received from ofi+cxi://0x24050000":{"handler":{"duration":{"num":15000,"min":0.000000238,"max":0.002739668,"avg":0.000001699,"var":0.000043018,"sum":0.025478125}},"ult":{"duration":{"num":15000,"min":0.000027418,"max":0.016608953,"avg":0.002911807,"var":0.008814503,"sum":43.677098989},"relative_timestamp_from_handler_start":{"num":15000,"min":0.000000477,"max":0.007531404,"avg":0.000161257,"var":0.000784296,"sum":2.418851614}},"irespond":{"duration":{"num":15000,"min":0.000005007,"max":0.000123501,"avg":0.000026497,"var":0.000005975,"sum":0.397455692},"relative_timestamp_from_ult_start":{"num":15000,"min":0.000005007,"max":0.000093699,"avg":0.000030024,"var":0.000007683,"sum":0.450364590}},"respond_cb":{"duration":{"num":15000,"min":0.000000000.0,"max":0.000004768,"avg":0.000000178,"var":0.000000000,"sum":0.002672911},"relative_timestamp_from_irespond_start":{"num":15000,"min":0.000021696,"max":0.016438246,"avg":0.002762635,"var":0.008150256,"sum":41.439523458}},"irespond_wait":{"duration":{"num":15000,"min":0.000016689,"max":0.016541004,"avg":0.002854406,"var":0.009243204,"sum":42.816087723},"relative_timestamp_from_irespond_end":{"num":15000,"min":0.000000000.0,"max":0.000004768,"avg":0.000000198,"var":0.000000000,"sum":0.002962589}},"set_output":{"duration":{"num":15000,"min":0.000003576,"max":0.000046015,"avg":0.000015751,"var":0.000002679,"sum":0.236261606},"relative_timestamp_from_irespond_start":{"num":15000,"min":0.000000000.0,"max":0.000002861,"avg":0.000000084,"var":0.000000000,"sum":0.001252890}},"get_input":{"duration":{"num":15000,"min":0.000000000.0,"max":0.000004768,"avg":0.000000170,"var":0.000000000,"sum":0.002546787},"relative_timestamp_from_ult_start":{"num":15000,"min":0.000000000.0,"max":0.000007391,"avg":0.000000198,"var":0.000000000,"sum":0.002969027}}},"received from ofi+cxi://0x24012400":{"handler":{"duration":{"num":15000,"min":0.000000238,"max":0.002845764,"avg":0.000001653,"var":0.000044479,"sum":0.024800062}},"ult":{"duration":{"num":15000,"min":0.000026941,"max":0.016740084,"avg":0.002933346,"var":0.008097294,"sum":44.000184774},"relative_timestamp_from_handler_start":{"num":15000,"min":0.000000715,"max":0.007785797,"avg":0.000157005,"var":0.000783574,"sum":2.355077982}},"irespond":{"duration":{"num":15000,"min":0.000003099,"max":0.000092030,"avg":0.000025256,"var":0.000005942,"sum":0.378844023},"relative_timestamp_from_ult_start":{"num":15000,"min":0.000005007,"max":0.000092268,"avg":0.000028944,"var":0.000007530,"sum":0.434163570}},"respond_cb":{"duration":{"num":15000,"min":0.000000000.0,"max":0.000005484,"avg":0.000000180,"var":0.000000000,"sum":0.002697468},"relative_timestamp_from_irespond_start":{"num":15000,"min":0.000018597,"max":0.016573906,"avg":0.002766644,"var":0.007455697,"sum":41.499662638}},"irespond_wait":{"duration":{"num":15000,"min":0.000015259,"max":0.016687870,"avg":0.002878261,"var":0.008537311,"sum":43.173913717},"relative_timestamp_from_irespond_end":{"num":15000,"min":0.000000000.0,"max":0.000006437,"avg":0.000000197,"var":0.000000000,"sum":0.002954483}},"set_output":{"duration":{"num":15000,"min":0.000001669,"max":0.000042200,"avg":0.000015033,"var":0.000002634,"sum":0.225499868},"relative_timestamp_from_irespond_start":{"num":15000,"min":0.000000000.0,"max":0.000000477,"avg":0.000000080,"var":0.000000000,"sum":0.001204491}},"get_input":{"duration":{"num":15000,"min":0.000000000.0,"max":0.000005722,"avg":0.000000166,"var":0.000000000,"sum":0.002495289},"relative_timestamp_from_ult_start":{"num":15000,"min":0.000000000.0,"max":0.000000954,"avg":0.000000196,"var":0.000000000,"sum":0.002947330}}}}},"65535:65535:8686831390660034559:65535":{"rpc_id":8686831390660034559,"provider_id":65535,"parent_rpc_id":65535,"parent_provider_id":65535,"name":"__shutdown__","target":{"received from ofi+cxi://0x24014401":{"handler":{"duration":{"num":1,"min":0.000007153,"max":0.000007153,"avg":0.000007153,"var":0.000000000.0,"sum":0.000007153}},"ult":{"duration":{"num":1,"min":0.000009060,"max":0.000009060,"avg":0.000009060,"var":0.000000000.0,"sum":0.000009060},"relative_timestamp_from_handler_start":{"num":1,"min":0.000009298,"max":0.000009298,"avg":0.000009298,"var":0.000000000.0,"sum":0.000009298}},"irespond":{"duration":{"num":1,"min":0.000002384,"max":0.000002384,"avg":0.000002384,"var":0.000000000.0,"sum":0.000002384},"relative_timestamp_from_ult_start":{"num":1,"min":0.000000477,"max":0.000000477,"avg":0.000000477,"var":0.000000000.0,"sum":0.000000477}},"respond_cb":{"duration":{"num":1,"min":0.000000000.0,"max":0.000000000.0,"avg":0.000000000.0,"var":0.000000000.0,"sum":0.000000000.0},"relative_timestamp_from_irespond_start":{"num":1,"min":0.000006914,"max":0.000006914,"avg":0.000006914,"var":0.000000000.0,"sum":0.000006914}},"irespond_wait":{"duration":{"num":1,"min":0.000004768,"max":0.000004768,"avg":0.000004768,"var":0.000000000.0,"sum":0.000004768},"relative_timestamp_from_irespond_end":{"num":1,"min":0.000000000.0,"max":0.000000000.0,"avg":0.000000000.0,"var":0.000000000.0,"sum":0.000000000.0}},"set_output":{"duration":{"num":1,"min":0.000000238,"max":0.000000238,"avg":0.000000238,"var":0.000000000.0,"sum":0.000000238},"relative_timestamp_from_irespond_start":{"num":1,"min":0.000000238,"max":0.000000238,"avg":0.000000238,"var":0.000000000.0,"sum":0.000000238}},"get_input":{"duration":{"num":0,"min":0.000000000.0,"max":0.000000000.0,"avg":0.000000000.0,"var":0.000000000.0,"sum":0.000000000.0},"relative_timestamp_from_ult_start":{"num":0,"min":0.000000000.0,"max":0.000000000.0,"avg":0.000000000.0,"var":0.000000000.0,"sum":0.000000000.0}}}}}}}