{"address":"","progress_loop":{"progress_with_timeout":{"num":909,"min":0.097017288,"max":0.104009628,"avg":0.103979441,"var":0.000092884,"sum":94.517311573},"progress_timeout_value_msec":{"num":909,"min":100.000000000.0,"max":100.000000000.0,"avg":100.000000000.0,"var":0.000000000.0,"sum":90900.000000000.0},"progress_without_timeout":{"num":463037696,"min":0.000000000.0,"max":0.003377914,"avg":0.000000112,"var":0.000139875,"sum":52.009469748},"trigger":{"num":13002,"min":0.000000238,"max":0.001846552,"avg":0.000001494,"var":0.000003450,"sum":0.019431353}},"rpcs":{"65535:65535:14048217247822970879:0":{"rpc_id":-4398526825886580737,"provider_id":0,"parent_rpc_id":65535,"parent_provider_id":65535,"name":"get_file_data","origin":{"sent to ofi+cxi://0x24034600":{"iforward":{"duration":{"num":1000,"min":0.000001907,"max":0.000033617,"avg":0.000002852,"var":0.000000001,"sum":0.002851725},"relative_timestamp_from_create":{"num":1000,"min":0.000000000.0,"max":0.000004768,"avg":0.000000236,"var":0.000000000,"sum":0.000235558}},"forward_cb":{"duration":{"num":1000,"min":0.000000000.0,"max":0.000000954,"avg":0.000000279,"var":0.000000000,"sum":0.000278950},"relative_timestamp_from_iforward_start":{"num":1000,"min":0.075414658,"max":0.417773962,"avg":0.134316253,"var":0.237957153,"sum":134.316253424}},"iforward_wait":{"duration":{"num":1000,"min":0.075413465,"max":0.417778254,"avg":0.134348745,"var":0.245372931,"sum":134.348744631},"relative_timestamp_from_iforward_end":{"num":1000,"min":0.000000000.0,"max":0.000000477,"avg":0.000000141,"var":0.000000000,"sum":0.000141382}},"set_input":{"duration":{"num":1000,"min":0.000000238,"max":0.000005007,"avg":0.000000542,"var":0.000000000,"sum":0.000541925},"relative_timestamp_from_iforward_start":{"num":1000,"min":0.000001192,"max":0.000020266,"avg":0.000001778,"var":0.000000001,"sum":0.001777887}},"get_output":{"duration":{"num":1000,"min":0.000473738,"max":0.001991749,"avg":0.000886208,"var":0.000108761,"sum":0.886207819},"relative_timestamp_from_wait_end":{"num":1000,"min":0.000000238,"max":0.000001192,"avg":0.000000461,"var":0.000000000,"sum":0.000461340}}}},"target":{"received from ofi+cxi://0x24034600":{"handler":{"duration":{"num":1000,"min":0.000000477,"max":0.000006676,"avg":0.000001051,"var":0.000000000,"sum":0.001050711}},"ult":{"duration":{"num":1000,"min":0.075408697,"max":0.417771816,"avg":0.134309482,"var":0.237967781,"sum":134.309482336},"relative_timestamp_from_handler_start":{"num":1000,"min":0.000001192,"max":0.000014782,"avg":0.000001828,"var":0.000000000,"sum":0.001827717}},"irespond":{"duration":{"num":1000,"min":0.000281334,"max":0.002726555,"avg":0.000779885,"var":0.000429034,"sum":0.779884577},"relative_timestamp_from_ult_start":{"num":1000,"min":0.074995518,"max":0.417325974,"avg":0.133521767,"var":0.236625031,"sum":133.521767378}},"respond_cb":{"duration":{"num":1000,"min":0.000000000.0,"max":0.000001192,"avg":0.000000198,"var":0.000000000,"sum":0.000197887},"relative_timestamp_from_irespond_start":{"num":1000,"min":0.000283003,"max":0.004966736,"avg":0.000784977,"var":0.000443995,"sum":0.784976721}},"irespond_wait":{"duration":{"num":1000,"min":0.000002623,"max":0.002544880,"avg":0.000006413,"var":0.000006453,"sum":0.006412506},"relative_timestamp_from_irespond_end":{"num":1000,"min":0.000000000.0,"max":0.000000477,"avg":0.000000153,"var":0.000000000,"sum":0.000153065}},"set_output":{"duration":{"num":1000,"min":0.000278711,"max":0.002284288,"avg":0.000732963,"var":0.000320909,"sum":0.732962608},"relative_timestamp_from_irespond_start":{"num":1000,"min":0.000000000.0,"max":0.000002384,"avg":0.000000373,"var":0.000000000,"sum":0.000373363}},"get_input":{"duration":{"num":1000,"min":0.000000000.0,"max":0.000001907,"avg":0.000000307,"var":0.000000000,"sum":0.000307322},"relative_timestamp_from_ult_start":{"num":1000,"min":0.000000238,"max":0.000004053,"avg":0.000000380,"var":0.000000000,"sum":0.000379562}}}}},"14048217247822970879:0:14048217247822970879:0":{"rpc_id":-4398526825886580737,"provider_id":0,"parent_rpc_id":-4398526825886580737,"parent_provider_id":0,"name":"get_file_data","origin":{"sent to ofi+cxi://0x24010400":{"iforward":{"duration":{"num":3000,"min":0.000002146,"max":0.000226498,"avg":0.000005176,"var":0.000000457,"sum":0.015527964},"relative_timestamp_from_create":{"num":3000,"min":0.000000000.0,"max":0.000000954,"avg":0.000000241,"var":0.000000000,"sum":0.000722885}},"forward_cb":{"duration":{"num":3000,"min":0.000000000.0,"max":0.000022650,"avg":0.000000510,"var":0.000000007,"sum":0.001530409},"relative_timestamp_from_iforward_start":{"num":3000,"min":0.020277977,"max":0.394592762,"avg":0.130832207,"var":0.832097283,"sum":392.496622086}},"iforward_wait":{"duration":{"num":3000,"min":0.020274878,"max":0.394589901,"avg":0.130829170,"var":0.832726590,"sum":392.487510920},"relative_timestamp_from_iforward_end":{"num":3000,"min":0.000000000.0,"max":0.000001192,"avg":0.000000249,"var":0.000000000,"sum":0.000745535}},"set_input":{"duration":{"num":3000,"min":0.000000000.0,"max":0.000001192,"avg":0.000000527,"var":0.000000000,"sum":0.001580000},"relative_timestamp_from_iforward_start":{"num":3000,"min":0.000000477,"max":0.000002861,"avg":0.000001019,"var":0.000000000,"sum":0.003058434}},"get_output":{"duration":{"num":3000,"min":0.000473261,"max":0.002918005,"avg":0.000809257,"var":0.000246722,"sum":2.427770853},"relative_timestamp_from_wait_end":{"num":3000,"min":0.000000000.0,"max":0.000001192,"avg":0.000000408,"var":0.000000000,"sum":0.001224041}}}},"target":{"received from ofi+cxi://0x24014200":{"handler":{"duration":{"num":1000,"min":0.000000477,"max":0.000007391,"avg":0.000001812,"var":0.000000000,"sum":0.001811981}},"ult":{"duration":{"num":1000,"min":0.024511814,"max":0.375181913,"avg":0.132029833,"var":0.338340540,"sum":132.029833078},"relative_timestamp_from_handler_start":{"num":1000,"min":0.000000954,"max":0.000077248,"avg":0.000002467,"var":0.000000007,"sum":0.002467155}},"irespond":{"duration":{"num":1000,"min":0.000285625,"max":0.002798319,"avg":0.000818951,"var":0.000379264,"sum":0.818950891},"relative_timestamp_from_ult_start":{"num":1000,"min":0.022587538,"max":0.372784615,"avg":0.130961207,"var":0.335407230,"sum":130.961207390}},"respond_cb":{"duration":{"num":1000,"min":0.000000000.0,"max":0.000000954,"avg":0.000000168,"var":0.000000000,"sum":0.000168324},"relative_timestamp_from_irespond_start":{"num":1000,"min":0.000478268,"max":0.004290342,"avg":0.001067000,"var":0.000504211,"sum":1.066999674}},"irespond_wait":{"duration":{"num":1000,"min":0.000190735,"max":0.003503323,"avg":0.000247993,"var":0.000071053,"sum":0.247992516},"relative_timestamp_from_irespond_end":{"num":1000,"min":0.000000000.0,"max":0.000001192,"avg":0.000000638,"var":0.000000000,"sum":0.000638247}},"set_output":{"duration":{"num":1000,"min":0.000282049,"max":0.002305984,"avg":0.000769061,"var":0.000272934,"sum":0.769061327},"relative_timestamp_from_irespond_start":{"num":1000,"min":0.000000000.0,"max":0.000002146,"avg":0.000000284,"var":0.000000000,"sum":0.000284433}},"get_input":{"duration":{"num":1000,"min":0.000000000.0,"max":0.000000715,"avg":0.000000335,"var":0.000000000,"sum":0.000335217},"relative_timestamp_from_ult_start":{"num":1000,"min":0.000000000.0,"max":0.000001192,"avg":0.000000398,"var":0.000000000,"sum":0.000397682}}},"received from ofi+cxi://0x24070400":{"handler":{"duration":{"num":1000,"min":0.000000477,"max":0.001845360,"avg":0.000003633,"var":0.000003396,"sum":0.003633261}},"ult":{"duration":{"num":1000,"min":0.023445845,"max":0.396404743,"avg":0.132120939,"var":0.331671900,"sum":132.120938540},"relative_timestamp_from_handler_start":{"num":1000,"min":0.000000715,"max":0.001847029,"avg":0.000004208,"var":0.000003402,"sum":0.004207850}},"irespond":{"duration":{"num":1000,"min":0.000298977,"max":0.003067732,"avg":0.000823841,"var":0.000387920,"sum":0.823840618},"relative_timestamp_from_ult_start":{"num":1000,"min":0.020988703,"max":0.391668558,"avg":0.131036307,