{"address":"","progress_loop":{"progress_with_timeout":{"num":1298,"min":0.000000477,"max":0.104009628,"avg":0.099859303,"var":0.533456317,"sum":129.617375851},"progress_timeout_value_msec":{"num":1298,"min":100.000000000.0,"max":100.000000000.0,"avg":100.000000000.0,"var":0.000000000.0,"sum":129800.000000000.0},"progress_without_timeout":{"num":458791,"min":0.000000000.0,"max":0.000529051,"avg":0.000000137,"var":0.000000292,"sum":0.062828302},"trigger":{"num":22002,"min":0.000000000.0,"max":0.002594709,"avg":0.000000535,"var":0.000011197,"sum":0.011774778}},"rpcs":{"65535:65535:14048217247822970879:0":{"rpc_id":-4398526825886580737,"provider_id":0,"parent_rpc_id":65535,"parent_provider_id":65535,"name":"get_file_data","origin":{"sent to ofi+cxi://0x24012000":{"iforward":{"duration":{"num":1000,"min":0.000000477,"max":0.000026703,"avg":0.000000644,"var":0.000000001,"sum":0.000643730},"relative_timestamp_from_create":{"num":1000,"min":0.000000000.0,"max":0.000004053,"avg":0.000000079,"var":0.000000000,"sum":0.000078678}},"forward_cb":{"duration":{"num":1000,"min":0.000000000.0,"max":0.000003576,"avg":0.000000080,"var":0.000000000,"sum":0.000079632},"relative_timestamp_from_iforward_start":{"num":1000,"min":0.000041246,"max":0.014905214,"avg":0.000196486,"var":0.000498743,"sum":0.196485519}},"iforward_wait":{"duration":{"num":1000,"min":0.000043392,"max":0.014904976,"avg":0.000197906,"var":0.000498435,"sum":0.197906494},"relative_timestamp_from_iforward_end":{"num":1000,"min":0.000000000.0,"max":0.000000238,"avg":0.000000044,"var":0.000000000,"sum":0.000043869}},"set_input":{"duration":{"num":1000,"min":0.000000000.0,"max":0.000004053,"avg":0.000000088,"var":0.000000000,"sum":0.000088453},"relative_timestamp_from_iforward_start":{"num":1000,"min":0.000000238,"max":0.000016212,"avg":0.000000422,"var":0.000000000,"sum":0.000422478}},"get_output":{"duration":{"num":1000,"min":0.000000000.0,"max":0.000003099,"avg":0.000000273,"var":0.000000000,"sum":0.000272512},"relative_timestamp_from_wait_end":{"num":1000,"min":0.000000000.0,"max":0.000000238,"avg":0.000000107,"var":0.000000000,"sum":0.000106812}}}},"target":{"received from ofi+cxi://0x24012000":{"handler":{"duration":{"num":1000,"min":0.000000238,"max":0.000005960,"avg":0.000000347,"var":0.000000000,"sum":0.000346899}},"ult":{"duration":{"num":1000,"min":0.000037909,"max":0.014902830,"avg":0.000194820,"var":0.000497676,"sum":0.194819927},"relative_timestamp_from_handler_start":{"num":1000,"min":0.000000477,"max":0.000013113,"avg":0.000000822,"var":0.000000000,"sum":0.000822067}},"irespond":{"duration":{"num":1000,"min":0.000000238,"max":0.000002861,"avg":0.000000337,"var":0.000000000,"sum":0.000336885},"relative_timestamp_from_ult_start":{"num":1000,"min":0.000034809,"max":0.014900923,"avg":0.000192533,"var":0.000497532,"sum":0.192533493}},"respond_cb":{"duration":{"num":1000,"min":0.000000000.0,"max":0.000000477,"avg":0.000000082,"var":0.000000000,"sum":0.000081539},"relative_timestamp_from_irespond_start":{"num":1000,"min":0.000000477,"max":0.000023127,"avg":0.000001317,"var":0.000000002,"sum":0.001317263}},"irespond_wait":{"duration":{"num":1000,"min":0.000000715,"max":0.000023842,"avg":0.000001685,"var":0.000000003,"sum":0.001684904},"relative_timestamp_from_irespond_end":{"num":1000,"min":0.000000000.0,"max":0.000000238,"avg":0.000000046,"var":0.000000000,"sum":0.000045776}},"set_output":{"duration":{"num":1000,"min":0.000000000.0,"max":0.000001192,"avg":0.000000124,"var":0.000000000,"sum":0.000123501},"relative_timestamp_from_irespond_start":{"num":1000,"min":0.000000000.0,"max":0.000002146,"avg":0.000000085,"var":0.000000000,"sum":0.000084639}},"get_input":{"duration":{"num":1000,"min":0.000000000.0,"max":0.000001669,"avg":0.000000105,"var":0.000000000,"sum":0.000104904},"relative_timestamp_from_ult_start":{"num":1000,"min":0.000000000.0,"max":0.000002861,"avg":0.000000135,"var":0.000000000,"sum":0.000135183}}}}},"14048217247822970879:0:14048217247822970879:0":{"rpc_id":-4398526825886580737,"provider_id":0,"parent_rpc_id":-4398526825886580737,"parent_provider_id":0,"name":"get_file_data","origin":{"sent to ofi+cxi://0x24012400":{"iforward":{"duration":{"num":7000,"min":0.000000954,"max":0.000037193,"avg":0.000001120,"var":0.000000004,"sum":0.007842541},"relative_timestamp_from_create":{"num":7000,"min":0.000000000.0,"max":0.000002384,"avg":0.000000065,"var":0.000000000,"sum":0.000454664}},"forward_cb":{"duration":{"num":7000,"min":0.000000000.0,"max":0.000002861,"avg":0.000000093,"var":0.000000000,"sum":0.000648499},"relative_timestamp_from_iforward_start":{"num":7000,"min":0.000021935,"max":0.016251087,"avg":0.000168470,"var":0.002962105,"sum":1.179290295}},"iforward_wait":{"duration":{"num":7000,"min":0.000020981,"max":0.016242981,"avg":0.000168133,"var":0.002957917,"sum":1.176931143},"relative_timestamp_from_iforward_end":{"num":7000,"min":0.000000000.0,"max":0.000002384,"avg":0.000000199,"var":0.000000000,"sum":0.001395226}},"set_input":{"duration":{"num":7000,"min":0.000000000.0,"max":0.000000477,"avg":0.000000091,"var":0.000000000,"sum":0.000635624},"relative_timestamp_from_iforward_start":{"num":7000,"min":0.000000238,"max":0.000005007,"avg":0.000000364,"var":0.000000000,"sum":0.002548218}},"get_output":{"duration":{"num":7000,"min":0.000000238,"max":0.000006199,"avg":0.000000366,"var":0.000000000,"sum":0.002562284},"relative_timestamp_from_wait_end":{"num":7000,"min":0.000000000.0,"max":0.000003576,"avg":0.000000106,"var":0.000000000,"sum":0.000740051}}}},"target":{"received from ofi+cxi://0x24016200":{"handler":{"duration":{"num":3000,"min":0.000000238,"max":0.002112627,"avg":0.000001089,"var":0.000004460,"sum":0.003267527}},"ult":{"duration":{"num":3000,"min":0.000033617,"max":0.016268015,"avg":0.000183375,"var":0.001365811,"sum":0.550124645},"relative_timestamp_from_handler_start":{"num":3000,"min":0.000000477,"max":0.002114296,"avg":0.000001800,"var":0.000004477,"sum":0.005401134}},"irespond":{"duration":{"num":3000,"min":0.000000477,"max":0.000010490,"avg":0.000000650,"var":0.000000000,"sum":0.001949787},"relative_timestamp_from_ult_start":{"num":3000,"min":0.000028610,"max":0.016261101,"avg":0.000175532,"var":0.001357725,"sum":0.526597023}},"respond_cb":{"duration":{"num":3000,"min":0.000000000.0,"max":0.000003815,"avg":0.000000079,"var":0.000000000,"sum":0.000236034},"relative_timestamp_from_irespond_start":{"num":3000,"min":0.000004292,"max":0.000534534,"avg":0.000006541,"var":0.000000299,"sum":0.019622087}},"irespond_wait":{"duration":{"num":3000,"min":0.000003815,"max":0.000534296,"avg":0.000006768,"var":0.000000324,"sum":0.020305395},"relative_timestamp_from_irespond_end":{"num":3000,"min":0.000000000.0,"max":0.000000477,"avg":0.000000199,"var":0.000000000,"sum":0.000597000}},"set_output":{"duration":{"num":3000,"min":0.000000238,"max":0.000002623,"avg":0.000000289,"var":0.000000000,"sum":0.000866890},"relative_timestamp_from_irespond_start":{"num":3000,"min":0.000000000.0,"max":0.000002384,"avg":0.000000076,"var":0.000000000,"sum":0.000226736}},"get_input":{"duration":{"num":3000,"min":0.000000000.0,"max":0.000000715,"avg":0.000000118,"var":0.000000000,"sum":0.000355482},"relative_timestamp_from_ult_start":{"num":3000,"min":0.000000000.0,"max":0.000002384,"avg":0.000000130,"var":0.000000000,"sum":0.000390768}}},"received from ofi+cxi://0x24050400":{"handler":{"duration":{"num":3000,"min":0.000000238,"max":0.002593994,"avg":0.000001251,"var":0.000006725,"sum":0.003753424}},"ult":{"duration":{"num":3000,"min":0.000031948,"max":0.014909029,"avg":0.000178561,"var":0.001114451,"sum":0.535681725},"relative_timestamp_from_handler_start":{"num":3000,"min":0.000000477,"max":0.002595186,"avg":0.000002244,"var":0.000007294,"sum":0.006731987}},"irespond":{"duration":{"num":3000,"min":0.000000477,"max":0.000012875,"avg":0.000000652,"var":0.000000000,"sum":0.001955032},"relative_timestamp_from_ult_start":{"num":3000,"min":0.000026226,"max":0.014902115,"avg":0.000169423,"var":0.001111030,