{"address":"","progress_loop":{"progress_with_timeout":{"num":2246,"min":0.000000000.0,"max":0.104010105,"avg":0.057713605,"var":5.996016955,"sum":129.624756336},"progress_timeout_value_msec":{"num":2246,"min":100.000000000.0,"max":100.000000000.0,"avg":100.000000000.0,"var":0.000000000.0,"sum":224600.000000000.0},"progress_without_timeout":{"num":631387,"min":0.000000000.0,"max":0.000593185,"avg":0.000000113,"var":0.000000362,"sum":0.071590662},"trigger":{"num":4002,"min":0.000000000.0,"max":0.000012875,"avg":0.000000279,"var":0.000000000,"sum":0.001114845}},"rpcs":{"65535:65535:14048217247822970879:0":{"rpc_id":-4398526825886580737,"provider_id":0,"parent_rpc_id":65535,"parent_provider_id":65535,"name":"get_file_data","origin":{"sent to ofi+cxi://0x24076600":{"iforward":{"duration":{"num":1000,"min":0.000000477,"max":0.000025988,"avg":0.000000639,"var":0.000000001,"sum":0.000638723},"relative_timestamp_from_create":{"num":1000,"min":0.000000000.0,"max":0.000003338,"avg":0.000000072,"var":0.000000000,"sum":0.000072241}},"forward_cb":{"duration":{"num":1000,"min":0.000000000.0,"max":0.000000238,"avg":0.000000079,"var":0.000000000,"sum":0.000079155},"relative_timestamp_from_iforward_start":{"num":1000,"min":0.000048637,"max":0.024666786,"avg":0.000188051,"var":0.000732602,"sum":0.188050985}},"iforward_wait":{"duration":{"num":1000,"min":0.000048876,"max":0.024643898,"avg":0.000188066,"var":0.000731476,"sum":0.188066006},"relative_timestamp_from_iforward_end":{"num":1000,"min":0.000000000.0,"max":0.000000238,"avg":0.000000044,"var":0.000000000,"sum":0.000043869}},"set_input":{"duration":{"num":1000,"min":0.000000000.0,"max":0.000004053,"avg":0.000000096,"var":0.000000000,"sum":0.000095606},"relative_timestamp_from_iforward_start":{"num":1000,"min":0.000000238,"max":0.000015259,"avg":0.000000407,"var":0.000000000,"sum":0.000407219}},"get_output":{"duration":{"num":1000,"min":0.000000000.0,"max":0.000000238,"avg":0.000000098,"var":0.000000000,"sum":0.000097990},"relative_timestamp_from_wait_end":{"num":1000,"min":0.000000000.0,"max":0.000000238,"avg":0.000000090,"var":0.000000000,"sum":0.000090361}}}},"target":{"received from ofi+cxi://0x24076600":{"handler":{"duration":{"num":1000,"min":0.000000238,"max":0.000006199,"avg":0.000000335,"var":0.000000000,"sum":0.000334978}},"ult":{"duration":{"num":1000,"min":0.000047445,"max":0.024108887,"avg":0.000186285,"var":0.000705619,"sum":0.186285496},"relative_timestamp_from_handler_start":{"num":1000,"min":0.000000477,"max":0.000523567,"avg":0.000001084,"var":0.000000273,"sum":0.001084089}},"irespond":{"duration":{"num":1000,"min":0.000000238,"max":0.000002146,"avg":0.000000288,"var":0.000000000,"sum":0.000288248},"relative_timestamp_from_ult_start":{"num":1000,"min":0.000046015,"max":0.024103880,"avg":0.000184840,"var":0.000705445,"sum":0.184840441}},"respond_cb":{"duration":{"num":1000,"min":0.000000000.0,"max":0.000000238,"avg":0.000000071,"var":0.000000000,"sum":0.000071287},"relative_timestamp_from_irespond_start":{"num":1000,"min":0.000000477,"max":0.000003338,"avg":0.000000682,"var":0.000000000,"sum":0.000682354}},"irespond_wait":{"duration":{"num":1000,"min":0.000000715,"max":0.000001669,"avg":0.000000890,"var":0.000000000,"sum":0.000889540},"relative_timestamp_from_irespond_end":{"num":1000,"min":0.000000000.0,"max":0.000000477,"avg":0.000000044,"var":0.000000000,"sum":0.000044107}},"set_output":{"duration":{"num":1000,"min":0.000000000.0,"max":0.000000715,"avg":0.000000087,"var":0.000000000,"sum":0.000087500},"relative_timestamp_from_irespond_start":{"num":1000,"min":0.000000000.0,"max":0.000000954,"avg":0.000000083,"var":0.000000000,"sum":0.000082970}},"get_input":{"duration":{"num":1000,"min":0.000000000.0,"max":0.000002384,"avg":0.000000107,"var":0.000000000,"sum":0.000106812},"relative_timestamp_from_ult_start":{"num":1000,"min":0.000000000.0,"max":0.000005007,"avg":0.000000136,"var":0.000000000,"sum":0.000136137}}}}},"14048217247822970879:0:14048217247822970879:0":{"rpc_id":-4398526825886580737,"provider_id":0,"parent_rpc_id":-4398526825886580737,"parent_provider_id":0,"name":"get_file_data","origin":{"sent to ofi+cxi://0x24076200":{"iforward":{"duration":{"num":1000,"min":0.000000954,"max":0.000033140,"avg":0.000001357,"var":0.000000003,"sum":0.001356840},"relative_timestamp_from_create":{"num":1000,"min":0.000000000.0,"max":0.000000238,"avg":0.000000067,"var":0.000000000,"sum":0.000066519}},"forward_cb":{"duration":{"num":1000,"min":0.000000000.0,"max":0.000000954,"avg":0.000000080,"var":0.000000000,"sum":0.000080109},"relative_timestamp_from_iforward_start":{"num":1000,"min":0.000040293,"max":0.024017572,"avg":0.000178620,"var":0.000701568,"sum":0.178620100}},"iforward_wait":{"duration":{"num":1000,"min":0.000038862,"max":0.023988008,"avg":0.000177398,"var":0.000700108,"sum":0.177398205},"relative_timestamp_from_iforward_end":{"num":1000,"min":0.000000000.0,"max":0.000000477,"avg":0.000000218,"var":0.000000000,"sum":0.000218391}},"set_input":{"duration":{"num":1000,"min":0.000000000.0,"max":0.000000477,"avg":0.000000094,"var":0.000000000,"sum":0.000093699},"relative_timestamp_from_iforward_start":{"num":1000,"min":0.000000238,"max":0.000002146,"avg":0.000000364,"var":0.000000000,"sum":0.000363588}},"get_output":{"duration":{"num":1000,"min":0.000000000.0,"max":0.000001192,"avg":0.000000103,"var":0.000000000,"sum":0.000102520},"relative_timestamp_from_wait_end":{"num":1000,"min":0.000000000.0,"max":0.000000715,"avg":0.000000100,"var":0.000000000,"sum":0.000099659}}}}},"65535:65535:8686831390660034559:65535":{"rpc_id":8686831390660034559,"provider_id":65535,"parent_rpc_id":65535,"parent_provider_id":65535,"name":"__shutdown__","target":{"received from ofi+cxi://0x24014401":{"handler":{"duration":{"num":1,"min":0.000009060,"max":0.000009060,"avg":0.000009060,"var":0.000000000.0,"sum":0.000009060}},"ult":{"duration":{"num":1,"min":0.000008821,"max":0.000008821,"avg":0.000008821,"var":0.000000000.0,"sum":0.000008821},"relative_timestamp_from_handler_start":{"num":1,"min":0.000010490,"max":0.000010490,"avg":0.000010490,"var":0.000000000.0,"sum":0.000010490}},"irespond":{"duration":{"num":1,"min":0.000002146,"max":0.000002146,"avg":0.000002146,"var":0.000000000.0,"sum":0.000002146},"relative_timestamp_from_ult_start":{"num":1,"min":0.000000238,"max":0.000000238,"avg":0.000000238,"var":0.000000000.0,"sum":0.000000238}},"respond_cb":{"duration":{"num":1,"min":0.000000000.0,"max":0.000000000.0,"avg":0.000000000.0,"var":0.000000000.0,"sum":0.000000000.0},"relative_timestamp_from_irespond_start":{"num":1,"min":0.000006914,"max":0.000006914,"avg":0.000006914,"var":0.000000000.0,"sum":0.000006914}},"irespond_wait":{"duration":{"num":1,"min":0.000004768,"max":0.000004768,"avg":0.000004768,"var":0.000000000.0,"sum":0.000004768},"relative_timestamp_from_irespond_end":{"num":1,"min":0.000000238,"max":0.000000238,"avg":0.000000238,"var":0.000000000.0,"sum":0.000000238}},"set_output":{"duration":{"num":1,"min":0.000000238,"max":0.000000238,"avg":0.000000238,"var":0.000000000.0,"sum":0.000000238},"relative_timestamp_from_irespond_start":{"num":1,"min":0.000000238,"max":0.000000238,"avg":0.000000238,"var":0.000000000.0,"sum":0.000000238}},"get_input":{"duration":{"num":0,"min":0.000000000.0,"max":0.000000000.0,"avg":0.000000000.0,"var":0.000000000.0,"sum":0.000000000.0},"relative_timestamp_from_ult_start":{"num":0,"min":0.000000000.0,"max":0.000000000.0,"avg":0.000000000.0,"var":0.000000000.0,"sum":0.000000000.0}}}}}}}