{"address":"","progress_loop":{"progress_with_timeout":{"num":2170,"min":0.000000000.0,"max":0.104010582,"avg":0.056106699,"var":5.828611232,"sum":121.751537323},"progress_timeout_value_msec":{"num":2170,"min":100.000000000.0,"max":100.000000000.0,"avg":100.000000000.0,"var":0.000000000.0,"sum":217000.000000000.0},"progress_without_timeout":{"num":28215040,"min":0.000000000.0,"max":0.000160933,"avg":0.000000112,"var":0.000000663,"sum":3.169736385},"trigger":{"num":5002,"min":0.000000000.0,"max":0.000027180,"avg":0.000000459,"var":0.000000004,"sum":0.002297878}},"rpcs":{"65535:65535:14048217247822970879:0":{"rpc_id":-4398526825886580737,"provider_id":0,"parent_rpc_id":65535,"parent_provider_id":65535,"name":"get_file_data","origin":{"sent to ofi+cxi://0x24074200":{"iforward":{"duration":{"num":1000,"min":0.000000477,"max":0.000030041,"avg":0.000000793,"var":0.000000001,"sum":0.000792980},"relative_timestamp_from_create":{"num":1000,"min":0.000000000.0,"max":0.000003815,"avg":0.000000103,"var":0.000000000,"sum":0.000103474}},"forward_cb":{"duration":{"num":1000,"min":0.000000000.0,"max":0.000000477,"avg":0.000000105,"var":0.000000000,"sum":0.000104666},"relative_timestamp_from_iforward_start":{"num":1000,"min":0.002094030,"max":0.131293297,"avg":0.008077989,"var":0.026898488,"sum":8.077989340}},"iforward_wait":{"duration":{"num":1000,"min":0.002094507,"max":0.131293058,"avg":0.008078137,"var":0.026899198,"sum":8.078137398},"relative_timestamp_from_iforward_end":{"num":1000,"min":0.000000000.0,"max":0.000000238,"avg":0.000000038,"var":0.000000000,"sum":0.000038147}},"set_input":{"duration":{"num":1000,"min":0.000000000.0,"max":0.000004292,"avg":0.000000167,"var":0.000000000,"sum":0.000167370},"relative_timestamp_from_iforward_start":{"num":1000,"min":0.000000238,"max":0.000018835,"avg":0.000000489,"var":0.000000000,"sum":0.000489235}},"get_output":{"duration":{"num":1000,"min":0.000010252,"max":0.000071526,"avg":0.000010623,"var":0.000000004,"sum":0.010622501},"relative_timestamp_from_wait_end":{"num":1000,"min":0.000000000.0,"max":0.000000715,"avg":0.000000114,"var":0.000000000,"sum":0.000114441}}}},"target":{"received from ofi+cxi://0x24074200":{"handler":{"duration":{"num":1000,"min":0.000000238,"max":0.000006199,"avg":0.000000361,"var":0.000000000,"sum":0.000361443}},"ult":{"duration":{"num":1000,"min":0.002092838,"max":0.131291628,"avg":0.008076587,"var":0.026898349,"sum":8.076587200},"relative_timestamp_from_handler_start":{"num":1000,"min":0.000000477,"max":0.000013590,"avg":0.000000641,"var":0.000000000,"sum":0.000640631}},"irespond":{"duration":{"num":1000,"min":0.000092745,"max":0.000176668,"avg":0.000122704,"var":0.000000106,"sum":0.122703791},"relative_timestamp_from_ult_start":{"num":1000,"min":0.001969814,"max":0.131167889,"avg":0.007952391,"var":0.026878456,"sum":7.952390671}},"respond_cb":{"duration":{"num":1000,"min":0.000000000.0,"max":0.000000477,"avg":0.000000079,"var":0.000000000,"sum":0.000078678},"relative_timestamp_from_irespond_start":{"num":1000,"min":0.000093222,"max":0.000181913,"avg":0.000123202,"var":0.000000107,"sum":0.123201847}},"irespond_wait":{"duration":{"num":1000,"min":0.000000715,"max":0.000007391,"avg":0.000001037,"var":0.000000000,"sum":0.001037121},"relative_timestamp_from_irespond_end":{"num":1000,"min":0.000000000.0,"max":0.000000238,"avg":0.000000066,"var":0.000000000,"sum":0.000065804}},"set_output":{"duration":{"num":1000,"min":0.000076532,"max":0.000130177,"avg":0.000095706,"var":0.000000116,"sum":0.095706224},"relative_timestamp_from_irespond_start":{"num":1000,"min":0.000000000.0,"max":0.000001431,"avg":0.000000090,"var":0.000000000,"sum":0.000090122}},"get_input":{"duration":{"num":1000,"min":0.000000000.0,"max":0.000001907,"avg":0.000000132,"var":0.000000000,"sum":0.000131607},"relative_timestamp_from_ult_start":{"num":1000,"min":0.000000000.0,"max":0.000002623,"avg":0.000000167,"var":0.000000000,"sum":0.000166655}}}}},"14048217247822970879:0:14048217247822970879:0":{"rpc_id":-4398526825886580737,"provider_id":0,"parent_rpc_id":-4398526825886580737,"parent_provider_id":0,"name":"get_file_data","origin":{"sent to ofi+cxi://0x24054200":{"iforward":{"duration":{"num":1000,"min":0.000001431,"max":0.000047207,"avg":0.000002440,"var":0.000000015,"sum":0.002439737},"relative_timestamp_from_create":{"num":1000,"min":0.000000000.0,"max":0.000000238,"avg":0.000000108,"var":0.000000000,"sum":0.000108242}},"forward_cb":{"duration":{"num":1000,"min":0.000000000.0,"max":0.000001192,"avg":0.000000086,"var":0.000000000,"sum":0.000085592},"relative_timestamp_from_iforward_start":{"num":1000,"min":0.001939774,"max":0.131138802,"avg":0.007885647,"var":0.021148398,"sum":7.885647058}},"iforward_wait":{"duration":{"num":1000,"min":0.001937866,"max":0.131137371,"avg":0.007883436,"var":0.021146788,"sum":7.883435965},"relative_timestamp_from_iforward_end":{"num":1000,"min":0.000000000.0,"max":0.000000238,"avg":0.000000175,"var":0.000000000,"sum":0.000174522}},"set_input":{"duration":{"num":1000,"min":0.000000000.0,"max":0.000000715,"avg":0.000000151,"var":0.000000000,"sum":0.000150681},"relative_timestamp_from_iforward_start":{"num":1000,"min":0.000000238,"max":0.000002146,"avg":0.000000671,"var":0.000000000,"sum":0.000671387}},"get_output":{"duration":{"num":1000,"min":0.000013351,"max":0.000133991,"avg":0.000016473,"var":0.000000224,"sum":0.016472816},"relative_timestamp_from_wait_end":{"num":1000,"min":0.000000000.0,"max":0.000018358,"avg":0.000000201,"var":0.000000001,"sum":0.000200510}}}}},"65535:65535:8686831390660034559:65535":{"rpc_id":8686831390660034559,"provider_id":65535,"parent_rpc_id":65535,"parent_provider_id":65535,"name":"__shutdown__","target":{"received from ofi+cxi://0x24014401":{"handler":{"duration":{"num":1,"min":0.000015259,"max":0.000015259,"avg":0.000015259,"var":0.000000000.0,"sum":0.000015259}},"ult":{"duration":{"num":1,"min":0.000015974,"max":0.000015974,"avg":0.000015974,"var":0.000000000.0,"sum":0.000015974},"relative_timestamp_from_handler_start":{"num":1,"min":0.000019550,"max":0.000019550,"avg":0.000019550,"var":0.000000000.0,"sum":0.000019550}},"irespond":{"duration":{"num":1,"min":0.000006676,"max":0.000006676,"avg":0.000006676,"var":0.000000000.0,"sum":0.000006676},"relative_timestamp_from_ult_start":{"num":1,"min":0.000001192,"max":0.000001192,"avg":0.000001192,"var":0.000000000.0,"sum":0.000001192}},"respond_cb":{"duration":{"num":1,"min":0.000000477,"max":0.000000477,"avg":0.000000477,"var":0.000000000.0,"sum":0.000000477},"relative_timestamp_from_irespond_start":{"num":1,"min":0.000011921,"max":0.000011921,"avg":0.000011921,"var":0.000000000.0,"sum":0.000011921}},"irespond_wait":{"duration":{"num":1,"min":0.000006199,"max":0.000006199,"avg":0.000006199,"var":0.000000000.0,"sum":0.000006199},"relative_timestamp_from_irespond_end":{"num":1,"min":0.000000000.0,"max":0.000000000.0,"avg":0.000000000.0,"var":0.000000000.0,"sum":0.000000000.0}},"set_output":{"duration":{"num":1,"min":0.000000477,"max":0.000000477,"avg":0.000000477,"var":0.000000000.0,"sum":0.000000477},"relative_timestamp_from_irespond_start":{"num":1,"min":0.000001192,"max":0.000001192,"avg":0.000001192,"var":0.000000000.0,"sum":0.000001192}},"get_input":{"duration":{"num":0,"min":0.000000000.0,"max":0.000000000.0,"avg":0.000000000.0,"var":0.000000000.0,"sum":0.000000000.0},"relative_timestamp_from_ult_start":{"num":0,"min":0.000000000.0,"max":0.000000000.0,"avg":0.000000000.0,"var":0.000000000.0,"sum":0.000000000.0}}}}}}}