{"address":"","progress_loop":{"progress_with_timeout":{"num":2243,"min":0.000000000.0,"max":0.104008198,"avg":0.057675653,"var":5.991822843,"sum":129.366490602},"progress_timeout_value_msec":{"num":2243,"min":100.000000000.0,"max":100.000000000.0,"avg":100.000000000.0,"var":0.000000000.0,"sum":224300.000000000.0},"progress_without_timeout":{"num":1650295,"min":0.000000000.0,"max":0.000496626,"avg":0.000000114,"var":0.000000282,"sum":0.188770771},"trigger":{"num":5002,"min":0.000000000.0,"max":0.000021458,"avg":0.000000411,"var":0.000000001,"sum":0.002054453}},"rpcs":{"65535:65535:14048217247822970879:0":{"rpc_id":-4398526825886580737,"provider_id":0,"parent_rpc_id":65535,"parent_provider_id":65535,"name":"get_file_data","origin":{"sent to ofi+cxi://0x24076600":{"iforward":{"duration":{"num":1000,"min":0.000000477,"max":0.000030756,"avg":0.000000665,"var":0.000000001,"sum":0.000664949},"relative_timestamp_from_create":{"num":1000,"min":0.000000000.0,"max":0.000004053,"avg":0.000000080,"var":0.000000000,"sum":0.000079632}},"forward_cb":{"duration":{"num":1000,"min":0.000000000.0,"max":0.000000238,"avg":0.000000082,"var":0.000000000,"sum":0.000082493},"relative_timestamp_from_iforward_start":{"num":1000,"min":0.000100613,"max":0.027478695,"avg":0.000480119,"var":0.000843896,"sum":0.480118513}},"iforward_wait":{"duration":{"num":1000,"min":0.000100851,"max":0.027451277,"avg":0.000480141,"var":0.000842400,"sum":0.480141163},"relative_timestamp_from_iforward_end":{"num":1000,"min":0.000000000.0,"max":0.000000238,"avg":0.000000047,"var":0.000000000,"sum":0.000046968}},"set_input":{"duration":{"num":1000,"min":0.000000000.0,"max":0.000005245,"avg":0.000000104,"var":0.000000000,"sum":0.000104427},"relative_timestamp_from_iforward_start":{"num":1000,"min":0.000000238,"max":0.000018120,"avg":0.000000444,"var":0.000000000,"sum":0.000443697}},"get_output":{"duration":{"num":1000,"min":0.000000238,"max":0.000000715,"avg":0.000000324,"var":0.000000000,"sum":0.000323534},"relative_timestamp_from_wait_end":{"num":1000,"min":0.000000000.0,"max":0.000000477,"avg":0.000000092,"var":0.000000000,"sum":0.000091791}}}},"target":{"received from ofi+cxi://0x24076600":{"handler":{"duration":{"num":1000,"min":0.000000238,"max":0.000007629,"avg":0.000000341,"var":0.000000000,"sum":0.000340700}},"ult":{"duration":{"num":1000,"min":0.000099421,"max":0.027422667,"avg":0.000478823,"var":0.000840899,"sum":0.478823423},"relative_timestamp_from_handler_start":{"num":1000,"min":0.000000477,"max":0.000015497,"avg":0.000000603,"var":0.000000000,"sum":0.000603437}},"irespond":{"duration":{"num":1000,"min":0.000000477,"max":0.000017643,"avg":0.000001565,"var":0.000000009,"sum":0.001565456},"relative_timestamp_from_ult_start":{"num":1000,"min":0.000097513,"max":0.027402163,"avg":0.000476002,"var":0.000839585,"sum":0.476001978}},"respond_cb":{"duration":{"num":1000,"min":0.000000000.0,"max":0.000000238,"avg":0.000000074,"var":0.000000000,"sum":0.000074148},"relative_timestamp_from_irespond_start":{"num":1000,"min":0.000000954,"max":0.000018358,"avg":0.000002000,"var":0.000000009,"sum":0.001999617}},"irespond_wait":{"duration":{"num":1000,"min":0.000000715,"max":0.000006437,"avg":0.000000962,"var":0.000000000,"sum":0.000961542},"relative_timestamp_from_irespond_end":{"num":1000,"min":0.000000000.0,"max":0.000000238,"avg":0.000000047,"var":0.000000000,"sum":0.000047445}},"set_output":{"duration":{"num":1000,"min":0.000000000.0,"max":0.000008821,"avg":0.000000539,"var":0.000000002,"sum":0.000539064},"relative_timestamp_from_irespond_start":{"num":1000,"min":0.000000000.0,"max":0.000000954,"avg":0.000000077,"var":0.000000000,"sum":0.000076771}},"get_input":{"duration":{"num":1000,"min":0.000000000.0,"max":0.000002146,"avg":0.000000119,"var":0.000000000,"sum":0.000119209},"relative_timestamp_from_ult_start":{"num":1000,"min":0.000000000.0,"max":0.000003815,"avg":0.000000140,"var":0.000000000,"sum":0.000139713}}}}},"14048217247822970879:0:14048217247822970879:0":{"rpc_id":-4398526825886580737,"provider_id":0,"parent_rpc_id":-4398526825886580737,"parent_provider_id":0,"name":"get_file_data","origin":{"sent to ofi+cxi://0x24076200":{"iforward":{"duration":{"num":1000,"min":0.000000954,"max":0.000030279,"avg":0.000001435,"var":0.000000003,"sum":0.001435280},"relative_timestamp_from_create":{"num":1000,"min":0.000000000.0,"max":0.000000238,"avg":0.000000069,"var":0.000000000,"sum":0.000068903}},"forward_cb":{"duration":{"num":1000,"min":0.000000000.0,"max":0.000000954,"avg":0.000000082,"var":0.000000000,"sum":0.000082254},"relative_timestamp_from_iforward_start":{"num":1000,"min":0.000091076,"max":0.027297497,"avg":0.000468877,"var":0.000834284,"sum":0.468876600}},"iforward_wait":{"duration":{"num":1000,"min":0.000089884,"max":0.027271032,"avg":0.000467609,"var":0.000832763,"sum":0.467609167},"relative_timestamp_from_iforward_end":{"num":1000,"min":0.000000000.0,"max":0.000000477,"avg":0.000000224,"var":0.000000000,"sum":0.000224113}},"set_input":{"duration":{"num":1000,"min":0.000000000.0,"max":0.000000477,"avg":0.000000094,"var":0.000000000,"sum":0.000094414},"relative_timestamp_from_iforward_start":{"num":1000,"min":0.000000238,"max":0.000001907,"avg":0.000000365,"var":0.000000000,"sum":0.000365019}},"get_output":{"duration":{"num":1000,"min":0.000000238,"max":0.000014067,"avg":0.000000586,"var":0.000000001,"sum":0.000585556},"relative_timestamp_from_wait_end":{"num":1000,"min":0.000000000.0,"max":0.000018120,"avg":0.000000131,"var":0.000000000,"sum":0.000130892}}}}},"65535:65535:8686831390660034559:65535":{"rpc_id":8686831390660034559,"provider_id":65535,"parent_rpc_id":65535,"parent_provider_id":65535,"name":"__shutdown__","target":{"received from ofi+cxi://0x24014401":{"handler":{"duration":{"num":1,"min":0.000013590,"max":0.000013590,"avg":0.000013590,"var":0.000000000.0,"sum":0.000013590}},"ult":{"duration":{"num":1,"min":0.000014544,"max":0.000014544,"avg":0.000014544,"var":0.000000000.0,"sum":0.000014544},"relative_timestamp_from_handler_start":{"num":1,"min":0.000016689,"max":0.000016689,"avg":0.000016689,"var":0.000000000.0,"sum":0.000016689}},"irespond":{"duration":{"num":1,"min":0.000005007,"max":0.000005007,"avg":0.000005007,"var":0.000000000.0,"sum":0.000005007},"relative_timestamp_from_ult_start":{"num":1,"min":0.000001192,"max":0.000001192,"avg":0.000001192,"var":0.000000000.0,"sum":0.000001192}},"respond_cb":{"duration":{"num":1,"min":0.000000477,"max":0.000000477,"avg":0.000000477,"var":0.000000000.0,"sum":0.000000477},"relative_timestamp_from_irespond_start":{"num":1,"min":0.000010967,"max":0.000010967,"avg":0.000010967,"var":0.000000000.0,"sum":0.000010967}},"irespond_wait":{"duration":{"num":1,"min":0.000006676,"max":0.000006676,"avg":0.000006676,"var":0.000000000.0,"sum":0.000006676},"relative_timestamp_from_irespond_end":{"num":1,"min":0.000000238,"max":0.000000238,"avg":0.000000238,"var":0.000000000.0,"sum":0.000000238}},"set_output":{"duration":{"num":1,"min":0.000000477,"max":0.000000477,"avg":0.000000477,"var":0.000000000.0,"sum":0.000000477},"relative_timestamp_from_irespond_start":{"num":1,"min":0.000000477,"max":0.000000477,"avg":0.000000477,"var":0.000000000.0,"sum":0.000000477}},"get_input":{"duration":{"num":0,"min":0.000000000.0,"max":0.000000000.0,"avg":0.000000000.0,"var":0.000000000.0,"sum":0.000000000.0},"relative_timestamp_from_ult_start":{"num":0,"min":0.000000000.0,"max":0.000000000.0,"avg":0.000000000.0,"var":0.000000000.0,"sum":0.000000000.0}}}}}}}