{"address":"","progress_loop":{"progress_with_timeout":{"num":2170,"min":0.000000000.0,"max":0.104012251,"avg":0.056086110,"var":5.827988630,"sum":121.706858873},"progress_timeout_value_msec":{"num":2170,"min":100.000000000.0,"max":100.000000000.0,"avg":100.000000000.0,"var":0.000000000.0,"sum":217000.000000000.0},"progress_without_timeout":{"num":27968074,"min":0.000000000.0,"max":0.000452518,"avg":0.000000112,"var":0.000000872,"sum":3.132334948},"trigger":{"num":5002,"min":0.000000000.0,"max":0.000018835,"avg":0.000000465,"var":0.000000004,"sum":0.002326488}},"rpcs":{"65535:65535:14048217247822970879:0":{"rpc_id":-4398526825886580737,"provider_id":0,"parent_rpc_id":65535,"parent_provider_id":65535,"name":"get_file_data","origin":{"sent to ofi+cxi://0x24072400":{"iforward":{"duration":{"num":1000,"min":0.000000477,"max":0.000025272,"avg":0.000000793,"var":0.000000001,"sum":0.000792503},"relative_timestamp_from_create":{"num":1000,"min":0.000000000.0,"max":0.000003099,"avg":0.000000111,"var":0.000000000,"sum":0.000110626}},"forward_cb":{"duration":{"num":1000,"min":0.000000000.0,"max":0.000000238,"avg":0.000000081,"var":0.000000000,"sum":0.000081062},"relative_timestamp_from_iforward_start":{"num":1000,"min":0.002123117,"max":0.154973030,"avg":0.008122841,"var":0.026599469,"sum":8.122841358}},"iforward_wait":{"duration":{"num":1000,"min":0.002123356,"max":0.154977322,"avg":0.008122898,"var":0.026600273,"sum":8.122897863},"relative_timestamp_from_iforward_end":{"num":1000,"min":0.000000000.0,"max":0.000000238,"avg":0.000000046,"var":0.000000000,"sum":0.000046492}},"set_input":{"duration":{"num":1000,"min":0.000000000.0,"max":0.000004053,"avg":0.000000161,"var":0.000000000,"sum":0.000160933},"relative_timestamp_from_iforward_start":{"num":1000,"min":0.000000238,"max":0.000015020,"avg":0.000000495,"var":0.000000000,"sum":0.000494957}},"get_output":{"duration":{"num":1000,"min":0.000010252,"max":0.000072002,"avg":0.000010626,"var":0.000000004,"sum":0.010626316},"relative_timestamp_from_wait_end":{"num":1000,"min":0.000000000.0,"max":0.000000715,"avg":0.000000116,"var":0.000000000,"sum":0.000116110}}}},"target":{"received from ofi+cxi://0x24072400":{"handler":{"duration":{"num":1000,"min":0.000000238,"max":0.000005960,"avg":0.000000355,"var":0.000000000,"sum":0.000355244}},"ult":{"duration":{"num":1000,"min":0.002121925,"max":0.154974461,"avg":0.008121449,"var":0.026598280,"sum":8.121449471},"relative_timestamp_from_handler_start":{"num":1000,"min":0.000000477,"max":0.000012636,"avg":0.000000618,"var":0.000000000,"sum":0.000618219}},"irespond":{"duration":{"num":1000,"min":0.000096083,"max":0.000176191,"avg":0.000127027,"var":0.000000164,"sum":0.127026796},"relative_timestamp_from_ult_start":{"num":1000,"min":0.002015829,"max":0.154797554,"avg":0.007992950,"var":0.026571092,"sum":7.992949724}},"respond_cb":{"duration":{"num":1000,"min":0.000000000.0,"max":0.000000477,"avg":0.000000080,"var":0.000000000,"sum":0.000079870},"relative_timestamp_from_irespond_start":{"num":1000,"min":0.000096560,"max":0.000176668,"avg":0.000127534,"var":0.000000165,"sum":0.127534389}},"irespond_wait":{"duration":{"num":1000,"min":0.000000954,"max":0.000006914,"avg":0.000001054,"var":0.000000000,"sum":0.001054287},"relative_timestamp_from_irespond_end":{"num":1000,"min":0.000000000.0,"max":0.000000238,"avg":0.000000065,"var":0.000000000,"sum":0.000065088}},"set_output":{"duration":{"num":1000,"min":0.000076532,"max":0.000143528,"avg":0.000098782,"var":0.000000174,"sum":0.098781824},"relative_timestamp_from_irespond_start":{"num":1000,"min":0.000000000.0,"max":0.000001431,"avg":0.000000084,"var":0.000000000,"sum":0.000084400}},"get_input":{"duration":{"num":1000,"min":0.000000000.0,"max":0.000001669,"avg":0.000000120,"var":0.000000000,"sum":0.000120401},"relative_timestamp_from_ult_start":{"num":1000,"min":0.000000000.0,"max":0.000002861,"avg":0.000000138,"var":0.000000000,"sum":0.000138283}}}}},"14048217247822970879:0:14048217247822970879:0":{"rpc_id":-4398526825886580737,"provider_id":0,"parent_rpc_id":-4398526825886580737,"parent_provider_id":0,"name":"get_file_data","origin":{"sent to ofi+cxi://0x24034200":{"iforward":{"duration":{"num":1000,"min":0.000001431,"max":0.000046015,"avg":0.000002462,"var":0.000000013,"sum":0.002462387},"relative_timestamp_from_create":{"num":1000,"min":0.000000000.0,"max":0.000000477,"avg":0.000000133,"var":0.000000000,"sum":0.000133276}},"forward_cb":{"duration":{"num":1000,"min":0.000000000.0,"max":0.000000715,"avg":0.000000092,"var":0.000000000,"sum":0.000092030},"relative_timestamp_from_iforward_start":{"num":1000,"min":0.001987696,"max":0.061909914,"avg":0.007810275,"var":0.004983151,"sum":7.810274839}},"iforward_wait":{"duration":{"num":1000,"min":0.001986027,"max":0.061905861,"avg":0.007808053,"var":0.004980612,"sum":7.808053255},"relative_timestamp_from_iforward_end":{"num":1000,"min":0.000000000.0,"max":0.000000238,"avg":0.000000186,"var":0.000000000,"sum":0.000185728}},"set_input":{"duration":{"num":1000,"min":0.000000000.0,"max":0.000000715,"avg":0.000000144,"var":0.000000000,"sum":0.000143528},"relative_timestamp_from_iforward_start":{"num":1000,"min":0.000000238,"max":0.000002146,"avg":0.000000687,"var":0.000000000,"sum":0.000687122}},"get_output":{"duration":{"num":1000,"min":0.000014067,"max":0.000141859,"avg":0.000017114,"var":0.000000250,"sum":0.017113686},"relative_timestamp_from_wait_end":{"num":1000,"min":0.000000000.0,"max":0.000012875,"avg":0.000000145,"var":0.000000000,"sum":0.000145435}}}}},"65535:65535:8686831390660034559:65535":{"rpc_id":8686831390660034559,"provider_id":65535,"parent_rpc_id":65535,"parent_provider_id":65535,"name":"__shutdown__","target":{"received from ofi+cxi://0x24014401":{"handler":{"duration":{"num":1,"min":0.000010967,"max":0.000010967,"avg":0.000010967,"var":0.000000000.0,"sum":0.000010967}},"ult":{"duration":{"num":1,"min":0.000012398,"max":0.000012398,"avg":0.000012398,"var":0.000000000.0,"sum":0.000012398},"relative_timestamp_from_handler_start":{"num":1,"min":0.000013590,"max":0.000013590,"avg":0.000013590,"var":0.000000000.0,"sum":0.000013590}},"irespond":{"duration":{"num":1,"min":0.000004053,"max":0.000004053,"avg":0.000004053,"var":0.000000000.0,"sum":0.000004053},"relative_timestamp_from_ult_start":{"num":1,"min":0.000000715,"max":0.000000715,"avg":0.000000715,"var":0.000000000.0,"sum":0.000000715}},"respond_cb":{"duration":{"num":1,"min":0.000000477,"max":0.000000477,"avg":0.000000477,"var":0.000000000.0,"sum":0.000000477},"relative_timestamp_from_irespond_start":{"num":1,"min":0.000009298,"max":0.000009298,"avg":0.000009298,"var":0.000000000.0,"sum":0.000009298}},"irespond_wait":{"duration":{"num":1,"min":0.000005722,"max":0.000005722,"avg":0.000005722,"var":0.000000000.0,"sum":0.000005722},"relative_timestamp_from_irespond_end":{"num":1,"min":0.000000238,"max":0.000000238,"avg":0.000000238,"var":0.000000000.0,"sum":0.000000238}},"set_output":{"duration":{"num":1,"min":0.000000238,"max":0.000000238,"avg":0.000000238,"var":0.000000000.0,"sum":0.000000238},"relative_timestamp_from_irespond_start":{"num":1,"min":0.000000715,"max":0.000000715,"avg":0.000000715,"var":0.000000000.0,"sum":0.000000715}},"get_input":{"duration":{"num":0,"min":0.000000000.0,"max":0.000000000.0,"avg":0.000000000.0,"var":0.000000000.0,"sum":0.000000000.0},"relative_timestamp_from_ult_start":{"num":0,"min":0.000000000.0,"max":0.000000000.0,"avg":0.000000000.0,"var":0.000000000.0,"sum":0.000000000.0}}}}}}}