{"address":"","progress_loop":{"progress_with_timeout":{"num":4952,"min":0.000000238,"max":0.104008913,"avg":0.026184044,"var":10.084117518,"sum":129.663383722},"progress_timeout_value_msec":{"num":4952,"min":100.000000000.0,"max":100.000000000.0,"avg":100.000000000.0,"var":0.000000000.0,"sum":495200.000000000.0},"progress_without_timeout":{"num":79475,"min":0.000000000.0,"max":0.000473022,"avg":0.000000302,"var":0.000000456,"sum":0.024024725},"trigger":{"num":60002,"min":0.000000000.0,"max":0.002842665,"avg":0.000000844,"var":0.000056073,"sum":0.050645113}},"rpcs":{"14048217247822970879:0:14048217247822970879:0":{"rpc_id":-4398526825886580737,"provider_id":0,"parent_rpc_id":-4398526825886580737,"parent_provider_id":0,"name":"get_file_data","target":{"received from ofi+cxi://0x24050000":{"handler":{"duration":{"num":15000,"min":0.000000238,"max":0.002841949,"avg":0.000001099,"var":0.000024391,"sum":0.016491652}},"ult":{"duration":{"num":15000,"min":0.000005960,"max":0.015384674,"avg":0.000043993,"var":0.005127674,"sum":0.659895658},"relative_timestamp_from_handler_start":{"num":15000,"min":0.000000477,"max":0.007133961,"avg":0.000008895,"var":0.000443067,"sum":0.133425474}},"irespond":{"duration":{"num":15000,"min":0.000000238,"max":0.000011683,"avg":0.000000327,"var":0.000000000,"sum":0.004906178},"relative_timestamp_from_ult_start":{"num":15000,"min":0.000001192,"max":0.000019550,"avg":0.000001534,"var":0.000000003,"sum":0.023017406}},"respond_cb":{"duration":{"num":15000,"min":0.000000000.0,"max":0.000002861,"avg":0.000000079,"var":0.000000000,"sum":0.001181126},"relative_timestamp_from_irespond_start":{"num":15000,"min":0.000004053,"max":0.015370369,"avg":0.000038276,"var":0.004753112,"sum":0.574136019}},"irespond_wait":{"duration":{"num":15000,"min":0.000003815,"max":0.015379906,"avg":0.000041746,"var":0.005125506,"sum":0.626189232},"relative_timestamp_from_irespond_end":{"num":15000,"min":0.000000000.0,"max":0.000003099,"avg":0.000000188,"var":0.000000000,"sum":0.002827168}},"set_output":{"duration":{"num":15000,"min":0.000000000.0,"max":0.000004292,"avg":0.000000092,"var":0.000000000,"sum":0.001382828},"relative_timestamp_from_irespond_start":{"num":15000,"min":0.000000000.0,"max":0.000003099,"avg":0.000000056,"var":0.000000000,"sum":0.000837803}},"get_input":{"duration":{"num":15000,"min":0.000000000.0,"max":0.000004053,"avg":0.000000114,"var":0.000000000,"sum":0.001716137},"relative_timestamp_from_ult_start":{"num":15000,"min":0.000000000.0,"max":0.000006676,"avg":0.000000130,"var":0.000000000,"sum":0.001951456}}},"received from ofi+cxi://0x24012400":{"handler":{"duration":{"num":15000,"min":0.000000238,"max":0.002361536,"avg":0.000001481,"var":0.000031607,"sum":0.022208929}},"ult":{"duration":{"num":15000,"min":0.000005245,"max":0.015362501,"avg":0.000036124,"var":0.003700709,"sum":0.541861296},"relative_timestamp_from_handler_start":{"num":15000,"min":0.000000477,"max":0.006094456,"avg":0.000012176,"var":0.000697987,"sum":0.182635307}},"irespond":{"duration":{"num":15000,"min":0.000000238,"max":0.000002861,"avg":0.000000326,"var":0.000000000,"sum":0.004887581},"relative_timestamp_from_ult_start":{"num":15000,"min":0.000001192,"max":0.000009537,"avg":0.000001542,"var":0.000000003,"sum":0.023123741}},"respond_cb":{"duration":{"num":15000,"min":0.000000000.0,"max":0.000002861,"avg":0.000000078,"var":0.000000000,"sum":0.001169443},"relative_timestamp_from_irespond_start":{"num":15000,"min":0.000003338,"max":0.015343666,"avg":0.000030904,"var":0.003560416,"sum":0.463554144}},"irespond_wait":{"duration":{"num":15000,"min":0.000003338,"max":0.015357018,"avg":0.000033879,"var":0.003698466,"sum":0.508183002},"relative_timestamp_from_irespond_end":{"num":15000,"min":0.000000000.0,"max":0.000003099,"avg":0.000000188,"var":0.000000000,"sum":0.002819538}},"set_output":{"duration":{"num":15000,"min":0.000000000.0,"max":0.000002384,"avg":0.000000092,"var":0.000000000,"sum":0.001374483},"relative_timestamp_from_irespond_start":{"num":15000,"min":0.000000000.0,"max":0.000002384,"avg":0.000000056,"var":0.000000000,"sum":0.000840664}},"get_input":{"duration":{"num":15000,"min":0.000000000.0,"max":0.000004053,"avg":0.000000115,"var":0.000000000,"sum":0.001731396},"relative_timestamp_from_ult_start":{"num":15000,"min":0.000000000.0,"max":0.000002861,"avg":0.000000129,"var":0.000000000,"sum":0.001937389}}}}},"65535:65535:8686831390660034559:65535":{"rpc_id":8686831390660034559,"provider_id":65535,"parent_rpc_id":65535,"parent_provider_id":65535,"name":"__shutdown__","target":{"received from ofi+cxi://0x24014401":{"handler":{"duration":{"num":1,"min":0.000009775,"max":0.000009775,"avg":0.000009775,"var":0.000000000.0,"sum":0.000009775}},"ult":{"duration":{"num":1,"min":0.000008583,"max":0.000008583,"avg":0.000008583,"var":0.000000000.0,"sum":0.000008583},"relative_timestamp_from_handler_start":{"num":1,"min":0.000011444,"max":0.000011444,"avg":0.000011444,"var":0.000000000.0,"sum":0.000011444}},"irespond":{"duration":{"num":1,"min":0.000001669,"max":0.000001669,"avg":0.000001669,"var":0.000000000.0,"sum":0.000001669},"relative_timestamp_from_ult_start":{"num":1,"min":0.000000238,"max":0.000000238,"avg":0.000000238,"var":0.000000000.0,"sum":0.000000238}},"respond_cb":{"duration":{"num":1,"min":0.000000000.0,"max":0.000000000.0,"avg":0.000000000.0,"var":0.000000000.0,"sum":0.000000000.0},"relative_timestamp_from_irespond_start":{"num":1,"min":0.000005960,"max":0.000005960,"avg":0.000005960,"var":0.000000000.0,"sum":0.000005960}},"irespond_wait":{"duration":{"num":1,"min":0.000004530,"max":0.000004530,"avg":0.000004530,"var":0.000000000.0,"sum":0.000004530},"relative_timestamp_from_irespond_end":{"num":1,"min":0.000000000.0,"max":0.000000000.0,"avg":0.000000000.0,"var":0.000000000.0,"sum":0.000000000.0}},"set_output":{"duration":{"num":1,"min":0.000000238,"max":0.000000238,"avg":0.000000238,"var":0.000000000.0,"sum":0.000000238},"relative_timestamp_from_irespond_start":{"num":1,"min":0.000000238,"max":0.000000238,"avg":0.000000238,"var":0.000000000.0,"sum":0.000000238}},"get_input":{"duration":{"num":0,"min":0.000000000.0,"max":0.000000000.0,"avg":0.000000000.0,"var":0.000000000.0,"sum":0.000000000.0},"relative_timestamp_from_ult_start":{"num":0,"min":0.000000000.0,"max":0.000000000.0,"avg":0.000000000.0,"var":0.000000000.0,"sum":0.000000000.0}}}}}}}