{"address":"","progress_loop":{"progress_with_timeout":{"num":2246,"min":0.000000000.0,"max":0.104043722,"avg":0.057718154,"var":5.996021145,"sum":129.634974003},"progress_timeout_value_msec":{"num":2246,"min":100.000000000.0,"max":100.000000000.0,"avg":100.000000000.0,"var":0.000000000.0,"sum":224600.000000000.0},"progress_without_timeout":{"num":616364,"min":0.000000000.0,"max":0.000013351,"avg":0.000000113,"var":0.000000010,"sum":0.069755316},"trigger":{"num":4002,"min":0.000000000.0,"max":0.000031233,"avg":0.000000286,"var":0.000000001,"sum":0.001142979}},"rpcs":{"65535:65535:14048217247822970879:0":{"rpc_id":-4398526825886580737,"provider_id":0,"parent_rpc_id":65535,"parent_provider_id":65535,"name":"get_file_data","origin":{"sent to ofi+cxi://0x24074200":{"iforward":{"duration":{"num":1000,"min":0.000000477,"max":0.000027657,"avg":0.000000644,"var":0.000000001,"sum":0.000644207},"relative_timestamp_from_create":{"num":1000,"min":0.000000000.0,"max":0.000003576,"avg":0.000000065,"var":0.000000000,"sum":0.000065088}},"forward_cb":{"duration":{"num":1000,"min":0.000000000.0,"max":0.000000238,"avg":0.000000080,"var":0.000000000,"sum":0.000079632},"relative_timestamp_from_iforward_start":{"num":1000,"min":0.000053167,"max":0.024008751,"avg":0.000183952,"var":0.000719306,"sum":0.183952093}},"iforward_wait":{"duration":{"num":1000,"min":0.000053167,"max":0.023984432,"avg":0.000183957,"var":0.000718125,"sum":0.183957100},"relative_timestamp_from_iforward_end":{"num":1000,"min":0.000000000.0,"max":0.000000477,"avg":0.000000043,"var":0.000000000,"sum":0.000043392}},"set_input":{"duration":{"num":1000,"min":0.000000000.0,"max":0.000004053,"avg":0.000000093,"var":0.000000000,"sum":0.000092983},"relative_timestamp_from_iforward_start":{"num":1000,"min":0.000000238,"max":0.000016689,"avg":0.000000414,"var":0.000000000,"sum":0.000413656}},"get_output":{"duration":{"num":1000,"min":0.000000000.0,"max":0.000000238,"avg":0.000000097,"var":0.000000000,"sum":0.000097036},"relative_timestamp_from_wait_end":{"num":1000,"min":0.000000000.0,"max":0.000000238,"avg":0.000000088,"var":0.000000000,"sum":0.000088453}}}},"target":{"received from ofi+cxi://0x24074200":{"handler":{"duration":{"num":1000,"min":0.000000238,"max":0.000006914,"avg":0.000000336,"var":0.000000000,"sum":0.000336170}},"ult":{"duration":{"num":1000,"min":0.000051975,"max":0.023384809,"avg":0.000182122,"var":0.000689935,"sum":0.182122469},"relative_timestamp_from_handler_start":{"num":1000,"min":0.000000477,"max":0.000586271,"avg":0.000001150,"var":0.000000343,"sum":0.001149654}},"irespond":{"duration":{"num":1000,"min":0.000000238,"max":0.000002384,"avg":0.000000288,"var":0.000000000,"sum":0.000288248},"relative_timestamp_from_ult_start":{"num":1000,"min":0.000050545,"max":0.023379326,"avg":0.000180670,"var":0.000689738,"sum":0.180669546}},"respond_cb":{"duration":{"num":1000,"min":0.000000000.0,"max":0.000000477,"avg":0.000000074,"var":0.000000000,"sum":0.000073910},"relative_timestamp_from_irespond_start":{"num":1000,"min":0.000000477,"max":0.000003099,"avg":0.000000679,"var":0.000000000,"sum":0.000679016}},"irespond_wait":{"duration":{"num":1000,"min":0.000000715,"max":0.000001907,"avg":0.000000898,"var":0.000000000,"sum":0.000898361},"relative_timestamp_from_irespond_end":{"num":1000,"min":0.000000000.0,"max":0.000000238,"avg":0.000000041,"var":0.000000000,"sum":0.000040770}},"set_output":{"duration":{"num":1000,"min":0.000000000.0,"max":0.000000477,"avg":0.000000093,"var":0.000000000,"sum":0.000092745},"relative_timestamp_from_irespond_start":{"num":1000,"min":0.000000000.0,"max":0.000001192,"avg":0.000000076,"var":0.000000000,"sum":0.000075817}},"get_input":{"duration":{"num":1000,"min":0.000000000.0,"max":0.000002384,"avg":0.000000103,"var":0.000000000,"sum":0.000103474},"relative_timestamp_from_ult_start":{"num":1000,"min":0.000000000.0,"max":0.000005722,"avg":0.000000135,"var":0.000000000,"sum":0.000135183}}}}},"14048217247822970879:0:14048217247822970879:0":{"rpc_id":-4398526825886580737,"provider_id":0,"parent_rpc_id":-4398526825886580737,"parent_provider_id":0,"name":"get_file_data","origin":{"sent to ofi+cxi://0x24054200":{"iforward":{"duration":{"num":1000,"min":0.000000954,"max":0.000038385,"avg":0.000001383,"var":0.000000003,"sum":0.001382589},"relative_timestamp_from_create":{"num":1000,"min":0.000000000.0,"max":0.000000477,"avg":0.000000070,"var":0.000000000,"sum":0.000069857}},"forward_cb":{"duration":{"num":1000,"min":0.000000000.0,"max":0.000000954,"avg":0.000000074,"var":0.000000000,"sum":0.000074387},"relative_timestamp_from_iforward_start":{"num":1000,"min":0.000044584,"max":0.023287773,"avg":0.000174417,"var":0.000685722,"sum":0.174417019}},"iforward_wait":{"duration":{"num":1000,"min":0.000043869,"max":0.023253441,"avg":0.000173140,"var":0.000683852,"sum":0.173140049},"relative_timestamp_from_iforward_end":{"num":1000,"min":0.000000000.0,"max":0.000000477,"avg":0.000000245,"var":0.000000000,"sum":0.000244856}},"set_input":{"duration":{"num":1000,"min":0.000000000.0,"max":0.000000477,"avg":0.000000085,"var":0.000000000,"sum":0.000085115},"relative_timestamp_from_iforward_start":{"num":1000,"min":0.000000238,"max":0.000002623,"avg":0.000000359,"var":0.000000000,"sum":0.000359058}},"get_output":{"duration":{"num":1000,"min":0.000000000.0,"max":0.000000954,"avg":0.000000107,"var":0.000000000,"sum":0.000107050},"relative_timestamp_from_wait_end":{"num":1000,"min":0.000000000.0,"max":0.000000715,"avg":0.000000099,"var":0.000000000,"sum":0.000099182}}}}},"65535:65535:8686831390660034559:65535":{"rpc_id":8686831390660034559,"provider_id":65535,"parent_rpc_id":65535,"parent_provider_id":65535,"name":"__shutdown__","target":{"received from ofi+cxi://0x24014401":{"handler":{"duration":{"num":1,"min":0.000020504,"max":0.000020504,"avg":0.000020504,"var":0.000000000.0,"sum":0.000020504}},"ult":{"duration":{"num":1,"min":0.000017881,"max":0.000017881,"avg":0.000017881,"var":0.000000000.0,"sum":0.000017881},"relative_timestamp_from_handler_start":{"num":1,"min":0.000025511,"max":0.000025511,"avg":0.000025511,"var":0.000000000.0,"sum":0.000025511}},"irespond":{"duration":{"num":1,"min":0.000008821,"max":0.000008821,"avg":0.000008821,"var":0.000000000.0,"sum":0.000008821},"relative_timestamp_from_ult_start":{"num":1,"min":0.000000715,"max":0.000000715,"avg":0.000000715,"var":0.000000000.0,"sum":0.000000715}},"respond_cb":{"duration":{"num":1,"min":0.000000477,"max":0.000000477,"avg":0.000000477,"var":0.000000000.0,"sum":0.000000477},"relative_timestamp_from_irespond_start":{"num":1,"min":0.000014544,"max":0.000014544,"avg":0.000014544,"var":0.000000000.0,"sum":0.000014544}},"irespond_wait":{"duration":{"num":1,"min":0.000006199,"max":0.000006199,"avg":0.000006199,"var":0.000000000.0,"sum":0.000006199},"relative_timestamp_from_irespond_end":{"num":1,"min":0.000000238,"max":0.000000238,"avg":0.000000238,"var":0.000000000.0,"sum":0.000000238}},"set_output":{"duration":{"num":1,"min":0.000000477,"max":0.000000477,"avg":0.000000477,"var":0.000000000.0,"sum":0.000000477},"relative_timestamp_from_irespond_start":{"num":1,"min":0.000001192,"max":0.000001192,"avg":0.000001192,"var":0.000000000.0,"sum":0.000001192}},"get_input":{"duration":{"num":0,"min":0.000000000.0,"max":0.000000000.0,"avg":0.000000000.0,"var":0.000000000.0,"sum":0.000000000.0},"relative_timestamp_from_ult_start":{"num":0,"min":0.000000000.0,"max":0.000000000.0,"avg":0.000000000.0,"var":0.000000000.0,"sum":0.000000000.0}}}}}}}