{"address":"","progress_loop":{"progress_with_timeout":{"num":3538,"min":0.000000000.0,"max":0.104015112,"avg":0.074608574,"var":7.755004069,"sum":263.965136528},"progress_timeout_value_msec":{"num":3538,"min":100.000000000.0,"max":100.000000000.0,"avg":100.000000000.0,"var":0.000000000.0,"sum":353800.000000000.0},"progress_without_timeout":{"num":54349700,"min":0.000000000.0,"max":0.000239372,"avg":0.000000119,"var":0.000001543,"sum":6.463341475},"trigger":{"num":5002,"min":0.000000000.0,"max":0.000029564,"avg":0.000000563,"var":0.000000004,"sum":0.002814770}},"rpcs":{"65535:65535:14048217247822970879:0":{"rpc_id":-4398526825886580737,"provider_id":0,"parent_rpc_id":65535,"parent_provider_id":65535,"name":"get_file_data","origin":{"sent to ofi+cxi://0x24036200":{"iforward":{"duration":{"num":1000,"min":0.000000954,"max":0.000032425,"avg":0.000001189,"var":0.000000001,"sum":0.001188755},"relative_timestamp_from_create":{"num":1000,"min":0.000000000.0,"max":0.000004768,"avg":0.000000138,"var":0.000000000,"sum":0.000137806}},"forward_cb":{"duration":{"num":1000,"min":0.000000000.0,"max":0.000000477,"avg":0.000000110,"var":0.000000000,"sum":0.000109911},"relative_timestamp_from_iforward_start":{"num":1000,"min":0.002653122,"max":0.142064810,"avg":0.015846254,"var":0.037814523,"sum":15.846253872}},"iforward_wait":{"duration":{"num":1000,"min":0.002653122,"max":0.142064810,"avg":0.015846407,"var":0.037814414,"sum":15.846406937},"relative_timestamp_from_iforward_end":{"num":1000,"min":0.000000000.0,"max":0.000000238,"avg":0.000000054,"var":0.000000000,"sum":0.000054359}},"set_input":{"duration":{"num":1000,"min":0.000000000.0,"max":0.000004768,"avg":0.000000188,"var":0.000000000,"sum":0.000187635},"relative_timestamp_from_iforward_start":{"num":1000,"min":0.000000477,"max":0.000020504,"avg":0.000000829,"var":0.000000000,"sum":0.000829458}},"get_output":{"duration":{"num":1000,"min":0.000020742,"max":0.000145435,"avg":0.000021504,"var":0.000000016,"sum":0.021503925},"relative_timestamp_from_wait_end":{"num":1000,"min":0.000000000.0,"max":0.000000477,"avg":0.000000173,"var":0.000000000,"sum":0.000172615}}}},"target":{"received from ofi+cxi://0x24036200":{"handler":{"duration":{"num":1000,"min":0.000000238,"max":0.000006676,"avg":0.000000541,"var":0.000000000,"sum":0.000541210}},"ult":{"duration":{"num":1000,"min":0.002651215,"max":0.142063141,"avg":0.015843874,"var":0.037802498,"sum":15.843874216},"relative_timestamp_from_handler_start":{"num":1000,"min":0.000000715,"max":0.000477552,"avg":0.000001321,"var":0.000000227,"sum":0.001321316}},"irespond":{"duration":{"num":1000,"min":0.000178337,"max":0.000345469,"avg":0.000228036,"var":0.000000430,"sum":0.228035688},"relative_timestamp_from_ult_start":{"num":1000,"min":0.002401352,"max":0.141832829,"avg":0.015613479,"var":0.037780474,"sum":15.613478899}},"respond_cb":{"duration":{"num":1000,"min":0.000000000.0,"max":0.000000477,"avg":0.000000088,"var":0.000000000,"sum":0.000088453},"relative_timestamp_from_irespond_start":{"num":1000,"min":0.000179052,"max":0.000346661,"avg":0.000228957,"var":0.000000431,"sum":0.228956938}},"irespond_wait":{"duration":{"num":1000,"min":0.000001192,"max":0.000008106,"avg":0.000001623,"var":0.000000000,"sum":0.001623392},"relative_timestamp_from_irespond_end":{"num":1000,"min":0.000000000.0,"max":0.000000238,"avg":0.000000063,"var":0.000000000,"sum":0.000063419}},"set_output":{"duration":{"num":1000,"min":0.000154018,"max":0.000278950,"avg":0.000179894,"var":0.000000508,"sum":0.179893970},"relative_timestamp_from_irespond_start":{"num":1000,"min":0.000000000.0,"max":0.000001431,"avg":0.000000160,"var":0.000000000,"sum":0.000160456}},"get_input":{"duration":{"num":1000,"min":0.000000000.0,"max":0.000002384,"avg":0.000000194,"var":0.000000000,"sum":0.000194311},"relative_timestamp_from_ult_start":{"num":1000,"min":0.000000000.0,"max":0.000007629,"avg":0.000000234,"var":0.000000000,"sum":0.000233650}}}}},"14048217247822970879:0:14048217247822970879:0":{"rpc_id":-4398526825886580737,"provider_id":0,"parent_rpc_id":-4398526825886580737,"parent_provider_id":0,"name":"get_file_data","origin":{"sent to ofi+cxi://0x24054200":{"iforward":{"duration":{"num":1000,"min":0.000001907,"max":0.000080109,"avg":0.000003314,"var":0.000000035,"sum":0.003313541},"relative_timestamp_from_create":{"num":1000,"min":0.000000000.0,"max":0.000000477,"avg":0.000000131,"var":0.000000000,"sum":0.000130892}},"forward_cb":{"duration":{"num":1000,"min":0.000000000.0,"max":0.000004768,"avg":0.000000102,"var":0.000000000,"sum":0.000101805},"relative_timestamp_from_iforward_start":{"num":1000,"min":0.002347946,"max":0.141781330,"avg":0.015554472,"var":0.037811310,"sum":15.554472446}},"iforward_wait":{"duration":{"num":1000,"min":0.002345324,"max":0.141779423,"avg":0.015551478,"var":0.037808149,"sum":15.551478148},"relative_timestamp_from_iforward_end":{"num":1000,"min":0.000000000.0,"max":0.000005245,"avg":0.000000181,"var":0.000000000,"sum":0.000181437}},"set_input":{"duration":{"num":1000,"min":0.000000000.0,"max":0.000000715,"avg":0.000000170,"var":0.000000000,"sum":0.000170231},"relative_timestamp_from_iforward_start":{"num":1000,"min":0.000000238,"max":0.000002384,"avg":0.000000777,"var":0.000000000,"sum":0.000777006}},"get_output":{"duration":{"num":1000,"min":0.000027418,"max":0.000275135,"avg":0.000032648,"var":0.000000947,"sum":0.032647848},"relative_timestamp_from_wait_end":{"num":1000,"min":0.000000000.0,"max":0.000010490,"avg":0.000000383,"var":0.000000002,"sum":0.000383377}}}}},"65535:65535:8686831390660034559:65535":{"rpc_id":8686831390660034559,"provider_id":65535,"parent_rpc_id":65535,"parent_provider_id":65535,"name":"__shutdown__","target":{"received from ofi+cxi://0x24014401":{"handler":{"duration":{"num":1,"min":0.000015974,"max":0.000015974,"avg":0.000015974,"var":0.000000000.0,"sum":0.000015974}},"ult":{"duration":{"num":1,"min":0.000017405,"max":0.000017405,"avg":0.000017405,"var":0.000000000.0,"sum":0.000017405},"relative_timestamp_from_handler_start":{"num":1,"min":0.000020981,"max":0.000020981,"avg":0.000020981,"var":0.000000000.0,"sum":0.000020981}},"irespond":{"duration":{"num":1,"min":0.000007629,"max":0.000007629,"avg":0.000007629,"var":0.000000000.0,"sum":0.000007629},"relative_timestamp_from_ult_start":{"num":1,"min":0.000000954,"max":0.000000954,"avg":0.000000954,"var":0.000000000.0,"sum":0.000000954}},"respond_cb":{"duration":{"num":1,"min":0.000000477,"max":0.000000477,"avg":0.000000477,"var":0.000000000.0,"sum":0.000000477},"relative_timestamp_from_irespond_start":{"num":1,"min":0.000013351,"max":0.000013351,"avg":0.000013351,"var":0.000000000.0,"sum":0.000013351}},"irespond_wait":{"duration":{"num":1,"min":0.000006676,"max":0.000006676,"avg":0.000006676,"var":0.000000000.0,"sum":0.000006676},"relative_timestamp_from_irespond_end":{"num":1,"min":0.000000000.0,"max":0.000000000.0,"avg":0.000000000.0,"var":0.000000000.0,"sum":0.000000000.0}},"set_output":{"duration":{"num":1,"min":0.000000477,"max":0.000000477,"avg":0.000000477,"var":0.000000000.0,"sum":0.000000477},"relative_timestamp_from_irespond_start":{"num":1,"min":0.000001192,"max":0.000001192,"avg":0.000001192,"var":0.000000000.0,"sum":0.000001192}},"get_input":{"duration":{"num":0,"min":0.000000000.0,"max":0.000000000.0,"avg":0.000000000.0,"var":0.000000000.0,"sum":0.000000000.0},"relative_timestamp_from_ult_start":{"num":0,"min":0.000000000.0,"max":0.000000000.0,"avg":0.000000000.0,"var":0.000000000.0,"sum":0.000000000.0}}}}}}}