{"address":"","progress_loop":{"progress_with_timeout":{"num":2541,"min":0.000002623,"max":0.104008436,"avg":0.103809281,"var":0.046407843,"sum":263.779381990},"progress_timeout_value_msec":{"num":2541,"min":100.000000000.0,"max":100.000000000.0,"avg":100.000000000.0,"var":0.000000000.0,"sum":254100.000000000.0},"progress_without_timeout":{"num":55522642,"min":0.000000000.0,"max":0.000456572,"avg":0.000000113,"var":0.000002242,"sum":6.246720791},"trigger":{"num":13002,"min":0.000000000.0,"max":0.001587391,"avg":0.000000804,"var":0.000002526,"sum":0.010447502}},"rpcs":{"65535:65535:14048217247822970879:0":{"rpc_id":-4398526825886580737,"provider_id":0,"parent_rpc_id":65535,"parent_provider_id":65535,"name":"get_file_data","origin":{"sent to ofi+cxi://0x24076200":{"iforward":{"duration":{"num":1000,"min":0.000000715,"max":0.000030279,"avg":0.000001156,"var":0.000000001,"sum":0.001155615},"relative_timestamp_from_create":{"num":1000,"min":0.000000000.0,"max":0.000003099,"avg":0.000000110,"var":0.000000000,"sum":0.000110388}},"forward_cb":{"duration":{"num":1000,"min":0.000000000.0,"max":0.000000477,"avg":0.000000163,"var":0.000000000,"sum":0.000162840},"relative_timestamp_from_iforward_start":{"num":1000,"min":0.003188133,"max":0.186089993,"avg":0.015937690,"var":0.054298446,"sum":15.937690020}},"iforward_wait":{"duration":{"num":1000,"min":0.003187418,"max":0.186090708,"avg":0.015937970,"var":0.054298365,"sum":15.937969923},"relative_timestamp_from_iforward_end":{"num":1000,"min":0.000000000.0,"max":0.000000238,"avg":0.000000072,"var":0.000000000,"sum":0.000072241}},"set_input":{"duration":{"num":1000,"min":0.000000000.0,"max":0.000003815,"avg":0.000000172,"var":0.000000000,"sum":0.000172138},"relative_timestamp_from_iforward_start":{"num":1000,"min":0.000000477,"max":0.000020266,"avg":0.000000819,"var":0.000000000,"sum":0.000818729}},"get_output":{"duration":{"num":1000,"min":0.000020742,"max":0.000167131,"avg":0.000024541,"var":0.000000061,"sum":0.024541140},"relative_timestamp_from_wait_end":{"num":1000,"min":0.000000000.0,"max":0.000000715,"avg":0.000000182,"var":0.000000000,"sum":0.000182152}}}},"target":{"received from ofi+cxi://0x24076200":{"handler":{"duration":{"num":1000,"min":0.000000238,"max":0.000006676,"avg":0.000000505,"var":0.000000000,"sum":0.000505447}},"ult":{"duration":{"num":1000,"min":0.003184080,"max":0.186086893,"avg":0.015935379,"var":0.054287929,"sum":15.935379028},"relative_timestamp_from_handler_start":{"num":1000,"min":0.000000477,"max":0.000544071,"avg":0.000001360,"var":0.000000295,"sum":0.001360416}},"irespond":{"duration":{"num":1000,"min":0.000027657,"max":0.000327349,"avg":0.000088936,"var":0.000007075,"sum":0.088936329},"relative_timestamp_from_ult_start":{"num":1000,"min":0.002973795,"max":0.186048269,"avg":0.015843906,"var":0.054281165,"sum":15.843905926}},"respond_cb":{"duration":{"num":1000,"min":0.000000000.0,"max":0.000000238,"avg":0.000000114,"var":0.000000000,"sum":0.000114441},"relative_timestamp_from_irespond_start":{"num":1000,"min":0.000028372,"max":0.000491619,"avg":0.000090062,"var":0.000007253,"sum":0.090062380}},"irespond_wait":{"duration":{"num":1000,"min":0.000001192,"max":0.000205040,"avg":0.000001868,"var":0.000000049,"sum":0.001867771},"relative_timestamp_from_irespond_end":{"num":1000,"min":0.000000000.0,"max":0.000000238,"avg":0.000000089,"var":0.000000000,"sum":0.000088692}},"set_output":{"duration":{"num":1000,"min":0.000026703,"max":0.000264883,"avg":0.000073615,"var":0.000004222,"sum":0.073615074},"relative_timestamp_from_irespond_start":{"num":1000,"min":0.000000000.0,"max":0.000000715,"avg":0.000000174,"var":0.000000000,"sum":0.000174046}},"get_input":{"duration":{"num":1000,"min":0.000000000.0,"max":0.000002146,"avg":0.000000185,"var":0.000000000,"sum":0.000184774},"relative_timestamp_from_ult_start":{"num":1000,"min":0.000000000.0,"max":0.000005484,"avg":0.000000215,"var":0.000000000,"sum":0.000214815}}}}},"14048217247822970879:0:14048217247822970879:0":{"rpc_id":-4398526825886580737,"provider_id":0,"parent_rpc_id":-4398526825886580737,"parent_provider_id":0,"name":"get_file_data","origin":{"sent to ofi+cxi://0x24032000":{"iforward":{"duration":{"num":3000,"min":0.000001192,"max":0.000069141,"avg":0.000002049,"var":0.000000033,"sum":0.006147623},"relative_timestamp_from_create":{"num":3000,"min":0.000000000.0,"max":0.000000477,"avg":0.000000097,"var":0.000000000,"sum":0.000290394}},"forward_cb":{"duration":{"num":3000,"min":0.000000000.0,"max":0.000001431,"avg":0.000000188,"var":0.000000000,"sum":0.000563145},"relative_timestamp_from_iforward_start":{"num":3000,"min":0.002905846,"max":0.185966969,"avg":0.015527256,"var":0.157953940,"sum":46.581769466}},"iforward_wait":{"duration":{"num":3000,"min":0.002902985,"max":0.185965061,"avg":0.015525892,"var":0.157950876,"sum":46.577674627},"relative_timestamp_from_iforward_end":{"num":3000,"min":0.000000000.0,"max":0.000000477,"avg":0.000000163,"var":0.000000000,"sum":0.000489950}},"set_input":{"duration":{"num":3000,"min":0.000000000.0,"max":0.000000715,"avg":0.000000159,"var":0.000000000,"sum":0.000477791},"relative_timestamp_from_iforward_start":{"num":3000,"min":0.000000238,"max":0.000001907,"avg":0.000000561,"var":0.000000000,"sum":0.001683474}},"get_output":{"duration":{"num":3000,"min":0.000025988,"max":0.000284433,"avg":0.000030365,"var":0.000000783,"sum":0.091096163},"relative_timestamp_from_wait_end":{"num":3000,"min":0.000000000.0,"max":0.000007629,"avg":0.000000240,"var":0.000000000,"sum":0.000719070}}}},"target":{"received from ofi+cxi://0x24076600":{"handler":{"duration":{"num":1000,"min":0.000000477,"max":0.000004768,"avg":0.000000997,"var":0.000000000,"sum":0.000996828}},"ult":{"duration":{"num":1000,"min":0.003866673,"max":0.186030865,"avg":0.015590810,"var":0.053577138,"sum":15.590810061},"relative_timestamp_from_handler_start":{"num":1000,"min":0.000000715,"max":0.000017166,"avg":0.000001302,"var":0.000000000,"sum":0.001302242}},"irespond":{"duration":{"num":1000,"min":0.000028372,"max":0.000361204,"avg":0.000089981,"var":0.000007533,"sum":0.089980602},"relative_timestamp_from_ult_start":{"num":1000,"min":0.003610373,"max":0.185728312,"avg":0.015456139,"var":0.053437715,"sum":15.456139326}},"respond_cb":{"duration":{"num":1000,"min":0.000000000.0,"max":0.000000477,"avg":0.000000116,"var":0.000000000,"sum":0.000115871},"relative_timestamp_from_irespond_start":{"num":1000,"min":0.000062943,"max":0.000675917,"avg":0.000133724,"var":0.000010417,"sum":0.133723974}},"irespond_wait":{"duration":{"num":1000,"min":0.000034094,"max":0.000450611,"avg":0.000043905,"var":0.000001429,"sum":0.043905497},"relative_timestamp_from_irespond_end":{"num":1000,"min":0.000000000.0,"max":0.000000477,"avg":0.000000207,"var":0.000000000,"sum":0.000206947}},"set_output":{"duration":{"num":1000,"min":0.000026941,"max":0.000270367,"avg":0.000072586,"var":0.000004287,"sum":0.072586298},"relative_timestamp_from_irespond_start":{"num":1000,"min":0.000000000.0,"max":0.000001431,"avg":0.000000160,"var":0.000000000,"sum":0.000159979}},"get_input":{"duration":{"num":1000,"min":0.000000000.0,"max":0.000000715,"avg":0.000000217,"var":0.000000000,"sum":0.000216722},"relative_timestamp_from_ult_start":{"num":1000,"min":0.000000000.0,"max":0.000000715,"avg":0.000000247,"var":0.000000000,"sum":0.000246525}}},"received from ofi+cxi://0x24010000":{"handler":{"duration":{"num":1000,"min":0.000000477,"max":0.001586676,"avg":0.000002492,"var":0.000002512,"sum":0.002491951}},"ult":{"duration":{"num":1000,"min":0.004331827,"max":0.186221361,"avg":0.015623286,"var":0.055621785,"sum":15.623286486},"relative_timestamp_from_handler_start":{"num":1000,"min":0.000000715,"max":0.001588345,"avg":0.000002780,"var":0.000002517,"sum":0.002779722}},"irespond":{"duration":{"num":1000,"min":0.000028372,"max":0.000356674,"avg":0.000089117,"var":0.000007119,"sum":0.089117050},"relative_timestamp_from_ult_start":{"num":1000,"min":0.004079342,"max":0.185968399,"avg":0.015487366,