{"address":"","progress_loop":{"progress_with_timeout":{"num":2246,"min":0.000000000.0,"max":0.104006767,"avg":0.057716437,"var":5.996493964,"sum":129.631117105},"progress_timeout_value_msec":{"num":2246,"min":100.000000000.0,"max":100.000000000.0,"avg":100.000000000.0,"var":0.000000000.0,"sum":224600.000000000.0},"progress_without_timeout":{"num":616199,"min":0.000000000.0,"max":0.000508070,"avg":0.000000114,"var":0.000000267,"sum":0.070092440},"trigger":{"num":4002,"min":0.000000000.0,"max":0.000024557,"avg":0.000000284,"var":0.000000001,"sum":0.001137018}},"rpcs":{"65535:65535:14048217247822970879:0":{"rpc_id":-4398526825886580737,"provider_id":0,"parent_rpc_id":65535,"parent_provider_id":65535,"name":"get_file_data","origin":{"sent to ofi+cxi://0x24070400":{"iforward":{"duration":{"num":1000,"min":0.000000477,"max":0.000025272,"avg":0.000000639,"var":0.000000001,"sum":0.000639200},"relative_timestamp_from_create":{"num":1000,"min":0.000000000.0,"max":0.000003099,"avg":0.000000068,"var":0.000000000,"sum":0.000068188}},"forward_cb":{"duration":{"num":1000,"min":0.000000000.0,"max":0.000000238,"avg":0.000000076,"var":0.000000000,"sum":0.000075817},"relative_timestamp_from_iforward_start":{"num":1000,"min":0.000050068,"max":0.026786327,"avg":0.000183524,"var":0.000836350,"sum":0.183524132}},"iforward_wait":{"duration":{"num":1000,"min":0.000050068,"max":0.026764154,"avg":0.000183535,"var":0.000835163,"sum":0.183535099},"relative_timestamp_from_iforward_end":{"num":1000,"min":0.000000000.0,"max":0.000000238,"avg":0.000000042,"var":0.000000000,"sum":0.000041962}},"set_input":{"duration":{"num":1000,"min":0.000000000.0,"max":0.000004053,"avg":0.000000091,"var":0.000000000,"sum":0.000091076},"relative_timestamp_from_iforward_start":{"num":1000,"min":0.000000238,"max":0.000015497,"avg":0.000000416,"var":0.000000000,"sum":0.000415802}},"get_output":{"duration":{"num":1000,"min":0.000000000.0,"max":0.000000238,"avg":0.000000096,"var":0.000000000,"sum":0.000096083},"relative_timestamp_from_wait_end":{"num":1000,"min":0.000000000.0,"max":0.000000238,"avg":0.000000089,"var":0.000000000,"sum":0.000088930}}}},"target":{"received from ofi+cxi://0x24070400":{"handler":{"duration":{"num":1000,"min":0.000000238,"max":0.000006199,"avg":0.000000331,"var":0.000000000,"sum":0.000331163}},"ult":{"duration":{"num":1000,"min":0.000048876,"max":0.026740074,"avg":0.000182262,"var":0.000833912,"sum":0.182262421},"relative_timestamp_from_handler_start":{"num":1000,"min":0.000000477,"max":0.000012875,"avg":0.000000578,"var":0.000000000,"sum":0.000578403}},"irespond":{"duration":{"num":1000,"min":0.000000238,"max":0.000004053,"avg":0.000000286,"var":0.000000000,"sum":0.000285864},"relative_timestamp_from_ult_start":{"num":1000,"min":0.000047445,"max":0.026735544,"avg":0.000180816,"var":0.000833741,"sum":0.180816174}},"respond_cb":{"duration":{"num":1000,"min":0.000000000.0,"max":0.000000238,"avg":0.000000074,"var":0.000000000,"sum":0.000073910},"relative_timestamp_from_irespond_start":{"num":1000,"min":0.000000477,"max":0.000004530,"avg":0.000000684,"var":0.000000000,"sum":0.000684261}},"irespond_wait":{"duration":{"num":1000,"min":0.000000715,"max":0.000001669,"avg":0.000000897,"var":0.000000000,"sum":0.000896692},"relative_timestamp_from_irespond_end":{"num":1000,"min":0.000000000.0,"max":0.000000238,"avg":0.000000044,"var":0.000000000,"sum":0.000044107}},"set_output":{"duration":{"num":1000,"min":0.000000000.0,"max":0.000000477,"avg":0.000000093,"var":0.000000000,"sum":0.000093222},"relative_timestamp_from_irespond_start":{"num":1000,"min":0.000000000.0,"max":0.000000715,"avg":0.000000078,"var":0.000000000,"sum":0.000077724}},"get_input":{"duration":{"num":1000,"min":0.000000000.0,"max":0.000001669,"avg":0.000000099,"var":0.000000000,"sum":0.000098944},"relative_timestamp_from_ult_start":{"num":1000,"min":0.000000000.0,"max":0.000002623,"avg":0.000000143,"var":0.000000000,"sum":0.000143290}}}}},"14048217247822970879:0:14048217247822970879:0":{"rpc_id":-4398526825886580737,"provider_id":0,"parent_rpc_id":-4398526825886580737,"parent_provider_id":0,"name":"get_file_data","origin":{"sent to ofi+cxi://0x24034600":{"iforward":{"duration":{"num":1000,"min":0.000000954,"max":0.000030756,"avg":0.000001324,"var":0.000000002,"sum":0.001324177},"relative_timestamp_from_create":{"num":1000,"min":0.000000000.0,"max":0.000000238,"avg":0.000000070,"var":0.000000000,"sum":0.000069857}},"forward_cb":{"duration":{"num":1000,"min":0.000000000.0,"max":0.000000715,"avg":0.000000084,"var":0.000000000,"sum":0.000083685},"relative_timestamp_from_iforward_start":{"num":1000,"min":0.000041723,"max":0.026658535,"avg":0.000174578,"var":0.000829939,"sum":0.174577951}},"iforward_wait":{"duration":{"num":1000,"min":0.000040770,"max":0.026631594,"avg":0.000173388,"var":0.000828469,"sum":0.173388243},"relative_timestamp_from_iforward_end":{"num":1000,"min":0.000000000.0,"max":0.000006676,"avg":0.000000221,"var":0.000000000,"sum":0.000221491}},"set_input":{"duration":{"num":1000,"min":0.000000000.0,"max":0.000000477,"avg":0.000000093,"var":0.000000000,"sum":0.000092745},"relative_timestamp_from_iforward_start":{"num":1000,"min":0.000000238,"max":0.000002146,"avg":0.000000354,"var":0.000000000,"sum":0.000353575}},"get_output":{"duration":{"num":1000,"min":0.000000000.0,"max":0.000000954,"avg":0.000000102,"var":0.000000000,"sum":0.000102043},"relative_timestamp_from_wait_end":{"num":1000,"min":0.000000000.0,"max":0.000000477,"avg":0.000000096,"var":0.000000000,"sum":0.000095606}}}}},"65535:65535:8686831390660034559:65535":{"rpc_id":8686831390660034559,"provider_id":65535,"parent_rpc_id":65535,"parent_provider_id":65535,"name":"__shutdown__","target":{"received from ofi+cxi://0x24014401":{"handler":{"duration":{"num":1,"min":0.000016689,"max":0.000016689,"avg":0.000016689,"var":0.000000000.0,"sum":0.000016689}},"ult":{"duration":{"num":1,"min":0.000013590,"max":0.000013590,"avg":0.000013590,"var":0.000000000.0,"sum":0.000013590},"relative_timestamp_from_handler_start":{"num":1,"min":0.000020027,"max":0.000020027,"avg":0.000020027,"var":0.000000000.0,"sum":0.000020027}},"irespond":{"duration":{"num":1,"min":0.000004530,"max":0.000004530,"avg":0.000004530,"var":0.000000000.0,"sum":0.000004530},"relative_timestamp_from_ult_start":{"num":1,"min":0.000000954,"max":0.000000954,"avg":0.000000954,"var":0.000000000.0,"sum":0.000000954}},"respond_cb":{"duration":{"num":1,"min":0.000000477,"max":0.000000477,"avg":0.000000477,"var":0.000000000.0,"sum":0.000000477},"relative_timestamp_from_irespond_start":{"num":1,"min":0.000010490,"max":0.000010490,"avg":0.000010490,"var":0.000000000.0,"sum":0.000010490}},"irespond_wait":{"duration":{"num":1,"min":0.000006437,"max":0.000006437,"avg":0.000006437,"var":0.000000000.0,"sum":0.000006437},"relative_timestamp_from_irespond_end":{"num":1,"min":0.000000238,"max":0.000000238,"avg":0.000000238,"var":0.000000000.0,"sum":0.000000238}},"set_output":{"duration":{"num":1,"min":0.000000477,"max":0.000000477,"avg":0.000000477,"var":0.000000000.0,"sum":0.000000477},"relative_timestamp_from_irespond_start":{"num":1,"min":0.000000715,"max":0.000000715,"avg":0.000000715,"var":0.000000000.0,"sum":0.000000715}},"get_input":{"duration":{"num":0,"min":0.000000000.0,"max":0.000000000.0,"avg":0.000000000.0,"var":0.000000000.0,"sum":0.000000000.0},"relative_timestamp_from_ult_start":{"num":0,"min":0.000000000.0,"max":0.000000000.0,"avg":0.000000000.0,"var":0.000000000.0,"sum":0.000000000.0}}}}}}}