{"address":"","progress_loop":{"progress_with_timeout":{"num":1270,"min":0.000000477,"max":0.104049206,"avg":0.102071236,"var":0.246494802,"sum":129.630469561},"progress_timeout_value_msec":{"num":1270,"min":100.000000000.0,"max":100.000000000.0,"avg":100.000000000.0,"var":0.000000000.0,"sum":127000.000000000.0},"progress_without_timeout":{"num":552467,"min":0.000000000.0,"max":0.000467539,"avg":0.000000118,"var":0.000000229,"sum":0.065402746},"trigger":{"num":10002,"min":0.000000000.0,"max":0.001848459,"avg":0.000000492,"var":0.000003416,"sum":0.004925013}},"rpcs":{"65535:65535:14048217247822970879:0":{"rpc_id":-4398526825886580737,"provider_id":0,"parent_rpc_id":65535,"parent_provider_id":65535,"name":"get_file_data","origin":{"sent to ofi+cxi://0x24050400":{"iforward":{"duration":{"num":1000,"min":0.000000477,"max":0.000031471,"avg":0.000000673,"var":0.000000001,"sum":0.000672817},"relative_timestamp_from_create":{"num":1000,"min":0.000000000.0,"max":0.000004292,"avg":0.000000072,"var":0.000000000,"sum":0.000071764}},"forward_cb":{"duration":{"num":1000,"min":0.000000000.0,"max":0.000003099,"avg":0.000000086,"var":0.000000000,"sum":0.000085592},"relative_timestamp_from_iforward_start":{"num":1000,"min":0.000042439,"max":0.016225338,"avg":0.000182577,"var":0.000420975,"sum":0.182576656}},"iforward_wait":{"duration":{"num":1000,"min":0.000047684,"max":0.016203880,"avg":0.000182874,"var":0.000420252,"sum":0.182874441},"relative_timestamp_from_iforward_end":{"num":1000,"min":0.000000000.0,"max":0.000000238,"avg":0.000000044,"var":0.000000000,"sum":0.000044346}},"set_input":{"duration":{"num":1000,"min":0.000000000.0,"max":0.000005007,"avg":0.000000096,"var":0.000000000,"sum":0.000095844},"relative_timestamp_from_iforward_start":{"num":1000,"min":0.000000238,"max":0.000019550,"avg":0.000000444,"var":0.000000000,"sum":0.000443697}},"get_output":{"duration":{"num":1000,"min":0.000000000.0,"max":0.000000238,"avg":0.000000112,"var":0.000000000,"sum":0.000111818},"relative_timestamp_from_wait_end":{"num":1000,"min":0.000000000.0,"max":0.000000477,"avg":0.000000086,"var":0.000000000,"sum":0.000085831}}}},"target":{"received from ofi+cxi://0x24050400":{"handler":{"duration":{"num":1000,"min":0.000000238,"max":0.000006914,"avg":0.000000335,"var":0.000000000,"sum":0.000335217}},"ult":{"duration":{"num":1000,"min":0.000040531,"max":0.016168356,"avg":0.000181243,"var":0.000419132,"sum":0.181242704},"relative_timestamp_from_handler_start":{"num":1000,"min":0.000000477,"max":0.000015020,"avg":0.000000640,"var":0.000000000,"sum":0.000640154}},"irespond":{"duration":{"num":1000,"min":0.000000238,"max":0.000003099,"avg":0.000000300,"var":0.000000000,"sum":0.000299692},"relative_timestamp_from_ult_start":{"num":1000,"min":0.000038147,"max":0.016160011,"avg":0.000179593,"var":0.000418891,"sum":0.179593086}},"respond_cb":{"duration":{"num":1000,"min":0.000000000.0,"max":0.000000477,"avg":0.000000074,"var":0.000000000,"sum":0.000074148},"relative_timestamp_from_irespond_start":{"num":1000,"min":0.000000477,"max":0.000021458,"avg":0.000000809,"var":0.000000001,"sum":0.000809431}},"irespond_wait":{"duration":{"num":1000,"min":0.000000715,"max":0.000021696,"avg":0.000001074,"var":0.000000001,"sum":0.001074314},"relative_timestamp_from_irespond_end":{"num":1000,"min":0.000000000.0,"max":0.000000238,"avg":0.000000045,"var":0.000000000,"sum":0.000044823}},"set_output":{"duration":{"num":1000,"min":0.000000000.0,"max":0.000000715,"avg":0.000000090,"var":0.000000000,"sum":0.000090361},"relative_timestamp_from_irespond_start":{"num":1000,"min":0.000000000.0,"max":0.000001431,"avg":0.000000086,"var":0.000000000,"sum":0.000085592}},"get_input":{"duration":{"num":1000,"min":0.000000000.0,"max":0.000001907,"avg":0.000000096,"var":0.000000000,"sum":0.000095606},"relative_timestamp_from_ult_start":{"num":1000,"min":0.000000000.0,"max":0.000003338,"avg":0.000000139,"var":0.000000000,"sum":0.000138760}}}}},"14048217247822970879:0:14048217247822970879:0":{"rpc_id":-4398526825886580737,"provider_id":0,"parent_rpc_id":-4398526825886580737,"parent_provider_id":0,"name":"get_file_data","origin":{"sent to ofi+cxi://0x24012000":{"iforward":{"duration":{"num":3000,"min":0.000000954,"max":0.000036240,"avg":0.000001143,"var":0.000000003,"sum":0.003429651},"relative_timestamp_from_create":{"num":3000,"min":0.000000000.0,"max":0.000000477,"avg":0.000000063,"var":0.000000000,"sum":0.000188828}},"forward_cb":{"duration":{"num":3000,"min":0.000000000.0,"max":0.000003099,"avg":0.000000093,"var":0.000000000,"sum":0.000280142},"relative_timestamp_from_iforward_start":{"num":3000,"min":0.000030041,"max":0.016275406,"avg":0.000166766,"var":0.001206619,"sum":0.500299454}},"iforward_wait":{"duration":{"num":3000,"min":0.000029087,"max":0.016261816,"avg":0.000166034,"var":0.001204489,"sum":0.498100996},"relative_timestamp_from_iforward_end":{"num":3000,"min":0.000000000.0,"max":0.000000477,"avg":0.000000179,"var":0.000000000,"sum":0.000536680}},"set_input":{"duration":{"num":3000,"min":0.000000000.0,"max":0.000000715,"avg":0.000000090,"var":0.000000000,"sum":0.000270128},"relative_timestamp_from_iforward_start":{"num":3000,"min":0.000000238,"max":0.000001907,"avg":0.000000369,"var":0.000000000,"sum":0.001105785}},"get_output":{"duration":{"num":3000,"min":0.000000000.0,"max":0.000005245,"avg":0.000000138,"var":0.000000000,"sum":0.000413895},"relative_timestamp_from_wait_end":{"num":3000,"min":0.000000000.0,"max":0.000002384,"avg":0.000000107,"var":0.000000000,"sum":0.000322104}}}},"target":{"received from ofi+cxi://0x24070000":{"handler":{"duration":{"num":1000,"min":0.000000238,"max":0.000003576,"avg":0.000000376,"var":0.000000000,"sum":0.000376225}},"ult":{"duration":{"num":1000,"min":0.000040531,"max":0.015155077,"avg":0.000176770,"var":0.000389381,"sum":0.176770210},"relative_timestamp_from_handler_start":{"num":1000,"min":0.000000477,"max":0.000006914,"avg":0.000000750,"var":0.000000001,"sum":0.000749588}},"irespond":{"duration":{"num":1000,"min":0.000000238,"max":0.000003576,"avg":0.000000349,"var":0.000000000,"sum":0.000349283},"relative_timestamp_from_ult_start":{"num":1000,"min":0.000033855,"max":0.015109301,"avg":0.000172112,"var":0.000388073,"sum":0.172111511}},"respond_cb":{"duration":{"num":1000,"min":0.000000000.0,"max":0.000000238,"avg":0.000000070,"var":0.000000000,"sum":0.000069857},"relative_timestamp_from_irespond_start":{"num":1000,"min":0.000003338,"max":0.000029087,"avg":0.000004027,"var":0.000000002,"sum":0.004027367}},"irespond_wait":{"duration":{"num":1000,"min":0.000003099,"max":0.000042677,"avg":0.000003935,"var":0.000000004,"sum":0.003935099},"relative_timestamp_from_irespond_end":{"num":1000,"min":0.000000000.0,"max":0.000000477,"avg":0.000000185,"var":0.000000000,"sum":0.000184774}},"set_output":{"duration":{"num":1000,"min":0.000000000.0,"max":0.000000477,"avg":0.000000091,"var":0.000000000,"sum":0.000090599},"relative_timestamp_from_irespond_start":{"num":1000,"min":0.000000000.0,"max":0.000000477,"avg":0.000000080,"var":0.000000000,"sum":0.000080109}},"get_input":{"duration":{"num":1000,"min":0.000000000.0,"max":0.000000715,"avg":0.000000120,"var":0.000000000,"sum":0.000119686},"relative_timestamp_from_ult_start":{"num":1000,"min":0.000000000.0,"max":0.000000477,"avg":0.000000121,"var":0.000000000,"sum":0.000121117}}},"received from ofi+cxi://0x24096600":{"handler":{"duration":{"num":1000,"min":0.000000238,"max":0.001847267,"avg":0.000002215,"var":0.000003408,"sum":0.002214909}},"ult":{"duration":{"num":1000,"min":0.000039339,"max":0.016299963,"avg":0.000172423,"var":0.000404260,"sum":0.172422886},"relative_timestamp_from_handler_start":{"num":1000,"min":0.000000477,"max":0.001849413,"avg":0.000002604,"var":0.000003415,"sum":0.002604485}},"irespond":{"duration":{"num":1000,"min":0.000000238,"max":0.000003338,"avg":0.000000345,"var":0.000000000,"sum":0.000344753},"relative_timestamp_from_ult_start":{"num":1000,"min":0.000035286,"max":0.016292810,"avg":0.000167660,