{"address":"","progress_loop":{"progress_with_timeout":{"num":2230,"min":0.000000000.0,"max":0.104011536,"avg":0.057395042,"var":5.962084021,"sum":127.990943909},"progress_timeout_value_msec":{"num":2230,"min":100.000000000.0,"max":100.000000000.0,"avg":100.000000000.0,"var":0.000000000.0,"sum":223000.000000000.0},"progress_without_timeout":{"num":6516134,"min":0.000000000.0,"max":0.000095129,"avg":0.000000112,"var":0.000000142,"sum":0.729861259},"trigger":{"num":5002,"min":0.000000000.0,"max":0.000020266,"avg":0.000000459,"var":0.000000003,"sum":0.002296448}},"rpcs":{"65535:65535:14048217247822970879:0":{"rpc_id":-4398526825886580737,"provider_id":0,"parent_rpc_id":65535,"parent_provider_id":65535,"name":"get_file_data","origin":{"sent to ofi+cxi://0x24076600":{"iforward":{"duration":{"num":1000,"min":0.000000477,"max":0.000034809,"avg":0.000000745,"var":0.000000001,"sum":0.000744581},"relative_timestamp_from_create":{"num":1000,"min":0.000000000.0,"max":0.000004053,"avg":0.000000135,"var":0.000000000,"sum":0.000134945}},"forward_cb":{"duration":{"num":1000,"min":0.000000000.0,"max":0.000000477,"avg":0.000000072,"var":0.000000000,"sum":0.000071526},"relative_timestamp_from_iforward_start":{"num":1000,"min":0.000275135,"max":0.023031235,"avg":0.001849611,"var":0.000676914,"sum":1.849610806}},"iforward_wait":{"duration":{"num":1000,"min":0.000275373,"max":0.023000717,"avg":0.001849594,"var":0.000675611,"sum":1.849593878},"relative_timestamp_from_iforward_end":{"num":1000,"min":0.000000000.0,"max":0.000000238,"avg":0.000000045,"var":0.000000000,"sum":0.000045300}},"set_input":{"duration":{"num":1000,"min":0.000000000.0,"max":0.000005722,"avg":0.000000172,"var":0.000000000,"sum":0.000171900},"relative_timestamp_from_iforward_start":{"num":1000,"min":0.000000238,"max":0.000020742,"avg":0.000000435,"var":0.000000000,"sum":0.000435352}},"get_output":{"duration":{"num":1000,"min":0.000002623,"max":0.000006199,"avg":0.000003019,"var":0.000000000,"sum":0.003018618},"relative_timestamp_from_wait_end":{"num":1000,"min":0.000000000.0,"max":0.000000238,"avg":0.000000095,"var":0.000000000,"sum":0.000094652}}}},"target":{"received from ofi+cxi://0x24076600":{"handler":{"duration":{"num":1000,"min":0.000000238,"max":0.000007153,"avg":0.000000340,"var":0.000000000,"sum":0.000339746}},"ult":{"duration":{"num":1000,"min":0.000273943,"max":0.022372484,"avg":0.001847629,"var":0.000649444,"sum":1.847628832},"relative_timestamp_from_handler_start":{"num":1000,"min":0.000000477,"max":0.000613213,"avg":0.000001193,"var":0.000000375,"sum":0.001192570}},"irespond":{"duration":{"num":1000,"min":0.000003815,"max":0.000059366,"avg":0.000011683,"var":0.000000141,"sum":0.011682987},"relative_timestamp_from_ult_start":{"num":1000,"min":0.000266790,"max":0.022309065,"avg":0.001834630,"var":0.000644747,"sum":1.834630489}},"respond_cb":{"duration":{"num":1000,"min":0.000000000.0,"max":0.000000238,"avg":0.000000079,"var":0.000000000,"sum":0.000078917},"relative_timestamp_from_irespond_start":{"num":1000,"min":0.000004292,"max":0.000060558,"avg":0.000012126,"var":0.000000141,"sum":0.012126207}},"irespond_wait":{"duration":{"num":1000,"min":0.000000715,"max":0.000006914,"avg":0.000000976,"var":0.000000000,"sum":0.000976324},"relative_timestamp_from_irespond_end":{"num":1000,"min":0.000000000.0,"max":0.000000477,"avg":0.000000049,"var":0.000000000,"sum":0.000048637}},"set_output":{"duration":{"num":1000,"min":0.000003099,"max":0.000046968,"avg":0.000009751,"var":0.000000086,"sum":0.009750843},"relative_timestamp_from_irespond_start":{"num":1000,"min":0.000000000.0,"max":0.000000954,"avg":0.000000081,"var":0.000000000,"sum":0.000080585}},"get_input":{"duration":{"num":1000,"min":0.000000000.0,"max":0.000002861,"avg":0.000000115,"var":0.000000000,"sum":0.000114679},"relative_timestamp_from_ult_start":{"num":1000,"min":0.000000000.0,"max":0.000006914,"avg":0.000000135,"var":0.000000000,"sum":0.000134945}}}}},"14048217247822970879:0:14048217247822970879:0":{"rpc_id":-4398526825886580737,"provider_id":0,"parent_rpc_id":-4398526825886580737,"parent_provider_id":0,"name":"get_file_data","origin":{"sent to ofi+cxi://0x24076200":{"iforward":{"duration":{"num":1000,"min":0.000000954,"max":0.000035763,"avg":0.000001912,"var":0.000000003,"sum":0.001912117},"relative_timestamp_from_create":{"num":1000,"min":0.000000000.0,"max":0.000000477,"avg":0.000000115,"var":0.000000000,"sum":0.000115395}},"forward_cb":{"duration":{"num":1000,"min":0.000000000.0,"max":0.000001192,"avg":0.000000093,"var":0.000000000,"sum":0.000092506},"relative_timestamp_from_iforward_start":{"num":1000,"min":0.000237226,"max":0.022162437,"avg":0.001821775,"var":0.000638782,"sum":1.821775198}},"iforward_wait":{"duration":{"num":1000,"min":0.000235319,"max":0.022130728,"avg":0.001820037,"var":0.000637110,"sum":1.820037365},"relative_timestamp_from_iforward_end":{"num":1000,"min":0.000000000.0,"max":0.000000477,"avg":0.000000230,"var":0.000000000,"sum":0.000230074}},"set_input":{"duration":{"num":1000,"min":0.000000000.0,"max":0.000000477,"avg":0.000000170,"var":0.000000000,"sum":0.000170469},"relative_timestamp_from_iforward_start":{"num":1000,"min":0.000000238,"max":0.000002623,"avg":0.000000396,"var":0.000000000,"sum":0.000395775}},"get_output":{"duration":{"num":1000,"min":0.000003576,"max":0.000038385,"avg":0.000004588,"var":0.000000004,"sum":0.004588366},"relative_timestamp_from_wait_end":{"num":1000,"min":0.000000000.0,"max":0.000021696,"avg":0.000000125,"var":0.000000001,"sum":0.000124693}}}}},"65535:65535:8686831390660034559:65535":{"rpc_id":8686831390660034559,"provider_id":65535,"parent_rpc_id":65535,"parent_provider_id":65535,"name":"__shutdown__","target":{"received from ofi+cxi://0x24014401":{"handler":{"duration":{"num":1,"min":0.000008821,"max":0.000008821,"avg":0.000008821,"var":0.000000000.0,"sum":0.000008821}},"ult":{"duration":{"num":1,"min":0.000013351,"max":0.000013351,"avg":0.000013351,"var":0.000000000.0,"sum":0.000013351},"relative_timestamp_from_handler_start":{"num":1,"min":0.000011683,"max":0.000011683,"avg":0.000011683,"var":0.000000000.0,"sum":0.000011683}},"irespond":{"duration":{"num":1,"min":0.000004292,"max":0.000004292,"avg":0.000004292,"var":0.000000000.0,"sum":0.000004292},"relative_timestamp_from_ult_start":{"num":1,"min":0.000000715,"max":0.000000715,"avg":0.000000715,"var":0.000000000.0,"sum":0.000000715}},"respond_cb":{"duration":{"num":1,"min":0.000000477,"max":0.000000477,"avg":0.000000477,"var":0.000000000.0,"sum":0.000000477},"relative_timestamp_from_irespond_start":{"num":1,"min":0.000010252,"max":0.000010252,"avg":0.000010252,"var":0.000000000.0,"sum":0.000010252}},"irespond_wait":{"duration":{"num":1,"min":0.000006437,"max":0.000006437,"avg":0.000006437,"var":0.000000000.0,"sum":0.000006437},"relative_timestamp_from_irespond_end":{"num":1,"min":0.000000238,"max":0.000000238,"avg":0.000000238,"var":0.000000000.0,"sum":0.000000238}},"set_output":{"duration":{"num":1,"min":0.000000477,"max":0.000000477,"avg":0.000000477,"var":0.000000000.0,"sum":0.000000477},"relative_timestamp_from_irespond_start":{"num":1,"min":0.000000715,"max":0.000000715,"avg":0.000000715,"var":0.000000000.0,"sum":0.000000715}},"get_input":{"duration":{"num":0,"min":0.000000000.0,"max":0.000000000.0,"avg":0.000000000.0,"var":0.000000000.0,"sum":0.000000000.0},"relative_timestamp_from_ult_start":{"num":0,"min":0.000000000.0,"max":0.000000000.0,"avg":0.000000000.0,"var":0.000000000.0,"sum":0.000000000.0}}}}}}}