{"address":"","progress_loop":{"progress_with_timeout":{"num":2246,"min":0.000000000.0,"max":0.104007483,"avg":0.057702717,"var":5.997739160,"sum":129.600301504},"progress_timeout_value_msec":{"num":2246,"min":100.000000000.0,"max":100.000000000.0,"avg":100.000000000.0,"var":0.000000000.0,"sum":224600.000000000.0},"progress_without_timeout":{"num":540620,"min":0.000000000.0,"max":0.000010729,"avg":0.000000114,"var":0.000000009,"sum":0.061422110},"trigger":{"num":4002,"min":0.000000000.0,"max":0.000042677,"avg":0.000000288,"var":0.000000002,"sum":0.001152992}},"rpcs":{"65535:65535:14048217247822970879:0":{"rpc_id":-4398526825886580737,"provider_id":0,"parent_rpc_id":65535,"parent_provider_id":65535,"name":"get_file_data","origin":{"sent to ofi+cxi://0x24036600":{"iforward":{"duration":{"num":1000,"min":0.000000477,"max":0.000031233,"avg":0.000000655,"var":0.000000001,"sum":0.000655174},"relative_timestamp_from_create":{"num":1000,"min":0.000000000.0,"max":0.000003815,"avg":0.000000079,"var":0.000000000,"sum":0.000079155}},"forward_cb":{"duration":{"num":1000,"min":0.000000000.0,"max":0.000000238,"avg":0.000000082,"var":0.000000000,"sum":0.000082493},"relative_timestamp_from_iforward_start":{"num":1000,"min":0.000046730,"max":0.032150030,"avg":0.000161998,"var":0.001319732,"sum":0.161997557}},"iforward_wait":{"duration":{"num":1000,"min":0.000046730,"max":0.032122374,"avg":0.000162027,"var":0.001317964,"sum":0.162027359},"relative_timestamp_from_iforward_end":{"num":1000,"min":0.000000000.0,"max":0.000000477,"avg":0.000000045,"var":0.000000000,"sum":0.000045061}},"set_input":{"duration":{"num":1000,"min":0.000000000.0,"max":0.000004768,"avg":0.000000107,"var":0.000000000,"sum":0.000106573},"relative_timestamp_from_iforward_start":{"num":1000,"min":0.000000238,"max":0.000018835,"avg":0.000000427,"var":0.000000000,"sum":0.000427485}},"get_output":{"duration":{"num":1000,"min":0.000000000.0,"max":0.000000238,"avg":0.000000106,"var":0.000000000,"sum":0.000105858},"relative_timestamp_from_wait_end":{"num":1000,"min":0.000000000.0,"max":0.000000238,"avg":0.000000100,"var":0.000000000,"sum":0.000099659}}}},"target":{"received from ofi+cxi://0x24036600":{"handler":{"duration":{"num":1000,"min":0.000000238,"max":0.000006676,"avg":0.000000337,"var":0.000000000,"sum":0.000337362}},"ult":{"duration":{"num":1000,"min":0.000045776,"max":0.032093287,"avg":0.000160735,"var":0.001316182,"sum":0.160735130},"relative_timestamp_from_handler_start":{"num":1000,"min":0.000000477,"max":0.000014544,"avg":0.000000579,"var":0.000000000,"sum":0.000578880}},"irespond":{"duration":{"num":1000,"min":0.000000238,"max":0.000003576,"avg":0.000000288,"var":0.000000000,"sum":0.000287533},"relative_timestamp_from_ult_start":{"num":1000,"min":0.000044346,"max":0.032087803,"avg":0.000159271,"var":0.001315927,"sum":0.159271240}},"respond_cb":{"duration":{"num":1000,"min":0.000000000.0,"max":0.000000238,"avg":0.000000076,"var":0.000000000,"sum":0.000076056},"relative_timestamp_from_irespond_start":{"num":1000,"min":0.000000477,"max":0.000003815,"avg":0.000000684,"var":0.000000000,"sum":0.000684023}},"irespond_wait":{"duration":{"num":1000,"min":0.000000715,"max":0.000003815,"avg":0.000000903,"var":0.000000000,"sum":0.000903368},"relative_timestamp_from_irespond_end":{"num":1000,"min":0.000000000.0,"max":0.000000238,"avg":0.000000041,"var":0.000000000,"sum":0.000040770}},"set_output":{"duration":{"num":1000,"min":0.000000000.0,"max":0.000000477,"avg":0.000000090,"var":0.000000000,"sum":0.000089645},"relative_timestamp_from_irespond_start":{"num":1000,"min":0.000000000.0,"max":0.000000954,"avg":0.000000073,"var":0.000000000,"sum":0.000073433}},"get_input":{"duration":{"num":1000,"min":0.000000000.0,"max":0.000002146,"avg":0.000000115,"var":0.000000000,"sum":0.000114679},"relative_timestamp_from_ult_start":{"num":1000,"min":0.000000000.0,"max":0.000002861,"avg":0.000000125,"var":0.000000000,"sum":0.000124931}}}}},"14048217247822970879:0:14048217247822970879:0":{"rpc_id":-4398526825886580737,"provider_id":0,"parent_rpc_id":-4398526825886580737,"parent_provider_id":0,"name":"get_file_data","origin":{"sent to ofi+cxi://0x24034200":{"iforward":{"duration":{"num":1000,"min":0.000000954,"max":0.000036001,"avg":0.000001312,"var":0.000000003,"sum":0.001311779},"relative_timestamp_from_create":{"num":1000,"min":0.000000000.0,"max":0.000000238,"avg":0.000000057,"var":0.000000000,"sum":0.000056505}},"forward_cb":{"duration":{"num":1000,"min":0.000000000.0,"max":0.000000954,"avg":0.000000076,"var":0.000000000,"sum":0.000075817},"relative_timestamp_from_iforward_start":{"num":1000,"min":0.000038624,"max":0.031993866,"avg":0.000153052,"var":0.001310312,"sum":0.153051853}},"iforward_wait":{"duration":{"num":1000,"min":0.000037432,"max":0.031962156,"avg":0.000151890,"var":0.001308369,"sum":0.151890278},"relative_timestamp_from_iforward_end":{"num":1000,"min":0.000000000.0,"max":0.000000477,"avg":0.000000201,"var":0.000000000,"sum":0.000200987}},"set_input":{"duration":{"num":1000,"min":0.000000000.0,"max":0.000000477,"avg":0.000000086,"var":0.000000000,"sum":0.000086308},"relative_timestamp_from_iforward_start":{"num":1000,"min":0.000000238,"max":0.000001907,"avg":0.000000371,"var":0.000000000,"sum":0.000370979}},"get_output":{"duration":{"num":1000,"min":0.000000000.0,"max":0.000000954,"avg":0.000000114,"var":0.000000000,"sum":0.000114441},"relative_timestamp_from_wait_end":{"num":1000,"min":0.000000000.0,"max":0.000000477,"avg":0.000000099,"var":0.000000000,"sum":0.000098705}}}}},"65535:65535:8686831390660034559:65535":{"rpc_id":8686831390660034559,"provider_id":65535,"parent_rpc_id":65535,"parent_provider_id":65535,"name":"__shutdown__","target":{"received from ofi+cxi://0x24014401":{"handler":{"duration":{"num":1,"min":0.000029802,"max":0.000029802,"avg":0.000029802,"var":0.000000000.0,"sum":0.000029802}},"ult":{"duration":{"num":1,"min":0.000019312,"max":0.000019312,"avg":0.000019312,"var":0.000000000.0,"sum":0.000019312},"relative_timestamp_from_handler_start":{"num":1,"min":0.000034571,"max":0.000034571,"avg":0.000034571,"var":0.000000000.0,"sum":0.000034571}},"irespond":{"duration":{"num":1,"min":0.000009060,"max":0.000009060,"avg":0.000009060,"var":0.000000000.0,"sum":0.000009060},"relative_timestamp_from_ult_start":{"num":1,"min":0.000001669,"max":0.000001669,"avg":0.000001669,"var":0.000000000.0,"sum":0.000001669}},"respond_cb":{"duration":{"num":1,"min":0.000000477,"max":0.000000477,"avg":0.000000477,"var":0.000000000.0,"sum":0.000000477},"relative_timestamp_from_irespond_start":{"num":1,"min":0.000014782,"max":0.000014782,"avg":0.000014782,"var":0.000000000.0,"sum":0.000014782}},"irespond_wait":{"duration":{"num":1,"min":0.000006437,"max":0.000006437,"avg":0.000006437,"var":0.000000000.0,"sum":0.000006437},"relative_timestamp_from_irespond_end":{"num":1,"min":0.000000238,"max":0.000000238,"avg":0.000000238,"var":0.000000000.0,"sum":0.000000238}},"set_output":{"duration":{"num":1,"min":0.000000477,"max":0.000000477,"avg":0.000000477,"var":0.000000000.0,"sum":0.000000477},"relative_timestamp_from_irespond_start":{"num":1,"min":0.000001192,"max":0.000001192,"avg":0.000001192,"var":0.000000000.0,"sum":0.000001192}},"get_input":{"duration":{"num":0,"min":0.000000000.0,"max":0.000000000.0,"avg":0.000000000.0,"var":0.000000000.0,"sum":0.000000000.0},"relative_timestamp_from_ult_start":{"num":0,"min":0.000000000.0,"max":0.000000000.0,"avg":0.000000000.0,"var":0.000000000.0,"sum":0.000000000.0}}}}}}}