{"address":"","progress_loop":{"progress_with_timeout":{"num":2230,"min":0.000000000.0,"max":0.104012251,"avg":0.057394979,"var":5.962286645,"sum":127.990803242},"progress_timeout_value_msec":{"num":2230,"min":100.000000000.0,"max":100.000000000.0,"avg":100.000000000.0,"var":0.000000000.0,"sum":223000.000000000.0},"progress_without_timeout":{"num":6513577,"min":0.000000000.0,"max":0.000096321,"avg":0.000000112,"var":0.000000135,"sum":0.729652882},"trigger":{"num":5002,"min":0.000000000.0,"max":0.000038385,"avg":0.000000435,"var":0.000000004,"sum":0.002174616}},"rpcs":{"65535:65535:14048217247822970879:0":{"rpc_id":-4398526825886580737,"provider_id":0,"parent_rpc_id":65535,"parent_provider_id":65535,"name":"get_file_data","origin":{"sent to ofi+cxi://0x24032400":{"iforward":{"duration":{"num":1000,"min":0.000000477,"max":0.000033379,"avg":0.000000728,"var":0.000000001,"sum":0.000728130},"relative_timestamp_from_create":{"num":1000,"min":0.000000000.0,"max":0.000004292,"avg":0.000000124,"var":0.000000000,"sum":0.000123978}},"forward_cb":{"duration":{"num":1000,"min":0.000000000.0,"max":0.000000477,"avg":0.000000084,"var":0.000000000,"sum":0.000083685},"relative_timestamp_from_iforward_start":{"num":1000,"min":0.000278473,"max":0.020269632,"avg":0.001844500,"var":0.000565416,"sum":1.844499826}},"iforward_wait":{"duration":{"num":1000,"min":0.000278711,"max":0.020241261,"avg":0.001844512,"var":0.000564336,"sum":1.844512224},"relative_timestamp_from_iforward_end":{"num":1000,"min":0.000000000.0,"max":0.000000477,"avg":0.000000042,"var":0.000000000,"sum":0.000042200}},"set_input":{"duration":{"num":1000,"min":0.000000000.0,"max":0.000004530,"avg":0.000000163,"var":0.000000000,"sum":0.000162840},"relative_timestamp_from_iforward_start":{"num":1000,"min":0.000000238,"max":0.000021219,"avg":0.000000430,"var":0.000000000,"sum":0.000429630}},"get_output":{"duration":{"num":1000,"min":0.000002623,"max":0.000007153,"avg":0.000003080,"var":0.000000000,"sum":0.003079891},"relative_timestamp_from_wait_end":{"num":1000,"min":0.000000000.0,"max":0.000000477,"avg":0.000000098,"var":0.000000000,"sum":0.000097752}}}},"target":{"received from ofi+cxi://0x24032400":{"handler":{"duration":{"num":1000,"min":0.000000238,"max":0.000006914,"avg":0.000000335,"var":0.000000000,"sum":0.000335217}},"ult":{"duration":{"num":1000,"min":0.000277519,"max":0.020209312,"avg":0.001843167,"var":0.000563153,"sum":1.843166590},"relative_timestamp_from_handler_start":{"num":1000,"min":0.000000477,"max":0.000015736,"avg":0.000000595,"var":0.000000000,"sum":0.000595093}},"irespond":{"duration":{"num":1000,"min":0.000003576,"max":0.000055075,"avg":0.000009249,"var":0.000000100,"sum":0.009248972},"relative_timestamp_from_ult_start":{"num":1000,"min":0.000269651,"max":0.020153999,"avg":0.001832603,"var":0.000558921,"sum":1.832603216}},"respond_cb":{"duration":{"num":1000,"min":0.000000000.0,"max":0.000000477,"avg":0.000000076,"var":0.000000000,"sum":0.000076294},"relative_timestamp_from_irespond_start":{"num":1000,"min":0.000004053,"max":0.000055552,"avg":0.000009694,"var":0.000000100,"sum":0.009693861}},"irespond_wait":{"duration":{"num":1000,"min":0.000000715,"max":0.000002384,"avg":0.000000975,"var":0.000000000,"sum":0.000974894},"relative_timestamp_from_irespond_end":{"num":1000,"min":0.000000000.0,"max":0.000000238,"avg":0.000000050,"var":0.000000000,"sum":0.000049829}},"set_output":{"duration":{"num":1000,"min":0.000002861,"max":0.000044584,"avg":0.000007697,"var":0.000000061,"sum":0.007696629},"relative_timestamp_from_irespond_start":{"num":1000,"min":0.000000000.0,"max":0.000001192,"avg":0.000000090,"var":0.000000000,"sum":0.000090122}},"get_input":{"duration":{"num":1000,"min":0.000000000.0,"max":0.000002146,"avg":0.000000103,"var":0.000000000,"sum":0.000102758},"relative_timestamp_from_ult_start":{"num":1000,"min":0.000000000.0,"max":0.000003338,"avg":0.000000146,"var":0.000000000,"sum":0.000145674}}}}},"14048217247822970879:0:14048217247822970879:0":{"rpc_id":-4398526825886580737,"provider_id":0,"parent_rpc_id":-4398526825886580737,"parent_provider_id":0,"name":"get_file_data","origin":{"sent to ofi+cxi://0x24030000":{"iforward":{"duration":{"num":1000,"min":0.000000954,"max":0.000041008,"avg":0.000001768,"var":0.000000003,"sum":0.001767874},"relative_timestamp_from_create":{"num":1000,"min":0.000000000.0,"max":0.000000477,"avg":0.000000116,"var":0.000000000,"sum":0.000115633}},"forward_cb":{"duration":{"num":1000,"min":0.000000000.0,"max":0.000001431,"avg":0.000000086,"var":0.000000000,"sum":0.000085592},"relative_timestamp_from_iforward_start":{"num":1000,"min":0.000244379,"max":0.019980669,"avg":0.001820615,"var":0.000552614,"sum":1.820614815}},"iforward_wait":{"duration":{"num":1000,"min":0.000243187,"max":0.019945145,"avg":0.001819061,"var":0.000550933,"sum":1.819060802},"relative_timestamp_from_iforward_end":{"num":1000,"min":0.000000000.0,"max":0.000000238,"avg":0.000000171,"var":0.000000000,"sum":0.000171423}},"set_input":{"duration":{"num":1000,"min":0.000000000.0,"max":0.000000715,"avg":0.000000160,"var":0.000000000,"sum":0.000159740},"relative_timestamp_from_iforward_start":{"num":1000,"min":0.000000238,"max":0.000002384,"avg":0.000000389,"var":0.000000000,"sum":0.000389099}},"get_output":{"duration":{"num":1000,"min":0.000003338,"max":0.000046253,"avg":0.000003929,"var":0.000000004,"sum":0.003929377},"relative_timestamp_from_wait_end":{"num":1000,"min":0.000000000.0,"max":0.000019312,"avg":0.000000166,"var":0.000000001,"sum":0.000166178}}}}},"65535:65535:8686831390660034559:65535":{"rpc_id":8686831390660034559,"provider_id":65535,"parent_rpc_id":65535,"parent_provider_id":65535,"name":"__shutdown__","target":{"received from ofi+cxi://0x24014401":{"handler":{"duration":{"num":1,"min":0.000026464,"max":0.000026464,"avg":0.000026464,"var":0.000000000.0,"sum":0.000026464}},"ult":{"duration":{"num":1,"min":0.000019312,"max":0.000019312,"avg":0.000019312,"var":0.000000000.0,"sum":0.000019312},"relative_timestamp_from_handler_start":{"num":1,"min":0.000030279,"max":0.000030279,"avg":0.000030279,"var":0.000000000.0,"sum":0.000030279}},"irespond":{"duration":{"num":1,"min":0.000009537,"max":0.000009537,"avg":0.000009537,"var":0.000000000.0,"sum":0.000009537},"relative_timestamp_from_ult_start":{"num":1,"min":0.000001192,"max":0.000001192,"avg":0.000001192,"var":0.000000000.0,"sum":0.000001192}},"respond_cb":{"duration":{"num":1,"min":0.000000477,"max":0.000000477,"avg":0.000000477,"var":0.000000000.0,"sum":0.000000477},"relative_timestamp_from_irespond_start":{"num":1,"min":0.000015736,"max":0.000015736,"avg":0.000015736,"var":0.000000000.0,"sum":0.000015736}},"irespond_wait":{"duration":{"num":1,"min":0.000006914,"max":0.000006914,"avg":0.000006914,"var":0.000000000.0,"sum":0.000006914},"relative_timestamp_from_irespond_end":{"num":1,"min":0.000000238,"max":0.000000238,"avg":0.000000238,"var":0.000000000.0,"sum":0.000000238}},"set_output":{"duration":{"num":1,"min":0.000000715,"max":0.000000715,"avg":0.000000715,"var":0.000000000.0,"sum":0.000000715},"relative_timestamp_from_irespond_start":{"num":1,"min":0.000000954,"max":0.000000954,"avg":0.000000954,"var":0.000000000.0,"sum":0.000000954}},"get_input":{"duration":{"num":0,"min":0.000000000.0,"max":0.000000000.0,"avg":0.000000000.0,"var":0.000000000.0,"sum":0.000000000.0},"relative_timestamp_from_ult_start":{"num":0,"min":0.000000000.0,"max":0.000000000.0,"avg":0.000000000.0,"var":0.000000000.0,"sum":0.000000000.0}}}}}}}