{"address":"","progress_loop":{"progress_with_timeout":{"num":2242,"min":0.000000000.0,"max":0.104013205,"avg":0.057640207,"var":5.987947939,"sum":129.229345083},"progress_timeout_value_msec":{"num":2242,"min":100.000000000.0,"max":100.000000000.0,"avg":100.000000000.0,"var":0.000000000.0,"sum":224200.000000000.0},"progress_without_timeout":{"num":2082840,"min":0.000000000.0,"max":0.000064850,"avg":0.000000114,"var":0.000000047,"sum":0.237547159},"trigger":{"num":5002,"min":0.000000000.0,"max":0.000018597,"avg":0.000000419,"var":0.000000002,"sum":0.002094507}},"rpcs":{"65535:65535:14048217247822970879:0":{"rpc_id":-4398526825886580737,"provider_id":0,"parent_rpc_id":65535,"parent_provider_id":65535,"name":"get_file_data","origin":{"sent to ofi+cxi://0x24052000":{"iforward":{"duration":{"num":1000,"min":0.000000477,"max":0.000025988,"avg":0.000000677,"var":0.000000001,"sum":0.000676632},"relative_timestamp_from_create":{"num":1000,"min":0.000000000.0,"max":0.000003338,"avg":0.000000078,"var":0.000000000,"sum":0.000077724}},"forward_cb":{"duration":{"num":1000,"min":0.000000000.0,"max":0.000000238,"avg":0.000000077,"var":0.000000000,"sum":0.000076532},"relative_timestamp_from_iforward_start":{"num":1000,"min":0.000113010,"max":0.025908947,"avg":0.000600819,"var":0.000770796,"sum":0.600818634}},"iforward_wait":{"duration":{"num":1000,"min":0.000113249,"max":0.025887012,"avg":0.000600823,"var":0.000769666,"sum":0.600823164},"relative_timestamp_from_iforward_end":{"num":1000,"min":0.000000000.0,"max":0.000000238,"avg":0.000000046,"var":0.000000000,"sum":0.000046492}},"set_input":{"duration":{"num":1000,"min":0.000000000.0,"max":0.000004053,"avg":0.000000103,"var":0.000000000,"sum":0.000103235},"relative_timestamp_from_iforward_start":{"num":1000,"min":0.000000238,"max":0.000015497,"avg":0.000000445,"var":0.000000000,"sum":0.000445127}},"get_output":{"duration":{"num":1000,"min":0.000000238,"max":0.000000954,"avg":0.000000437,"var":0.000000000,"sum":0.000437498},"relative_timestamp_from_wait_end":{"num":1000,"min":0.000000000.0,"max":0.000000238,"avg":0.000000092,"var":0.000000000,"sum":0.000092268}}}},"target":{"received from ofi+cxi://0x24052000":{"handler":{"duration":{"num":1000,"min":0.000000238,"max":0.000006676,"avg":0.000000336,"var":0.000000000,"sum":0.000335693}},"ult":{"duration":{"num":1000,"min":0.000112057,"max":0.025861502,"avg":0.000599516,"var":0.000768372,"sum":0.599515676},"relative_timestamp_from_handler_start":{"num":1000,"min":0.000000477,"max":0.000013828,"avg":0.000000587,"var":0.000000000,"sum":0.000586510}},"irespond":{"duration":{"num":1000,"min":0.000000715,"max":0.000026226,"avg":0.000002568,"var":0.000000021,"sum":0.002567530},"relative_timestamp_from_ult_start":{"num":1000,"min":0.000109911,"max":0.025831699,"avg":0.000595706,"var":0.000766553,"sum":0.595706463}},"respond_cb":{"duration":{"num":1000,"min":0.000000000.0,"max":0.000000238,"avg":0.000000076,"var":0.000000000,"sum":0.000076056},"relative_timestamp_from_irespond_start":{"num":1000,"min":0.000000954,"max":0.000027180,"avg":0.000002997,"var":0.000000021,"sum":0.002996922}},"irespond_wait":{"duration":{"num":1000,"min":0.000000715,"max":0.000001907,"avg":0.000000953,"var":0.000000000,"sum":0.000952959},"relative_timestamp_from_irespond_end":{"num":1000,"min":0.000000000.0,"max":0.000000238,"avg":0.000000043,"var":0.000000000,"sum":0.000043392}},"set_output":{"duration":{"num":1000,"min":0.000000238,"max":0.000014067,"avg":0.000001118,"var":0.000000006,"sum":0.001118183},"relative_timestamp_from_irespond_start":{"num":1000,"min":0.000000000.0,"max":0.000000715,"avg":0.000000073,"var":0.000000000,"sum":0.000072956}},"get_input":{"duration":{"num":1000,"min":0.000000000.0,"max":0.000001907,"avg":0.000000110,"var":0.000000000,"sum":0.000110149},"relative_timestamp_from_ult_start":{"num":1000,"min":0.000000000.0,"max":0.000002623,"avg":0.000000131,"var":0.000000000,"sum":0.000130653}}}}},"14048217247822970879:0:14048217247822970879:0":{"rpc_id":-4398526825886580737,"provider_id":0,"parent_rpc_id":-4398526825886580737,"parent_provider_id":0,"name":"get_file_data","origin":{"sent to ofi+cxi://0x24016200":{"iforward":{"duration":{"num":1000,"min":0.000000954,"max":0.000034809,"avg":0.000001504,"var":0.000000003,"sum":0.001504183},"relative_timestamp_from_create":{"num":1000,"min":0.000000000.0,"max":0.000000238,"avg":0.000000065,"var":0.000000000,"sum":0.000065327}},"forward_cb":{"duration":{"num":1000,"min":0.000000000.0,"max":0.000000954,"avg":0.000000091,"var":0.000000000,"sum":0.000091314},"relative_timestamp_from_iforward_start":{"num":1000,"min":0.000102997,"max":0.025725603,"avg":0.000588157,"var":0.000761497,"sum":0.588156700}},"iforward_wait":{"duration":{"num":1000,"min":0.000102043,"max":0.025694847,"avg":0.000586809,"var":0.000759760,"sum":0.586809397},"relative_timestamp_from_iforward_end":{"num":1000,"min":0.000000000.0,"max":0.000000477,"avg":0.000000243,"var":0.000000000,"sum":0.000242710}},"set_input":{"duration":{"num":1000,"min":0.000000000.0,"max":0.000000477,"avg":0.000000090,"var":0.000000000,"sum":0.000090361},"relative_timestamp_from_iforward_start":{"num":1000,"min":0.000000238,"max":0.000002384,"avg":0.000000380,"var":0.000000000,"sum":0.000380278}},"get_output":{"duration":{"num":1000,"min":0.000000477,"max":0.000015259,"avg":0.000000825,"var":0.000000001,"sum":0.000824928},"relative_timestamp_from_wait_end":{"num":1000,"min":0.000000000.0,"max":0.000019789,"avg":0.000000131,"var":0.000000000,"sum":0.000130653}}}}},"65535:65535:8686831390660034559:65535":{"rpc_id":8686831390660034559,"provider_id":65535,"parent_rpc_id":65535,"parent_provider_id":65535,"name":"__shutdown__","target":{"received from ofi+cxi://0x24014401":{"handler":{"duration":{"num":1,"min":0.000010967,"max":0.000010967,"avg":0.000010967,"var":0.000000000.0,"sum":0.000010967}},"ult":{"duration":{"num":1,"min":0.000012398,"max":0.000012398,"avg":0.000012398,"var":0.000000000.0,"sum":0.000012398},"relative_timestamp_from_handler_start":{"num":1,"min":0.000013351,"max":0.000013351,"avg":0.000013351,"var":0.000000000.0,"sum":0.000013351}},"irespond":{"duration":{"num":1,"min":0.000004530,"max":0.000004530,"avg":0.000004530,"var":0.000000000.0,"sum":0.000004530},"relative_timestamp_from_ult_start":{"num":1,"min":0.000000715,"max":0.000000715,"avg":0.000000715,"var":0.000000000.0,"sum":0.000000715}},"respond_cb":{"duration":{"num":1,"min":0.000000477,"max":0.000000477,"avg":0.000000477,"var":0.000000000.0,"sum":0.000000477},"relative_timestamp_from_irespond_start":{"num":1,"min":0.000009775,"max":0.000009775,"avg":0.000009775,"var":0.000000000.0,"sum":0.000009775}},"irespond_wait":{"duration":{"num":1,"min":0.000005722,"max":0.000005722,"avg":0.000005722,"var":0.000000000.0,"sum":0.000005722},"relative_timestamp_from_irespond_end":{"num":1,"min":0.000000238,"max":0.000000238,"avg":0.000000238,"var":0.000000000.0,"sum":0.000000238}},"set_output":{"duration":{"num":1,"min":0.000000477,"max":0.000000477,"avg":0.000000477,"var":0.000000000.0,"sum":0.000000477},"relative_timestamp_from_irespond_start":{"num":1,"min":0.000000715,"max":0.000000715,"avg":0.000000715,"var":0.000000000.0,"sum":0.000000715}},"get_input":{"duration":{"num":0,"min":0.000000000.0,"max":0.000000000.0,"avg":0.000000000.0,"var":0.000000000.0,"sum":0.000000000.0},"relative_timestamp_from_ult_start":{"num":0,"min":0.000000000.0,"max":0.000000000.0,"avg":0.000000000.0,"var":0.000000000.0,"sum":0.000000000.0}}}}}}}