{"address":"","progress_loop":{"progress_with_timeout":{"num":2246,"min":0.000000000.0,"max":0.104007483,"avg":0.057718786,"var":5.996270132,"sum":129.636392832},"progress_timeout_value_msec":{"num":2246,"min":100.000000000.0,"max":100.000000000.0,"avg":100.000000000.0,"var":0.000000000.0,"sum":224600.000000000.0},"progress_without_timeout":{"num":646524,"min":0.000000000.0,"max":0.000011921,"avg":0.000000113,"var":0.000000010,"sum":0.073268652},"trigger":{"num":4002,"min":0.000000000.0,"max":0.000015497,"avg":0.000000284,"var":0.000000000,"sum":0.001137972}},"rpcs":{"65535:65535:14048217247822970879:0":{"rpc_id":-4398526825886580737,"provider_id":0,"parent_rpc_id":65535,"parent_provider_id":65535,"name":"get_file_data","origin":{"sent to ofi+cxi://0x24070000":{"iforward":{"duration":{"num":1000,"min":0.000000477,"max":0.000034571,"avg":0.000000646,"var":0.000000001,"sum":0.000645638},"relative_timestamp_from_create":{"num":1000,"min":0.000000000.0,"max":0.000004530,"avg":0.000000077,"var":0.000000000,"sum":0.000076532}},"forward_cb":{"duration":{"num":1000,"min":0.000000000.0,"max":0.000000477,"avg":0.000000077,"var":0.000000000,"sum":0.000077486},"relative_timestamp_from_iforward_start":{"num":1000,"min":0.000059366,"max":0.018002033,"avg":0.000191685,"var":0.000370249,"sum":0.191684723}},"iforward_wait":{"duration":{"num":1000,"min":0.000059366,"max":0.017971992,"avg":0.000191702,"var":0.000369168,"sum":0.191701889},"relative_timestamp_from_iforward_end":{"num":1000,"min":0.000000000.0,"max":0.000000238,"avg":0.000000045,"var":0.000000000,"sum":0.000044823}},"set_input":{"duration":{"num":1000,"min":0.000000000.0,"max":0.000005007,"avg":0.000000098,"var":0.000000000,"sum":0.000098467},"relative_timestamp_from_iforward_start":{"num":1000,"min":0.000000238,"max":0.000021935,"avg":0.000000420,"var":0.000000000,"sum":0.000420094}},"get_output":{"duration":{"num":1000,"min":0.000000000.0,"max":0.000000477,"avg":0.000000126,"var":0.000000000,"sum":0.000125647},"relative_timestamp_from_wait_end":{"num":1000,"min":0.000000000.0,"max":0.000000238,"avg":0.000000088,"var":0.000000000,"sum":0.000088215}}}},"target":{"received from ofi+cxi://0x24070000":{"handler":{"duration":{"num":1000,"min":0.000000238,"max":0.000006914,"avg":0.000000335,"var":0.000000000,"sum":0.000335455}},"ult":{"duration":{"num":1000,"min":0.000058174,"max":0.017940521,"avg":0.000190429,"var":0.000368056,"sum":0.190429211},"relative_timestamp_from_handler_start":{"num":1000,"min":0.000000477,"max":0.000015736,"avg":0.000000580,"var":0.000000000,"sum":0.000580072}},"irespond":{"duration":{"num":1000,"min":0.000000238,"max":0.000002623,"avg":0.000000313,"var":0.000000000,"sum":0.000313044},"relative_timestamp_from_ult_start":{"num":1000,"min":0.000056744,"max":0.017934084,"avg":0.000188944,"var":0.000367869,"sum":0.188943863}},"respond_cb":{"duration":{"num":1000,"min":0.000000000.0,"max":0.000000238,"avg":0.000000078,"var":0.000000000,"sum":0.000077963},"relative_timestamp_from_irespond_start":{"num":1000,"min":0.000000477,"max":0.000003576,"avg":0.000000711,"var":0.000000000,"sum":0.000710726}},"irespond_wait":{"duration":{"num":1000,"min":0.000000715,"max":0.000001907,"avg":0.000000899,"var":0.000000000,"sum":0.000899315},"relative_timestamp_from_irespond_end":{"num":1000,"min":0.000000000.0,"max":0.000000477,"avg":0.000000045,"var":0.000000000,"sum":0.000044584}},"set_output":{"duration":{"num":1000,"min":0.000000000.0,"max":0.000000954,"avg":0.000000113,"var":0.000000000,"sum":0.000112772},"relative_timestamp_from_irespond_start":{"num":1000,"min":0.000000000.0,"max":0.000001192,"avg":0.000000080,"var":0.000000000,"sum":0.000079632}},"get_input":{"duration":{"num":1000,"min":0.000000000.0,"max":0.000001907,"avg":0.000000106,"var":0.000000000,"sum":0.000105858},"relative_timestamp_from_ult_start":{"num":1000,"min":0.000000000.0,"max":0.000004053,"avg":0.000000137,"var":0.000000000,"sum":0.000136614}}}}},"14048217247822970879:0:14048217247822970879:0":{"rpc_id":-4398526825886580737,"provider_id":0,"parent_rpc_id":-4398526825886580737,"parent_provider_id":0,"name":"get_file_data","origin":{"sent to ofi+cxi://0x24050400":{"iforward":{"duration":{"num":1000,"min":0.000000954,"max":0.000038862,"avg":0.000001335,"var":0.000000003,"sum":0.001334667},"relative_timestamp_from_create":{"num":1000,"min":0.000000000.0,"max":0.000000477,"avg":0.000000062,"var":0.000000000,"sum":0.000061750}},"forward_cb":{"duration":{"num":1000,"min":0.000000000.0,"max":0.000001431,"avg":0.000000089,"var":0.000000000,"sum":0.000088692},"relative_timestamp_from_iforward_start":{"num":1000,"min":0.000050783,"max":0.017796040,"avg":0.000182560,"var":0.000363158,"sum":0.182560444}},"iforward_wait":{"duration":{"num":1000,"min":0.000050068,"max":0.017762661,"avg":0.000181373,"var":0.000361878,"sum":0.181372643},"relative_timestamp_from_iforward_end":{"num":1000,"min":0.000000000.0,"max":0.000000477,"avg":0.000000212,"var":0.000000000,"sum":0.000211954}},"set_input":{"duration":{"num":1000,"min":0.000000000.0,"max":0.000000715,"avg":0.000000092,"var":0.000000000,"sum":0.000091791},"relative_timestamp_from_iforward_start":{"num":1000,"min":0.000000238,"max":0.000002384,"avg":0.000000359,"var":0.000000000,"sum":0.000359058}},"get_output":{"duration":{"num":1000,"min":0.000000000.0,"max":0.000001431,"avg":0.000000199,"var":0.000000000,"sum":0.000198603},"relative_timestamp_from_wait_end":{"num":1000,"min":0.000000000.0,"max":0.000000715,"avg":0.000000115,"var":0.000000000,"sum":0.000114679}}}}},"65535:65535:8686831390660034559:65535":{"rpc_id":8686831390660034559,"provider_id":65535,"parent_rpc_id":65535,"parent_provider_id":65535,"name":"__shutdown__","target":{"received from ofi+cxi://0x24014401":{"handler":{"duration":{"num":1,"min":0.000010729,"max":0.000010729,"avg":0.000010729,"var":0.000000000.0,"sum":0.000010729}},"ult":{"duration":{"num":1,"min":0.000009298,"max":0.000009298,"avg":0.000009298,"var":0.000000000.0,"sum":0.000009298},"relative_timestamp_from_handler_start":{"num":1,"min":0.000012636,"max":0.000012636,"avg":0.000012636,"var":0.000000000.0,"sum":0.000012636}},"irespond":{"duration":{"num":1,"min":0.000002384,"max":0.000002384,"avg":0.000002384,"var":0.000000000.0,"sum":0.000002384},"relative_timestamp_from_ult_start":{"num":1,"min":0.000000238,"max":0.000000238,"avg":0.000000238,"var":0.000000000.0,"sum":0.000000238}},"respond_cb":{"duration":{"num":1,"min":0.000000238,"max":0.000000238,"avg":0.000000238,"var":0.000000000.0,"sum":0.000000238},"relative_timestamp_from_irespond_start":{"num":1,"min":0.000006914,"max":0.000006914,"avg":0.000006914,"var":0.000000000.0,"sum":0.000006914}},"irespond_wait":{"duration":{"num":1,"min":0.000005007,"max":0.000005007,"avg":0.000005007,"var":0.000000000.0,"sum":0.000005007},"relative_timestamp_from_irespond_end":{"num":1,"min":0.000000000.0,"max":0.000000000.0,"avg":0.000000000.0,"var":0.000000000.0,"sum":0.000000000.0}},"set_output":{"duration":{"num":1,"min":0.000000238,"max":0.000000238,"avg":0.000000238,"var":0.000000000.0,"sum":0.000000238},"relative_timestamp_from_irespond_start":{"num":1,"min":0.000000000.0,"max":0.000000000.0,"avg":0.000000000.0,"var":0.000000000.0,"sum":0.000000000.0}},"get_input":{"duration":{"num":0,"min":0.000000000.0,"max":0.000000000.0,"avg":0.000000000.0,"var":0.000000000.0,"sum":0.000000000.0},"relative_timestamp_from_ult_start":{"num":0,"min":0.000000000.0,"max":0.000000000.0,"avg":0.000000000.0,"var":0.000000000.0,"sum":0.000000000.0}}}}}}}