{"address":"","progress_loop":{"progress_with_timeout":{"num":2237,"min":0.000000000.0,"max":0.104014874,"avg":0.057518895,"var":5.977730111,"sum":128.669768810},"progress_timeout_value_msec":{"num":2237,"min":100.000000000.0,"max":100.000000000.0,"avg":100.000000000.0,"var":0.000000000.0,"sum":223700.000000000.0},"progress_without_timeout":{"num":4144961,"min":0.000000000.0,"max":0.000075579,"avg":0.000000112,"var":0.000000082,"sum":0.463452816},"trigger":{"num":5002,"min":0.000000000.0,"max":0.000020504,"avg":0.000000427,"var":0.000000002,"sum":0.002137184}},"rpcs":{"65535:65535:14048217247822970879:0":{"rpc_id":-4398526825886580737,"provider_id":0,"parent_rpc_id":65535,"parent_provider_id":65535,"name":"get_file_data","origin":{"sent to ofi+cxi://0x24072400":{"iforward":{"duration":{"num":1000,"min":0.000000477,"max":0.000029087,"avg":0.000000701,"var":0.000000001,"sum":0.000700951},"relative_timestamp_from_create":{"num":1000,"min":0.000000000.0,"max":0.000002861,"avg":0.000000081,"var":0.000000000,"sum":0.000081062}},"forward_cb":{"duration":{"num":1000,"min":0.000000000.0,"max":0.000000238,"avg":0.000000066,"var":0.000000000,"sum":0.000066280},"relative_timestamp_from_iforward_start":{"num":1000,"min":0.000129461,"max":0.028346300,"avg":0.001172842,"var":0.000965815,"sum":1.172841549}},"iforward_wait":{"duration":{"num":1000,"min":0.000129461,"max":0.028320789,"avg":0.001172827,"var":0.000964400,"sum":1.172827005},"relative_timestamp_from_iforward_end":{"num":1000,"min":0.000000000.0,"max":0.000000477,"avg":0.000000039,"var":0.000000000,"sum":0.000038862}},"set_input":{"duration":{"num":1000,"min":0.000000000.0,"max":0.000003815,"avg":0.000000128,"var":0.000000000,"sum":0.000128269},"relative_timestamp_from_iforward_start":{"num":1000,"min":0.000000238,"max":0.000019312,"avg":0.000000438,"var":0.000000000,"sum":0.000438452}},"get_output":{"duration":{"num":1000,"min":0.000001192,"max":0.000001907,"avg":0.000001288,"var":0.000000000,"sum":0.001287937},"relative_timestamp_from_wait_end":{"num":1000,"min":0.000000000.0,"max":0.000000238,"avg":0.000000085,"var":0.000000000,"sum":0.000085354}}}},"target":{"received from ofi+cxi://0x24072400":{"handler":{"duration":{"num":1000,"min":0.000000238,"max":0.000005960,"avg":0.000000340,"var":0.000000000,"sum":0.000340462}},"ult":{"duration":{"num":1000,"min":0.000128031,"max":0.027746439,"avg":0.001170955,"var":0.000933526,"sum":1.170955181},"relative_timestamp_from_handler_start":{"num":1000,"min":0.000000477,"max":0.000562191,"avg":0.000001138,"var":0.000000315,"sum":0.001137972}},"irespond":{"duration":{"num":1000,"min":0.000001431,"max":0.000037432,"avg":0.000003210,"var":0.000000033,"sum":0.003210068},"relative_timestamp_from_ult_start":{"num":1000,"min":0.000125170,"max":0.027708769,"avg":0.001166483,"var":0.000930455,"sum":1.166482687}},"respond_cb":{"duration":{"num":1000,"min":0.000000000.0,"max":0.000000477,"avg":0.000000073,"var":0.000000000,"sum":0.000072956},"relative_timestamp_from_irespond_start":{"num":1000,"min":0.000001907,"max":0.000037909,"avg":0.000003654,"var":0.000000033,"sum":0.003654003}},"irespond_wait":{"duration":{"num":1000,"min":0.000000715,"max":0.000002384,"avg":0.000000967,"var":0.000000000,"sum":0.000966787},"relative_timestamp_from_irespond_end":{"num":1000,"min":0.000000000.0,"max":0.000000238,"avg":0.000000046,"var":0.000000000,"sum":0.000045538}},"set_output":{"duration":{"num":1000,"min":0.000000715,"max":0.000028849,"avg":0.000002081,"var":0.000000016,"sum":0.002080679},"relative_timestamp_from_irespond_start":{"num":1000,"min":0.000000000.0,"max":0.000000954,"avg":0.000000081,"var":0.000000000,"sum":0.000081301}},"get_input":{"duration":{"num":1000,"min":0.000000000.0,"max":0.000001907,"avg":0.000000117,"var":0.000000000,"sum":0.000117064},"relative_timestamp_from_ult_start":{"num":1000,"min":0.000000000.0,"max":0.000006199,"avg":0.000000132,"var":0.000000000,"sum":0.000131845}}}}},"14048217247822970879:0:14048217247822970879:0":{"rpc_id":-4398526825886580737,"provider_id":0,"parent_rpc_id":-4398526825886580737,"parent_provider_id":0,"name":"get_file_data","origin":{"sent to ofi+cxi://0x24034200":{"iforward":{"duration":{"num":1000,"min":0.000000954,"max":0.000032425,"avg":0.000001591,"var":0.000000003,"sum":0.001591444},"relative_timestamp_from_create":{"num":1000,"min":0.000000000.0,"max":0.000000477,"avg":0.000000074,"var":0.000000000,"sum":0.000073671}},"forward_cb":{"duration":{"num":1000,"min":0.000000000.0,"max":0.000000954,"avg":0.000000087,"var":0.000000000,"sum":0.000086784},"relative_timestamp_from_iforward_start":{"num":1000,"min":0.000116587,"max":0.027591228,"avg":0.001157221,"var":0.000924223,"sum":1.157221317}},"iforward_wait":{"duration":{"num":1000,"min":0.000115156,"max":0.027562380,"avg":0.001155797,"var":0.000922430,"sum":1.155797482},"relative_timestamp_from_iforward_end":{"num":1000,"min":0.000000000.0,"max":0.000000477,"avg":0.000000229,"var":0.000000000,"sum":0.000229120}},"set_input":{"duration":{"num":1000,"min":0.000000000.0,"max":0.000000477,"avg":0.000000124,"var":0.000000000,"sum":0.000123501},"relative_timestamp_from_iforward_start":{"num":1000,"min":0.000000238,"max":0.000002384,"avg":0.000000380,"var":0.000000000,"sum":0.000380039}},"get_output":{"duration":{"num":1000,"min":0.000001431,"max":0.000018358,"avg":0.000002080,"var":0.000000001,"sum":0.002079725},"relative_timestamp_from_wait_end":{"num":1000,"min":0.000000000.0,"max":0.000021696,"avg":0.000000160,"var":0.000000001,"sum":0.000160456}}}}},"65535:65535:8686831390660034559:65535":{"rpc_id":8686831390660034559,"provider_id":65535,"parent_rpc_id":65535,"parent_provider_id":65535,"name":"__shutdown__","target":{"received from ofi+cxi://0x24014401":{"handler":{"duration":{"num":1,"min":0.000013590,"max":0.000013590,"avg":0.000013590,"var":0.000000000.0,"sum":0.000013590}},"ult":{"duration":{"num":1,"min":0.000011921,"max":0.000011921,"avg":0.000011921,"var":0.000000000.0,"sum":0.000011921},"relative_timestamp_from_handler_start":{"num":1,"min":0.000015974,"max":0.000015974,"avg":0.000015974,"var":0.000000000.0,"sum":0.000015974}},"irespond":{"duration":{"num":1,"min":0.000004053,"max":0.000004053,"avg":0.000004053,"var":0.000000000.0,"sum":0.000004053},"relative_timestamp_from_ult_start":{"num":1,"min":0.000000715,"max":0.000000715,"avg":0.000000715,"var":0.000000000.0,"sum":0.000000715}},"respond_cb":{"duration":{"num":1,"min":0.000000238,"max":0.000000238,"avg":0.000000238,"var":0.000000000.0,"sum":0.000000238},"relative_timestamp_from_irespond_start":{"num":1,"min":0.000009060,"max":0.000009060,"avg":0.000009060,"var":0.000000000.0,"sum":0.000009060}},"irespond_wait":{"duration":{"num":1,"min":0.000005484,"max":0.000005484,"avg":0.000005484,"var":0.000000000.0,"sum":0.000005484},"relative_timestamp_from_irespond_end":{"num":1,"min":0.000000000.0,"max":0.000000000.0,"avg":0.000000000.0,"var":0.000000000.0,"sum":0.000000000.0}},"set_output":{"duration":{"num":1,"min":0.000000238,"max":0.000000238,"avg":0.000000238,"var":0.000000000.0,"sum":0.000000238},"relative_timestamp_from_irespond_start":{"num":1,"min":0.000000477,"max":0.000000477,"avg":0.000000477,"var":0.000000000.0,"sum":0.000000477}},"get_input":{"duration":{"num":0,"min":0.000000000.0,"max":0.000000000.0,"avg":0.000000000.0,"var":0.000000000.0,"sum":0.000000000.0},"relative_timestamp_from_ult_start":{"num":0,"min":0.000000000.0,"max":0.000000000.0,"avg":0.000000000.0,"var":0.000000000.0,"sum":0.000000000.0}}}}}}}