{"address":"","progress_loop":{"progress_with_timeout":{"num":1297,"min":0.000000477,"max":0.104011774,"avg":0.099934989,"var":0.523342175,"sum":129.615680933},"progress_timeout_value_msec":{"num":1297,"min":100.000000000.0,"max":100.000000000.0,"avg":100.000000000.0,"var":0.000000000.0,"sum":129700.000000000.0},"progress_without_timeout":{"num":653896,"min":0.000000000.0,"max":0.000013351,"avg":0.000000117,"var":0.000000013,"sum":0.076642275},"trigger":{"num":10002,"min":0.000000000.0,"max":0.001428366,"avg":0.000000446,"var":0.000002040,"sum":0.004463911}},"rpcs":{"65535:65535:14048217247822970879:0":{"rpc_id":-4398526825886580737,"provider_id":0,"parent_rpc_id":65535,"parent_provider_id":65535,"name":"get_file_data","origin":{"sent to ofi+cxi://0x24034600":{"iforward":{"duration":{"num":1000,"min":0.000000477,"max":0.000032902,"avg":0.000000635,"var":0.000000001,"sum":0.000635147},"relative_timestamp_from_create":{"num":1000,"min":0.000000000.0,"max":0.000003815,"avg":0.000000074,"var":0.000000000,"sum":0.000073910}},"forward_cb":{"duration":{"num":1000,"min":0.000000000.0,"max":0.000002623,"avg":0.000000077,"var":0.000000000,"sum":0.000076532},"relative_timestamp_from_iforward_start":{"num":1000,"min":0.000060558,"max":0.013800859,"avg":0.000209428,"var":0.000463544,"sum":0.209428310}},"iforward_wait":{"duration":{"num":1000,"min":0.000060558,"max":0.013787508,"avg":0.000209711,"var":0.000463136,"sum":0.209711075},"relative_timestamp_from_iforward_end":{"num":1000,"min":0.000000000.0,"max":0.000000238,"avg":0.000000051,"var":0.000000000,"sum":0.000050783}},"set_input":{"duration":{"num":1000,"min":0.000000000.0,"max":0.000004530,"avg":0.000000088,"var":0.000000000,"sum":0.000088215},"relative_timestamp_from_iforward_start":{"num":1000,"min":0.000000238,"max":0.000020981,"avg":0.000000420,"var":0.000000000,"sum":0.000420094}},"get_output":{"duration":{"num":1000,"min":0.000000000.0,"max":0.000003576,"avg":0.000000262,"var":0.000000000,"sum":0.000262499},"relative_timestamp_from_wait_end":{"num":1000,"min":0.000000000.0,"max":0.000000238,"avg":0.000000102,"var":0.000000000,"sum":0.000101805}}}},"target":{"received from ofi+cxi://0x24034600":{"handler":{"duration":{"num":1000,"min":0.000000238,"max":0.000007391,"avg":0.000000332,"var":0.000000000,"sum":0.000332117}},"ult":{"duration":{"num":1000,"min":0.000059366,"max":0.013265610,"avg":0.000207653,"var":0.000449241,"sum":0.207652569},"relative_timestamp_from_handler_start":{"num":1000,"min":0.000000477,"max":0.000491619,"avg":0.000001103,"var":0.000000241,"sum":0.001102686}},"irespond":{"duration":{"num":1000,"min":0.000000238,"max":0.000002861,"avg":0.000000327,"var":0.000000000,"sum":0.000327110},"relative_timestamp_from_ult_start":{"num":1000,"min":0.000057697,"max":0.013257265,"avg":0.000206016,"var":0.000449033,"sum":0.206016064}},"respond_cb":{"duration":{"num":1000,"min":0.000000000.0,"max":0.000002384,"avg":0.000000081,"var":0.000000000,"sum":0.000080824},"relative_timestamp_from_irespond_start":{"num":1000,"min":0.000000477,"max":0.000006437,"avg":0.000000804,"var":0.000000000,"sum":0.000804186}},"irespond_wait":{"duration":{"num":1000,"min":0.000000715,"max":0.000006676,"avg":0.000001026,"var":0.000000000,"sum":0.001026154},"relative_timestamp_from_irespond_end":{"num":1000,"min":0.000000000.0,"max":0.000000238,"avg":0.000000045,"var":0.000000000,"sum":0.000045300}},"set_output":{"duration":{"num":1000,"min":0.000000000.0,"max":0.000001192,"avg":0.000000128,"var":0.000000000,"sum":0.000128031},"relative_timestamp_from_irespond_start":{"num":1000,"min":0.000000000.0,"max":0.000000954,"avg":0.000000077,"var":0.000000000,"sum":0.000077009}},"get_input":{"duration":{"num":1000,"min":0.000000000.0,"max":0.000002623,"avg":0.000000108,"var":0.000000000,"sum":0.000108004},"relative_timestamp_from_ult_start":{"num":1000,"min":0.000000000.0,"max":0.000006914,"avg":0.000000137,"var":0.000000000,"sum":0.000137091}}}}},"14048217247822970879:0:14048217247822970879:0":{"rpc_id":-4398526825886580737,"provider_id":0,"parent_rpc_id":-4398526825886580737,"parent_provider_id":0,"name":"get_file_data","origin":{"sent to ofi+cxi://0x24010400":{"iforward":{"duration":{"num":3000,"min":0.000000715,"max":0.000035048,"avg":0.000001133,"var":0.000000003,"sum":0.003398418},"relative_timestamp_from_create":{"num":3000,"min":0.000000000.0,"max":0.000000477,"avg":0.000000060,"var":0.000000000,"sum":0.000179768}},"forward_cb":{"duration":{"num":3000,"min":0.000000000.0,"max":0.000002146,"avg":0.000000093,"var":0.000000000,"sum":0.000278711},"relative_timestamp_from_iforward_start":{"num":3000,"min":0.000040770,"max":0.014915943,"avg":0.000191651,"var":0.001307839,"sum":0.574952126}},"iforward_wait":{"duration":{"num":3000,"min":0.000039577,"max":0.014908552,"avg":0.000190867,"var":0.001305732,"sum":0.572601080},"relative_timestamp_from_iforward_end":{"num":3000,"min":0.000000000.0,"max":0.000000477,"avg":0.000000188,"var":0.000000000,"sum":0.000563145}},"set_input":{"duration":{"num":3000,"min":0.000000000.0,"max":0.000000715,"avg":0.000000089,"var":0.000000000,"sum":0.000267029},"relative_timestamp_from_iforward_start":{"num":3000,"min":0.000000238,"max":0.000002861,"avg":0.000000364,"var":0.000000000,"sum":0.001092434}},"get_output":{"duration":{"num":3000,"min":0.000000238,"max":0.000004053,"avg":0.000000354,"var":0.000000000,"sum":0.001061201},"relative_timestamp_from_wait_end":{"num":3000,"min":0.000000000.0,"max":0.000003338,"avg":0.000000105,"var":0.000000000,"sum":0.000314236}}}},"target":{"received from ofi+cxi://0x24014200":{"handler":{"duration":{"num":1000,"min":0.000000238,"max":0.000002861,"avg":0.000000358,"var":0.000000000,"sum":0.000357866}},"ult":{"duration":{"num":1000,"min":0.000050545,"max":0.014929771,"avg":0.000205715,"var":0.000500003,"sum":0.205715418},"relative_timestamp_from_handler_start":{"num":1000,"min":0.000000477,"max":0.000006914,"avg":0.000000729,"var":0.000000001,"sum":0.000728607}},"irespond":{"duration":{"num":1000,"min":0.000000477,"max":0.000010729,"avg":0.000000634,"var":0.000000000,"sum":0.000633717},"relative_timestamp_from_ult_start":{"num":1000,"min":0.000044823,"max":0.014923096,"avg":0.000199457,"var":0.000498722,"sum":0.199456930}},"respond_cb":{"duration":{"num":1000,"min":0.000000000.0,"max":0.000000238,"avg":0.000000074,"var":0.000000000,"sum":0.000073910},"relative_timestamp_from_irespond_start":{"num":1000,"min":0.000004768,"max":0.000036716,"avg":0.000005653,"var":0.000000002,"sum":0.005653381}},"irespond_wait":{"duration":{"num":1000,"min":0.000004530,"max":0.000041485,"avg":0.000005227,"var":0.000000004,"sum":0.005226612},"relative_timestamp_from_irespond_end":{"num":1000,"min":0.000000000.0,"max":0.000000238,"avg":0.000000192,"var":0.000000000,"sum":0.000191927}},"set_output":{"duration":{"num":1000,"min":0.000000238,"max":0.000000954,"avg":0.000000292,"var":0.000000000,"sum":0.000292301},"relative_timestamp_from_irespond_start":{"num":1000,"min":0.000000000.0,"max":0.000000477,"avg":0.000000076,"var":0.000000000,"sum":0.000075817}},"get_input":{"duration":{"num":1000,"min":0.000000000.0,"max":0.000002384,"avg":0.000000118,"var":0.000000000,"sum":0.000117779},"relative_timestamp_from_ult_start":{"num":1000,"min":0.000000000.0,"max":0.000000477,"avg":0.000000125,"var":0.000000000,"sum":0.000125170}}},"received from ofi+cxi://0x24070400":{"handler":{"duration":{"num":1000,"min":0.000000238,"max":0.001427174,"avg":0.000001786,"var":0.000002034,"sum":0.001786470}},"ult":{"duration":{"num":1000,"min":0.000051498,"max":0.012889862,"avg":0.000195230,"var":0.000364470,"sum":0.195230484},"relative_timestamp_from_handler_start":{"num":1000,"min":0.000000477,"max":0.001429081,"avg":0.000002179,"var":0.000002039,"sum":0.002179384}},"irespond":{"duration":{"num":1000,"min":0.000000477,"max":0.000007868,"avg":0.000000610,"var":0.000000000,"sum":0.000609875},"relative_timestamp_from_ult_start":{"num":1000,"min":0.000045061,"max":0.012873888,"avg":0.000188917,"var":0.000364183,