{"address":"","progress_loop":{"progress_with_timeout":{"num":2246,"min":0.000000000.0,"max":0.104066849,"avg":0.057719532,"var":5.996262182,"sum":129.638068199},"progress_timeout_value_msec":{"num":2246,"min":100.000000000.0,"max":100.000000000.0,"avg":100.000000000.0,"var":0.000000000.0,"sum":224600.000000000.0},"progress_without_timeout":{"num":677931,"min":0.000000000.0,"max":0.000008583,"avg":0.000000113,"var":0.000000010,"sum":0.076338768},"trigger":{"num":4002,"min":0.000000000.0,"max":0.000028849,"avg":0.000000294,"var":0.000000001,"sum":0.001178265}},"rpcs":{"65535:65535:14048217247822970879:0":{"rpc_id":-4398526825886580737,"provider_id":0,"parent_rpc_id":65535,"parent_provider_id":65535,"name":"get_file_data","origin":{"sent to ofi+cxi://0x24096600":{"iforward":{"duration":{"num":1000,"min":0.000000477,"max":0.000025034,"avg":0.000000630,"var":0.000000001,"sum":0.000630140},"relative_timestamp_from_create":{"num":1000,"min":0.000000000.0,"max":0.000003338,"avg":0.000000078,"var":0.000000000,"sum":0.000077724}},"forward_cb":{"duration":{"num":1000,"min":0.000000000.0,"max":0.000002861,"avg":0.000000086,"var":0.000000000,"sum":0.000086308},"relative_timestamp_from_iforward_start":{"num":1000,"min":0.000055075,"max":0.014914513,"avg":0.000203455,"var":0.000504855,"sum":0.203454733}},"iforward_wait":{"duration":{"num":1000,"min":0.000055075,"max":0.014914751,"avg":0.000203495,"var":0.000504335,"sum":0.203494787},"relative_timestamp_from_iforward_end":{"num":1000,"min":0.000000000.0,"max":0.000000238,"avg":0.000000045,"var":0.000000000,"sum":0.000044584}},"set_input":{"duration":{"num":1000,"min":0.000000000.0,"max":0.000004053,"avg":0.000000097,"var":0.000000000,"sum":0.000097036},"relative_timestamp_from_iforward_start":{"num":1000,"min":0.000000238,"max":0.000015259,"avg":0.000000411,"var":0.000000000,"sum":0.000410557}},"get_output":{"duration":{"num":1000,"min":0.000000000.0,"max":0.000000238,"avg":0.000000120,"var":0.000000000,"sum":0.000119686},"relative_timestamp_from_wait_end":{"num":1000,"min":0.000000000.0,"max":0.000000238,"avg":0.000000087,"var":0.000000000,"sum":0.000086546}}}},"target":{"received from ofi+cxi://0x24096600":{"handler":{"duration":{"num":1000,"min":0.000000238,"max":0.000005722,"avg":0.000000360,"var":0.000000000,"sum":0.000360012}},"ult":{"duration":{"num":1000,"min":0.000053644,"max":0.014913321,"avg":0.000202211,"var":0.000503830,"sum":0.202210665},"relative_timestamp_from_handler_start":{"num":1000,"min":0.000000477,"max":0.000011921,"avg":0.000000605,"var":0.000000000,"sum":0.000605106}},"irespond":{"duration":{"num":1000,"min":0.000000238,"max":0.000002146,"avg":0.000000308,"var":0.000000000,"sum":0.000307798},"relative_timestamp_from_ult_start":{"num":1000,"min":0.000052214,"max":0.014911652,"avg":0.000200704,"var":0.000503734,"sum":0.200703859}},"respond_cb":{"duration":{"num":1000,"min":0.000000000.0,"max":0.000000238,"avg":0.000000077,"var":0.000000000,"sum":0.000077486},"relative_timestamp_from_irespond_start":{"num":1000,"min":0.000000477,"max":0.000002861,"avg":0.000000708,"var":0.000000000,"sum":0.000707865}},"irespond_wait":{"duration":{"num":1000,"min":0.000000715,"max":0.000003815,"avg":0.000000916,"var":0.000000000,"sum":0.000915527},"relative_timestamp_from_irespond_end":{"num":1000,"min":0.000000000.0,"max":0.000000238,"avg":0.000000042,"var":0.000000000,"sum":0.000042439}},"set_output":{"duration":{"num":1000,"min":0.000000000.0,"max":0.000000715,"avg":0.000000106,"var":0.000000000,"sum":0.000105858},"relative_timestamp_from_irespond_start":{"num":1000,"min":0.000000000.0,"max":0.000000715,"avg":0.000000081,"var":0.000000000,"sum":0.000081062}},"get_input":{"duration":{"num":1000,"min":0.000000000.0,"max":0.000001669,"avg":0.000000101,"var":0.000000000,"sum":0.000101328},"relative_timestamp_from_ult_start":{"num":1000,"min":0.000000000.0,"max":0.000002623,"avg":0.000000132,"var":0.000000000,"sum":0.000132322}}}}},"14048217247822970879:0:14048217247822970879:0":{"rpc_id":-4398526825886580737,"provider_id":0,"parent_rpc_id":-4398526825886580737,"parent_provider_id":0,"name":"get_file_data","origin":{"sent to ofi+cxi://0x24050400":{"iforward":{"duration":{"num":1000,"min":0.000000954,"max":0.000033140,"avg":0.000001293,"var":0.000000002,"sum":0.001293421},"relative_timestamp_from_create":{"num":1000,"min":0.000000000.0,"max":0.000000238,"avg":0.000000065,"var":0.000000000,"sum":0.000064850}},"forward_cb":{"duration":{"num":1000,"min":0.000000000.0,"max":0.000000954,"avg":0.000000079,"var":0.000000000,"sum":0.000078917},"relative_timestamp_from_iforward_start":{"num":1000,"min":0.000046015,"max":0.014905453,"avg":0.000194433,"var":0.000501749,"sum":0.194432735}},"iforward_wait":{"duration":{"num":1000,"min":0.000045300,"max":0.014898777,"avg":0.000193282,"var":0.000500688,"sum":0.193282127},"relative_timestamp_from_iforward_end":{"num":1000,"min":0.000000000.0,"max":0.000000477,"avg":0.000000204,"var":0.000000000,"sum":0.000203609}},"set_input":{"duration":{"num":1000,"min":0.000000000.0,"max":0.000000477,"avg":0.000000092,"var":0.000000000,"sum":0.000092268},"relative_timestamp_from_iforward_start":{"num":1000,"min":0.000000238,"max":0.000001907,"avg":0.000000358,"var":0.000000000,"sum":0.000357866}},"get_output":{"duration":{"num":1000,"min":0.000000000.0,"max":0.000001431,"avg":0.000000188,"var":0.000000000,"sum":0.000188351},"relative_timestamp_from_wait_end":{"num":1000,"min":0.000000000.0,"max":0.000000477,"avg":0.000000104,"var":0.000000000,"sum":0.000103951}}}}},"65535:65535:8686831390660034559:65535":{"rpc_id":8686831390660034559,"provider_id":65535,"parent_rpc_id":65535,"parent_provider_id":65535,"name":"__shutdown__","target":{"received from ofi+cxi://0x24014401":{"handler":{"duration":{"num":1,"min":0.000019789,"max":0.000019789,"avg":0.000019789,"var":0.000000000.0,"sum":0.000019789}},"ult":{"duration":{"num":1,"min":0.000016689,"max":0.000016689,"avg":0.000016689,"var":0.000000000.0,"sum":0.000016689},"relative_timestamp_from_handler_start":{"num":1,"min":0.000023365,"max":0.000023365,"avg":0.000023365,"var":0.000000000.0,"sum":0.000023365}},"irespond":{"duration":{"num":1,"min":0.000006914,"max":0.000006914,"avg":0.000006914,"var":0.000000000.0,"sum":0.000006914},"relative_timestamp_from_ult_start":{"num":1,"min":0.000000954,"max":0.000000954,"avg":0.000000954,"var":0.000000000.0,"sum":0.000000954}},"respond_cb":{"duration":{"num":1,"min":0.000000477,"max":0.000000477,"avg":0.000000477,"var":0.000000000.0,"sum":0.000000477},"relative_timestamp_from_irespond_start":{"num":1,"min":0.000012875,"max":0.000012875,"avg":0.000012875,"var":0.000000000.0,"sum":0.000012875}},"irespond_wait":{"duration":{"num":1,"min":0.000006676,"max":0.000006676,"avg":0.000006676,"var":0.000000000.0,"sum":0.000006676},"relative_timestamp_from_irespond_end":{"num":1,"min":0.000000238,"max":0.000000238,"avg":0.000000238,"var":0.000000000.0,"sum":0.000000238}},"set_output":{"duration":{"num":1,"min":0.000000477,"max":0.000000477,"avg":0.000000477,"var":0.000000000.0,"sum":0.000000477},"relative_timestamp_from_irespond_start":{"num":1,"min":0.000001192,"max":0.000001192,"avg":0.000001192,"var":0.000000000.0,"sum":0.000001192}},"get_input":{"duration":{"num":0,"min":0.000000000.0,"max":0.000000000.0,"avg":0.000000000.0,"var":0.000000000.0,"sum":0.000000000.0},"relative_timestamp_from_ult_start":{"num":0,"min":0.000000000.0,"max":0.000000000.0,"avg":0.000000000.0,"var":0.000000000.0,"sum":0.000000000.0}}}}}}}