{"address":"","progress_loop":{"progress_with_timeout":{"num":2204,"min":0.000000000.0,"max":0.104014874,"avg":0.056840592,"var":5.904914215,"sum":125.276664972},"progress_timeout_value_msec":{"num":2204,"min":100.000000000.0,"max":100.000000000.0,"avg":100.000000000.0,"var":0.000000000.0,"sum":220400.000000000.0},"progress_without_timeout":{"num":15923687,"min":0.000000000.0,"max":0.000110149,"avg":0.000000113,"var":0.000000346,"sum":1.793088913},"trigger":{"num":5002,"min":0.000000000.0,"max":0.000030756,"avg":0.000000453,"var":0.000000004,"sum":0.002265930}},"rpcs":{"65535:65535:14048217247822970879:0":{"rpc_id":-4398526825886580737,"provider_id":0,"parent_rpc_id":65535,"parent_provider_id":65535,"name":"get_file_data","origin":{"sent to ofi+cxi://0x24070000":{"iforward":{"duration":{"num":1000,"min":0.000000477,"max":0.000030279,"avg":0.000000757,"var":0.000000001,"sum":0.000756741},"relative_timestamp_from_create":{"num":1000,"min":0.000000000.0,"max":0.000004053,"avg":0.000000122,"var":0.000000000,"sum":0.000121832}},"forward_cb":{"duration":{"num":1000,"min":0.000000000.0,"max":0.000000238,"avg":0.000000072,"var":0.000000000,"sum":0.000072479},"relative_timestamp_from_iforward_start":{"num":1000,"min":0.000986338,"max":0.016686916,"avg":0.004552325,"var":0.000436385,"sum":4.552325249}},"iforward_wait":{"duration":{"num":1000,"min":0.000986338,"max":0.016677618,"avg":0.004552341,"var":0.000436129,"sum":4.552341461},"relative_timestamp_from_iforward_end":{"num":1000,"min":0.000000000.0,"max":0.000000238,"avg":0.000000045,"var":0.000000000,"sum":0.000044584}},"set_input":{"duration":{"num":1000,"min":0.000000000.0,"max":0.000004292,"avg":0.000000163,"var":0.000000000,"sum":0.000162601},"relative_timestamp_from_iforward_start":{"num":1000,"min":0.000000238,"max":0.000018358,"avg":0.000000460,"var":0.000000000,"sum":0.000460386}},"get_output":{"duration":{"num":1000,"min":0.000005245,"max":0.000036955,"avg":0.000005372,"var":0.000000001,"sum":0.005372047},"relative_timestamp_from_wait_end":{"num":1000,"min":0.000000000.0,"max":0.000000477,"avg":0.000000110,"var":0.000000000,"sum":0.000110149}}}},"target":{"received from ofi+cxi://0x24070000":{"handler":{"duration":{"num":1000,"min":0.000000238,"max":0.000006199,"avg":0.000000342,"var":0.000000000,"sum":0.000341892}},"ult":{"duration":{"num":1000,"min":0.000984907,"max":0.016648293,"avg":0.004550955,"var":0.000435364,"sum":4.550955296},"relative_timestamp_from_handler_start":{"num":1000,"min":0.000000477,"max":0.000014067,"avg":0.000000606,"var":0.000000000,"sum":0.000605583}},"irespond":{"duration":{"num":1000,"min":0.000050545,"max":0.000089169,"avg":0.000071656,"var":0.000000030,"sum":0.071656227},"relative_timestamp_from_ult_start":{"num":1000,"min":0.000909328,"max":0.016549587,"avg":0.004477932,"var":0.000434468,"sum":4.477932453}},"respond_cb":{"duration":{"num":1000,"min":0.000000000.0,"max":0.000000238,"avg":0.000000081,"var":0.000000000,"sum":0.000081062},"relative_timestamp_from_irespond_start":{"num":1000,"min":0.000051022,"max":0.000089645,"avg":0.000072118,"var":0.000000030,"sum":0.072117567}},"irespond_wait":{"duration":{"num":1000,"min":0.000000715,"max":0.000002146,"avg":0.000000993,"var":0.000000000,"sum":0.000993252},"relative_timestamp_from_irespond_end":{"num":1000,"min":0.000000000.0,"max":0.000000238,"avg":0.000000054,"var":0.000000000,"sum":0.000054359}},"set_output":{"duration":{"num":1000,"min":0.000039816,"max":0.000069141,"avg":0.000052547,"var":0.000000028,"sum":0.052546740},"relative_timestamp_from_irespond_start":{"num":1000,"min":0.000000000.0,"max":0.000000715,"avg":0.000000080,"var":0.000000000,"sum":0.000080347}},"get_input":{"duration":{"num":1000,"min":0.000000000.0,"max":0.000001907,"avg":0.000000112,"var":0.000000000,"sum":0.000112295},"relative_timestamp_from_ult_start":{"num":1000,"min":0.000000000.0,"max":0.000003099,"avg":0.000000135,"var":0.000000000,"sum":0.000135183}}}}},"14048217247822970879:0:14048217247822970879:0":{"rpc_id":-4398526825886580737,"provider_id":0,"parent_rpc_id":-4398526825886580737,"parent_provider_id":0,"name":"get_file_data","origin":{"sent to ofi+cxi://0x24050400":{"iforward":{"duration":{"num":1000,"min":0.000001431,"max":0.000036240,"avg":0.000002476,"var":0.000000014,"sum":0.002476215},"relative_timestamp_from_create":{"num":1000,"min":0.000000000.0,"max":0.000000477,"avg":0.000000102,"var":0.000000000,"sum":0.000101566}},"forward_cb":{"duration":{"num":1000,"min":0.000000000.0,"max":0.000001192,"avg":0.000000092,"var":0.000000000,"sum":0.000091553},"relative_timestamp_from_iforward_start":{"num":1000,"min":0.000889540,"max":0.016362429,"avg":0.004456985,"var":0.000428108,"sum":4.456984997}},"iforward_wait":{"duration":{"num":1000,"min":0.000887871,"max":0.016330957,"avg":0.004454730,"var":0.000426851,"sum":4.454730272},"relative_timestamp_from_iforward_end":{"num":1000,"min":0.000000000.0,"max":0.000000238,"avg":0.000000167,"var":0.000000000,"sum":0.000167131}},"set_input":{"duration":{"num":1000,"min":0.000000000.0,"max":0.000000477,"avg":0.000000162,"var":0.000000000,"sum":0.000162363},"relative_timestamp_from_iforward_start":{"num":1000,"min":0.000000238,"max":0.000002146,"avg":0.000000662,"var":0.000000000,"sum":0.000662327}},"get_output":{"duration":{"num":1000,"min":0.000006676,"max":0.000070095,"avg":0.000007610,"var":0.000000015,"sum":0.007609844},"relative_timestamp_from_wait_end":{"num":1000,"min":0.000000000.0,"max":0.000009298,"avg":0.000000169,"var":0.000000001,"sum":0.000168562}}}}},"65535:65535:8686831390660034559:65535":{"rpc_id":8686831390660034559,"provider_id":65535,"parent_rpc_id":65535,"parent_provider_id":65535,"name":"__shutdown__","target":{"received from ofi+cxi://0x24014401":{"handler":{"duration":{"num":1,"min":0.000017643,"max":0.000017643,"avg":0.000017643,"var":0.000000000.0,"sum":0.000017643}},"ult":{"duration":{"num":1,"min":0.000017643,"max":0.000017643,"avg":0.000017643,"var":0.000000000.0,"sum":0.000017643},"relative_timestamp_from_handler_start":{"num":1,"min":0.000022888,"max":0.000022888,"avg":0.000022888,"var":0.000000000.0,"sum":0.000022888}},"irespond":{"duration":{"num":1,"min":0.000007629,"max":0.000007629,"avg":0.000007629,"var":0.000000000.0,"sum":0.000007629},"relative_timestamp_from_ult_start":{"num":1,"min":0.000000954,"max":0.000000954,"avg":0.000000954,"var":0.000000000.0,"sum":0.000000954}},"respond_cb":{"duration":{"num":1,"min":0.000000477,"max":0.000000477,"avg":0.000000477,"var":0.000000000.0,"sum":0.000000477},"relative_timestamp_from_irespond_start":{"num":1,"min":0.000013351,"max":0.000013351,"avg":0.000013351,"var":0.000000000.0,"sum":0.000013351}},"irespond_wait":{"duration":{"num":1,"min":0.000006437,"max":0.000006437,"avg":0.000006437,"var":0.000000000.0,"sum":0.000006437},"relative_timestamp_from_irespond_end":{"num":1,"min":0.000000238,"max":0.000000238,"avg":0.000000238,"var":0.000000000.0,"sum":0.000000238}},"set_output":{"duration":{"num":1,"min":0.000000477,"max":0.000000477,"avg":0.000000477,"var":0.000000000.0,"sum":0.000000477},"relative_timestamp_from_irespond_start":{"num":1,"min":0.000000954,"max":0.000000954,"avg":0.000000954,"var":0.000000000.0,"sum":0.000000954}},"get_input":{"duration":{"num":0,"min":0.000000000.0,"max":0.000000000.0,"avg":0.000000000.0,"var":0.000000000.0,"sum":0.000000000.0},"relative_timestamp_from_ult_start":{"num":0,"min":0.000000000.0,"max":0.000000000.0,"avg":0.000000000.0,"var":0.000000000.0,"sum":0.000000000.0}}}}}}}