{"address":"","progress_loop":{"progress_with_timeout":{"num":2246,"min":0.000000000.0,"max":0.104007959,"avg":0.057718486,"var":5.995949519,"sum":129.635719538},"progress_timeout_value_msec":{"num":2246,"min":100.000000000.0,"max":100.000000000.0,"avg":100.000000000.0,"var":0.000000000.0,"sum":224600.000000000.0},"progress_without_timeout":{"num":675613,"min":0.000000000.0,"max":0.000018835,"avg":0.000000114,"var":0.000000012,"sum":0.076684952},"trigger":{"num":4002,"min":0.000000000.0,"max":0.000023842,"avg":0.000000288,"var":0.000000001,"sum":0.001153231}},"rpcs":{"65535:65535:14048217247822970879:0":{"rpc_id":-4398526825886580737,"provider_id":0,"parent_rpc_id":65535,"parent_provider_id":65535,"name":"get_file_data","origin":{"sent to ofi+cxi://0x24052000":{"iforward":{"duration":{"num":1000,"min":0.000000477,"max":0.000025272,"avg":0.000000657,"var":0.000000001,"sum":0.000656843},"relative_timestamp_from_create":{"num":1000,"min":0.000000000.0,"max":0.000003338,"avg":0.000000069,"var":0.000000000,"sum":0.000068903}},"forward_cb":{"duration":{"num":1000,"min":0.000000000.0,"max":0.000000238,"avg":0.000000080,"var":0.000000000,"sum":0.000080347},"relative_timestamp_from_iforward_start":{"num":1000,"min":0.000053883,"max":0.013211727,"avg":0.000199932,"var":0.000379049,"sum":0.199931860}},"iforward_wait":{"duration":{"num":1000,"min":0.000054121,"max":0.013211012,"avg":0.000199925,"var":0.000378486,"sum":0.199924946},"relative_timestamp_from_iforward_end":{"num":1000,"min":0.000000000.0,"max":0.000000238,"avg":0.000000043,"var":0.000000000,"sum":0.000042915}},"set_input":{"duration":{"num":1000,"min":0.000000000.0,"max":0.000004053,"avg":0.000000094,"var":0.000000000,"sum":0.000093699},"relative_timestamp_from_iforward_start":{"num":1000,"min":0.000000238,"max":0.000015259,"avg":0.000000432,"var":0.000000000,"sum":0.000432491}},"get_output":{"duration":{"num":1000,"min":0.000000000.0,"max":0.000000238,"avg":0.000000118,"var":0.000000000,"sum":0.000118256},"relative_timestamp_from_wait_end":{"num":1000,"min":0.000000000.0,"max":0.000000238,"avg":0.000000097,"var":0.000000000,"sum":0.000096798}}}},"target":{"received from ofi+cxi://0x24052000":{"handler":{"duration":{"num":1000,"min":0.000000238,"max":0.000006199,"avg":0.000000333,"var":0.000000000,"sum":0.000332832}},"ult":{"duration":{"num":1000,"min":0.000052691,"max":0.013207197,"avg":0.000198661,"var":0.000377846,"sum":0.198660612},"relative_timestamp_from_handler_start":{"num":1000,"min":0.000000477,"max":0.000012875,"avg":0.000000578,"var":0.000000000,"sum":0.000578403}},"irespond":{"duration":{"num":1000,"min":0.000000238,"max":0.000002384,"avg":0.000000305,"var":0.000000000,"sum":0.000305414},"relative_timestamp_from_ult_start":{"num":1000,"min":0.000051260,"max":0.013204813,"avg":0.000197166,"var":0.000377696,"sum":0.197166204}},"respond_cb":{"duration":{"num":1000,"min":0.000000000.0,"max":0.000000238,"avg":0.000000077,"var":0.000000000,"sum":0.000077486},"relative_timestamp_from_irespond_start":{"num":1000,"min":0.000000477,"max":0.000003576,"avg":0.000000711,"var":0.000000000,"sum":0.000711203}},"irespond_wait":{"duration":{"num":1000,"min":0.000000715,"max":0.000002384,"avg":0.000000915,"var":0.000000000,"sum":0.000915051},"relative_timestamp_from_irespond_end":{"num":1000,"min":0.000000000.0,"max":0.000000238,"avg":0.000000046,"var":0.000000000,"sum":0.000046253}},"set_output":{"duration":{"num":1000,"min":0.000000000.0,"max":0.000000715,"avg":0.000000113,"var":0.000000000,"sum":0.000112772},"relative_timestamp_from_irespond_start":{"num":1000,"min":0.000000000.0,"max":0.000000954,"avg":0.000000074,"var":0.000000000,"sum":0.000073910}},"get_input":{"duration":{"num":1000,"min":0.000000000.0,"max":0.000001907,"avg":0.000000098,"var":0.000000000,"sum":0.000097513},"relative_timestamp_from_ult_start":{"num":1000,"min":0.000000000.0,"max":0.000002861,"avg":0.000000143,"var":0.000000000,"sum":0.000142813}}}}},"14048217247822970879:0:14048217247822970879:0":{"rpc_id":-4398526825886580737,"provider_id":0,"parent_rpc_id":-4398526825886580737,"parent_provider_id":0,"name":"get_file_data","origin":{"sent to ofi+cxi://0x24016200":{"iforward":{"duration":{"num":1000,"min":0.000000954,"max":0.000033855,"avg":0.000001312,"var":0.000000002,"sum":0.001312017},"relative_timestamp_from_create":{"num":1000,"min":0.000000000.0,"max":0.000000238,"avg":0.000000059,"var":0.000000000,"sum":0.000058889}},"forward_cb":{"duration":{"num":1000,"min":0.000000000.0,"max":0.000000715,"avg":0.000000086,"var":0.000000000,"sum":0.000085831},"relative_timestamp_from_iforward_start":{"num":1000,"min":0.000045300,"max":0.013194799,"avg":0.000190821,"var":0.000375469,"sum":0.190821409}},"iforward_wait":{"duration":{"num":1000,"min":0.000044584,"max":0.013185501,"avg":0.000189658,"var":0.000374423,"sum":0.189657688},"relative_timestamp_from_iforward_end":{"num":1000,"min":0.000000000.0,"max":0.000000477,"avg":0.000000213,"var":0.000000000,"sum":0.000212908}},"set_input":{"duration":{"num":1000,"min":0.000000000.0,"max":0.000000477,"avg":0.000000093,"var":0.000000000,"sum":0.000092506},"relative_timestamp_from_iforward_start":{"num":1000,"min":0.000000238,"max":0.000002146,"avg":0.000000367,"var":0.000000000,"sum":0.000366926}},"get_output":{"duration":{"num":1000,"min":0.000000000.0,"max":0.000001431,"avg":0.000000215,"var":0.000000000,"sum":0.000214815},"relative_timestamp_from_wait_end":{"num":1000,"min":0.000000000.0,"max":0.000000477,"avg":0.000000094,"var":0.000000000,"sum":0.000094175}}}}},"65535:65535:8686831390660034559:65535":{"rpc_id":8686831390660034559,"provider_id":65535,"parent_rpc_id":65535,"parent_provider_id":65535,"name":"__shutdown__","target":{"received from ofi+cxi://0x24014401":{"handler":{"duration":{"num":1,"min":0.000016212,"max":0.000016212,"avg":0.000016212,"var":0.000000000.0,"sum":0.000016212}},"ult":{"duration":{"num":1,"min":0.000013590,"max":0.000013590,"avg":0.000013590,"var":0.000000000.0,"sum":0.000013590},"relative_timestamp_from_handler_start":{"num":1,"min":0.000018835,"max":0.000018835,"avg":0.000018835,"var":0.000000000.0,"sum":0.000018835}},"irespond":{"duration":{"num":1,"min":0.000005245,"max":0.000005245,"avg":0.000005245,"var":0.000000000.0,"sum":0.000005245},"relative_timestamp_from_ult_start":{"num":1,"min":0.000000954,"max":0.000000954,"avg":0.000000954,"var":0.000000000.0,"sum":0.000000954}},"respond_cb":{"duration":{"num":1,"min":0.000000477,"max":0.000000477,"avg":0.000000477,"var":0.000000000.0,"sum":0.000000477},"relative_timestamp_from_irespond_start":{"num":1,"min":0.000010490,"max":0.000010490,"avg":0.000010490,"var":0.000000000.0,"sum":0.000010490}},"irespond_wait":{"duration":{"num":1,"min":0.000005722,"max":0.000005722,"avg":0.000005722,"var":0.000000000.0,"sum":0.000005722},"relative_timestamp_from_irespond_end":{"num":1,"min":0.000000238,"max":0.000000238,"avg":0.000000238,"var":0.000000000.0,"sum":0.000000238}},"set_output":{"duration":{"num":1,"min":0.000000238,"max":0.000000238,"avg":0.000000238,"var":0.000000000.0,"sum":0.000000238},"relative_timestamp_from_irespond_start":{"num":1,"min":0.000000477,"max":0.000000477,"avg":0.000000477,"var":0.000000000.0,"sum":0.000000477}},"get_input":{"duration":{"num":0,"min":0.000000000.0,"max":0.000000000.0,"avg":0.000000000.0,"var":0.000000000.0,"sum":0.000000000.0},"relative_timestamp_from_ult_start":{"num":0,"min":0.000000000.0,"max":0.000000000.0,"avg":0.000000000.0,"var":0.000000000.0,"sum":0.000000000.0}}}}}}}