{"address":"","progress_loop":{"progress_with_timeout":{"num":2246,"min":0.000000000.0,"max":0.104008913,"avg":0.057718687,"var":5.996585228,"sum":129.636172056},"progress_timeout_value_msec":{"num":2246,"min":100.000000000.0,"max":100.000000000.0,"avg":100.000000000.0,"var":0.000000000.0,"sum":224600.000000000.0},"progress_without_timeout":{"num":680185,"min":0.000000000.0,"max":0.000008583,"avg":0.000000116,"var":0.000000011,"sum":0.078592300},"trigger":{"num":4002,"min":0.000000000.0,"max":0.000039339,"avg":0.000000288,"var":0.000000002,"sum":0.001152992}},"rpcs":{"65535:65535:14048217247822970879:0":{"rpc_id":-4398526825886580737,"provider_id":0,"parent_rpc_id":65535,"parent_provider_id":65535,"name":"get_file_data","origin":{"sent to ofi+cxi://0x24056600":{"iforward":{"duration":{"num":1000,"min":0.000000477,"max":0.000026703,"avg":0.000000635,"var":0.000000001,"sum":0.000634909},"relative_timestamp_from_create":{"num":1000,"min":0.000000000.0,"max":0.000003338,"avg":0.000000077,"var":0.000000000,"sum":0.000076771}},"forward_cb":{"duration":{"num":1000,"min":0.000000000.0,"max":0.000000238,"avg":0.000000076,"var":0.000000000,"sum":0.000076294},"relative_timestamp_from_iforward_start":{"num":1000,"min":0.000059843,"max":0.020354271,"avg":0.000203056,"var":0.000663450,"sum":0.203055859}},"iforward_wait":{"duration":{"num":1000,"min":0.000059843,"max":0.020354033,"avg":0.000203083,"var":0.000662994,"sum":0.203083277},"relative_timestamp_from_iforward_end":{"num":1000,"min":0.000000000.0,"max":0.000000238,"avg":0.000000038,"var":0.000000000,"sum":0.000038147}},"set_input":{"duration":{"num":1000,"min":0.000000000.0,"max":0.000004053,"avg":0.000000096,"var":0.000000000,"sum":0.000095844},"relative_timestamp_from_iforward_start":{"num":1000,"min":0.000000238,"max":0.000016689,"avg":0.000000412,"var":0.000000000,"sum":0.000411510}},"get_output":{"duration":{"num":1000,"min":0.000000000.0,"max":0.000000238,"avg":0.000000108,"var":0.000000000,"sum":0.000107765},"relative_timestamp_from_wait_end":{"num":1000,"min":0.000000000.0,"max":0.000000238,"avg":0.000000091,"var":0.000000000,"sum":0.000091076}}}},"target":{"received from ofi+cxi://0x24056600":{"handler":{"duration":{"num":1000,"min":0.000000238,"max":0.000006676,"avg":0.000000333,"var":0.000000000,"sum":0.000332832}},"ult":{"duration":{"num":1000,"min":0.000058651,"max":0.020352602,"avg":0.000201332,"var":0.000653655,"sum":0.201331615},"relative_timestamp_from_handler_start":{"num":1000,"min":0.000000477,"max":0.000504255,"avg":0.000001060,"var":0.000000253,"sum":0.001059771}},"irespond":{"duration":{"num":1000,"min":0.000000238,"max":0.000002623,"avg":0.000000295,"var":0.000000000,"sum":0.000295401},"relative_timestamp_from_ult_start":{"num":1000,"min":0.000057220,"max":0.020350695,"avg":0.000199844,"var":0.000653556,"sum":0.199843884}},"respond_cb":{"duration":{"num":1000,"min":0.000000000.0,"max":0.000000238,"avg":0.000000081,"var":0.000000000,"sum":0.000081301},"relative_timestamp_from_irespond_start":{"num":1000,"min":0.000000477,"max":0.000003576,"avg":0.000000694,"var":0.000000000,"sum":0.000694036}},"irespond_wait":{"duration":{"num":1000,"min":0.000000715,"max":0.000001907,"avg":0.000000910,"var":0.000000000,"sum":0.000909567},"relative_timestamp_from_irespond_end":{"num":1000,"min":0.000000000.0,"max":0.000000238,"avg":0.000000044,"var":0.000000000,"sum":0.000044346}},"set_output":{"duration":{"num":1000,"min":0.000000000.0,"max":0.000000954,"avg":0.000000104,"var":0.000000000,"sum":0.000103712},"relative_timestamp_from_irespond_start":{"num":1000,"min":0.000000000.0,"max":0.000000954,"avg":0.000000070,"var":0.000000000,"sum":0.000070333}},"get_input":{"duration":{"num":1000,"min":0.000000000.0,"max":0.000002146,"avg":0.000000105,"var":0.000000000,"sum":0.000105143},"relative_timestamp_from_ult_start":{"num":1000,"min":0.000000000.0,"max":0.000005484,"avg":0.000000137,"var":0.000000000,"sum":0.000136614}}}}},"14048217247822970879:0:14048217247822970879:0":{"rpc_id":-4398526825886580737,"provider_id":0,"parent_rpc_id":-4398526825886580737,"parent_provider_id":0,"name":"get_file_data","origin":{"sent to ofi+cxi://0x24030000":{"iforward":{"duration":{"num":1000,"min":0.000000954,"max":0.000031948,"avg":0.000001321,"var":0.000000002,"sum":0.001321077},"relative_timestamp_from_create":{"num":1000,"min":0.000000000.0,"max":0.000000238,"avg":0.000000069,"var":0.000000000,"sum":0.000068903}},"forward_cb":{"duration":{"num":1000,"min":0.000000000.0,"max":0.000001192,"avg":0.000000079,"var":0.000000000,"sum":0.000079155},"relative_timestamp_from_iforward_start":{"num":1000,"min":0.000051260,"max":0.020344019,"avg":0.000193533,"var":0.000651953,"sum":0.193532705}},"iforward_wait":{"duration":{"num":1000,"min":0.000050545,"max":0.020333529,"avg":0.000192354,"var":0.000650955,"sum":0.192354202},"relative_timestamp_from_iforward_end":{"num":1000,"min":0.000000000.0,"max":0.000000477,"avg":0.000000209,"var":0.000000000,"sum":0.000208616}},"set_input":{"duration":{"num":1000,"min":0.000000000.0,"max":0.000000477,"avg":0.000000092,"var":0.000000000,"sum":0.000091791},"relative_timestamp_from_iforward_start":{"num":1000,"min":0.000000238,"max":0.000002623,"avg":0.000000359,"var":0.000000000,"sum":0.000358820}},"get_output":{"duration":{"num":1000,"min":0.000000000.0,"max":0.000001192,"avg":0.000000167,"var":0.000000000,"sum":0.000166893},"relative_timestamp_from_wait_end":{"num":1000,"min":0.000000000.0,"max":0.000000477,"avg":0.000000095,"var":0.000000000,"sum":0.000095367}}}}},"65535:65535:8686831390660034559:65535":{"rpc_id":8686831390660034559,"provider_id":65535,"parent_rpc_id":65535,"parent_provider_id":65535,"name":"__shutdown__","target":{"received from ofi+cxi://0x24014401":{"handler":{"duration":{"num":1,"min":0.000028372,"max":0.000028372,"avg":0.000028372,"var":0.000000000.0,"sum":0.000028372}},"ult":{"duration":{"num":1,"min":0.000016451,"max":0.000016451,"avg":0.000016451,"var":0.000000000.0,"sum":0.000016451},"relative_timestamp_from_handler_start":{"num":1,"min":0.000032902,"max":0.000032902,"avg":0.000032902,"var":0.000000000.0,"sum":0.000032902}},"irespond":{"duration":{"num":1,"min":0.000006676,"max":0.000006676,"avg":0.000006676,"var":0.000000000.0,"sum":0.000006676},"relative_timestamp_from_ult_start":{"num":1,"min":0.000000954,"max":0.000000954,"avg":0.000000954,"var":0.000000000.0,"sum":0.000000954}},"respond_cb":{"duration":{"num":1,"min":0.000000715,"max":0.000000715,"avg":0.000000715,"var":0.000000000.0,"sum":0.000000715},"relative_timestamp_from_irespond_start":{"num":1,"min":0.000012159,"max":0.000012159,"avg":0.000012159,"var":0.000000000.0,"sum":0.000012159}},"irespond_wait":{"duration":{"num":1,"min":0.000006676,"max":0.000006676,"avg":0.000006676,"var":0.000000000.0,"sum":0.000006676},"relative_timestamp_from_irespond_end":{"num":1,"min":0.000000000.0,"max":0.000000000.0,"avg":0.000000000.0,"var":0.000000000.0,"sum":0.000000000.0}},"set_output":{"duration":{"num":1,"min":0.000000477,"max":0.000000477,"avg":0.000000477,"var":0.000000000.0,"sum":0.000000477},"relative_timestamp_from_irespond_start":{"num":1,"min":0.000000715,"max":0.000000715,"avg":0.000000715,"var":0.000000000.0,"sum":0.000000715}},"get_input":{"duration":{"num":0,"min":0.000000000.0,"max":0.000000000.0,"avg":0.000000000.0,"var":0.000000000.0,"sum":0.000000000.0},"relative_timestamp_from_ult_start":{"num":0,"min":0.000000000.0,"max":0.000000000.0,"avg":0.000000000.0,"var":0.000000000.0,"sum":0.000000000.0}}}}}}}