{"address":"","progress_loop":{"progress_with_timeout":{"num":1206,"min":0.000208855,"max":0.104010582,"avg":0.103877501,"var":0.012046663,"sum":125.276266575},"progress_timeout_value_msec":{"num":1206,"min":100.000000000.0,"max":100.000000000.0,"avg":100.000000000.0,"var":0.000000000.0,"sum":120600.000000000.0},"progress_without_timeout":{"num":14482803,"min":0.000000000.0,"max":0.000465393,"avg":0.000000117,"var":0.000001117,"sum":1.693381786},"trigger":{"num":61002,"min":0.000000000.0,"max":0.002739906,"avg":0.000000679,"var":0.000026940,"sum":0.041396141}},"rpcs":{"65535:65535:14048217247822970879:0":{"rpc_id":-4398526825886580737,"provider_id":0,"parent_rpc_id":65535,"parent_provider_id":65535,"name":"get_file_data","origin":{"sent to ofi+cxi://0x24012400":{"iforward":{"duration":{"num":1000,"min":0.000000477,"max":0.000026464,"avg":0.000000867,"var":0.000000001,"sum":0.000867367},"relative_timestamp_from_create":{"num":1000,"min":0.000000000.0,"max":0.000003099,"avg":0.000000082,"var":0.000000000,"sum":0.000082016}},"forward_cb":{"duration":{"num":1000,"min":0.000000000.0,"max":0.000000477,"avg":0.000000147,"var":0.000000000,"sum":0.000147343},"relative_timestamp_from_iforward_start":{"num":1000,"min":0.004276514,"max":0.015731573,"avg":0.004539455,"var":0.000299927,"sum":4.539454937}},"iforward_wait":{"duration":{"num":1000,"min":0.004276752,"max":0.015731096,"avg":0.004539539,"var":0.000299876,"sum":4.539539337},"relative_timestamp_from_iforward_end":{"num":1000,"min":0.000000000.0,"max":0.000000238,"avg":0.000000060,"var":0.000000000,"sum":0.000060081}},"set_input":{"duration":{"num":1000,"min":0.000000000.0,"max":0.000003815,"avg":0.000000146,"var":0.000000000,"sum":0.000146151},"relative_timestamp_from_iforward_start":{"num":1000,"min":0.000000238,"max":0.000016451,"avg":0.000000548,"var":0.000000000,"sum":0.000547647}},"get_output":{"duration":{"num":1000,"min":0.000005245,"max":0.000036001,"avg":0.000007361,"var":0.000000005,"sum":0.007360935},"relative_timestamp_from_wait_end":{"num":1000,"min":0.000000000.0,"max":0.000000477,"avg":0.000000164,"var":0.000000000,"sum":0.000164270}}}},"target":{"received from ofi+cxi://0x24012400":{"handler":{"duration":{"num":1000,"min":0.000000238,"max":0.000005484,"avg":0.000000357,"var":0.000000000,"sum":0.000357389}},"ult":{"duration":{"num":1000,"min":0.004275322,"max":0.015729666,"avg":0.004538075,"var":0.000299735,"sum":4.538074970},"relative_timestamp_from_handler_start":{"num":1000,"min":0.000000477,"max":0.000011921,"avg":0.000000657,"var":0.000000000,"sum":0.000657082}},"irespond":{"duration":{"num":1000,"min":0.000004053,"max":0.000079632,"avg":0.000008167,"var":0.000000024,"sum":0.008166790},"relative_timestamp_from_ult_start":{"num":1000,"min":0.004265547,"max":0.015652180,"avg":0.004528177,"var":0.000296184,"sum":4.528176785}},"respond_cb":{"duration":{"num":1000,"min":0.000000000.0,"max":0.000000238,"avg":0.000000085,"var":0.000000000,"sum":0.000085354},"relative_timestamp_from_irespond_start":{"num":1000,"min":0.000004768,"max":0.000080109,"avg":0.000008778,"var":0.000000027,"sum":0.008778334}},"irespond_wait":{"duration":{"num":1000,"min":0.000000954,"max":0.000030756,"avg":0.000001330,"var":0.000000001,"sum":0.001330137},"relative_timestamp_from_irespond_end":{"num":1000,"min":0.000000000.0,"max":0.000000238,"avg":0.000000080,"var":0.000000000,"sum":0.000080109}},"set_output":{"duration":{"num":1000,"min":0.000003099,"max":0.000068903,"avg":0.000007273,"var":0.000000015,"sum":0.007273436},"relative_timestamp_from_irespond_start":{"num":1000,"min":0.000000000.0,"max":0.000000954,"avg":0.000000148,"var":0.000000000,"sum":0.000148058}},"get_input":{"duration":{"num":1000,"min":0.000000000.0,"max":0.000001669,"avg":0.000000113,"var":0.000000000,"sum":0.000113010},"relative_timestamp_from_ult_start":{"num":1000,"min":0.000000000.0,"max":0.000002861,"avg":0.000000128,"var":0.000000000,"sum":0.000127554}}}}},"14048217247822970879:0:14048217247822970879:0":{"rpc_id":-4398526825886580737,"provider_id":0,"parent_rpc_id":-4398526825886580737,"parent_provider_id":0,"name":"get_file_data","origin":{"sent to ofi+cxi://0x24014600":{"iforward":{"duration":{"num":15000,"min":0.000000954,"max":0.000040770,"avg":0.000001274,"var":0.000000008,"sum":0.019107819},"relative_timestamp_from_create":{"num":15000,"min":0.000000000.0,"max":0.000003338,"avg":0.000000068,"var":0.000000000,"sum":0.001026154}},"forward_cb":{"duration":{"num":15000,"min":0.000000000.0,"max":0.000007391,"avg":0.000000143,"var":0.000000000,"sum":0.002144575},"relative_timestamp_from_iforward_start":{"num":15000,"min":0.000663757,"max":0.016579151,"avg":0.004349200,"var":0.004457572,"sum":65.238004446}},"iforward_wait":{"duration":{"num":15000,"min":0.000662804,"max":0.016577244,"avg":0.004348586,"var":0.004478185,"sum":65.228787184},"relative_timestamp_from_iforward_end":{"num":15000,"min":0.000000000.0,"max":0.000003338,"avg":0.000000175,"var":0.000000000,"sum":0.002618074}},"set_input":{"duration":{"num":15000,"min":0.000000000.0,"max":0.000000477,"avg":0.000000125,"var":0.000000000,"sum":0.001873016},"relative_timestamp_from_iforward_start":{"num":15000,"min":0.000000238,"max":0.000003576,"avg":0.000000401,"var":0.000000000,"sum":0.006016493}},"get_output":{"duration":{"num":15000,"min":0.000006199,"max":0.000070095,"avg":0.000006957,"var":0.000000036,"sum":0.104360104},"relative_timestamp_from_wait_end":{"num":15000,"min":0.000000000.0,"max":0.000006437,"avg":0.000000219,"var":0.000000004,"sum":0.003278017}}}},"target":{"received from ofi+cxi://0x24012000":{"handler":{"duration":{"num":7000,"min":0.000000238,"max":0.002738953,"avg":0.000001328,"var":0.000014222,"sum":0.009298325}},"ult":{"duration":{"num":7000,"min":0.000700951,"max":0.016355991,"avg":0.004388474,"var":0.002383545,"sum":30.719315767},"relative_timestamp_from_handler_start":{"num":7000,"min":0.000000477,"max":0.002780914,"avg":0.000003059,"var":0.000040781,"sum":0.021413565}},"irespond":{"duration":{"num":7000,"min":0.000007629,"max":0.000103951,"avg":0.000009015,"var":0.000000339,"sum":0.063102961},"relative_timestamp_from_ult_start":{"num":7000,"min":0.000674725,"max":0.016242504,"avg":0.004355723,"var":0.002177133,"sum":30.490063429}},"respond_cb":{"duration":{"num":7000,"min":0.000000000.0,"max":0.000004053,"avg":0.000000084,"var":0.000000000,"sum":0.000588655},"relative_timestamp_from_irespond_start":{"num":7000,"min":0.000024557,"max":0.003680706,"avg":0.000031981,"var":0.000074803,"sum":0.223869801}},"irespond_wait":{"duration":{"num":7000,"min":0.000013828,"max":0.003678322,"avg":0.000023212,"var":0.000074560,"sum":0.162481308},"relative_timestamp_from_irespond_end":{"num":7000,"min":0.000000000.0,"max":0.000003815,"avg":0.000000244,"var":0.000000000,"sum":0.001708746}},"set_output":{"duration":{"num":7000,"min":0.000003338,"max":0.000073195,"avg":0.000007438,"var":0.000000173,"sum":0.052069187},"relative_timestamp_from_irespond_start":{"num":7000,"min":0.000000000.0,"max":0.000005722,"avg":0.000000137,"var":0.000000000,"sum":0.000961065}},"get_input":{"duration":{"num":7000,"min":0.000000000.0,"max":0.000000715,"avg":0.000000122,"var":0.000000000,"sum":0.000856638},"relative_timestamp_from_ult_start":{"num":7000,"min":0.000000000.0,"max":0.000001192,"avg":0.000000127,"var":0.000000000,"sum":0.000886440}}},"received from ofi+cxi://0x24032000":{"handler":{"duration":{"num":7000,"min":0.000000238,"max":0.002737045,"avg":0.000001124,"var":0.000012670,"sum":0.007865906}},"ult":{"duration":{"num":7000,"min":0.000756025,"max":0.016723394,"avg":0.004382518,"var":0.002177897,"sum":30.677625895},"relative_timestamp_from_handler_start":{"num":7000,"min":0.000000477,"max":0.002787113,"avg":0.000001841,"var":0.000020613,"sum":0.012885094}},"irespond":{"duration":{"num":7000,"min":0.000005722,"max":0.000110149,"avg":0.000008873,"var":0.000000296,"sum":0.062108517},"relative_timestamp_from_ult_start":{"num":7000,"min":0.000728846,"max":0.016599894,"avg":0.004348718,