{"address":"","progress_loop":{"progress_with_timeout":{"num":1242,"min":0.000005484,"max":0.104009867,"avg":0.103897364,"var":0.011043721,"sum":129.040525913},"progress_timeout_value_msec":{"num":1242,"min":100.000000000.0,"max":100.000000000.0,"avg":100.000000000.0,"var":0.000000000.0,"sum":124200.000000000.0},"progress_without_timeout":{"num":2585788,"min":0.000000000.0,"max":0.000539303,"avg":0.000000117,"var":0.000000354,"sum":0.301366091},"trigger":{"num":13002,"min":0.000000000.0,"max":0.001530170,"avg":0.000000566,"var":0.000002343,"sum":0.007357836}},"rpcs":{"65535:65535:14048217247822970879:0":{"rpc_id":-4398526825886580737,"provider_id":0,"parent_rpc_id":65535,"parent_provider_id":65535,"name":"get_file_data","origin":{"sent to ofi+cxi://0x24054200":{"iforward":{"duration":{"num":1000,"min":0.000000477,"max":0.000032425,"avg":0.000000689,"var":0.000000001,"sum":0.000688791},"relative_timestamp_from_create":{"num":1000,"min":0.000000000.0,"max":0.000004292,"avg":0.000000079,"var":0.000000000,"sum":0.000078678}},"forward_cb":{"duration":{"num":1000,"min":0.000000000.0,"max":0.000000238,"avg":0.000000082,"var":0.000000000,"sum":0.000081778},"relative_timestamp_from_iforward_start":{"num":1000,"min":0.000110149,"max":0.010889530,"avg":0.000765840,"var":0.000199297,"sum":0.765840292}},"iforward_wait":{"duration":{"num":1000,"min":0.000110149,"max":0.010888815,"avg":0.000766125,"var":0.000198887,"sum":0.766125202},"relative_timestamp_from_iforward_end":{"num":1000,"min":0.000000000.0,"max":0.000000238,"avg":0.000000046,"var":0.000000000,"sum":0.000045538}},"set_input":{"duration":{"num":1000,"min":0.000000000.0,"max":0.000005007,"avg":0.000000110,"var":0.000000000,"sum":0.000110388},"relative_timestamp_from_iforward_start":{"num":1000,"min":0.000000238,"max":0.000020266,"avg":0.000000449,"var":0.000000000,"sum":0.000449419}},"get_output":{"duration":{"num":1000,"min":0.000000477,"max":0.000004768,"avg":0.000000846,"var":0.000000000,"sum":0.000845671},"relative_timestamp_from_wait_end":{"num":1000,"min":0.000000000.0,"max":0.000000238,"avg":0.000000092,"var":0.000000000,"sum":0.000092030}}}},"target":{"received from ofi+cxi://0x24054200":{"handler":{"duration":{"num":1000,"min":0.000000238,"max":0.000006676,"avg":0.000000337,"var":0.000000000,"sum":0.000336885}},"ult":{"duration":{"num":1000,"min":0.000107050,"max":0.010886669,"avg":0.000763989,"var":0.000191050,"sum":0.763989210},"relative_timestamp_from_handler_start":{"num":1000,"min":0.000000477,"max":0.000527382,"avg":0.000001119,"var":0.000000277,"sum":0.001119375}},"irespond":{"duration":{"num":1000,"min":0.000000954,"max":0.000025511,"avg":0.000002285,"var":0.000000005,"sum":0.002284765},"relative_timestamp_from_ult_start":{"num":1000,"min":0.000104666,"max":0.010868549,"avg":0.000760348,"var":0.000190172,"sum":0.760347843}},"respond_cb":{"duration":{"num":1000,"min":0.000000000.0,"max":0.000000477,"avg":0.000000074,"var":0.000000000,"sum":0.000073671},"relative_timestamp_from_irespond_start":{"num":1000,"min":0.000001431,"max":0.000026226,"avg":0.000002784,"var":0.000000005,"sum":0.002783537}},"irespond_wait":{"duration":{"num":1000,"min":0.000000954,"max":0.000008106,"avg":0.000001053,"var":0.000000000,"sum":0.001053333},"relative_timestamp_from_irespond_end":{"num":1000,"min":0.000000000.0,"max":0.000000238,"avg":0.000000048,"var":0.000000000,"sum":0.000047684}},"set_output":{"duration":{"num":1000,"min":0.000000238,"max":0.000015020,"avg":0.000001530,"var":0.000000002,"sum":0.001530170},"relative_timestamp_from_irespond_start":{"num":1000,"min":0.000000000.0,"max":0.000000954,"avg":0.000000093,"var":0.000000000,"sum":0.000092745}},"get_input":{"duration":{"num":1000,"min":0.000000000.0,"max":0.000002861,"avg":0.000000113,"var":0.000000000,"sum":0.000112534},"relative_timestamp_from_ult_start":{"num":1000,"min":0.000000000.0,"max":0.000006676,"avg":0.000000140,"var":0.000000000,"sum":0.000140429}}}}},"14048217247822970879:0:14048217247822970879:0":{"rpc_id":-4398526825886580737,"provider_id":0,"parent_rpc_id":-4398526825886580737,"parent_provider_id":0,"name":"get_file_data","origin":{"sent to ofi+cxi://0x24074600":{"iforward":{"duration":{"num":3000,"min":0.000000954,"max":0.000036478,"avg":0.000001330,"var":0.000000003,"sum":0.003988981},"relative_timestamp_from_create":{"num":3000,"min":0.000000000.0,"max":0.000000477,"avg":0.000000063,"var":0.000000000,"sum":0.000188112}},"forward_cb":{"duration":{"num":3000,"min":0.000000000.0,"max":0.000001669,"avg":0.000000097,"var":0.000000000,"sum":0.000290394},"relative_timestamp_from_iforward_start":{"num":3000,"min":0.000083685,"max":0.011600733,"avg":0.000740809,"var":0.000591747,"sum":2.222427845}},"iforward_wait":{"duration":{"num":3000,"min":0.000082731,"max":0.011590719,"avg":0.000739683,"var":0.000590391,"sum":2.219047546},"relative_timestamp_from_iforward_end":{"num":3000,"min":0.000000000.0,"max":0.000000715,"avg":0.000000234,"var":0.000000000,"sum":0.000701666}},"set_input":{"duration":{"num":3000,"min":0.000000000.0,"max":0.000000715,"avg":0.000000116,"var":0.000000000,"sum":0.000346899},"relative_timestamp_from_iforward_start":{"num":3000,"min":0.000000238,"max":0.000004530,"avg":0.000000378,"var":0.000000000,"sum":0.001133680}},"get_output":{"duration":{"num":3000,"min":0.000000715,"max":0.000012398,"avg":0.000001193,"var":0.000000001,"sum":0.003577948},"relative_timestamp_from_wait_end":{"num":3000,"min":0.000000000.0,"max":0.000019550,"avg":0.000000150,"var":0.000000001,"sum":0.000449419}}}},"target":{"received from ofi+cxi://0x24074200":{"handler":{"duration":{"num":1000,"min":0.000000238,"max":0.000003576,"avg":0.000000378,"var":0.000000000,"sum":0.000377893}},"ult":{"duration":{"num":1000,"min":0.000108719,"max":0.010802984,"avg":0.000761330,"var":0.000193657,"sum":0.761330128},"relative_timestamp_from_handler_start":{"num":1000,"min":0.000000477,"max":0.001535416,"avg":0.000002215,"var":0.000002354,"sum":0.002215385}},"irespond":{"duration":{"num":1000,"min":0.000001431,"max":0.000028610,"avg":0.000002663,"var":0.000000009,"sum":0.002662659},"relative_timestamp_from_ult_start":{"num":1000,"min":0.000088930,"max":0.010752201,"avg":0.000742272,"var":0.000191585,"sum":0.742271900}},"respond_cb":{"duration":{"num":1000,"min":0.000000000.0,"max":0.000000238,"avg":0.000000076,"var":0.000000000,"sum":0.000076294},"relative_timestamp_from_irespond_start":{"num":1000,"min":0.000015736,"max":0.000104666,"avg":0.000018524,"var":0.000000034,"sum":0.018524170}},"irespond_wait":{"duration":{"num":1000,"min":0.000014067,"max":0.000077963,"avg":0.000015874,"var":0.000000013,"sum":0.015873671},"relative_timestamp_from_irespond_end":{"num":1000,"min":0.000000000.0,"max":0.000000715,"avg":0.000000307,"var":0.000000000,"sum":0.000306606}},"set_output":{"duration":{"num":1000,"min":0.000000238,"max":0.000016928,"avg":0.000001241,"var":0.000000003,"sum":0.001240730},"relative_timestamp_from_irespond_start":{"num":1000,"min":0.000000000.0,"max":0.000000477,"avg":0.000000077,"var":0.000000000,"sum":0.000077486}},"get_input":{"duration":{"num":1000,"min":0.000000000.0,"max":0.000004530,"avg":0.000000125,"var":0.000000000,"sum":0.000125408},"relative_timestamp_from_ult_start":{"num":1000,"min":0.000000000.0,"max":0.000001192,"avg":0.000000128,"var":0.000000000,"sum":0.000127792}}},"received from ofi+cxi://0x24036200":{"handler":{"duration":{"num":1000,"min":0.000000238,"max":0.001529217,"avg":0.000001912,"var":0.000002335,"sum":0.001911640}},"ult":{"duration":{"num":1000,"min":0.000107050,"max":0.011727095,"avg":0.000762201,"var":0.000215200,"sum":0.762200832},"relative_timestamp_from_handler_start":{"num":1000,"min":0.000000477,"max":0.001592875,"avg":0.000002259,"var":0.000002533,"sum":0.002258778}},"irespond":{"duration":{"num":1000,"min":0.000001431,"max":0.000030041,"avg":0.000002661,"var":0.000000005,"sum":0.002660751},"relative_timestamp_from_ult_start":{"num":1000,"min":0.000089407,"max":0.011611462,"avg":0.000743446,"var":0.000212256,