{"address":"","progress_loop":{"progress_with_timeout":{"num":2204,"min":0.000000000.0,"max":0.104006767,"avg":0.056841740,"var":5.904837448,"sum":125.279196024},"progress_timeout_value_msec":{"num":2204,"min":100.000000000.0,"max":100.000000000.0,"avg":100.000000000.0,"var":0.000000000.0,"sum":220400.000000000.0},"progress_without_timeout":{"num":15981516,"min":0.000000000.0,"max":0.000464439,"avg":0.000000111,"var":0.000000585,"sum":1.781045198},"trigger":{"num":5002,"min":0.000000000.0,"max":0.000027657,"avg":0.000000463,"var":0.000000004,"sum":0.002317429}},"rpcs":{"65535:65535:14048217247822970879:0":{"rpc_id":-4398526825886580737,"provider_id":0,"parent_rpc_id":65535,"parent_provider_id":65535,"name":"get_file_data","origin":{"sent to ofi+cxi://0x24032400":{"iforward":{"duration":{"num":1000,"min":0.000000477,"max":0.000034332,"avg":0.000000840,"var":0.000000001,"sum":0.000840187},"relative_timestamp_from_create":{"num":1000,"min":0.000000000.0,"max":0.000004530,"avg":0.000000108,"var":0.000000000,"sum":0.000108004}},"forward_cb":{"duration":{"num":1000,"min":0.000000000.0,"max":0.000000477,"avg":0.000000085,"var":0.000000000,"sum":0.000084877},"relative_timestamp_from_iforward_start":{"num":1000,"min":0.001413107,"max":0.018146515,"avg":0.004554890,"var":0.000469769,"sum":4.554889917}},"iforward_wait":{"duration":{"num":1000,"min":0.001413345,"max":0.018133402,"avg":0.004554884,"var":0.000469372,"sum":4.554884195},"relative_timestamp_from_iforward_end":{"num":1000,"min":0.000000000.0,"max":0.000000238,"avg":0.000000040,"var":0.000000000,"sum":0.000040293}},"set_input":{"duration":{"num":1000,"min":0.000000000.0,"max":0.000004768,"avg":0.000000155,"var":0.000000000,"sum":0.000154734},"relative_timestamp_from_iforward_start":{"num":1000,"min":0.000000477,"max":0.000021935,"avg":0.000000547,"var":0.000000000,"sum":0.000546932}},"get_output":{"duration":{"num":1000,"min":0.000005245,"max":0.000036001,"avg":0.000005381,"var":0.000000001,"sum":0.005380869},"relative_timestamp_from_wait_end":{"num":1000,"min":0.000000000.0,"max":0.000000238,"avg":0.000000104,"var":0.000000000,"sum":0.000103951}}}},"target":{"received from ofi+cxi://0x24032400":{"handler":{"duration":{"num":1000,"min":0.000000238,"max":0.000006914,"avg":0.000000395,"var":0.000000000,"sum":0.000395298}},"ult":{"duration":{"num":1000,"min":0.001411915,"max":0.017640829,"avg":0.004552931,"var":0.000456210,"sum":4.552931309},"relative_timestamp_from_handler_start":{"num":1000,"min":0.000000477,"max":0.000476122,"avg":0.000001114,"var":0.000000226,"sum":0.001114130}},"irespond":{"duration":{"num":1000,"min":0.000050068,"max":0.000095367,"avg":0.000072155,"var":0.000000027,"sum":0.072154760},"relative_timestamp_from_ult_start":{"num":1000,"min":0.001342058,"max":0.017542839,"avg":0.004479388,"var":0.000455180,"sum":4.479388237}},"respond_cb":{"duration":{"num":1000,"min":0.000000000.0,"max":0.000000238,"avg":0.000000076,"var":0.000000000,"sum":0.000076294},"relative_timestamp_from_irespond_start":{"num":1000,"min":0.000050545,"max":0.000096083,"avg":0.000072629,"var":0.000000027,"sum":0.072628975}},"irespond_wait":{"duration":{"num":1000,"min":0.000000715,"max":0.000002146,"avg":0.000000999,"var":0.000000000,"sum":0.000999451},"relative_timestamp_from_irespond_end":{"num":1000,"min":0.000000000.0,"max":0.000000238,"avg":0.000000056,"var":0.000000000,"sum":0.000056028}},"set_output":{"duration":{"num":1000,"min":0.000039577,"max":0.000070810,"avg":0.000053054,"var":0.000000023,"sum":0.053053856},"relative_timestamp_from_irespond_start":{"num":1000,"min":0.000000000.0,"max":0.000000954,"avg":0.000000089,"var":0.000000000,"sum":0.000089169}},"get_input":{"duration":{"num":1000,"min":0.000000000.0,"max":0.000002623,"avg":0.000000108,"var":0.000000000,"sum":0.000108480},"relative_timestamp_from_ult_start":{"num":1000,"min":0.000000000.0,"max":0.000008345,"avg":0.000000143,"var":0.000000000,"sum":0.000142813}}}}},"14048217247822970879:0:14048217247822970879:0":{"rpc_id":-4398526825886580737,"provider_id":0,"parent_rpc_id":-4398526825886580737,"parent_provider_id":0,"name":"get_file_data","origin":{"sent to ofi+cxi://0x24030000":{"iforward":{"duration":{"num":1000,"min":0.000001431,"max":0.000037432,"avg":0.000002544,"var":0.000000016,"sum":0.002543926},"relative_timestamp_from_create":{"num":1000,"min":0.000000000.0,"max":0.000000477,"avg":0.000000111,"var":0.000000000,"sum":0.000111103}},"forward_cb":{"duration":{"num":1000,"min":0.000000000.0,"max":0.000001431,"avg":0.000000087,"var":0.000000000,"sum":0.000087500},"relative_timestamp_from_iforward_start":{"num":1000,"min":0.001322508,"max":0.017343760,"avg":0.004458093,"var":0.000448234,"sum":4.458092690}},"iforward_wait":{"duration":{"num":1000,"min":0.001321077,"max":0.017310858,"avg":0.004455824,"var":0.000446863,"sum":4.455823660},"relative_timestamp_from_iforward_end":{"num":1000,"min":0.000000000.0,"max":0.000000238,"avg":0.000000172,"var":0.000000000,"sum":0.000172138}},"set_input":{"duration":{"num":1000,"min":0.000000000.0,"max":0.000000715,"avg":0.000000174,"var":0.000000000,"sum":0.000174284},"relative_timestamp_from_iforward_start":{"num":1000,"min":0.000000477,"max":0.000002861,"avg":0.000000665,"var":0.000000000,"sum":0.000664711}},"get_output":{"duration":{"num":1000,"min":0.000006676,"max":0.000070810,"avg":0.000007518,"var":0.000000014,"sum":0.007517576},"relative_timestamp_from_wait_end":{"num":1000,"min":0.000000000.0,"max":0.000019312,"avg":0.000000283,"var":0.000000002,"sum":0.000282526}}}}},"65535:65535:8686831390660034559:65535":{"rpc_id":8686831390660034559,"provider_id":65535,"parent_rpc_id":65535,"parent_provider_id":65535,"name":"__shutdown__","target":{"received from ofi+cxi://0x24014401":{"handler":{"duration":{"num":1,"min":0.000015259,"max":0.000015259,"avg":0.000015259,"var":0.000000000.0,"sum":0.000015259}},"ult":{"duration":{"num":1,"min":0.000019550,"max":0.000019550,"avg":0.000019550,"var":0.000000000.0,"sum":0.000019550},"relative_timestamp_from_handler_start":{"num":1,"min":0.000020266,"max":0.000020266,"avg":0.000020266,"var":0.000000000.0,"sum":0.000020266}},"irespond":{"duration":{"num":1,"min":0.000010252,"max":0.000010252,"avg":0.000010252,"var":0.000000000.0,"sum":0.000010252},"relative_timestamp_from_ult_start":{"num":1,"min":0.000001192,"max":0.000001192,"avg":0.000001192,"var":0.000000000.0,"sum":0.000001192}},"respond_cb":{"duration":{"num":1,"min":0.000000477,"max":0.000000477,"avg":0.000000477,"var":0.000000000.0,"sum":0.000000477},"relative_timestamp_from_irespond_start":{"num":1,"min":0.000015736,"max":0.000015736,"avg":0.000015736,"var":0.000000000.0,"sum":0.000015736}},"irespond_wait":{"duration":{"num":1,"min":0.000006437,"max":0.000006437,"avg":0.000006437,"var":0.000000000.0,"sum":0.000006437},"relative_timestamp_from_irespond_end":{"num":1,"min":0.000000000.0,"max":0.000000000.0,"avg":0.000000000.0,"var":0.000000000.0,"sum":0.000000000.0}},"set_output":{"duration":{"num":1,"min":0.000000477,"max":0.000000477,"avg":0.000000477,"var":0.000000000.0,"sum":0.000000477},"relative_timestamp_from_irespond_start":{"num":1,"min":0.000001192,"max":0.000001192,"avg":0.000001192,"var":0.000000000.0,"sum":0.000001192}},"get_input":{"duration":{"num":0,"min":0.000000000.0,"max":0.000000000.0,"avg":0.000000000.0,"var":0.000000000.0,"sum":0.000000000.0},"relative_timestamp_from_ult_start":{"num":0,"min":0.000000000.0,"max":0.000000000.0,"avg":0.000000000.0,"var":0.000000000.0,"sum":0.000000000.0}}}}}}}