{"address":"","progress_loop":{"progress_with_timeout":{"num":2237,"min":0.000000000.0,"max":0.104005575,"avg":0.057519155,"var":5.977447473,"sum":128.670350075},"progress_timeout_value_msec":{"num":2237,"min":100.000000000.0,"max":100.000000000.0,"avg":100.000000000.0,"var":0.000000000.0,"sum":223700.000000000.0},"progress_without_timeout":{"num":4032399,"min":0.000000000.0,"max":0.000073195,"avg":0.000000112,"var":0.000000079,"sum":0.452937841},"trigger":{"num":5002,"min":0.000000000.0,"max":0.000021219,"avg":0.000000417,"var":0.000000002,"sum":0.002087355}},"rpcs":{"65535:65535:14048217247822970879:0":{"rpc_id":-4398526825886580737,"provider_id":0,"parent_rpc_id":65535,"parent_provider_id":65535,"name":"get_file_data","origin":{"sent to ofi+cxi://0x24096600":{"iforward":{"duration":{"num":1000,"min":0.000000477,"max":0.000024796,"avg":0.000000663,"var":0.000000001,"sum":0.000663042},"relative_timestamp_from_create":{"num":1000,"min":0.000000000.0,"max":0.000003099,"avg":0.000000087,"var":0.000000000,"sum":0.000086784}},"forward_cb":{"duration":{"num":1000,"min":0.000000000.0,"max":0.000000238,"avg":0.000000083,"var":0.000000000,"sum":0.000082731},"relative_timestamp_from_iforward_start":{"num":1000,"min":0.000126839,"max":0.020429611,"avg":0.001165239,"var":0.000524675,"sum":1.165239096}},"iforward_wait":{"duration":{"num":1000,"min":0.000127077,"max":0.020408392,"avg":0.001165306,"var":0.000523843,"sum":1.165306330},"relative_timestamp_from_iforward_end":{"num":1000,"min":0.000000000.0,"max":0.000000477,"avg":0.000000054,"var":0.000000000,"sum":0.000053644}},"set_input":{"duration":{"num":1000,"min":0.000000000.0,"max":0.000003815,"avg":0.000000114,"var":0.000000000,"sum":0.000114441},"relative_timestamp_from_iforward_start":{"num":1000,"min":0.000000238,"max":0.000015020,"avg":0.000000425,"var":0.000000000,"sum":0.000425339}},"get_output":{"duration":{"num":1000,"min":0.000001192,"max":0.000003099,"avg":0.000001293,"var":0.000000000,"sum":0.001292706},"relative_timestamp_from_wait_end":{"num":1000,"min":0.000000000.0,"max":0.000000238,"avg":0.000000091,"var":0.000000000,"sum":0.000090599}}}},"target":{"received from ofi+cxi://0x24096600":{"handler":{"duration":{"num":1000,"min":0.000000238,"max":0.000005722,"avg":0.000000340,"var":0.000000000,"sum":0.000339746}},"ult":{"duration":{"num":1000,"min":0.000125647,"max":0.019905567,"avg":0.001163470,"var":0.000504751,"sum":1.163470268},"relative_timestamp_from_handler_start":{"num":1000,"min":0.000000477,"max":0.000491381,"avg":0.000001074,"var":0.000000241,"sum":0.001074076}},"irespond":{"duration":{"num":1000,"min":0.000001431,"max":0.000033617,"avg":0.000003705,"var":0.000000039,"sum":0.003704786},"relative_timestamp_from_ult_start":{"num":1000,"min":0.000122070,"max":0.019869328,"avg":0.001158486,"var":0.000502375,"sum":1.158486366}},"respond_cb":{"duration":{"num":1000,"min":0.000000000.0,"max":0.000000238,"avg":0.000000075,"var":0.000000000,"sum":0.000074625},"relative_timestamp_from_irespond_start":{"num":1000,"min":0.000001907,"max":0.000034094,"avg":0.000004153,"var":0.000000039,"sum":0.004153252}},"irespond_wait":{"duration":{"num":1000,"min":0.000000954,"max":0.000001907,"avg":0.000000977,"var":0.000000000,"sum":0.000976801},"relative_timestamp_from_irespond_end":{"num":1000,"min":0.000000000.0,"max":0.000000238,"avg":0.000000051,"var":0.000000000,"sum":0.000050545}},"set_output":{"duration":{"num":1000,"min":0.000000954,"max":0.000025749,"avg":0.000002411,"var":0.000000019,"sum":0.002410889},"relative_timestamp_from_irespond_start":{"num":1000,"min":0.000000000.0,"max":0.000000715,"avg":0.000000081,"var":0.000000000,"sum":0.000081301}},"get_input":{"duration":{"num":1000,"min":0.000000000.0,"max":0.000002146,"avg":0.000000108,"var":0.000000000,"sum":0.000108004},"relative_timestamp_from_ult_start":{"num":1000,"min":0.000000000.0,"max":0.000005007,"avg":0.000000137,"var":0.000000000,"sum":0.000136852}}}}},"14048217247822970879:0:14048217247822970879:0":{"rpc_id":-4398526825886580737,"provider_id":0,"parent_rpc_id":-4398526825886580737,"parent_provider_id":0,"name":"get_file_data","origin":{"sent to ofi+cxi://0x24050400":{"iforward":{"duration":{"num":1000,"min":0.000000954,"max":0.000033140,"avg":0.000001529,"var":0.000000003,"sum":0.001529455},"relative_timestamp_from_create":{"num":1000,"min":0.000000000.0,"max":0.000000477,"avg":0.000000062,"var":0.000000000,"sum":0.000062466}},"forward_cb":{"duration":{"num":1000,"min":0.000000000.0,"max":0.000001192,"avg":0.000000078,"var":0.000000000,"sum":0.000078440},"relative_timestamp_from_iforward_start":{"num":1000,"min":0.000113487,"max":0.019757748,"avg":0.001149488,"var":0.000498364,"sum":1.149487972}},"iforward_wait":{"duration":{"num":1000,"min":0.000112057,"max":0.019728422,"avg":0.001148152,"var":0.000497012,"sum":1.148151636},"relative_timestamp_from_iforward_end":{"num":1000,"min":0.000000000.0,"max":0.000000477,"avg":0.000000195,"var":0.000000000,"sum":0.000195026}},"set_input":{"duration":{"num":1000,"min":0.000000000.0,"max":0.000000477,"avg":0.000000104,"var":0.000000000,"sum":0.000104427},"relative_timestamp_from_iforward_start":{"num":1000,"min":0.000000238,"max":0.000002384,"avg":0.000000380,"var":0.000000000,"sum":0.000379562}},"get_output":{"duration":{"num":1000,"min":0.000001431,"max":0.000016928,"avg":0.000002024,"var":0.000000001,"sum":0.002023697},"relative_timestamp_from_wait_end":{"num":1000,"min":0.000000000.0,"max":0.000018358,"avg":0.000000165,"var":0.000000001,"sum":0.000164509}}}}},"65535:65535:8686831390660034559:65535":{"rpc_id":8686831390660034559,"provider_id":65535,"parent_rpc_id":65535,"parent_provider_id":65535,"name":"__shutdown__","target":{"received from ofi+cxi://0x24014401":{"handler":{"duration":{"num":1,"min":0.000014067,"max":0.000014067,"avg":0.000014067,"var":0.000000000.0,"sum":0.000014067}},"ult":{"duration":{"num":1,"min":0.000014305,"max":0.000014305,"avg":0.000014305,"var":0.000000000.0,"sum":0.000014305},"relative_timestamp_from_handler_start":{"num":1,"min":0.000017405,"max":0.000017405,"avg":0.000017405,"var":0.000000000.0,"sum":0.000017405}},"irespond":{"duration":{"num":1,"min":0.000005484,"max":0.000005484,"avg":0.000005484,"var":0.000000000.0,"sum":0.000005484},"relative_timestamp_from_ult_start":{"num":1,"min":0.000000954,"max":0.000000954,"avg":0.000000954,"var":0.000000000.0,"sum":0.000000954}},"respond_cb":{"duration":{"num":1,"min":0.000000238,"max":0.000000238,"avg":0.000000238,"var":0.000000000.0,"sum":0.000000238},"relative_timestamp_from_irespond_start":{"num":1,"min":0.000011444,"max":0.000011444,"avg":0.000011444,"var":0.000000000.0,"sum":0.000011444}},"irespond_wait":{"duration":{"num":1,"min":0.000006437,"max":0.000006437,"avg":0.000006437,"var":0.000000000.0,"sum":0.000006437},"relative_timestamp_from_irespond_end":{"num":1,"min":0.000000238,"max":0.000000238,"avg":0.000000238,"var":0.000000000.0,"sum":0.000000238}},"set_output":{"duration":{"num":1,"min":0.000000238,"max":0.000000238,"avg":0.000000238,"var":0.000000000.0,"sum":0.000000238},"relative_timestamp_from_irespond_start":{"num":1,"min":0.000000715,"max":0.000000715,"avg":0.000000715,"var":0.000000000.0,"sum":0.000000715}},"get_input":{"duration":{"num":0,"min":0.000000000.0,"max":0.000000000.0,"avg":0.000000000.0,"var":0.000000000.0,"sum":0.000000000.0},"relative_timestamp_from_ult_start":{"num":0,"min":0.000000000.0,"max":0.000000000.0,"avg":0.000000000.0,"var":0.000000000.0,"sum":0.000000000.0}}}}}}}