{"address":"","progress_loop":{"progress_with_timeout":{"num":2246,"min":0.000000000.0,"max":0.104007483,"avg":0.057724386,"var":5.996478032,"sum":129.648971796},"progress_timeout_value_msec":{"num":2246,"min":100.000000000.0,"max":100.000000000.0,"avg":100.000000000.0,"var":0.000000000.0,"sum":224600.000000000.0},"progress_without_timeout":{"num":647886,"min":0.000000000.0,"max":0.000010014,"avg":0.000000113,"var":0.000000010,"sum":0.073276758},"trigger":{"num":4002,"min":0.000000000.0,"max":0.000036240,"avg":0.000000288,"var":0.000000002,"sum":0.001153708}},"rpcs":{"65535:65535:14048217247822970879:0":{"rpc_id":-4398526825886580737,"provider_id":0,"parent_rpc_id":65535,"parent_provider_id":65535,"name":"get_file_data","origin":{"sent to ofi+cxi://0x24036200":{"iforward":{"duration":{"num":1000,"min":0.000000477,"max":0.000029087,"avg":0.000000635,"var":0.000000001,"sum":0.000635147},"relative_timestamp_from_create":{"num":1000,"min":0.000000000.0,"max":0.000004292,"avg":0.000000076,"var":0.000000000,"sum":0.000076056}},"forward_cb":{"duration":{"num":1000,"min":0.000000000.0,"max":0.000000238,"avg":0.000000073,"var":0.000000000,"sum":0.000073433},"relative_timestamp_from_iforward_start":{"num":1000,"min":0.000059128,"max":0.014936686,"avg":0.000191916,"var":0.000385320,"sum":0.191916466}},"iforward_wait":{"duration":{"num":1000,"min":0.000059128,"max":0.014936924,"avg":0.000191941,"var":0.000385055,"sum":0.191941500},"relative_timestamp_from_iforward_end":{"num":1000,"min":0.000000000.0,"max":0.000000238,"avg":0.000000043,"var":0.000000000,"sum":0.000043154}},"set_input":{"duration":{"num":1000,"min":0.000000000.0,"max":0.000004768,"avg":0.000000096,"var":0.000000000,"sum":0.000096321},"relative_timestamp_from_iforward_start":{"num":1000,"min":0.000000238,"max":0.000016928,"avg":0.000000409,"var":0.000000000,"sum":0.000408649}},"get_output":{"duration":{"num":1000,"min":0.000000000.0,"max":0.000000238,"avg":0.000000123,"var":0.000000000,"sum":0.000123262},"relative_timestamp_from_wait_end":{"num":1000,"min":0.000000000.0,"max":0.000000477,"avg":0.000000093,"var":0.000000000,"sum":0.000092506}}}},"target":{"received from ofi+cxi://0x24036200":{"handler":{"duration":{"num":1000,"min":0.000000238,"max":0.000005007,"avg":0.000000331,"var":0.000000000,"sum":0.000330925}},"ult":{"duration":{"num":1000,"min":0.000057936,"max":0.014935732,"avg":0.000190677,"var":0.000384782,"sum":0.190677166},"relative_timestamp_from_handler_start":{"num":1000,"min":0.000000477,"max":0.000012398,"avg":0.000000573,"var":0.000000000,"sum":0.000573158}},"irespond":{"duration":{"num":1000,"min":0.000000238,"max":0.000002384,"avg":0.000000294,"var":0.000000000,"sum":0.000293732},"relative_timestamp_from_ult_start":{"num":1000,"min":0.000056505,"max":0.014934301,"avg":0.000189204,"var":0.000384740,"sum":0.189203501}},"respond_cb":{"duration":{"num":1000,"min":0.000000000.0,"max":0.000000238,"avg":0.000000076,"var":0.000000000,"sum":0.000075817},"relative_timestamp_from_irespond_start":{"num":1000,"min":0.000000477,"max":0.000003099,"avg":0.000000696,"var":0.000000000,"sum":0.000696182}},"irespond_wait":{"duration":{"num":1000,"min":0.000000715,"max":0.000001669,"avg":0.000000906,"var":0.000000000,"sum":0.000906229},"relative_timestamp_from_irespond_end":{"num":1000,"min":0.000000000.0,"max":0.000000238,"avg":0.000000042,"var":0.000000000,"sum":0.000041962}},"set_output":{"duration":{"num":1000,"min":0.000000000.0,"max":0.000000954,"avg":0.000000117,"var":0.000000000,"sum":0.000117302},"relative_timestamp_from_irespond_start":{"num":1000,"min":0.000000000.0,"max":0.000000715,"avg":0.000000060,"var":0.000000000,"sum":0.000060320}},"get_input":{"duration":{"num":1000,"min":0.000000000.0,"max":0.000002146,"avg":0.000000104,"var":0.000000000,"sum":0.000104427},"relative_timestamp_from_ult_start":{"num":1000,"min":0.000000000.0,"max":0.000003099,"avg":0.000000136,"var":0.000000000,"sum":0.000135899}}}}},"14048217247822970879:0:14048217247822970879:0":{"rpc_id":-4398526825886580737,"provider_id":0,"parent_rpc_id":-4398526825886580737,"parent_provider_id":0,"name":"get_file_data","origin":{"sent to ofi+cxi://0x24054200":{"iforward":{"duration":{"num":1000,"min":0.000000954,"max":0.000033140,"avg":0.000001297,"var":0.000000002,"sum":0.001297474},"relative_timestamp_from_create":{"num":1000,"min":0.000000000.0,"max":0.000000238,"avg":0.000000059,"var":0.000000000,"sum":0.000058889}},"forward_cb":{"duration":{"num":1000,"min":0.000000000.0,"max":0.000001192,"avg":0.000000080,"var":0.000000000,"sum":0.000079870},"relative_timestamp_from_iforward_start":{"num":1000,"min":0.000050306,"max":0.014928102,"avg":0.000182866,"var":0.000383687,"sum":0.182866335}},"iforward_wait":{"duration":{"num":1000,"min":0.000049591,"max":0.014927149,"avg":0.000181742,"var":0.000383384,"sum":0.181742430},"relative_timestamp_from_iforward_end":{"num":1000,"min":0.000000000.0,"max":0.000000238,"avg":0.000000184,"var":0.000000000,"sum":0.000183582}},"set_input":{"duration":{"num":1000,"min":0.000000000.0,"max":0.000000477,"avg":0.000000091,"var":0.000000000,"sum":0.000091076},"relative_timestamp_from_iforward_start":{"num":1000,"min":0.000000238,"max":0.000001907,"avg":0.000000367,"var":0.000000000,"sum":0.000366688}},"get_output":{"duration":{"num":1000,"min":0.000000000.0,"max":0.000001669,"avg":0.000000191,"var":0.000000000,"sum":0.000190973},"relative_timestamp_from_wait_end":{"num":1000,"min":0.000000000.0,"max":0.000000477,"avg":0.000000093,"var":0.000000000,"sum":0.000093460}}}}},"65535:65535:8686831390660034559:65535":{"rpc_id":8686831390660034559,"provider_id":65535,"parent_rpc_id":65535,"parent_provider_id":65535,"name":"__shutdown__","target":{"received from ofi+cxi://0x24014401":{"handler":{"duration":{"num":1,"min":0.000024319,"max":0.000024319,"avg":0.000024319,"var":0.000000000.0,"sum":0.000024319}},"ult":{"duration":{"num":1,"min":0.000016212,"max":0.000016212,"avg":0.000016212,"var":0.000000000.0,"sum":0.000016212},"relative_timestamp_from_handler_start":{"num":1,"min":0.000029087,"max":0.000029087,"avg":0.000029087,"var":0.000000000.0,"sum":0.000029087}},"irespond":{"duration":{"num":1,"min":0.000007153,"max":0.000007153,"avg":0.000007153,"var":0.000000000.0,"sum":0.000007153},"relative_timestamp_from_ult_start":{"num":1,"min":0.000001192,"max":0.000001192,"avg":0.000001192,"var":0.000000000.0,"sum":0.000001192}},"respond_cb":{"duration":{"num":1,"min":0.000000477,"max":0.000000477,"avg":0.000000477,"var":0.000000000.0,"sum":0.000000477},"relative_timestamp_from_irespond_start":{"num":1,"min":0.000012636,"max":0.000012636,"avg":0.000012636,"var":0.000000000.0,"sum":0.000012636}},"irespond_wait":{"duration":{"num":1,"min":0.000006199,"max":0.000006199,"avg":0.000006199,"var":0.000000000.0,"sum":0.000006199},"relative_timestamp_from_irespond_end":{"num":1,"min":0.000000238,"max":0.000000238,"avg":0.000000238,"var":0.000000000.0,"sum":0.000000238}},"set_output":{"duration":{"num":1,"min":0.000000477,"max":0.000000477,"avg":0.000000477,"var":0.000000000.0,"sum":0.000000477},"relative_timestamp_from_irespond_start":{"num":1,"min":0.000000954,"max":0.000000954,"avg":0.000000954,"var":0.000000000.0,"sum":0.000000954}},"get_input":{"duration":{"num":0,"min":0.000000000.0,"max":0.000000000.0,"avg":0.000000000.0,"var":0.000000000.0,"sum":0.000000000.0},"relative_timestamp_from_ult_start":{"num":0,"min":0.000000000.0,"max":0.000000000.0,"avg":0.000000000.0,"var":0.000000000.0,"sum":0.000000000.0}}}}}}}