{"address":"","progress_loop":{"progress_with_timeout":{"num":1270,"min":0.000000477,"max":0.104008913,"avg":0.102058523,"var":0.247992446,"sum":129.614324570},"progress_timeout_value_msec":{"num":1270,"min":100.000000000.0,"max":100.000000000.0,"avg":100.000000000.0,"var":0.000000000.0,"sum":127000.000000000.0},"progress_without_timeout":{"num":467833,"min":0.000000000.0,"max":0.000469446,"avg":0.000000134,"var":0.000000232,"sum":0.062743187},"trigger":{"num":22002,"min":0.000000000.0,"max":0.002754688,"avg":0.000000537,"var":0.000010996,"sum":0.011824608}},"rpcs":{"65535:65535:14048217247822970879:0":{"rpc_id":-4398526825886580737,"provider_id":0,"parent_rpc_id":65535,"parent_provider_id":65535,"name":"get_file_data","origin":{"sent to ofi+cxi://0x24032000":{"iforward":{"duration":{"num":1000,"min":0.000000477,"max":0.000032187,"avg":0.000000658,"var":0.000000001,"sum":0.000657558},"relative_timestamp_from_create":{"num":1000,"min":0.000000000.0,"max":0.000003576,"avg":0.000000073,"var":0.000000000,"sum":0.000073195}},"forward_cb":{"duration":{"num":1000,"min":0.000000000.0,"max":0.000000238,"avg":0.000000077,"var":0.000000000,"sum":0.000077486},"relative_timestamp_from_iforward_start":{"num":1000,"min":0.000038385,"max":0.019432068,"avg":0.000200632,"var":0.000618132,"sum":0.200632095}},"iforward_wait":{"duration":{"num":1000,"min":0.000039101,"max":0.019404173,"avg":0.000201876,"var":0.000617089,"sum":0.201876163},"relative_timestamp_from_iforward_end":{"num":1000,"min":0.000000000.0,"max":0.000000238,"avg":0.000000043,"var":0.000000000,"sum":0.000043392}},"set_input":{"duration":{"num":1000,"min":0.000000000.0,"max":0.000005960,"avg":0.000000100,"var":0.000000000,"sum":0.000100136},"relative_timestamp_from_iforward_start":{"num":1000,"min":0.000000238,"max":0.000019550,"avg":0.000000435,"var":0.000000000,"sum":0.000434637}},"get_output":{"duration":{"num":1000,"min":0.000000000.0,"max":0.000000238,"avg":0.000000116,"var":0.000000000,"sum":0.000116110},"relative_timestamp_from_wait_end":{"num":1000,"min":0.000000000.0,"max":0.000000477,"avg":0.000000096,"var":0.000000000,"sum":0.000095606}}}},"target":{"received from ofi+cxi://0x24032000":{"handler":{"duration":{"num":1000,"min":0.000000238,"max":0.000006199,"avg":0.000000373,"var":0.000000000,"sum":0.000372887}},"ult":{"duration":{"num":1000,"min":0.000034809,"max":0.019376040,"avg":0.000198309,"var":0.000615812,"sum":0.198308945},"relative_timestamp_from_handler_start":{"num":1000,"min":0.000000477,"max":0.000013828,"avg":0.000000919,"var":0.000000000,"sum":0.000919104}},"irespond":{"duration":{"num":1000,"min":0.000000238,"max":0.000002384,"avg":0.000000291,"var":0.000000000,"sum":0.000290871},"relative_timestamp_from_ult_start":{"num":1000,"min":0.000032663,"max":0.019370317,"avg":0.000195957,"var":0.000615628,"sum":0.195957422}},"respond_cb":{"duration":{"num":1000,"min":0.000000000.0,"max":0.000002623,"avg":0.000000083,"var":0.000000000,"sum":0.000083208},"relative_timestamp_from_irespond_start":{"num":1000,"min":0.000000477,"max":0.000013351,"avg":0.000001398,"var":0.000000003,"sum":0.001398087}},"irespond_wait":{"duration":{"num":1000,"min":0.000000715,"max":0.000014305,"avg":0.000001812,"var":0.000000003,"sum":0.001811743},"relative_timestamp_from_irespond_end":{"num":1000,"min":0.000000000.0,"max":0.000000238,"avg":0.000000046,"var":0.000000000,"sum":0.000045776}},"set_output":{"duration":{"num":1000,"min":0.000000000.0,"max":0.000000477,"avg":0.000000093,"var":0.000000000,"sum":0.000093460},"relative_timestamp_from_irespond_start":{"num":1000,"min":0.000000000.0,"max":0.000000715,"avg":0.000000079,"var":0.000000000,"sum":0.000078917}},"get_input":{"duration":{"num":1000,"min":0.000000000.0,"max":0.000001907,"avg":0.000000118,"var":0.000000000,"sum":0.000118494},"relative_timestamp_from_ult_start":{"num":1000,"min":0.000000000.0,"max":0.000003338,"avg":0.000000134,"var":0.000000000,"sum":0.000133514}}}}},"14048217247822970879:0:14048217247822970879:0":{"rpc_id":-4398526825886580737,"provider_id":0,"parent_rpc_id":-4398526825886580737,"parent_provider_id":0,"name":"get_file_data","origin":{"sent to ofi+cxi://0x24012400":{"iforward":{"duration":{"num":7000,"min":0.000000715,"max":0.000036955,"avg":0.000001075,"var":0.000000003,"sum":0.007526398},"relative_timestamp_from_create":{"num":7000,"min":0.000000000.0,"max":0.000003576,"avg":0.000000060,"var":0.000000000,"sum":0.000420570}},"forward_cb":{"duration":{"num":7000,"min":0.000000000.0,"max":0.000003338,"avg":0.000000096,"var":0.000000000,"sum":0.000669479},"relative_timestamp_from_iforward_start":{"num":7000,"min":0.000019312,"max":0.019267797,"avg":0.000173137,"var":0.003577614,"sum":1.211960316}},"iforward_wait":{"duration":{"num":7000,"min":0.000018597,"max":0.019237280,"avg":0.000173089,"var":0.003573612,"sum":1.211622238},"relative_timestamp_from_iforward_end":{"num":7000,"min":0.000000000.0,"max":0.000002623,"avg":0.000000174,"var":0.000000000,"sum":0.001219988}},"set_input":{"duration":{"num":7000,"min":0.000000000.0,"max":0.000005960,"avg":0.000000087,"var":0.000000000,"sum":0.000611067},"relative_timestamp_from_iforward_start":{"num":7000,"min":0.000000238,"max":0.000002623,"avg":0.000000366,"var":0.000000000,"sum":0.002560139}},"get_output":{"duration":{"num":7000,"min":0.000000000.0,"max":0.000003338,"avg":0.000000127,"var":0.000000000,"sum":0.000889063},"relative_timestamp_from_wait_end":{"num":7000,"min":0.000000000.0,"max":0.000004530,"avg":0.000000113,"var":0.000000000,"sum":0.000788689}}}},"target":{"received from ofi+cxi://0x24034200":{"handler":{"duration":{"num":3000,"min":0.000000238,"max":0.001845360,"avg":0.000001024,"var":0.000003403,"sum":0.003071308}},"ult":{"duration":{"num":3000,"min":0.000027895,"max":0.019282341,"avg":0.000187260,"var":0.001659390,"sum":0.561781406},"relative_timestamp_from_handler_start":{"num":3000,"min":0.000000477,"max":0.001847029,"avg":0.000001662,"var":0.000003413,"sum":0.004987478}},"irespond":{"duration":{"num":3000,"min":0.000000238,"max":0.000004292,"avg":0.000000348,"var":0.000000000,"sum":0.001042604},"relative_timestamp_from_ult_start":{"num":3000,"min":0.000023842,"max":0.019270182,"avg":0.000180839,"var":0.001657964,"sum":0.542517424}},"respond_cb":{"duration":{"num":3000,"min":0.000000000.0,"max":0.000004053,"avg":0.000000081,"var":0.000000000,"sum":0.000241995},"relative_timestamp_from_irespond_start":{"num":3000,"min":0.000002623,"max":0.000477076,"avg":0.000004891,"var":0.000000241,"sum":0.014672756}},"irespond_wait":{"duration":{"num":3000,"min":0.000002384,"max":0.000495195,"avg":0.000005694,"var":0.000000290,"sum":0.017083406},"relative_timestamp_from_irespond_end":{"num":3000,"min":0.000000000.0,"max":0.000000477,"avg":0.000000175,"var":0.000000000,"sum":0.000524998}},"set_output":{"duration":{"num":3000,"min":0.000000000.0,"max":0.000000715,"avg":0.000000090,"var":0.000000000,"sum":0.000271320},"relative_timestamp_from_irespond_start":{"num":3000,"min":0.000000000.0,"max":0.000002146,"avg":0.000000073,"var":0.000000000,"sum":0.000219584}},"get_input":{"duration":{"num":3000,"min":0.000000000.0,"max":0.000000477,"avg":0.000000128,"var":0.000000000,"sum":0.000382662},"relative_timestamp_from_ult_start":{"num":3000,"min":0.000000000.0,"max":0.000002623,"avg":0.000000129,"var":0.000000000,"sum":0.000385523}}},"received from ofi+cxi://0x24076200":{"handler":{"duration":{"num":3000,"min":0.000000238,"max":0.002753735,"avg":0.000001301,"var":0.000007579,"sum":0.003902912}},"ult":{"duration":{"num":3000,"min":0.000027418,"max":0.014223099,"avg":0.000181024,"var":0.001314028,"sum":0.543071985},"relative_timestamp_from_handler_start":{"num":3000,"min":0.000000477,"max":0.002755404,"avg":0.000001899,"var":0.000007591,"sum":0.005697966}},"irespond":{"duration":{"num":3000,"min":0.000000238,"max":0.000002861,"avg":0.000000342,"var":0.000000000,"sum":0.001026869},"relative_timestamp_from_ult_start":{"num":3000,"min":0.000023365,"max":0.014214993,"avg":0.000173872,