{"address":"","progress_loop":{"progress_with_timeout":{"num":2246,"min":0.000000000.0,"max":0.104010582,"avg":0.057717896,"var":5.996274960,"sum":129.634393454},"progress_timeout_value_msec":{"num":2246,"min":100.000000000.0,"max":100.000000000.0,"avg":100.000000000.0,"var":0.000000000.0,"sum":224600.000000000.0},"progress_without_timeout":{"num":618136,"min":0.000000000.0,"max":0.000009060,"avg":0.000000113,"var":0.000000010,"sum":0.070002317},"trigger":{"num":4002,"min":0.000000000.0,"max":0.000027180,"avg":0.000000291,"var":0.000000001,"sum":0.001163960}},"rpcs":{"65535:65535:14048217247822970879:0":{"rpc_id":-4398526825886580737,"provider_id":0,"parent_rpc_id":65535,"parent_provider_id":65535,"name":"get_file_data","origin":{"sent to ofi+cxi://0x24056600":{"iforward":{"duration":{"num":1000,"min":0.000000477,"max":0.000029325,"avg":0.000000635,"var":0.000000001,"sum":0.000635147},"relative_timestamp_from_create":{"num":1000,"min":0.000000000.0,"max":0.000003815,"avg":0.000000074,"var":0.000000000,"sum":0.000074387}},"forward_cb":{"duration":{"num":1000,"min":0.000000000.0,"max":0.000000477,"avg":0.000000091,"var":0.000000000,"sum":0.000090599},"relative_timestamp_from_iforward_start":{"num":1000,"min":0.000050545,"max":0.010762215,"avg":0.000184079,"var":0.000322373,"sum":0.184078693}},"iforward_wait":{"duration":{"num":1000,"min":0.000050545,"max":0.010761976,"avg":0.000184116,"var":0.000321820,"sum":0.184116125},"relative_timestamp_from_iforward_end":{"num":1000,"min":0.000000000.0,"max":0.000000477,"avg":0.000000043,"var":0.000000000,"sum":0.000043154}},"set_input":{"duration":{"num":1000,"min":0.000000000.0,"max":0.000004292,"avg":0.000000098,"var":0.000000000,"sum":0.000098467},"relative_timestamp_from_iforward_start":{"num":1000,"min":0.000000238,"max":0.000018120,"avg":0.000000409,"var":0.000000000,"sum":0.000409365}},"get_output":{"duration":{"num":1000,"min":0.000000000.0,"max":0.000000238,"avg":0.000000101,"var":0.000000000,"sum":0.000100613},"relative_timestamp_from_wait_end":{"num":1000,"min":0.000000000.0,"max":0.000000238,"avg":0.000000091,"var":0.000000000,"sum":0.000091314}}}},"target":{"received from ofi+cxi://0x24056600":{"handler":{"duration":{"num":1000,"min":0.000000238,"max":0.000006676,"avg":0.000000340,"var":0.000000000,"sum":0.000340462}},"ult":{"duration":{"num":1000,"min":0.000049353,"max":0.010760546,"avg":0.000182356,"var":0.000311305,"sum":0.182355642},"relative_timestamp_from_handler_start":{"num":1000,"min":0.000000477,"max":0.000507116,"avg":0.000001068,"var":0.000000256,"sum":0.001068115}},"irespond":{"duration":{"num":1000,"min":0.000000238,"max":0.000002384,"avg":0.000000288,"var":0.000000000,"sum":0.000287771},"relative_timestamp_from_ult_start":{"num":1000,"min":0.000047922,"max":0.010758877,"avg":0.000180878,"var":0.000311202,"sum":0.180877686}},"respond_cb":{"duration":{"num":1000,"min":0.000000000.0,"max":0.000000477,"avg":0.000000078,"var":0.000000000,"sum":0.000078201},"relative_timestamp_from_irespond_start":{"num":1000,"min":0.000000477,"max":0.000003338,"avg":0.000000684,"var":0.000000000,"sum":0.000684023}},"irespond_wait":{"duration":{"num":1000,"min":0.000000715,"max":0.000002146,"avg":0.000000905,"var":0.000000000,"sum":0.000905275},"relative_timestamp_from_irespond_end":{"num":1000,"min":0.000000000.0,"max":0.000000238,"avg":0.000000046,"var":0.000000000,"sum":0.000045538}},"set_output":{"duration":{"num":1000,"min":0.000000000.0,"max":0.000000715,"avg":0.000000094,"var":0.000000000,"sum":0.000094414},"relative_timestamp_from_irespond_start":{"num":1000,"min":0.000000000.0,"max":0.000000954,"avg":0.000000079,"var":0.000000000,"sum":0.000079393}},"get_input":{"duration":{"num":1000,"min":0.000000000.0,"max":0.000002384,"avg":0.000000108,"var":0.000000000,"sum":0.000108242},"relative_timestamp_from_ult_start":{"num":1000,"min":0.000000000.0,"max":0.000006437,"avg":0.000000132,"var":0.000000000,"sum":0.000131845}}}}},"14048217247822970879:0:14048217247822970879:0":{"rpc_id":-4398526825886580737,"provider_id":0,"parent_rpc_id":-4398526825886580737,"parent_provider_id":0,"name":"get_file_data","origin":{"sent to ofi+cxi://0x24030000":{"iforward":{"duration":{"num":1000,"min":0.000000954,"max":0.000034571,"avg":0.000001330,"var":0.000000003,"sum":0.001330376},"relative_timestamp_from_create":{"num":1000,"min":0.000000000.0,"max":0.000000238,"avg":0.000000058,"var":0.000000000,"sum":0.000058174}},"forward_cb":{"duration":{"num":1000,"min":0.000000000.0,"max":0.000001192,"avg":0.000000083,"var":0.000000000,"sum":0.000082731},"relative_timestamp_from_iforward_start":{"num":1000,"min":0.000042200,"max":0.010751724,"avg":0.000174703,"var":0.000310155,"sum":0.174702644}},"iforward_wait":{"duration":{"num":1000,"min":0.000041008,"max":0.010743856,"avg":0.000173510,"var":0.000309243,"sum":0.173510313},"relative_timestamp_from_iforward_end":{"num":1000,"min":0.000000000.0,"max":0.000000477,"avg":0.000000213,"var":0.000000000,"sum":0.000212908}},"set_input":{"duration":{"num":1000,"min":0.000000000.0,"max":0.000000477,"avg":0.000000086,"var":0.000000000,"sum":0.000086308},"relative_timestamp_from_iforward_start":{"num":1000,"min":0.000000238,"max":0.000002384,"avg":0.000000370,"var":0.000000000,"sum":0.000370264}},"get_output":{"duration":{"num":1000,"min":0.000000000.0,"max":0.000000954,"avg":0.000000139,"var":0.000000000,"sum":0.000138521},"relative_timestamp_from_wait_end":{"num":1000,"min":0.000000000.0,"max":0.000000477,"avg":0.000000090,"var":0.000000000,"sum":0.000090122}}}}},"65535:65535:8686831390660034559:65535":{"rpc_id":8686831390660034559,"provider_id":65535,"parent_rpc_id":65535,"parent_provider_id":65535,"name":"__shutdown__","target":{"received from ofi+cxi://0x24014401":{"handler":{"duration":{"num":1,"min":0.000017881,"max":0.000017881,"avg":0.000017881,"var":0.000000000.0,"sum":0.000017881}},"ult":{"duration":{"num":1,"min":0.000015259,"max":0.000015259,"avg":0.000015259,"var":0.000000000.0,"sum":0.000015259},"relative_timestamp_from_handler_start":{"num":1,"min":0.000021219,"max":0.000021219,"avg":0.000021219,"var":0.000000000.0,"sum":0.000021219}},"irespond":{"duration":{"num":1,"min":0.000005722,"max":0.000005722,"avg":0.000005722,"var":0.000000000.0,"sum":0.000005722},"relative_timestamp_from_ult_start":{"num":1,"min":0.000000954,"max":0.000000954,"avg":0.000000954,"var":0.000000000.0,"sum":0.000000954}},"respond_cb":{"duration":{"num":1,"min":0.000000954,"max":0.000000954,"avg":0.000000954,"var":0.000000000.0,"sum":0.000000954},"relative_timestamp_from_irespond_start":{"num":1,"min":0.000010967,"max":0.000010967,"avg":0.000010967,"var":0.000000000.0,"sum":0.000010967}},"irespond_wait":{"duration":{"num":1,"min":0.000006676,"max":0.000006676,"avg":0.000006676,"var":0.000000000.0,"sum":0.000006676},"relative_timestamp_from_irespond_end":{"num":1,"min":0.000000000.0,"max":0.000000000.0,"avg":0.000000000.0,"var":0.000000000.0,"sum":0.000000000.0}},"set_output":{"duration":{"num":1,"min":0.000000477,"max":0.000000477,"avg":0.000000477,"var":0.000000000.0,"sum":0.000000477},"relative_timestamp_from_irespond_start":{"num":1,"min":0.000000954,"max":0.000000954,"avg":0.000000954,"var":0.000000000.0,"sum":0.000000954}},"get_input":{"duration":{"num":0,"min":0.000000000.0,"max":0.000000000.0,"avg":0.000000000.0,"var":0.000000000.0,"sum":0.000000000.0},"relative_timestamp_from_ult_start":{"num":0,"min":0.000000000.0,"max":0.000000000.0,"avg":0.000000000.0,"var":0.000000000.0,"sum":0.000000000.0}}}}}}}