{"address":"","progress_loop":{"progress_with_timeout":{"num":1243,"min":0.000010729,"max":0.104010344,"avg":0.103815506,"var":0.021748225,"sum":129.042674065},"progress_timeout_value_msec":{"num":1243,"min":100.000000000.0,"max":100.000000000.0,"avg":100.000000000.0,"var":0.000000000.0,"sum":124300.000000000.0},"progress_without_timeout":{"num":2641635,"min":0.000000000.0,"max":0.000654221,"avg":0.000000117,"var":0.000000493,"sum":0.308044672},"trigger":{"num":13002,"min":0.000000000.0,"max":0.001962185,"avg":0.000000594,"var":0.000003851,"sum":0.007718086}},"rpcs":{"65535:65535:14048217247822970879:0":{"rpc_id":-4398526825886580737,"provider_id":0,"parent_rpc_id":65535,"parent_provider_id":65535,"name":"get_file_data","origin":{"sent to ofi+cxi://0x24016200":{"iforward":{"duration":{"num":1000,"min":0.000000477,"max":0.000025511,"avg":0.000000669,"var":0.000000001,"sum":0.000669003},"relative_timestamp_from_create":{"num":1000,"min":0.000000000.0,"max":0.000003338,"avg":0.000000077,"var":0.000000000,"sum":0.000077248}},"forward_cb":{"duration":{"num":1000,"min":0.000000000.0,"max":0.000000238,"avg":0.000000087,"var":0.000000000,"sum":0.000087261},"relative_timestamp_from_iforward_start":{"num":1000,"min":0.000209332,"max":0.013137817,"avg":0.000780528,"var":0.000368202,"sum":0.780527830}},"iforward_wait":{"duration":{"num":1000,"min":0.000209332,"max":0.013152361,"avg":0.000780728,"var":0.000368529,"sum":0.780728340},"relative_timestamp_from_iforward_end":{"num":1000,"min":0.000000000.0,"max":0.000000238,"avg":0.000000043,"var":0.000000000,"sum":0.000042915}},"set_input":{"duration":{"num":1000,"min":0.000000000.0,"max":0.000004053,"avg":0.000000102,"var":0.000000000,"sum":0.000101566},"relative_timestamp_from_iforward_start":{"num":1000,"min":0.000000238,"max":0.000015736,"avg":0.000000429,"var":0.000000000,"sum":0.000428677}},"get_output":{"duration":{"num":1000,"min":0.000000477,"max":0.000007868,"avg":0.000000795,"var":0.000000000,"sum":0.000794649},"relative_timestamp_from_wait_end":{"num":1000,"min":0.000000000.0,"max":0.000000238,"avg":0.000000095,"var":0.000000000,"sum":0.000095129}}}},"target":{"received from ofi+cxi://0x24016200":{"handler":{"duration":{"num":1000,"min":0.000000238,"max":0.000006199,"avg":0.000000352,"var":0.000000000,"sum":0.000352383}},"ult":{"duration":{"num":1000,"min":0.000208139,"max":0.013090611,"avg":0.000779194,"var":0.000367016,"sum":0.779193878},"relative_timestamp_from_handler_start":{"num":1000,"min":0.000000477,"max":0.000013113,"avg":0.000000630,"var":0.000000000,"sum":0.000630140}},"irespond":{"duration":{"num":1000,"min":0.000000954,"max":0.000026703,"avg":0.000002373,"var":0.000000008,"sum":0.002373457},"relative_timestamp_from_ult_start":{"num":1000,"min":0.000205517,"max":0.013063669,"avg":0.000775429,"var":0.000365251,"sum":0.775428772}},"respond_cb":{"duration":{"num":1000,"min":0.000000000.0,"max":0.000000238,"avg":0.000000081,"var":0.000000000,"sum":0.000080824},"relative_timestamp_from_irespond_start":{"num":1000,"min":0.000001431,"max":0.000033379,"avg":0.000002908,"var":0.000000011,"sum":0.002907991}},"irespond_wait":{"duration":{"num":1000,"min":0.000000715,"max":0.000018120,"avg":0.000001098,"var":0.000000001,"sum":0.001098156},"relative_timestamp_from_irespond_end":{"num":1000,"min":0.000000000.0,"max":0.000000238,"avg":0.000000047,"var":0.000000000,"sum":0.000047207}},"set_output":{"duration":{"num":1000,"min":0.000000238,"max":0.000016928,"avg":0.000001560,"var":0.000000003,"sum":0.001560450},"relative_timestamp_from_irespond_start":{"num":1000,"min":0.000000000.0,"max":0.000000715,"avg":0.000000086,"var":0.000000000,"sum":0.000086308}},"get_input":{"duration":{"num":1000,"min":0.000000000.0,"max":0.000002623,"avg":0.000000118,"var":0.000000000,"sum":0.000117779},"relative_timestamp_from_ult_start":{"num":1000,"min":0.000000000.0,"max":0.000003099,"avg":0.000000138,"var":0.000000000,"sum":0.000138044}}}}},"14048217247822970879:0:14048217247822970879:0":{"rpc_id":-4398526825886580737,"provider_id":0,"parent_rpc_id":-4398526825886580737,"parent_provider_id":0,"name":"get_file_data","origin":{"sent to ofi+cxi://0x24012000":{"iforward":{"duration":{"num":3000,"min":0.000000954,"max":0.000033379,"avg":0.000001285,"var":0.000000003,"sum":0.003855228},"relative_timestamp_from_create":{"num":3000,"min":0.000000000.0,"max":0.000000477,"avg":0.000000063,"var":0.000000000,"sum":0.000189543}},"forward_cb":{"duration":{"num":3000,"min":0.000000000.0,"max":0.000001431,"avg":0.000000094,"var":0.000000000,"sum":0.000283480},"relative_timestamp_from_iforward_start":{"num":3000,"min":0.000072002,"max":0.013738394,"avg":0.000754872,"var":0.001086874,"sum":2.264614820}},"iforward_wait":{"duration":{"num":3000,"min":0.000070810,"max":0.013724327,"avg":0.000753810,"var":0.001084730,"sum":2.261428833},"relative_timestamp_from_iforward_end":{"num":3000,"min":0.000000000.0,"max":0.000000477,"avg":0.000000230,"var":0.000000000,"sum":0.000690699}},"set_input":{"duration":{"num":3000,"min":0.000000000.0,"max":0.000003576,"avg":0.000000100,"var":0.000000000,"sum":0.000299215},"relative_timestamp_from_iforward_start":{"num":3000,"min":0.000000238,"max":0.000002146,"avg":0.000000370,"var":0.000000000,"sum":0.001111031}},"get_output":{"duration":{"num":3000,"min":0.000000715,"max":0.000020742,"avg":0.000001183,"var":0.000000001,"sum":0.003549576},"relative_timestamp_from_wait_end":{"num":3000,"min":0.000000000.0,"max":0.000017166,"avg":0.000000153,"var":0.000000001,"sum":0.000459671}}}},"target":{"received from ofi+cxi://0x24052000":{"handler":{"duration":{"num":1000,"min":0.000000238,"max":0.000001431,"avg":0.000000379,"var":0.000000000,"sum":0.000378847}},"ult":{"duration":{"num":1000,"min":0.000104666,"max":0.013084650,"avg":0.000779007,"var":0.000384117,"sum":0.779007435},"relative_timestamp_from_handler_start":{"num":1000,"min":0.000000477,"max":0.000010490,"avg":0.000000684,"var":0.000000001,"sum":0.000683784}},"irespond":{"duration":{"num":1000,"min":0.000001431,"max":0.000032663,"avg":0.000002883,"var":0.000000008,"sum":0.002883196},"relative_timestamp_from_ult_start":{"num":1000,"min":0.000086546,"max":0.012970924,"avg":0.000759288,"var":0.000379948,"sum":0.759287834}},"respond_cb":{"duration":{"num":1000,"min":0.000000000.0,"max":0.000000238,"avg":0.000000079,"var":0.000000000,"sum":0.000079155},"relative_timestamp_from_irespond_start":{"num":1000,"min":0.000015497,"max":0.000112772,"avg":0.000019164,"var":0.000000035,"sum":0.019163847}},"irespond_wait":{"duration":{"num":1000,"min":0.000014067,"max":0.000080347,"avg":0.000016280,"var":0.000000016,"sum":0.016280174},"relative_timestamp_from_irespond_end":{"num":1000,"min":0.000000000.0,"max":0.000000715,"avg":0.000000343,"var":0.000000000,"sum":0.000343084}},"set_output":{"duration":{"num":1000,"min":0.000000238,"max":0.000016928,"avg":0.000001458,"var":0.000000003,"sum":0.001457691},"relative_timestamp_from_irespond_start":{"num":1000,"min":0.000000000.0,"max":0.000000477,"avg":0.000000080,"var":0.000000000,"sum":0.000079632}},"get_input":{"duration":{"num":1000,"min":0.000000000.0,"max":0.000000477,"avg":0.000000116,"var":0.000000000,"sum":0.000115871},"relative_timestamp_from_ult_start":{"num":1000,"min":0.000000000.0,"max":0.000000715,"avg":0.000000131,"var":0.000000000,"sum":0.000130892}}},"received from ofi+cxi://0x24072000":{"handler":{"duration":{"num":1000,"min":0.000000238,"max":0.001961231,"avg":0.000002350,"var":0.000003841,"sum":0.002350092}},"ult":{"duration":{"num":1000,"min":0.000095844,"max":0.013861895,"avg":0.000772597,"var":0.000348480,"sum":0.772597075},"relative_timestamp_from_handler_start":{"num":1000,"min":0.000000477,"max":0.001962900,"avg":0.000002643,"var":0.000003847,"sum":0.002642632}},"irespond":{"duration":{"num":1000,"min":0.000001192,"max":0.000025511,"avg":0.000002553,"var":0.000000007,"sum":0.002553225},"relative_timestamp_from_ult_start":{"num":1000,"min":0.000077486,"max":0.013754129,"avg":0.000753448,"var":0.000344788,