{"address":"","progress_loop":{"progress_with_timeout":{"num":1246,"min":0.000014782,"max":0.104013443,"avg":0.103713272,"var":0.033652879,"sum":129.226737499},"progress_timeout_value_msec":{"num":1246,"min":100.000000000.0,"max":100.000000000.0,"avg":100.000000000.0,"var":0.000000000.0,"sum":124600.000000000.0},"progress_without_timeout":{"num":1958749,"min":0.000000000.0,"max":0.000087261,"avg":0.000000121,"var":0.000000057,"sum":0.237509012},"trigger":{"num":13002,"min":0.000000000.0,"max":0.001595974,"avg":0.000000564,"var":0.000002549,"sum":0.007330894}},"rpcs":{"65535:65535:14048217247822970879:0":{"rpc_id":-4398526825886580737,"provider_id":0,"parent_rpc_id":65535,"parent_provider_id":65535,"name":"get_file_data","origin":{"sent to ofi+cxi://0x24054200":{"iforward":{"duration":{"num":1000,"min":0.000000477,"max":0.000034809,"avg":0.000000675,"var":0.000000001,"sum":0.000675201},"relative_timestamp_from_create":{"num":1000,"min":0.000000000.0,"max":0.000004292,"avg":0.000000075,"var":0.000000000,"sum":0.000075340}},"forward_cb":{"duration":{"num":1000,"min":0.000000000.0,"max":0.000000238,"avg":0.000000077,"var":0.000000000,"sum":0.000076771},"relative_timestamp_from_iforward_start":{"num":1000,"min":0.000097990,"max":0.016673088,"avg":0.000593441,"var":0.000439318,"sum":0.593441010}},"iforward_wait":{"duration":{"num":1000,"min":0.000103712,"max":0.016672611,"avg":0.000593756,"var":0.000439241,"sum":0.593756199},"relative_timestamp_from_iforward_end":{"num":1000,"min":0.000000000.0,"max":0.000000238,"avg":0.000000040,"var":0.000000000,"sum":0.000039577}},"set_input":{"duration":{"num":1000,"min":0.000000000.0,"max":0.000004768,"avg":0.000000101,"var":0.000000000,"sum":0.000101328},"relative_timestamp_from_iforward_start":{"num":1000,"min":0.000000238,"max":0.000022650,"avg":0.000000447,"var":0.000000001,"sum":0.000446796}},"get_output":{"duration":{"num":1000,"min":0.000000238,"max":0.000004292,"avg":0.000000418,"var":0.000000000,"sum":0.000418425},"relative_timestamp_from_wait_end":{"num":1000,"min":0.000000000.0,"max":0.000000238,"avg":0.000000091,"var":0.000000000,"sum":0.000091314}}}},"target":{"received from ofi+cxi://0x24054200":{"handler":{"duration":{"num":1000,"min":0.000000238,"max":0.000007153,"avg":0.000000346,"var":0.000000000,"sum":0.000345945}},"ult":{"duration":{"num":1000,"min":0.000096560,"max":0.016670465,"avg":0.000591542,"var":0.000436791,"sum":0.591541767},"relative_timestamp_from_handler_start":{"num":1000,"min":0.000000477,"max":0.000548124,"avg":0.000001158,"var":0.000000300,"sum":0.001158476}},"irespond":{"duration":{"num":1000,"min":0.000000715,"max":0.000022650,"avg":0.000001701,"var":0.000000005,"sum":0.001701355},"relative_timestamp_from_ult_start":{"num":1000,"min":0.000093222,"max":0.016639948,"avg":0.000588451,"var":0.000435168,"sum":0.588451147}},"respond_cb":{"duration":{"num":1000,"min":0.000000000.0,"max":0.000000238,"avg":0.000000083,"var":0.000000000,"sum":0.000083447},"relative_timestamp_from_irespond_start":{"num":1000,"min":0.000001192,"max":0.000029802,"avg":0.000002236,"var":0.000000006,"sum":0.002235651}},"irespond_wait":{"duration":{"num":1000,"min":0.000000715,"max":0.000025511,"avg":0.000001107,"var":0.000000001,"sum":0.001107216},"relative_timestamp_from_irespond_end":{"num":1000,"min":0.000000000.0,"max":0.000000238,"avg":0.000000043,"var":0.000000000,"sum":0.000042915}},"set_output":{"duration":{"num":1000,"min":0.000000238,"max":0.000012875,"avg":0.000000942,"var":0.000000001,"sum":0.000941753},"relative_timestamp_from_irespond_start":{"num":1000,"min":0.000000000.0,"max":0.000000954,"avg":0.000000083,"var":0.000000000,"sum":0.000082731}},"get_input":{"duration":{"num":1000,"min":0.000000000.0,"max":0.000002861,"avg":0.000000108,"var":0.000000000,"sum":0.000108242},"relative_timestamp_from_ult_start":{"num":1000,"min":0.000000000.0,"max":0.000006914,"avg":0.000000134,"var":0.000000000,"sum":0.000133514}}}}},"14048217247822970879:0:14048217247822970879:0":{"rpc_id":-4398526825886580737,"provider_id":0,"parent_rpc_id":-4398526825886580737,"parent_provider_id":0,"name":"get_file_data","origin":{"sent to ofi+cxi://0x24074600":{"iforward":{"duration":{"num":3000,"min":0.000000954,"max":0.000039577,"avg":0.000001298,"var":0.000000004,"sum":0.003892899},"relative_timestamp_from_create":{"num":3000,"min":0.000000000.0,"max":0.000000477,"avg":0.000000067,"var":0.000000000,"sum":0.000201225}},"forward_cb":{"duration":{"num":3000,"min":0.000000000.0,"max":0.000003338,"avg":0.000000092,"var":0.000000000,"sum":0.000276089},"relative_timestamp_from_iforward_start":{"num":3000,"min":0.000082254,"max":0.016675234,"avg":0.000570957,"var":0.001287624,"sum":1.712871075}},"iforward_wait":{"duration":{"num":3000,"min":0.000081301,"max":0.016667604,"avg":0.000569878,"var":0.001285502,"sum":1.709635258},"relative_timestamp_from_iforward_end":{"num":3000,"min":0.000000000.0,"max":0.000000715,"avg":0.000000239,"var":0.000000000,"sum":0.000716209}},"set_input":{"duration":{"num":3000,"min":0.000000000.0,"max":0.000000715,"avg":0.000000099,"var":0.000000000,"sum":0.000296593},"relative_timestamp_from_iforward_start":{"num":3000,"min":0.000000238,"max":0.000002861,"avg":0.000000371,"var":0.000000000,"sum":0.001114368}},"get_output":{"duration":{"num":3000,"min":0.000000477,"max":0.000010967,"avg":0.000000789,"var":0.000000001,"sum":0.002366066},"relative_timestamp_from_wait_end":{"num":3000,"min":0.000000000.0,"max":0.000019312,"avg":0.000000150,"var":0.000000001,"sum":0.000449181}}}},"target":{"received from ofi+cxi://0x24074200":{"handler":{"duration":{"num":1000,"min":0.000000238,"max":0.000006914,"avg":0.000000377,"var":0.000000000,"sum":0.000376701}},"ult":{"duration":{"num":1000,"min":0.000103712,"max":0.016723871,"avg":0.000592141,"var":0.000444137,"sum":0.592140675},"relative_timestamp_from_handler_start":{"num":1000,"min":0.000000477,"max":0.000015736,"avg":0.000000708,"var":0.000000001,"sum":0.000707865}},"irespond":{"duration":{"num":1000,"min":0.000001192,"max":0.000025511,"avg":0.000002289,"var":0.000000006,"sum":0.002288580},"relative_timestamp_from_ult_start":{"num":1000,"min":0.000087023,"max":0.016683102,"avg":0.000574216,"var":0.000441516,"sum":0.574215889}},"respond_cb":{"duration":{"num":1000,"min":0.000000000.0,"max":0.000000477,"avg":0.000000082,"var":0.000000000,"sum":0.000082254},"relative_timestamp_from_irespond_start":{"num":1000,"min":0.000014544,"max":0.000123024,"avg":0.000017357,"var":0.000000033,"sum":0.017356873}},"irespond_wait":{"duration":{"num":1000,"min":0.000013113,"max":0.000097990,"avg":0.000015070,"var":0.000000020,"sum":0.015070438},"relative_timestamp_from_irespond_end":{"num":1000,"min":0.000000000.0,"max":0.000000715,"avg":0.000000357,"var":0.000000000,"sum":0.000356674}},"set_output":{"duration":{"num":1000,"min":0.000000238,"max":0.000013590,"avg":0.000000835,"var":0.000000001,"sum":0.000835419},"relative_timestamp_from_irespond_start":{"num":1000,"min":0.000000000.0,"max":0.000000477,"avg":0.000000081,"var":0.000000000,"sum":0.000080585}},"get_input":{"duration":{"num":1000,"min":0.000000000.0,"max":0.000000715,"avg":0.000000125,"var":0.000000000,"sum":0.000124931},"relative_timestamp_from_ult_start":{"num":1000,"min":0.000000000.0,"max":0.000000715,"avg":0.000000124,"var":0.000000000,"sum":0.000124454}}},"received from ofi+cxi://0x24036200":{"handler":{"duration":{"num":1000,"min":0.000000238,"max":0.001594782,"avg":0.000001968,"var":0.000002540,"sum":0.001968145}},"ult":{"duration":{"num":1000,"min":0.000105858,"max":0.012458801,"avg":0.000589766,"var":0.000414875,"sum":0.589765549},"relative_timestamp_from_handler_start":{"num":1000,"min":0.000000477,"max":0.001596689,"avg":0.000002265,"var":0.000002545,"sum":0.002264977}},"irespond":{"duration":{"num":1000,"min":0.000001192,"max":0.000038862,"avg":0.000002292,"var":0.000000009,"sum":0.002292395},"relative_timestamp_from_ult_start":{"num":1000,"min":0.000089884,"max":0.012415409,"avg":0.000571988,"var":0.000412444,