{"address":"","progress_loop":{"progress_with_timeout":{"num":1251,"min":0.000000477,"max":0.104006052,"avg":0.103409376,"var":0.075303623,"sum":129.365129948},"progress_timeout_value_msec":{"num":1251,"min":100.000000000.0,"max":100.000000000.0,"avg":100.000000000.0,"var":0.000000000.0,"sum":125100.000000000.0},"progress_without_timeout":{"num":1526413,"min":0.000000000.0,"max":0.000590801,"avg":0.000000119,"var":0.000000392,"sum":0.181531191},"trigger":{"num":13002,"min":0.000000000.0,"max":0.001971960,"avg":0.000000575,"var":0.000003890,"sum":0.007474422}},"rpcs":{"65535:65535:14048217247822970879:0":{"rpc_id":-4398526825886580737,"provider_id":0,"parent_rpc_id":65535,"parent_provider_id":65535,"name":"get_file_data","origin":{"sent to ofi+cxi://0x24034600":{"iforward":{"duration":{"num":1000,"min":0.000000477,"max":0.000031948,"avg":0.000000653,"var":0.000000001,"sum":0.000652552},"relative_timestamp_from_create":{"num":1000,"min":0.000000000.0,"max":0.000004530,"avg":0.000000077,"var":0.000000000,"sum":0.000077248}},"forward_cb":{"duration":{"num":1000,"min":0.000000000.0,"max":0.000000238,"avg":0.000000083,"var":0.000000000,"sum":0.000083447},"relative_timestamp_from_iforward_start":{"num":1000,"min":0.000100374,"max":0.023438454,"avg":0.000461324,"var":0.000620090,"sum":0.461323977}},"iforward_wait":{"duration":{"num":1000,"min":0.000103235,"max":0.023436785,"avg":0.000461650,"var":0.000619971,"sum":0.461649656},"relative_timestamp_from_iforward_end":{"num":1000,"min":0.000000000.0,"max":0.000000238,"avg":0.000000047,"var":0.000000000,"sum":0.000046730}},"set_input":{"duration":{"num":1000,"min":0.000000000.0,"max":0.000004768,"avg":0.000000092,"var":0.000000000,"sum":0.000091791},"relative_timestamp_from_iforward_start":{"num":1000,"min":0.000000238,"max":0.000019312,"avg":0.000000432,"var":0.000000000,"sum":0.000432491}},"get_output":{"duration":{"num":1000,"min":0.000000238,"max":0.000002384,"avg":0.000000319,"var":0.000000000,"sum":0.000318527},"relative_timestamp_from_wait_end":{"num":1000,"min":0.000000000.0,"max":0.000000238,"avg":0.000000093,"var":0.000000000,"sum":0.000092506}}}},"target":{"received from ofi+cxi://0x24034600":{"handler":{"duration":{"num":1000,"min":0.000000238,"max":0.000007629,"avg":0.000000343,"var":0.000000000,"sum":0.000342846}},"ult":{"duration":{"num":1000,"min":0.000099421,"max":0.023380041,"avg":0.000459994,"var":0.000617345,"sum":0.459994078},"relative_timestamp_from_handler_start":{"num":1000,"min":0.000000477,"max":0.000015974,"avg":0.000000622,"var":0.000000000,"sum":0.000621796}},"irespond":{"duration":{"num":1000,"min":0.000000715,"max":0.000020981,"avg":0.000001266,"var":0.000000003,"sum":0.001265526},"relative_timestamp_from_ult_start":{"num":1000,"min":0.000095367,"max":0.023354053,"avg":0.000457403,"var":0.000615911,"sum":0.457403183}},"respond_cb":{"duration":{"num":1000,"min":0.000000000.0,"max":0.000000477,"avg":0.000000079,"var":0.000000000,"sum":0.000079155},"relative_timestamp_from_irespond_start":{"num":1000,"min":0.000000954,"max":0.000022173,"avg":0.000001752,"var":0.000000003,"sum":0.001751900}},"irespond_wait":{"duration":{"num":1000,"min":0.000000715,"max":0.000005484,"avg":0.000001036,"var":0.000000000,"sum":0.001036406},"relative_timestamp_from_irespond_end":{"num":1000,"min":0.000000000.0,"max":0.000000477,"avg":0.000000053,"var":0.000000000,"sum":0.000053167}},"set_output":{"duration":{"num":1000,"min":0.000000000.0,"max":0.000010729,"avg":0.000000550,"var":0.000000001,"sum":0.000550032},"relative_timestamp_from_irespond_start":{"num":1000,"min":0.000000000.0,"max":0.000001431,"avg":0.000000087,"var":0.000000000,"sum":0.000086546}},"get_input":{"duration":{"num":1000,"min":0.000000000.0,"max":0.000002146,"avg":0.000000109,"var":0.000000000,"sum":0.000109434},"relative_timestamp_from_ult_start":{"num":1000,"min":0.000000000.0,"max":0.000003338,"avg":0.000000127,"var":0.000000000,"sum":0.000127316}}}}},"14048217247822970879:0:14048217247822970879:0":{"rpc_id":-4398526825886580737,"provider_id":0,"parent_rpc_id":-4398526825886580737,"parent_provider_id":0,"name":"get_file_data","origin":{"sent to ofi+cxi://0x24010400":{"iforward":{"duration":{"num":3000,"min":0.000000954,"max":0.000036001,"avg":0.000001189,"var":0.000000003,"sum":0.003567457},"relative_timestamp_from_create":{"num":3000,"min":0.000000000.0,"max":0.000000477,"avg":0.000000062,"var":0.000000000,"sum":0.000184536}},"forward_cb":{"duration":{"num":3000,"min":0.000000000.0,"max":0.000001431,"avg":0.000000092,"var":0.000000000,"sum":0.000275135},"relative_timestamp_from_iforward_start":{"num":3000,"min":0.000072002,"max":0.023251295,"avg":0.000439686,"var":0.001630918,"sum":1.319058895}},"iforward_wait":{"duration":{"num":3000,"min":0.000071287,"max":0.023221016,"avg":0.000438734,"var":0.001628716,"sum":1.316202402},"relative_timestamp_from_iforward_end":{"num":3000,"min":0.000000000.0,"max":0.000000477,"avg":0.000000202,"var":0.000000000,"sum":0.000607491}},"set_input":{"duration":{"num":3000,"min":0.000000000.0,"max":0.000000715,"avg":0.000000090,"var":0.000000000,"sum":0.000270844},"relative_timestamp_from_iforward_start":{"num":3000,"min":0.000000238,"max":0.000001907,"avg":0.000000374,"var":0.000000000,"sum":0.001123428}},"get_output":{"duration":{"num":3000,"min":0.000000238,"max":0.000004292,"avg":0.000000504,"var":0.000000001,"sum":0.001512051},"relative_timestamp_from_wait_end":{"num":3000,"min":0.000000000.0,"max":0.000004530,"avg":0.000000112,"var":0.000000000,"sum":0.000336170}}}},"target":{"received from ofi+cxi://0x24014200":{"handler":{"duration":{"num":1000,"min":0.000000238,"max":0.000006437,"avg":0.000000379,"var":0.000000000,"sum":0.000378847}},"ult":{"duration":{"num":1000,"min":0.000091553,"max":0.023342609,"avg":0.000461838,"var":0.000645897,"sum":0.461838007},"relative_timestamp_from_handler_start":{"num":1000,"min":0.000000477,"max":0.000007868,"avg":0.000000711,"var":0.000000001,"sum":0.000711203}},"irespond":{"duration":{"num":1000,"min":0.000000954,"max":0.000036240,"avg":0.000001779,"var":0.000000004,"sum":0.001778841},"relative_timestamp_from_ult_start":{"num":1000,"min":0.000076532,"max":0.023233652,"avg":0.000445398,"var":0.000640787,"sum":0.445397615}},"respond_cb":{"duration":{"num":1000,"min":0.000000000.0,"max":0.000000238,"avg":0.000000075,"var":0.000000000,"sum":0.000075102},"relative_timestamp_from_irespond_start":{"num":1000,"min":0.000013828,"max":0.000107765,"avg":0.000015829,"var":0.000000027,"sum":0.015829086}},"irespond_wait":{"duration":{"num":1000,"min":0.000009775,"max":0.000086069,"avg":0.000014159,"var":0.000000016,"sum":0.014159441},"relative_timestamp_from_irespond_end":{"num":1000,"min":0.000000000.0,"max":0.000003815,"avg":0.000000289,"var":0.000000000,"sum":0.000288725}},"set_output":{"duration":{"num":1000,"min":0.000000000.0,"max":0.000009298,"avg":0.000000521,"var":0.000000001,"sum":0.000520706},"relative_timestamp_from_irespond_start":{"num":1000,"min":0.000000000.0,"max":0.000000477,"avg":0.000000073,"var":0.000000000,"sum":0.000072718}},"get_input":{"duration":{"num":1000,"min":0.000000000.0,"max":0.000000477,"avg":0.000000119,"var":0.000000000,"sum":0.000119448},"relative_timestamp_from_ult_start":{"num":1000,"min":0.000000000.0,"max":0.000000954,"avg":0.000000126,"var":0.000000000,"sum":0.000125647}}},"received from ofi+cxi://0x24070400":{"handler":{"duration":{"num":1000,"min":0.000000238,"max":0.001971006,"avg":0.000002338,"var":0.000003880,"sum":0.002338171}},"ult":{"duration":{"num":1000,"min":0.000095367,"max":0.016754150,"avg":0.000454348,"var":0.000384497,"sum":0.454348087},"relative_timestamp_from_handler_start":{"num":1000,"min":0.000000477,"max":0.001972914,"avg":0.000002696,"var":0.000003887,"sum":0.002696276}},"irespond":{"duration":{"num":1000,"min":0.000001192,"max":0.000022411,"avg":0.000001815,"var":0.000000004,"sum":0.001815081},"relative_timestamp_from_ult_start":{"num":1000,"min":0.000079870,"max":0.016652584,"avg":0.000436745,