{"address":"","progress_loop":{"progress_with_timeout":{"num":1305,"min":0.000000000.0,"max":0.104012489,"avg":0.099347312,"var":0.600058718,"sum":129.648241997},"progress_timeout_value_msec":{"num":1305,"min":100.000000000.0,"max":100.000000000.0,"avg":100.000000000.0,"var":0.000000000.0,"sum":130500.000000000.0},"progress_without_timeout":{"num":583204,"min":0.000000000.0,"max":0.000016928,"avg":0.000000118,"var":0.000000012,"sum":0.068661690},"trigger":{"num":10002,"min":0.000000000.0,"max":0.001835823,"avg":0.000000492,"var":0.000003370,"sum":0.004917622}},"rpcs":{"65535:65535:14048217247822970879:0":{"rpc_id":-4398526825886580737,"provider_id":0,"parent_rpc_id":65535,"parent_provider_id":65535,"name":"get_file_data","origin":{"sent to ofi+cxi://0x24016200":{"iforward":{"duration":{"num":1000,"min":0.000000477,"max":0.000030279,"avg":0.000000650,"var":0.000000001,"sum":0.000649929},"relative_timestamp_from_create":{"num":1000,"min":0.000000000.0,"max":0.000003815,"avg":0.000000067,"var":0.000000000,"sum":0.000067472}},"forward_cb":{"duration":{"num":1000,"min":0.000000000.0,"max":0.000000238,"avg":0.000000078,"var":0.000000000,"sum":0.000077724},"relative_timestamp_from_iforward_start":{"num":1000,"min":0.000048161,"max":0.016679049,"avg":0.000189309,"var":0.000551051,"sum":0.189309120}},"iforward_wait":{"duration":{"num":1000,"min":0.000048161,"max":0.016679049,"avg":0.000189555,"var":0.000550831,"sum":0.189555168},"relative_timestamp_from_iforward_end":{"num":1000,"min":0.000000000.0,"max":0.000000238,"avg":0.000000040,"var":0.000000000,"sum":0.000040054}},"set_input":{"duration":{"num":1000,"min":0.000000000.0,"max":0.000004768,"avg":0.000000089,"var":0.000000000,"sum":0.000088930},"relative_timestamp_from_iforward_start":{"num":1000,"min":0.000000238,"max":0.000018358,"avg":0.000000424,"var":0.000000000,"sum":0.000423670}},"get_output":{"duration":{"num":1000,"min":0.000000000.0,"max":0.000000238,"avg":0.000000111,"var":0.000000000,"sum":0.000110865},"relative_timestamp_from_wait_end":{"num":1000,"min":0.000000000.0,"max":0.000000238,"avg":0.000000085,"var":0.000000000,"sum":0.000085354}}}},"target":{"received from ofi+cxi://0x24016200":{"handler":{"duration":{"num":1000,"min":0.000000238,"max":0.000005722,"avg":0.000000338,"var":0.000000000,"sum":0.000337601}},"ult":{"duration":{"num":1000,"min":0.000046492,"max":0.016677856,"avg":0.000188012,"var":0.000550696,"sum":0.188012362},"relative_timestamp_from_handler_start":{"num":1000,"min":0.000000477,"max":0.000012398,"avg":0.000000637,"var":0.000000000,"sum":0.000637293}},"irespond":{"duration":{"num":1000,"min":0.000000238,"max":0.000002146,"avg":0.000000307,"var":0.000000000,"sum":0.000307322},"relative_timestamp_from_ult_start":{"num":1000,"min":0.000044823,"max":0.016676188,"avg":0.000186369,"var":0.000550675,"sum":0.186369419}},"respond_cb":{"duration":{"num":1000,"min":0.000000000.0,"max":0.000000238,"avg":0.000000075,"var":0.000000000,"sum":0.000075102},"relative_timestamp_from_irespond_start":{"num":1000,"min":0.000000477,"max":0.000008345,"avg":0.000000804,"var":0.000000000,"sum":0.000803709}},"irespond_wait":{"duration":{"num":1000,"min":0.000000715,"max":0.000008583,"avg":0.000001067,"var":0.000000000,"sum":0.001067162},"relative_timestamp_from_irespond_end":{"num":1000,"min":0.000000000.0,"max":0.000000238,"avg":0.000000041,"var":0.000000000,"sum":0.000041008}},"set_output":{"duration":{"num":1000,"min":0.000000000.0,"max":0.000000715,"avg":0.000000103,"var":0.000000000,"sum":0.000102758},"relative_timestamp_from_irespond_start":{"num":1000,"min":0.000000000.0,"max":0.000000715,"avg":0.000000079,"var":0.000000000,"sum":0.000078678}},"get_input":{"duration":{"num":1000,"min":0.000000000.0,"max":0.000003099,"avg":0.000000106,"var":0.000000000,"sum":0.000106096},"relative_timestamp_from_ult_start":{"num":1000,"min":0.000000000.0,"max":0.000003099,"avg":0.000000137,"var":0.000000000,"sum":0.000136852}}}}},"14048217247822970879:0:14048217247822970879:0":{"rpc_id":-4398526825886580737,"provider_id":0,"parent_rpc_id":-4398526825886580737,"parent_provider_id":0,"name":"get_file_data","origin":{"sent to ofi+cxi://0x24012000":{"iforward":{"duration":{"num":3000,"min":0.000000954,"max":0.000032663,"avg":0.000001139,"var":0.000000003,"sum":0.003417730},"relative_timestamp_from_create":{"num":3000,"min":0.000000000.0,"max":0.000000238,"avg":0.000000060,"var":0.000000000,"sum":0.000178814}},"forward_cb":{"duration":{"num":3000,"min":0.000000000.0,"max":0.000000954,"avg":0.000000091,"var":0.000000000,"sum":0.000272512},"relative_timestamp_from_iforward_start":{"num":3000,"min":0.000029564,"max":0.016679287,"avg":0.000172083,"var":0.001533638,"sum":0.516249657}},"iforward_wait":{"duration":{"num":3000,"min":0.000028849,"max":0.016678572,"avg":0.000171299,"var":0.001533475,"sum":0.513895512},"relative_timestamp_from_iforward_end":{"num":3000,"min":0.000000000.0,"max":0.000005007,"avg":0.000000189,"var":0.000000000,"sum":0.000565529}},"set_input":{"duration":{"num":3000,"min":0.000000000.0,"max":0.000000477,"avg":0.000000088,"var":0.000000000,"sum":0.000264406},"relative_timestamp_from_iforward_start":{"num":3000,"min":0.000000238,"max":0.000003576,"avg":0.000000364,"var":0.000000000,"sum":0.001092672}},"get_output":{"duration":{"num":3000,"min":0.000000000.0,"max":0.000002623,"avg":0.000000147,"var":0.000000000,"sum":0.000440598},"relative_timestamp_from_wait_end":{"num":3000,"min":0.000000000.0,"max":0.000002623,"avg":0.000000106,"var":0.000000000,"sum":0.000319004}}}},"target":{"received from ofi+cxi://0x24052000":{"handler":{"duration":{"num":1000,"min":0.000000238,"max":0.000003338,"avg":0.000000371,"var":0.000000000,"sum":0.000371456}},"ult":{"duration":{"num":1000,"min":0.000039101,"max":0.016689539,"avg":0.000180862,"var":0.000561093,"sum":0.180861712},"relative_timestamp_from_handler_start":{"num":1000,"min":0.000000477,"max":0.000006437,"avg":0.000000729,"var":0.000000001,"sum":0.000729322}},"irespond":{"duration":{"num":1000,"min":0.000000238,"max":0.000001669,"avg":0.000000352,"var":0.000000000,"sum":0.000352144},"relative_timestamp_from_ult_start":{"num":1000,"min":0.000033379,"max":0.016685247,"avg":0.000176242,"var":0.000561049,"sum":0.176242352}},"respond_cb":{"duration":{"num":1000,"min":0.000000000.0,"max":0.000000238,"avg":0.000000074,"var":0.000000000,"sum":0.000074387},"relative_timestamp_from_irespond_start":{"num":1000,"min":0.000003338,"max":0.000015020,"avg":0.000004018,"var":0.000000001,"sum":0.004017830}},"irespond_wait":{"duration":{"num":1000,"min":0.000003099,"max":0.000021219,"avg":0.000003885,"var":0.000000002,"sum":0.003884792},"relative_timestamp_from_irespond_end":{"num":1000,"min":0.000000000.0,"max":0.000000238,"avg":0.000000190,"var":0.000000000,"sum":0.000190020}},"set_output":{"duration":{"num":1000,"min":0.000000000.0,"max":0.000000477,"avg":0.000000101,"var":0.000000000,"sum":0.000101089},"relative_timestamp_from_irespond_start":{"num":1000,"min":0.000000000.0,"max":0.000000477,"avg":0.000000072,"var":0.000000000,"sum":0.000071526}},"get_input":{"duration":{"num":1000,"min":0.000000000.0,"max":0.000000238,"avg":0.000000118,"var":0.000000000,"sum":0.000117540},"relative_timestamp_from_ult_start":{"num":1000,"min":0.000000000.0,"max":0.000000238,"avg":0.000000125,"var":0.000000000,"sum":0.000125170}}},"received from ofi+cxi://0x24072000":{"handler":{"duration":{"num":1000,"min":0.000000238,"max":0.001834869,"avg":0.000002200,"var":0.000003362,"sum":0.002200365}},"ult":{"duration":{"num":1000,"min":0.000039577,"max":0.014752150,"avg":0.000177041,"var":0.000422852,"sum":0.177040815},"relative_timestamp_from_handler_start":{"num":1000,"min":0.000000477,"max":0.001836061,"avg":0.000002573,"var":0.000003366,"sum":0.002572536}},"irespond":{"duration":{"num":1000,"min":0.000000238,"max":0.000004530,"avg":0.000000355,"var":0.000000000,"sum":0.000355482},"relative_timestamp_from_ult_start":{"num":1000,"min":0.000035524,"max":0.014748096,"avg":0.000172369,