{"address":"","progress_loop":{"progress_with_timeout":{"num":1245,"min":0.000010014,"max":0.104008436,"avg":0.103798904,"var":0.022681380,"sum":129.229635239},"progress_timeout_value_msec":{"num":1245,"min":100.000000000.0,"max":100.000000000.0,"avg":100.000000000.0,"var":0.000000000.0,"sum":124500.000000000.0},"progress_without_timeout":{"num":1982222,"min":0.000000000.0,"max":0.000064135,"avg":0.000000118,"var":0.000000055,"sum":0.233641863},"trigger":{"num":13002,"min":0.000000000.0,"max":0.001971960,"avg":0.000000586,"var":0.000003889,"sum":0.007613420}},"rpcs":{"65535:65535:14048217247822970879:0":{"rpc_id":-4398526825886580737,"provider_id":0,"parent_rpc_id":65535,"parent_provider_id":65535,"name":"get_file_data","origin":{"sent to ofi+cxi://0x24016200":{"iforward":{"duration":{"num":1000,"min":0.000000477,"max":0.000025511,"avg":0.000000652,"var":0.000000001,"sum":0.000651598},"relative_timestamp_from_create":{"num":1000,"min":0.000000000.0,"max":0.000003099,"avg":0.000000079,"var":0.000000000,"sum":0.000078917}},"forward_cb":{"duration":{"num":1000,"min":0.000000000.0,"max":0.000000238,"avg":0.000000074,"var":0.000000000,"sum":0.000074148},"relative_timestamp_from_iforward_start":{"num":1000,"min":0.000098705,"max":0.029867887,"avg":0.000591634,"var":0.000983950,"sum":0.591634274}},"iforward_wait":{"duration":{"num":1000,"min":0.000098705,"max":0.029874325,"avg":0.000591902,"var":0.000984297,"sum":0.591901779},"relative_timestamp_from_iforward_end":{"num":1000,"min":0.000000000.0,"max":0.000000238,"avg":0.000000038,"var":0.000000000,"sum":0.000037670}},"set_input":{"duration":{"num":1000,"min":0.000000000.0,"max":0.000003576,"avg":0.000000094,"var":0.000000000,"sum":0.000094175},"relative_timestamp_from_iforward_start":{"num":1000,"min":0.000000238,"max":0.000015974,"avg":0.000000423,"var":0.000000000,"sum":0.000422955}},"get_output":{"duration":{"num":1000,"min":0.000000238,"max":0.000004292,"avg":0.000000453,"var":0.000000000,"sum":0.000452518},"relative_timestamp_from_wait_end":{"num":1000,"min":0.000000000.0,"max":0.000000238,"avg":0.000000093,"var":0.000000000,"sum":0.000093460}}}},"target":{"received from ofi+cxi://0x24016200":{"handler":{"duration":{"num":1000,"min":0.000000238,"max":0.000006199,"avg":0.000000355,"var":0.000000000,"sum":0.000354767}},"ult":{"duration":{"num":1000,"min":0.000097513,"max":0.029820919,"avg":0.000590307,"var":0.000981255,"sum":0.590307236},"relative_timestamp_from_handler_start":{"num":1000,"min":0.000000477,"max":0.000012875,"avg":0.000000634,"var":0.000000000,"sum":0.000634193}},"irespond":{"duration":{"num":1000,"min":0.000000715,"max":0.000020981,"avg":0.000001659,"var":0.000000004,"sum":0.001658916},"relative_timestamp_from_ult_start":{"num":1000,"min":0.000094652,"max":0.029798985,"avg":0.000587311,"var":0.000979670,"sum":0.587311268}},"respond_cb":{"duration":{"num":1000,"min":0.000000000.0,"max":0.000000238,"avg":0.000000079,"var":0.000000000,"sum":0.000079393},"relative_timestamp_from_irespond_start":{"num":1000,"min":0.000001192,"max":0.000033855,"avg":0.000002162,"var":0.000000005,"sum":0.002161503}},"irespond_wait":{"duration":{"num":1000,"min":0.000000715,"max":0.000013590,"avg":0.000001051,"var":0.000000000,"sum":0.001050711},"relative_timestamp_from_irespond_end":{"num":1000,"min":0.000000000.0,"max":0.000000238,"avg":0.000000046,"var":0.000000000,"sum":0.000046253}},"set_output":{"duration":{"num":1000,"min":0.000000238,"max":0.000013351,"avg":0.000000896,"var":0.000000001,"sum":0.000895500},"relative_timestamp_from_irespond_start":{"num":1000,"min":0.000000000.0,"max":0.000000715,"avg":0.000000087,"var":0.000000000,"sum":0.000086546}},"get_input":{"duration":{"num":1000,"min":0.000000000.0,"max":0.000001907,"avg":0.000000112,"var":0.000000000,"sum":0.000111818},"relative_timestamp_from_ult_start":{"num":1000,"min":0.000000000.0,"max":0.000002861,"avg":0.000000131,"var":0.000000000,"sum":0.000131130}}}}},"14048217247822970879:0:14048217247822970879:0":{"rpc_id":-4398526825886580737,"provider_id":0,"parent_rpc_id":-4398526825886580737,"parent_provider_id":0,"name":"get_file_data","origin":{"sent to ofi+cxi://0x24012000":{"iforward":{"duration":{"num":3000,"min":0.000000954,"max":0.000032425,"avg":0.000001271,"var":0.000000003,"sum":0.003813267},"relative_timestamp_from_create":{"num":3000,"min":0.000000000.0,"max":0.000000238,"avg":0.000000064,"var":0.000000000,"sum":0.000191450}},"forward_cb":{"duration":{"num":3000,"min":0.000000000.0,"max":0.000001669,"avg":0.000000093,"var":0.000000000,"sum":0.000280380},"relative_timestamp_from_iforward_start":{"num":3000,"min":0.000073910,"max":0.029715538,"avg":0.000566779,"var":0.002589710,"sum":1.700336456}},"iforward_wait":{"duration":{"num":3000,"min":0.000072479,"max":0.029687643,"avg":0.000565712,"var":0.002586548,"sum":1.697135687},"relative_timestamp_from_iforward_end":{"num":3000,"min":0.000000000.0,"max":0.000000477,"avg":0.000000230,"var":0.000000000,"sum":0.000691414}},"set_input":{"duration":{"num":3000,"min":0.000000000.0,"max":0.000000477,"avg":0.000000092,"var":0.000000000,"sum":0.000275373},"relative_timestamp_from_iforward_start":{"num":3000,"min":0.000000238,"max":0.000003338,"avg":0.000000370,"var":0.000000000,"sum":0.001108885}},"get_output":{"duration":{"num":3000,"min":0.000000477,"max":0.000009537,"avg":0.000000751,"var":0.000000001,"sum":0.002253771},"relative_timestamp_from_wait_end":{"num":3000,"min":0.000000000.0,"max":0.000016928,"avg":0.000000138,"var":0.000000001,"sum":0.000414371}}}},"target":{"received from ofi+cxi://0x24072000":{"handler":{"duration":{"num":1000,"min":0.000000238,"max":0.000003338,"avg":0.000000377,"var":0.000000000,"sum":0.000376701}},"ult":{"duration":{"num":1000,"min":0.000096321,"max":0.029244900,"avg":0.000590053,"var":0.000963838,"sum":0.590052843},"relative_timestamp_from_handler_start":{"num":1000,"min":0.000000477,"max":0.000021458,"avg":0.000000647,"var":0.000000001,"sum":0.000646591}},"irespond":{"duration":{"num":1000,"min":0.000001192,"max":0.000024557,"avg":0.000002264,"var":0.000000006,"sum":0.002263546},"relative_timestamp_from_ult_start":{"num":1000,"min":0.000079155,"max":0.029125214,"avg":0.000571829,"var":0.000956993,"sum":0.571829081}},"respond_cb":{"duration":{"num":1000,"min":0.000000000.0,"max":0.000000238,"avg":0.000000077,"var":0.000000000,"sum":0.000077486},"relative_timestamp_from_irespond_start":{"num":1000,"min":0.000015020,"max":0.000118732,"avg":0.000017715,"var":0.000000031,"sum":0.017714977}},"irespond_wait":{"duration":{"num":1000,"min":0.000013590,"max":0.000094652,"avg":0.000015407,"var":0.000000014,"sum":0.015406847},"relative_timestamp_from_irespond_end":{"num":1000,"min":0.000000000.0,"max":0.000002623,"avg":0.000000345,"var":0.000000000,"sum":0.000345469}},"set_output":{"duration":{"num":1000,"min":0.000000238,"max":0.000011444,"avg":0.000000821,"var":0.000000001,"sum":0.000821352},"relative_timestamp_from_irespond_start":{"num":1000,"min":0.000000000.0,"max":0.000000477,"avg":0.000000088,"var":0.000000000,"sum":0.000087738}},"get_input":{"duration":{"num":1000,"min":0.000000000.0,"max":0.000004053,"avg":0.000000124,"var":0.000000000,"sum":0.000123501},"relative_timestamp_from_ult_start":{"num":1000,"min":0.000000000.0,"max":0.000000477,"avg":0.000000122,"var":0.000000000,"sum":0.000121832}}},"received from ofi+cxi://0x24052000":{"handler":{"duration":{"num":1000,"min":0.000000238,"max":0.001971006,"avg":0.000002341,"var":0.000003880,"sum":0.002340794}},"ult":{"duration":{"num":1000,"min":0.000098228,"max":0.023712158,"avg":0.000580746,"var":0.000664338,"sum":0.580745697},"relative_timestamp_from_handler_start":{"num":1000,"min":0.000000477,"max":0.001972675,"avg":0.000002668,"var":0.000003885,"sum":0.002668381}},"irespond":{"duration":{"num":1000,"min":0.000001192,"max":0.000021935,"avg":0.000002077,"var":0.000000005,"sum":0.002076864},"relative_timestamp_from_ult_start":{"num":1000,"min":0.000081062,"max":0.023610353,"avg":0.000562755,"var":0.000659452,