{"address":"","progress_loop":{"progress_with_timeout":{"num":1272,"min":0.000000715,"max":0.104012966,"avg":0.101917116,"var":0.266676029,"sum":129.638571739},"progress_timeout_value_msec":{"num":1272,"min":100.000000000.0,"max":100.000000000.0,"avg":100.000000000.0,"var":0.000000000.0,"sum":127200.000000000.0},"progress_without_timeout":{"num":412394,"min":0.000000000.0,"max":0.000015020,"avg":0.000000131,"var":0.000000011,"sum":0.053955317},"trigger":{"num":22002,"min":0.000000000.0,"max":0.003062010,"avg":0.000000561,"var":0.000013597,"sum":0.012342215}},"rpcs":{"65535:65535:14048217247822970879:0":{"rpc_id":-4398526825886580737,"provider_id":0,"parent_rpc_id":65535,"parent_provider_id":65535,"name":"get_file_data","origin":{"sent to ofi+cxi://0x24032000":{"iforward":{"duration":{"num":1000,"min":0.000000477,"max":0.000033379,"avg":0.000000659,"var":0.000000001,"sum":0.000658989},"relative_timestamp_from_create":{"num":1000,"min":0.000000000.0,"max":0.000004768,"avg":0.000000073,"var":0.000000000,"sum":0.000072956}},"forward_cb":{"duration":{"num":1000,"min":0.000000000.0,"max":0.000000477,"avg":0.000000078,"var":0.000000000,"sum":0.000077963},"relative_timestamp_from_iforward_start":{"num":1000,"min":0.000041008,"max":0.014884472,"avg":0.000181391,"var":0.000417336,"sum":0.181391478}},"iforward_wait":{"duration":{"num":1000,"min":0.000041246,"max":0.014884710,"avg":0.000182871,"var":0.000417139,"sum":0.182871342},"relative_timestamp_from_iforward_end":{"num":1000,"min":0.000000000.0,"max":0.000000238,"avg":0.000000046,"var":0.000000000,"sum":0.000045776}},"set_input":{"duration":{"num":1000,"min":0.000000000.0,"max":0.000004768,"avg":0.000000103,"var":0.000000000,"sum":0.000102997},"relative_timestamp_from_iforward_start":{"num":1000,"min":0.000000238,"max":0.000020742,"avg":0.000000434,"var":0.000000000,"sum":0.000434399}},"get_output":{"duration":{"num":1000,"min":0.000000000.0,"max":0.000000238,"avg":0.000000111,"var":0.000000000,"sum":0.000110865},"relative_timestamp_from_wait_end":{"num":1000,"min":0.000000000.0,"max":0.000000238,"avg":0.000000107,"var":0.000000000,"sum":0.000106812}}}},"target":{"received from ofi+cxi://0x24032000":{"handler":{"duration":{"num":1000,"min":0.000000238,"max":0.000006914,"avg":0.000000373,"var":0.000000000,"sum":0.000373125}},"ult":{"duration":{"num":1000,"min":0.000038385,"max":0.014883280,"avg":0.000179586,"var":0.000416506,"sum":0.179586172},"relative_timestamp_from_handler_start":{"num":1000,"min":0.000000477,"max":0.000015259,"avg":0.000000904,"var":0.000000001,"sum":0.000904322}},"irespond":{"duration":{"num":1000,"min":0.000000238,"max":0.000003099,"avg":0.000000311,"var":0.000000000,"sum":0.000311375},"relative_timestamp_from_ult_start":{"num":1000,"min":0.000036716,"max":0.014881849,"avg":0.000177019,"var":0.000415385,"sum":0.177019358}},"respond_cb":{"duration":{"num":1000,"min":0.000000000.0,"max":0.000000238,"avg":0.000000075,"var":0.000000000,"sum":0.000075340},"relative_timestamp_from_irespond_start":{"num":1000,"min":0.000000477,"max":0.000070810,"avg":0.000001578,"var":0.000000008,"sum":0.001578093}},"irespond_wait":{"duration":{"num":1000,"min":0.000000715,"max":0.000070810,"avg":0.000002007,"var":0.000000009,"sum":0.002007246},"relative_timestamp_from_irespond_end":{"num":1000,"min":0.000000000.0,"max":0.000000238,"avg":0.000000044,"var":0.000000000,"sum":0.000043631}},"set_output":{"duration":{"num":1000,"min":0.000000000.0,"max":0.000000954,"avg":0.000000109,"var":0.000000000,"sum":0.000108719},"relative_timestamp_from_irespond_start":{"num":1000,"min":0.000000000.0,"max":0.000000954,"avg":0.000000080,"var":0.000000000,"sum":0.000079870}},"get_input":{"duration":{"num":1000,"min":0.000000000.0,"max":0.000002146,"avg":0.000000110,"var":0.000000000,"sum":0.000109673},"relative_timestamp_from_ult_start":{"num":1000,"min":0.000000000.0,"max":0.000003576,"avg":0.000000132,"var":0.000000000,"sum":0.000132322}}}}},"14048217247822970879:0:14048217247822970879:0":{"rpc_id":-4398526825886580737,"provider_id":0,"parent_rpc_id":-4398526825886580737,"parent_provider_id":0,"name":"get_file_data","origin":{"sent to ofi+cxi://0x24012400":{"iforward":{"duration":{"num":7000,"min":0.000000954,"max":0.000044107,"avg":0.000001095,"var":0.000000004,"sum":0.007667780},"relative_timestamp_from_create":{"num":7000,"min":0.000000000.0,"max":0.000000715,"avg":0.000000062,"var":0.000000000,"sum":0.000430584}},"forward_cb":{"duration":{"num":7000,"min":0.000000000.0,"max":0.000004292,"avg":0.000000095,"var":0.000000000,"sum":0.000665188},"relative_timestamp_from_iforward_start":{"num":7000,"min":0.000020981,"max":0.022219658,"avg":0.000155589,"var":0.003327463,"sum":1.089121103}},"iforward_wait":{"duration":{"num":7000,"min":0.000020027,"max":0.022218466,"avg":0.000155484,"var":0.003327777,"sum":1.088386059},"relative_timestamp_from_iforward_end":{"num":7000,"min":0.000000000.0,"max":0.000000477,"avg":0.000000192,"var":0.000000000,"sum":0.001341820}},"set_input":{"duration":{"num":7000,"min":0.000000000.0,"max":0.000000715,"avg":0.000000088,"var":0.000000000,"sum":0.000617981},"relative_timestamp_from_iforward_start":{"num":7000,"min":0.000000238,"max":0.000004053,"avg":0.000000365,"var":0.000000000,"sum":0.002552748}},"get_output":{"duration":{"num":7000,"min":0.000000000.0,"max":0.000005960,"avg":0.000000179,"var":0.000000000,"sum":0.001254559},"relative_timestamp_from_wait_end":{"num":7000,"min":0.000000000.0,"max":0.000005007,"avg":0.000000109,"var":0.000000000,"sum":0.000763655}}}},"target":{"received from ofi+cxi://0x24076200":{"handler":{"duration":{"num":3000,"min":0.000000238,"max":0.002053738,"avg":0.000001088,"var":0.000004215,"sum":0.003264427}},"ult":{"duration":{"num":3000,"min":0.000030041,"max":0.017639875,"avg":0.000169954,"var":0.001512346,"sum":0.509862185},"relative_timestamp_from_handler_start":{"num":3000,"min":0.000000477,"max":0.002055645,"avg":0.000001776,"var":0.000004229,"sum":0.005326509}},"irespond":{"duration":{"num":3000,"min":0.000000238,"max":0.000012875,"avg":0.000000560,"var":0.000000000,"sum":0.001678944},"relative_timestamp_from_ult_start":{"num":3000,"min":0.000024796,"max":0.017629862,"avg":0.000161117,"var":0.001509338,"sum":0.483350039}},"respond_cb":{"duration":{"num":3000,"min":0.000000000.0,"max":0.000004292,"avg":0.000000080,"var":0.000000000,"sum":0.000241041},"relative_timestamp_from_irespond_start":{"num":3000,"min":0.000004530,"max":0.001240969,"avg":0.000007391,"var":0.000001551,"sum":0.022174120}},"irespond_wait":{"duration":{"num":3000,"min":0.000004053,"max":0.001291275,"avg":0.000007883,"var":0.000001710,"sum":0.023647547},"relative_timestamp_from_irespond_end":{"num":3000,"min":0.000000000.0,"max":0.000000477,"avg":0.000000189,"var":0.000000000,"sum":0.000567198}},"set_output":{"duration":{"num":3000,"min":0.000000000.0,"max":0.000000954,"avg":0.000000199,"var":0.000000000,"sum":0.000598431},"relative_timestamp_from_irespond_start":{"num":3000,"min":0.000000000.0,"max":0.000000715,"avg":0.000000077,"var":0.000000000,"sum":0.000231266}},"get_input":{"duration":{"num":3000,"min":0.000000000.0,"max":0.000000715,"avg":0.000000115,"var":0.000000000,"sum":0.000345707},"relative_timestamp_from_ult_start":{"num":3000,"min":0.000000000.0,"max":0.000009298,"avg":0.000000134,"var":0.000000000,"sum":0.000402689}}},"received from ofi+cxi://0x24034200":{"handler":{"duration":{"num":3000,"min":0.000000238,"max":0.003060579,"avg":0.000001409,"var":0.000009362,"sum":0.004226446}},"ult":{"duration":{"num":3000,"min":0.000031233,"max":0.022239208,"avg":0.000166647,"var":0.001408062,"sum":0.499941111},"relative_timestamp_from_handler_start":{"num":3000,"min":0.000000477,"max":0.003062487,"avg":0.000002118,"var":0.000009378,"sum":0.006353378}},"irespond":{"duration":{"num":3000,"min":0.000000238,"max":0.000008345,"avg":0.000000552,"var":0.000000000,"sum":0.001656294},"relative_timestamp_from_ult_start":{"num":3000,"min":0.000025988,"max":0.022233725,"avg":0.000158912,