{"address":"","progress_loop":{"progress_with_timeout":{"num":2542,"min":0.000004530,"max":0.104014158,"avg":0.103721541,"var":0.068895289,"sum":263.660156488},"progress_timeout_value_msec":{"num":2542,"min":100.000000000.0,"max":100.000000000.0,"avg":100.000000000.0,"var":0.000000000.0,"sum":254200.000000000.0},"progress_without_timeout":{"num":53950929,"min":0.000000000.0,"max":0.000485182,"avg":0.000000119,"var":0.000002268,"sum":6.420121193},"trigger":{"num":13002,"min":0.000000000.0,"max":0.001846313,"avg":0.000000836,"var":0.000003415,"sum":0.010868549}},"rpcs":{"65535:65535:14048217247822970879:0":{"rpc_id":-4398526825886580737,"provider_id":0,"parent_rpc_id":65535,"parent_provider_id":65535,"name":"get_file_data","origin":{"sent to ofi+cxi://0x24034600":{"iforward":{"duration":{"num":1000,"min":0.000000715,"max":0.000031948,"avg":0.000001162,"var":0.000000001,"sum":0.001161575},"relative_timestamp_from_create":{"num":1000,"min":0.000000000.0,"max":0.000004053,"avg":0.000000139,"var":0.000000000,"sum":0.000139236}},"forward_cb":{"duration":{"num":1000,"min":0.000000000.0,"max":0.000000715,"avg":0.000000166,"var":0.000000000,"sum":0.000165701},"relative_timestamp_from_iforward_start":{"num":1000,"min":0.004720449,"max":0.196197987,"avg":0.016057697,"var":0.073373629,"sum":16.057696581}},"iforward_wait":{"duration":{"num":1000,"min":0.004720449,"max":0.196209431,"avg":0.016058113,"var":0.073378150,"sum":16.058113098},"relative_timestamp_from_iforward_end":{"num":1000,"min":0.000000000.0,"max":0.000000238,"avg":0.000000073,"var":0.000000000,"sum":0.000072718}},"set_input":{"duration":{"num":1000,"min":0.000000000.0,"max":0.000004530,"avg":0.000000191,"var":0.000000000,"sum":0.000191212},"relative_timestamp_from_iforward_start":{"num":1000,"min":0.000000477,"max":0.000019789,"avg":0.000000804,"var":0.000000000,"sum":0.000803709}},"get_output":{"duration":{"num":1000,"min":0.000020981,"max":0.000162601,"avg":0.000026836,"var":0.000000104,"sum":0.026835918},"relative_timestamp_from_wait_end":{"num":1000,"min":0.000000000.0,"max":0.000000715,"avg":0.000000176,"var":0.000000000,"sum":0.000176191}}}},"target":{"received from ofi+cxi://0x24034600":{"handler":{"duration":{"num":1000,"min":0.000000238,"max":0.000007153,"avg":0.000000569,"var":0.000000000,"sum":0.000569105}},"ult":{"duration":{"num":1000,"min":0.004718542,"max":0.196195602,"avg":0.016055901,"var":0.073370987,"sum":16.055900574},"relative_timestamp_from_handler_start":{"num":1000,"min":0.000000477,"max":0.000014782,"avg":0.000000917,"var":0.000000000,"sum":0.000916958}},"irespond":{"duration":{"num":1000,"min":0.000027418,"max":0.000310659,"avg":0.000093343,"var":0.000007407,"sum":0.093343496},"relative_timestamp_from_ult_start":{"num":1000,"min":0.004688263,"max":0.196154833,"avg":0.015959749,"var":0.073313662,"sum":15.959749460}},"respond_cb":{"duration":{"num":1000,"min":0.000000000.0,"max":0.000000715,"avg":0.000000114,"var":0.000000000,"sum":0.000114441},"relative_timestamp_from_irespond_start":{"num":1000,"min":0.000028133,"max":0.000470877,"avg":0.000094658,"var":0.000007610,"sum":0.094658136}},"irespond_wait":{"duration":{"num":1000,"min":0.000001192,"max":0.000193834,"avg":0.000002104,"var":0.000000085,"sum":0.002103806},"relative_timestamp_from_irespond_end":{"num":1000,"min":0.000000000.0,"max":0.000000238,"avg":0.000000092,"var":0.000000000,"sum":0.000092268}},"set_output":{"duration":{"num":1000,"min":0.000026464,"max":0.000256062,"avg":0.000077040,"var":0.000004458,"sum":0.077039957},"relative_timestamp_from_irespond_start":{"num":1000,"min":0.000000000.0,"max":0.000001431,"avg":0.000000164,"var":0.000000000,"sum":0.000164270}},"get_input":{"duration":{"num":1000,"min":0.000000000.0,"max":0.000002146,"avg":0.000000202,"var":0.000000000,"sum":0.000201702},"relative_timestamp_from_ult_start":{"num":1000,"min":0.000000000.0,"max":0.000003099,"avg":0.000000183,"var":0.000000000,"sum":0.000182629}}}}},"14048217247822970879:0:14048217247822970879:0":{"rpc_id":-4398526825886580737,"provider_id":0,"parent_rpc_id":-4398526825886580737,"parent_provider_id":0,"name":"get_file_data","origin":{"sent to ofi+cxi://0x24010400":{"iforward":{"duration":{"num":3000,"min":0.000001192,"max":0.000072479,"avg":0.000002259,"var":0.000000043,"sum":0.006777048},"relative_timestamp_from_create":{"num":3000,"min":0.000000000.0,"max":0.000000715,"avg":0.000000113,"var":0.000000000,"sum":0.000339746}},"forward_cb":{"duration":{"num":3000,"min":0.000000000.0,"max":0.000001431,"avg":0.000000205,"var":0.000000000,"sum":0.000613689},"relative_timestamp_from_iforward_start":{"num":3000,"min":0.003234625,"max":0.196556807,"avg":0.015528910,"var":0.194625517,"sum":46.586728573}},"iforward_wait":{"duration":{"num":3000,"min":0.003233433,"max":0.196555853,"avg":0.015527470,"var":0.194675047,"sum":46.582410097},"relative_timestamp_from_iforward_end":{"num":3000,"min":0.000000000.0,"max":0.000000477,"avg":0.000000167,"var":0.000000000,"sum":0.000500917}},"set_input":{"duration":{"num":3000,"min":0.000000000.0,"max":0.000000715,"avg":0.000000171,"var":0.000000000,"sum":0.000514269},"relative_timestamp_from_iforward_start":{"num":3000,"min":0.000000238,"max":0.000002384,"avg":0.000000592,"var":0.000000000,"sum":0.001774549}},"get_output":{"duration":{"num":3000,"min":0.000025988,"max":0.000278234,"avg":0.000030904,"var":0.000000830,"sum":0.092711210},"relative_timestamp_from_wait_end":{"num":3000,"min":0.000000000.0,"max":0.000009298,"avg":0.000000270,"var":0.000000000,"sum":0.000811100}}}},"target":{"received from ofi+cxi://0x24014200":{"handler":{"duration":{"num":1000,"min":0.000000477,"max":0.000005245,"avg":0.000001059,"var":0.000000000,"sum":0.001059055}},"ult":{"duration":{"num":1000,"min":0.004672289,"max":0.195906401,"avg":0.015612953,"var":0.068537857,"sum":15.612952709},"relative_timestamp_from_handler_start":{"num":1000,"min":0.000000715,"max":0.000011206,"avg":0.000001393,"var":0.000000000,"sum":0.001393318}},"irespond":{"duration":{"num":1000,"min":0.000028610,"max":0.000341654,"avg":0.000096028,"var":0.000007674,"sum":0.096028090},"relative_timestamp_from_ult_start":{"num":1000,"min":0.004391670,"max":0.195643425,"avg":0.015463409,"var":0.068311778,"sum":15.463408709}},"respond_cb":{"duration":{"num":1000,"min":0.000000000.0,"max":0.000000238,"avg":0.000000099,"var":0.000000000,"sum":0.000099182},"relative_timestamp_from_irespond_start":{"num":1000,"min":0.000065088,"max":0.000777721,"avg":0.000148645,"var":0.000011639,"sum":0.148644686}},"irespond_wait":{"duration":{"num":1000,"min":0.000036478,"max":0.000492096,"avg":0.000052740,"var":0.000002726,"sum":0.052740097},"relative_timestamp_from_irespond_end":{"num":1000,"min":0.000000000.0,"max":0.000000715,"avg":0.000000233,"var":0.000000000,"sum":0.000232935}},"set_output":{"duration":{"num":1000,"min":0.000026703,"max":0.000268221,"avg":0.000077144,"var":0.000004422,"sum":0.077143908},"relative_timestamp_from_irespond_start":{"num":1000,"min":0.000000000.0,"max":0.000000477,"avg":0.000000146,"var":0.000000000,"sum":0.000146151}},"get_input":{"duration":{"num":1000,"min":0.000000000.0,"max":0.000000715,"avg":0.000000231,"var":0.000000000,"sum":0.000231266},"relative_timestamp_from_ult_start":{"num":1000,"min":0.000000000.0,"max":0.000000715,"avg":0.000000215,"var":0.000000000,"sum":0.000214577}}},"received from ofi+cxi://0x24070400":{"handler":{"duration":{"num":1000,"min":0.000000477,"max":0.001845121,"avg":0.000002681,"var":0.000003398,"sum":0.002681494}},"ult":{"duration":{"num":1000,"min":0.003500462,"max":0.196906805,"avg":0.015703016,"var":0.075134532,"sum":15.703015804},"relative_timestamp_from_handler_start":{"num":1000,"min":0.000000715,"max":0.001847029,"avg":0.000002985,"var":0.000003404,"sum":0.002985239}},"irespond":{"duration":{"num":1000,"min":0.000028133,"max":0.000347853,"avg":0.000096225,"var":0.000007682,"sum":0.096225262},"relative_timestamp_from_ult_start":{"num":1000,"min":0.003268957,"max":0.196598768,"avg":0.015560119,