{"address":"","progress_loop":{"progress_with_timeout":{"num":1290,"min":0.000000000.0,"max":0.104012489,"avg":0.100486472,"var":0.451778534,"sum":129.627548456},"progress_timeout_value_msec":{"num":1290,"min":100.000000000.0,"max":100.000000000.0,"avg":100.000000000.0,"var":0.000000000.0,"sum":129000.000000000.0},"progress_without_timeout":{"num":552361,"min":0.000000000.0,"max":0.000012398,"avg":0.000000118,"var":0.000000011,"sum":0.065170288},"trigger":{"num":10002,"min":0.000000000.0,"max":0.001398802,"avg":0.000000453,"var":0.000001957,"sum":0.004528284}},"rpcs":{"65535:65535:14048217247822970879:0":{"rpc_id":-4398526825886580737,"provider_id":0,"parent_rpc_id":65535,"parent_provider_id":65535,"name":"get_file_data","origin":{"sent to ofi+cxi://0x24034200":{"iforward":{"duration":{"num":1000,"min":0.000000477,"max":0.000026226,"avg":0.000000656,"var":0.000000001,"sum":0.000656366},"relative_timestamp_from_create":{"num":1000,"min":0.000000000.0,"max":0.000003099,"avg":0.000000076,"var":0.000000000,"sum":0.000076294}},"forward_cb":{"duration":{"num":1000,"min":0.000000000.0,"max":0.000003815,"avg":0.000000084,"var":0.000000000,"sum":0.000083923},"relative_timestamp_from_iforward_start":{"num":1000,"min":0.000046253,"max":0.013264418,"avg":0.000181180,"var":0.000350273,"sum":0.181179762}},"iforward_wait":{"duration":{"num":1000,"min":0.000046253,"max":0.013263941,"avg":0.000181415,"var":0.000350193,"sum":0.181414843},"relative_timestamp_from_iforward_end":{"num":1000,"min":0.000000000.0,"max":0.000000238,"avg":0.000000046,"var":0.000000000,"sum":0.000046492}},"set_input":{"duration":{"num":1000,"min":0.000000000.0,"max":0.000004053,"avg":0.000000099,"var":0.000000000,"sum":0.000098944},"relative_timestamp_from_iforward_start":{"num":1000,"min":0.000000238,"max":0.000015259,"avg":0.000000435,"var":0.000000000,"sum":0.000435114}},"get_output":{"duration":{"num":1000,"min":0.000000000.0,"max":0.000000238,"avg":0.000000096,"var":0.000000000,"sum":0.000095844},"relative_timestamp_from_wait_end":{"num":1000,"min":0.000000000.0,"max":0.000000238,"avg":0.000000097,"var":0.000000000,"sum":0.000096560}}}},"target":{"received from ofi+cxi://0x24034200":{"handler":{"duration":{"num":1000,"min":0.000000238,"max":0.000006199,"avg":0.000000346,"var":0.000000000,"sum":0.000346184}},"ult":{"duration":{"num":1000,"min":0.000045061,"max":0.013261080,"avg":0.000179389,"var":0.000347028,"sum":0.179388762},"relative_timestamp_from_handler_start":{"num":1000,"min":0.000000477,"max":0.000472784,"avg":0.000001106,"var":0.000000223,"sum":0.001105785}},"irespond":{"duration":{"num":1000,"min":0.000000238,"max":0.000002146,"avg":0.000000300,"var":0.000000000,"sum":0.000300169},"relative_timestamp_from_ult_start":{"num":1000,"min":0.000043631,"max":0.013259411,"avg":0.000177800,"var":0.000346954,"sum":0.177800417}},"respond_cb":{"duration":{"num":1000,"min":0.000000000.0,"max":0.000000238,"avg":0.000000081,"var":0.000000000,"sum":0.000081301},"relative_timestamp_from_irespond_start":{"num":1000,"min":0.000000477,"max":0.000006437,"avg":0.000000761,"var":0.000000000,"sum":0.000761271}},"irespond_wait":{"duration":{"num":1000,"min":0.000000715,"max":0.000006437,"avg":0.000001024,"var":0.000000000,"sum":0.001024485},"relative_timestamp_from_irespond_end":{"num":1000,"min":0.000000000.0,"max":0.000000477,"avg":0.000000048,"var":0.000000000,"sum":0.000047684}},"set_output":{"duration":{"num":1000,"min":0.000000000.0,"max":0.000000715,"avg":0.000000086,"var":0.000000000,"sum":0.000086069},"relative_timestamp_from_irespond_start":{"num":1000,"min":0.000000000.0,"max":0.000000715,"avg":0.000000093,"var":0.000000000,"sum":0.000092506}},"get_input":{"duration":{"num":1000,"min":0.000000000.0,"max":0.000002146,"avg":0.000000106,"var":0.000000000,"sum":0.000106335},"relative_timestamp_from_ult_start":{"num":1000,"min":0.000000000.0,"max":0.000005722,"avg":0.000000139,"var":0.000000000,"sum":0.000138760}}}}},"14048217247822970879:0:14048217247822970879:0":{"rpc_id":-4398526825886580737,"provider_id":0,"parent_rpc_id":-4398526825886580737,"parent_provider_id":0,"name":"get_file_data","origin":{"sent to ofi+cxi://0x24032000":{"iforward":{"duration":{"num":3000,"min":0.000000954,"max":0.000029564,"avg":0.000001132,"var":0.000000002,"sum":0.003396988},"relative_timestamp_from_create":{"num":3000,"min":0.000000000.0,"max":0.000003338,"avg":0.000000064,"var":0.000000000,"sum":0.000191450}},"forward_cb":{"duration":{"num":3000,"min":0.000000000.0,"max":0.000000954,"avg":0.000000091,"var":0.000000000,"sum":0.000272751},"relative_timestamp_from_iforward_start":{"num":3000,"min":0.000031710,"max":0.014025927,"avg":0.000165088,"var":0.001017575,"sum":0.495264769}},"iforward_wait":{"duration":{"num":3000,"min":0.000030756,"max":0.014011621,"avg":0.000164351,"var":0.001016706,"sum":0.493052006},"relative_timestamp_from_iforward_end":{"num":3000,"min":0.000000000.0,"max":0.000000238,"avg":0.000000183,"var":0.000000000,"sum":0.000549555}},"set_input":{"duration":{"num":3000,"min":0.000000000.0,"max":0.000000477,"avg":0.000000087,"var":0.000000000,"sum":0.000262499},"relative_timestamp_from_iforward_start":{"num":3000,"min":0.000000238,"max":0.000002623,"avg":0.000000369,"var":0.000000000,"sum":0.001105547}},"get_output":{"duration":{"num":3000,"min":0.000000000.0,"max":0.000002623,"avg":0.000000103,"var":0.000000000,"sum":0.000310421},"relative_timestamp_from_wait_end":{"num":3000,"min":0.000000000.0,"max":0.000002623,"avg":0.000000107,"var":0.000000000,"sum":0.000320435}}}},"target":{"received from ofi+cxi://0x24072400":{"handler":{"duration":{"num":1000,"min":0.000000238,"max":0.000005007,"avg":0.000000404,"var":0.000000000,"sum":0.000403881}},"ult":{"duration":{"num":1000,"min":0.000040531,"max":0.013705015,"avg":0.000175378,"var":0.000352588,"sum":0.175377607},"relative_timestamp_from_handler_start":{"num":1000,"min":0.000000477,"max":0.000013351,"avg":0.000000774,"var":0.000000001,"sum":0.000773907}},"irespond":{"duration":{"num":1000,"min":0.000000238,"max":0.000003576,"avg":0.000000347,"var":0.000000000,"sum":0.000347137},"relative_timestamp_from_ult_start":{"num":1000,"min":0.000036478,"max":0.013700008,"avg":0.000170689,"var":0.000352116,"sum":0.170688868}},"respond_cb":{"duration":{"num":1000,"min":0.000000000.0,"max":0.000002384,"avg":0.000000080,"var":0.000000000,"sum":0.000079632},"relative_timestamp_from_irespond_start":{"num":1000,"min":0.000003338,"max":0.000023127,"avg":0.000004004,"var":0.000000001,"sum":0.004004478}},"irespond_wait":{"duration":{"num":1000,"min":0.000003099,"max":0.000035763,"avg":0.000003967,"var":0.000000003,"sum":0.003967047},"relative_timestamp_from_irespond_end":{"num":1000,"min":0.000000000.0,"max":0.000000477,"avg":0.000000185,"var":0.000000000,"sum":0.000184774}},"set_output":{"duration":{"num":1000,"min":0.000000000.0,"max":0.000000715,"avg":0.000000093,"var":0.000000000,"sum":0.000092506},"relative_timestamp_from_irespond_start":{"num":1000,"min":0.000000000.0,"max":0.000000477,"avg":0.000000077,"var":0.000000000,"sum":0.000076771}},"get_input":{"duration":{"num":1000,"min":0.000000000.0,"max":0.000000715,"avg":0.000000112,"var":0.000000000,"sum":0.000112057},"relative_timestamp_from_ult_start":{"num":1000,"min":0.000000000.0,"max":0.000000954,"avg":0.000000130,"var":0.000000000,"sum":0.000129700}}},"received from ofi+cxi://0x24036600":{"handler":{"duration":{"num":1000,"min":0.000000238,"max":0.001397610,"avg":0.000001764,"var":0.000001950,"sum":0.001763821}},"ult":{"duration":{"num":1000,"min":0.000039101,"max":0.014045715,"avg":0.000169478,"var":0.000319775,"sum":0.169477940},"relative_timestamp_from_handler_start":{"num":1000,"min":0.000000477,"max":0.001399279,"avg":0.000002150,"var":0.000001955,"sum":0.002150297}},"irespond":{"duration":{"num":1000,"min":0.000000238,"max":0.000000954,"avg":0.000000339,"var":0.000000000,"sum":0.000338554},"relative_timestamp_from_ult_start":{"num":1000,"min":0.000035763,"max":0.014039755,"avg":0.000165393,