{"address":"","progress_loop":{"progress_with_timeout":{"num":3536,"min":0.000000238,"max":0.104007959,"avg":0.074598076,"var":7.751596567,"sum":263.778796673},"progress_timeout_value_msec":{"num":3536,"min":100.000000000.0,"max":100.000000000.0,"avg":100.000000000.0,"var":0.000000000.0,"sum":353600.000000000.0},"progress_without_timeout":{"num":55924379,"min":0.000000000.0,"max":0.000245333,"avg":0.000000112,"var":0.000002042,"sum":6.287895203},"trigger":{"num":5002,"min":0.000000000.0,"max":0.000027657,"avg":0.000000768,"var":0.000000006,"sum":0.003843069}},"rpcs":{"65535:65535:14048217247822970879:0":{"rpc_id":-4398526825886580737,"provider_id":0,"parent_rpc_id":65535,"parent_provider_id":65535,"name":"get_file_data","origin":{"sent to ofi+cxi://0x24010000":{"iforward":{"duration":{"num":1000,"min":0.000000954,"max":0.000030756,"avg":0.000001577,"var":0.000000001,"sum":0.001576662},"relative_timestamp_from_create":{"num":1000,"min":0.000000000.0,"max":0.000004053,"avg":0.000000145,"var":0.000000000,"sum":0.000144958}},"forward_cb":{"duration":{"num":1000,"min":0.000000000.0,"max":0.000000477,"avg":0.000000202,"var":0.000000000,"sum":0.000202417},"relative_timestamp_from_iforward_start":{"num":1000,"min":0.004663706,"max":0.186587095,"avg":0.016028006,"var":0.060034991,"sum":16.028005600}},"iforward_wait":{"duration":{"num":1000,"min":0.004663944,"max":0.186587334,"avg":0.016028260,"var":0.060035752,"sum":16.028259993},"relative_timestamp_from_iforward_end":{"num":1000,"min":0.000000000.0,"max":0.000000238,"avg":0.000000057,"var":0.000000000,"sum":0.000057459}},"set_input":{"duration":{"num":1000,"min":0.000000000.0,"max":0.000004292,"avg":0.000000220,"var":0.000000000,"sum":0.000220299},"relative_timestamp_from_iforward_start":{"num":1000,"min":0.000000715,"max":0.000018835,"avg":0.000001145,"var":0.000000000,"sum":0.001144648}},"get_output":{"duration":{"num":1000,"min":0.000020981,"max":0.000141144,"avg":0.000023177,"var":0.000000024,"sum":0.023176670},"relative_timestamp_from_wait_end":{"num":1000,"min":0.000000000.0,"max":0.000000715,"avg":0.000000204,"var":0.000000000,"sum":0.000204086}}}},"target":{"received from ofi+cxi://0x24010000":{"handler":{"duration":{"num":1000,"min":0.000000477,"max":0.000006199,"avg":0.000000690,"var":0.000000000,"sum":0.000690222}},"ult":{"duration":{"num":1000,"min":0.004660368,"max":0.186584234,"avg":0.016025462,"var":0.060034654,"sum":16.025462151},"relative_timestamp_from_handler_start":{"num":1000,"min":0.000000715,"max":0.000013590,"avg":0.000001123,"var":0.000000000,"sum":0.001122713}},"irespond":{"duration":{"num":1000,"min":0.000031710,"max":0.000396252,"avg":0.000251815,"var":0.000003412,"sum":0.251815081},"relative_timestamp_from_ult_start":{"num":1000,"min":0.004400969,"max":0.186313629,"avg":0.015770689,"var":0.060024146,"sum":15.770688534}},"respond_cb":{"duration":{"num":1000,"min":0.000000000.0,"max":0.000000477,"avg":0.000000163,"var":0.000000000,"sum":0.000163317},"relative_timestamp_from_irespond_start":{"num":1000,"min":0.000032663,"max":0.000397205,"avg":0.000252893,"var":0.000003406,"sum":0.252893448}},"irespond_wait":{"duration":{"num":1000,"min":0.000001431,"max":0.000008821,"avg":0.000002110,"var":0.000000000,"sum":0.002110243},"relative_timestamp_from_irespond_end":{"num":1000,"min":0.000000000.0,"max":0.000000477,"avg":0.000000083,"var":0.000000000,"sum":0.000083447}},"set_output":{"duration":{"num":1000,"min":0.000030279,"max":0.000304222,"avg":0.000203593,"var":0.000002360,"sum":0.203592777},"relative_timestamp_from_irespond_start":{"num":1000,"min":0.000000000.0,"max":0.000001907,"avg":0.000000196,"var":0.000000000,"sum":0.000195503}},"get_input":{"duration":{"num":1000,"min":0.000000000.0,"max":0.000002146,"avg":0.000000276,"var":0.000000000,"sum":0.000275850},"relative_timestamp_from_ult_start":{"num":1000,"min":0.000000000.0,"max":0.000003338,"avg":0.000000332,"var":0.000000000,"sum":0.000331879}}}}},"14048217247822970879:0:14048217247822970879:0":{"rpc_id":-4398526825886580737,"provider_id":0,"parent_rpc_id":-4398526825886580737,"parent_provider_id":0,"name":"get_file_data","origin":{"sent to ofi+cxi://0x24076200":{"iforward":{"duration":{"num":1000,"min":0.000001669,"max":0.000077963,"avg":0.000004091,"var":0.000000037,"sum":0.004090548},"relative_timestamp_from_create":{"num":1000,"min":0.000000000.0,"max":0.000000954,"avg":0.000000208,"var":0.000000000,"sum":0.000208139}},"forward_cb":{"duration":{"num":1000,"min":0.000000000.0,"max":0.000001192,"avg":0.000000149,"var":0.000000000,"sum":0.000149012},"relative_timestamp_from_iforward_start":{"num":1000,"min":0.004339933,"max":0.186230183,"avg":0.015633920,"var":0.055667826,"sum":15.633920193}},"iforward_wait":{"duration":{"num":1000,"min":0.004336834,"max":0.186227322,"avg":0.015630470,"var":0.055664567,"sum":15.630470037},"relative_timestamp_from_iforward_end":{"num":1000,"min":0.000000000.0,"max":0.000000477,"avg":0.000000236,"var":0.000000000,"sum":0.000235796}},"set_input":{"duration":{"num":1000,"min":0.000000000.0,"max":0.000000715,"avg":0.000000218,"var":0.000000000,"sum":0.000217915},"relative_timestamp_from_iforward_start":{"num":1000,"min":0.000000238,"max":0.000001907,"avg":0.000000912,"var":0.000000000,"sum":0.000912189}},"get_output":{"duration":{"num":1000,"min":0.000028372,"max":0.000278950,"avg":0.000040400,"var":0.000000971,"sum":0.040399551},"relative_timestamp_from_wait_end":{"num":1000,"min":0.000000000.0,"max":0.000018358,"avg":0.000000255,"var":0.000000001,"sum":0.000254869}}}}},"65535:65535:8686831390660034559:65535":{"rpc_id":8686831390660034559,"provider_id":65535,"parent_rpc_id":65535,"parent_provider_id":65535,"name":"__shutdown__","target":{"received from ofi+cxi://0x24014401":{"handler":{"duration":{"num":1,"min":0.000015736,"max":0.000015736,"avg":0.000015736,"var":0.000000000.0,"sum":0.000015736}},"ult":{"duration":{"num":1,"min":0.000019312,"max":0.000019312,"avg":0.000019312,"var":0.000000000.0,"sum":0.000019312},"relative_timestamp_from_handler_start":{"num":1,"min":0.000020742,"max":0.000020742,"avg":0.000020742,"var":0.000000000.0,"sum":0.000020742}},"irespond":{"duration":{"num":1,"min":0.000009537,"max":0.000009537,"avg":0.000009537,"var":0.000000000.0,"sum":0.000009537},"relative_timestamp_from_ult_start":{"num":1,"min":0.000001192,"max":0.000001192,"avg":0.000001192,"var":0.000000000.0,"sum":0.000001192}},"respond_cb":{"duration":{"num":1,"min":0.000000477,"max":0.000000477,"avg":0.000000477,"var":0.000000000.0,"sum":0.000000477},"relative_timestamp_from_irespond_start":{"num":1,"min":0.000015259,"max":0.000015259,"avg":0.000015259,"var":0.000000000.0,"sum":0.000015259}},"irespond_wait":{"duration":{"num":1,"min":0.000006199,"max":0.000006199,"avg":0.000006199,"var":0.000000000.0,"sum":0.000006199},"relative_timestamp_from_irespond_end":{"num":1,"min":0.000000238,"max":0.000000238,"avg":0.000000238,"var":0.000000000.0,"sum":0.000000238}},"set_output":{"duration":{"num":1,"min":0.000000477,"max":0.000000477,"avg":0.000000477,"var":0.000000000.0,"sum":0.000000477},"relative_timestamp_from_irespond_start":{"num":1,"min":0.000000715,"max":0.000000715,"avg":0.000000715,"var":0.000000000.0,"sum":0.000000715}},"get_input":{"duration":{"num":0,"min":0.000000000.0,"max":0.000000000.0,"avg":0.000000000.0,"var":0.000000000.0,"sum":0.000000000.0},"relative_timestamp_from_ult_start":{"num":0,"min":0.000000000.0,"max":0.000000000.0,"avg":0.000000000.0,"var":0.000000000.0,"sum":0.000000000.0}}}}}}}