{"address":"","progress_loop":{"progress_with_timeout":{"num":1878,"min":0.000135899,"max":0.104006290,"avg":0.103525137,"var":0.088227715,"sum":194.420207024},"progress_timeout_value_msec":{"num":1878,"min":100.000000000.0,"max":100.000000000.0,"avg":100.000000000.0,"var":0.000000000.0,"sum":187800.000000000.0},"progress_without_timeout":{"num":115862475,"min":0.000000000.0,"max":0.001134396,"avg":0.000000113,"var":0.000009299,"sum":13.145002127},"trigger":{"num":61002,"min":0.000000000.0,"max":0.002927065,"avg":0.000000878,"var":0.000019653,"sum":0.053549051}},"rpcs":{"65535:65535:14048217247822970879:0":{"rpc_id":-4398526825886580737,"provider_id":0,"parent_rpc_id":65535,"parent_provider_id":65535,"name":"get_file_data","origin":{"sent to ofi+cxi://0x24012400":{"iforward":{"duration":{"num":1000,"min":0.000001192,"max":0.000027657,"avg":0.000001531,"var":0.000000001,"sum":0.001531124},"relative_timestamp_from_create":{"num":1000,"min":0.000000000.0,"max":0.000003576,"avg":0.000000154,"var":0.000000000,"sum":0.000154018}},"forward_cb":{"duration":{"num":1000,"min":0.000000000.0,"max":0.000000238,"avg":0.000000134,"var":0.000000000,"sum":0.000133991},"relative_timestamp_from_iforward_start":{"num":1000,"min":0.002151966,"max":0.185069799,"avg":0.033474961,"var":0.106276644,"sum":33.474961281}},"iforward_wait":{"duration":{"num":1000,"min":0.002151966,"max":0.186490059,"avg":0.033477163,"var":0.106708797,"sum":33.477163076},"relative_timestamp_from_iforward_end":{"num":1000,"min":0.000000000.0,"max":0.000000238,"avg":0.000000061,"var":0.000000000,"sum":0.000060558}},"set_input":{"duration":{"num":1000,"min":0.000000000.0,"max":0.000003815,"avg":0.000000230,"var":0.000000000,"sum":0.000229597},"relative_timestamp_from_iforward_start":{"num":1000,"min":0.000000715,"max":0.000016928,"avg":0.000001035,"var":0.000000000,"sum":0.001035452}},"get_output":{"duration":{"num":1000,"min":0.000050306,"max":0.000347614,"avg":0.000074824,"var":0.000000591,"sum":0.074824095},"relative_timestamp_from_wait_end":{"num":1000,"min":0.000000000.0,"max":0.000000477,"avg":0.000000268,"var":0.000000000,"sum":0.000267506}}}},"target":{"received from ofi+cxi://0x24012400":{"handler":{"duration":{"num":1000,"min":0.000000477,"max":0.000006199,"avg":0.000000724,"var":0.000000000,"sum":0.000723600}},"ult":{"duration":{"num":1000,"min":0.002149105,"max":0.185067177,"avg":0.033472035,"var":0.106279035,"sum":33.472035408},"relative_timestamp_from_handler_start":{"num":1000,"min":0.000000715,"max":0.000012875,"avg":0.000001193,"var":0.000000000,"sum":0.001192808}},"irespond":{"duration":{"num":1000,"min":0.000058413,"max":0.000721693,"avg":0.000070294,"var":0.000004012,"sum":0.070294380},"relative_timestamp_from_ult_start":{"num":1000,"min":0.001614571,"max":0.184651613,"avg":0.033395472,"var":0.106324013,"sum":33.395472288}},"respond_cb":{"duration":{"num":1000,"min":0.000000000.0,"max":0.000000477,"avg":0.000000126,"var":0.000000000,"sum":0.000125885},"relative_timestamp_from_irespond_start":{"num":1000,"min":0.000059843,"max":0.001148701,"avg":0.000074855,"var":0.000006646,"sum":0.074854851}},"irespond_wait":{"duration":{"num":1000,"min":0.000001669,"max":0.001083612,"avg":0.000005406,"var":0.000002008,"sum":0.005405903},"relative_timestamp_from_irespond_end":{"num":1000,"min":0.000000000.0,"max":0.000000238,"avg":0.000000095,"var":0.000000000,"sum":0.000095367}},"set_output":{"duration":{"num":1000,"min":0.000056982,"max":0.000581026,"avg":0.000066903,"var":0.000002834,"sum":0.066902876},"relative_timestamp_from_irespond_start":{"num":1000,"min":0.000000000.0,"max":0.000001192,"avg":0.000000192,"var":0.000000000,"sum":0.000191927}},"get_input":{"duration":{"num":1000,"min":0.000000000.0,"max":0.000001907,"avg":0.000000242,"var":0.000000000,"sum":0.000241995},"relative_timestamp_from_ult_start":{"num":1000,"min":0.000000000.0,"max":0.000002623,"avg":0.000000249,"var":0.000000000,"sum":0.000248671}}}}},"14048217247822970879:0:14048217247822970879:0":{"rpc_id":-4398526825886580737,"provider_id":0,"parent_rpc_id":-4398526825886580737,"parent_provider_id":0,"name":"get_file_data","origin":{"sent to ofi+cxi://0x24014600":{"iforward":{"duration":{"num":15000,"min":0.000000954,"max":0.000102043,"avg":0.000001912,"var":0.000000051,"sum":0.028681993},"relative_timestamp_from_create":{"num":15000,"min":0.000000000.0,"max":0.000009060,"avg":0.000000131,"var":0.000000000,"sum":0.001960993}},"forward_cb":{"duration":{"num":15000,"min":0.000000000.0,"max":0.000001192,"avg":0.000000238,"var":0.000000000,"sum":0.003568411},"relative_timestamp_from_iforward_start":{"num":15000,"min":0.000616789,"max":0.190670252,"avg":0.033146425,"var":0.925829964,"sum":497.196372032}},"iforward_wait":{"duration":{"num":15000,"min":0.000615358,"max":0.190669298,"avg":0.033146024,"var":0.927790368,"sum":497.190367222},"relative_timestamp_from_iforward_end":{"num":15000,"min":0.000000000.0,"max":0.000000954,"avg":0.000000162,"var":0.000000000,"sum":0.002429724}},"set_input":{"duration":{"num":15000,"min":0.000000000.0,"max":0.000000954,"avg":0.000000184,"var":0.000000000,"sum":0.002766609},"relative_timestamp_from_iforward_start":{"num":15000,"min":0.000000238,"max":0.000008345,"avg":0.000000596,"var":0.000000000,"sum":0.008938313}},"get_output":{"duration":{"num":15000,"min":0.000053167,"max":0.000586987,"avg":0.000063043,"var":0.000002230,"sum":0.945647955},"relative_timestamp_from_wait_end":{"num":15000,"min":0.000000000.0,"max":0.000000715,"avg":0.000000269,"var":0.000000000,"sum":0.004033566}}}},"target":{"received from ofi+cxi://0x24032000":{"handler":{"duration":{"num":7000,"min":0.000000238,"max":0.001960993,"avg":0.000001300,"var":0.000003842,"sum":0.009102106}},"ult":{"duration":{"num":7000,"min":0.000810862,"max":0.221076965,"avg":0.033793099,"var":0.764477990,"sum":236.551695824},"relative_timestamp_from_handler_start":{"num":7000,"min":0.000000477,"max":0.002001762,"avg":0.000002309,"var":0.000011809,"sum":0.016166449}},"irespond":{"duration":{"num":7000,"min":0.000059605,"max":0.000643015,"avg":0.000067419,"var":0.000013919,"sum":0.471936226},"relative_timestamp_from_ult_start":{"num":7000,"min":0.000687599,"max":0.190779448,"avg":0.033266270,"var":0.466476421,"sum":232.863886595}},"respond_cb":{"duration":{"num":7000,"min":0.000000000.0,"max":0.000000477,"avg":0.000000118,"var":0.000000000,"sum":0.000828743},"relative_timestamp_from_irespond_start":{"num":7000,"min":0.000117540,"max":0.187039137,"avg":0.000525406,"var":0.356705941,"sum":3.677842140}},"irespond_wait":{"duration":{"num":7000,"min":0.000056982,"max":0.186983585,"avg":0.000458536,"var":0.356714883,"sum":3.209751368},"relative_timestamp_from_irespond_end":{"num":7000,"min":0.000000000.0,"max":0.000000715,"avg":0.000000262,"var":0.000000000,"sum":0.001833439}},"set_output":{"duration":{"num":7000,"min":0.000056505,"max":0.000526667,"avg":0.000063443,"var":0.000009769,"sum":0.444099188},"relative_timestamp_from_irespond_start":{"num":7000,"min":0.000000000.0,"max":0.000001192,"avg":0.000000173,"var":0.000000000,"sum":0.001209021}},"get_input":{"duration":{"num":7000,"min":0.000000000.0,"max":0.000000715,"avg":0.000000226,"var":0.000000000,"sum":0.001580715},"relative_timestamp_from_ult_start":{"num":7000,"min":0.000000000.0,"max":0.000000954,"avg":0.000000226,"var":0.000000000,"sum":0.001583815}}},"received from ofi+cxi://0x24012000":{"handler":{"duration":{"num":7000,"min":0.000000238,"max":0.002926111,"avg":0.000001947,"var":0.000015763,"sum":0.013632059}},"ult":{"duration":{"num":7000,"min":0.001032352,"max":0.252283335,"avg":0.033591074,"var":0.642774512,"sum":235.137520790},"relative_timestamp_from_handler_start":{"num":7000,"min":0.000000477,"max":0.002927303,"avg":0.000002765,"var":0.000019903,"sum":0.019355059}},"irespond":{"duration":{"num":7000,"min":0.000059843,"max":0.000724316,"avg":0.000069605,"var":0.000020138,"sum":0.487234116},"relative_timestamp_from_ult_start":{"num":7000,"min":0.000906706,"max":0.197847366,