{"address":"","progress_loop":{"progress_with_timeout":{"num":5668,"min":0.000000238,"max":0.104009628,"avg":0.022873610,"var":10.512796356,"sum":129.647619009},"progress_timeout_value_msec":{"num":5668,"min":100.000000000.0,"max":100.000000000.0,"avg":100.000000000.0,"var":0.000000000.0,"sum":566800.000000000.0},"progress_without_timeout":{"num":72132,"min":0.000000000.0,"max":0.000524044,"avg":0.000000320,"var":0.000000559,"sum":0.023107767},"trigger":{"num":60002,"min":0.000000000.0,"max":0.003324032,"avg":0.000000935,"var":0.000090418,"sum":0.056077719}},"rpcs":{"14048217247822970879:0:14048217247822970879:0":{"rpc_id":-4398526825886580737,"provider_id":0,"parent_rpc_id":-4398526825886580737,"parent_provider_id":0,"name":"get_file_data","target":{"received from ofi+cxi://0x24050000":{"handler":{"duration":{"num":15000,"min":0.000000238,"max":0.003065586,"avg":0.000001215,"var":0.000032868,"sum":0.018227339}},"ult":{"duration":{"num":15000,"min":0.000005245,"max":0.010854244,"avg":0.000035577,"var":0.002530601,"sum":0.533658028},"relative_timestamp_from_handler_start":{"num":15000,"min":0.000000477,"max":0.008017540,"avg":0.000011577,"var":0.000636166,"sum":0.173660517}},"irespond":{"duration":{"num":15000,"min":0.000000238,"max":0.000014544,"avg":0.000000319,"var":0.000000001,"sum":0.004784584},"relative_timestamp_from_ult_start":{"num":15000,"min":0.000001192,"max":0.000024557,"avg":0.000001508,"var":0.000000002,"sum":0.022614717}},"respond_cb":{"duration":{"num":15000,"min":0.000000000.0,"max":0.000003099,"avg":0.000000079,"var":0.000000000,"sum":0.001179218},"relative_timestamp_from_irespond_start":{"num":15000,"min":0.000003338,"max":0.010842562,"avg":0.000030829,"var":0.002514939,"sum":0.462440014}},"irespond_wait":{"duration":{"num":15000,"min":0.000003099,"max":0.010850668,"avg":0.000033365,"var":0.002528913,"sum":0.500473738},"relative_timestamp_from_irespond_end":{"num":15000,"min":0.000000000.0,"max":0.000002623,"avg":0.000000192,"var":0.000000000,"sum":0.002883434}},"set_output":{"duration":{"num":15000,"min":0.000000000.0,"max":0.000002861,"avg":0.000000087,"var":0.000000000,"sum":0.001308680},"relative_timestamp_from_irespond_start":{"num":15000,"min":0.000000000.0,"max":0.000003815,"avg":0.000000056,"var":0.000000000,"sum":0.000839472}},"get_input":{"duration":{"num":15000,"min":0.000000000.0,"max":0.000006676,"avg":0.000000116,"var":0.000000000,"sum":0.001743555},"relative_timestamp_from_ult_start":{"num":15000,"min":0.000000000.0,"max":0.000006914,"avg":0.000000131,"var":0.000000000,"sum":0.001971245}}},"received from ofi+cxi://0x24012400":{"handler":{"duration":{"num":15000,"min":0.000000238,"max":0.003322840,"avg":0.000001716,"var":0.000057456,"sum":0.025735617}},"ult":{"duration":{"num":15000,"min":0.000004530,"max":0.010848284,"avg":0.000029955,"var":0.001871332,"sum":0.449325323},"relative_timestamp_from_handler_start":{"num":15000,"min":0.000000477,"max":0.008023500,"avg":0.000009288,"var":0.000486137,"sum":0.139314175}},"irespond":{"duration":{"num":15000,"min":0.000000238,"max":0.000007153,"avg":0.000000321,"var":0.000000000,"sum":0.004808426},"relative_timestamp_from_ult_start":{"num":15000,"min":0.000001192,"max":0.000013113,"avg":0.000001513,"var":0.000000002,"sum":0.022695065}},"respond_cb":{"duration":{"num":15000,"min":0.000000000.0,"max":0.000004292,"avg":0.000000078,"var":0.000000000,"sum":0.001167774},"relative_timestamp_from_irespond_start":{"num":15000,"min":0.000002623,"max":0.010826349,"avg":0.000025071,"var":0.001859827,"sum":0.376059532}},"irespond_wait":{"duration":{"num":15000,"min":0.000002384,"max":0.010844946,"avg":0.000027743,"var":0.001870045,"sum":0.416140079},"relative_timestamp_from_irespond_end":{"num":15000,"min":0.000000000.0,"max":0.000007153,"avg":0.000000193,"var":0.000000000,"sum":0.002890825}},"set_output":{"duration":{"num":15000,"min":0.000000000.0,"max":0.000002623,"avg":0.000000083,"var":0.000000000,"sum":0.001247168},"relative_timestamp_from_irespond_start":{"num":15000,"min":0.000000000.0,"max":0.000002384,"avg":0.000000059,"var":0.000000000,"sum":0.000878811}},"get_input":{"duration":{"num":15000,"min":0.000000000.0,"max":0.000002623,"avg":0.000000117,"var":0.000000000,"sum":0.001758814},"relative_timestamp_from_ult_start":{"num":15000,"min":0.000000000.0,"max":0.000002384,"avg":0.000000128,"var":0.000000000,"sum":0.001913071}}}}},"65535:65535:8686831390660034559:65535":{"rpc_id":8686831390660034559,"provider_id":65535,"parent_rpc_id":65535,"parent_provider_id":65535,"name":"__shutdown__","target":{"received from ofi+cxi://0x24014401":{"handler":{"duration":{"num":1,"min":0.000010490,"max":0.000010490,"avg":0.000010490,"var":0.000000000.0,"sum":0.000010490}},"ult":{"duration":{"num":1,"min":0.000011206,"max":0.000011206,"avg":0.000011206,"var":0.000000000.0,"sum":0.000011206},"relative_timestamp_from_handler_start":{"num":1,"min":0.000013113,"max":0.000013113,"avg":0.000013113,"var":0.000000000.0,"sum":0.000013113}},"irespond":{"duration":{"num":1,"min":0.000002384,"max":0.000002384,"avg":0.000002384,"var":0.000000000.0,"sum":0.000002384},"relative_timestamp_from_ult_start":{"num":1,"min":0.000000477,"max":0.000000477,"avg":0.000000477,"var":0.000000000.0,"sum":0.000000477}},"respond_cb":{"duration":{"num":1,"min":0.000000238,"max":0.000000238,"avg":0.000000238,"var":0.000000000.0,"sum":0.000000238},"relative_timestamp_from_irespond_start":{"num":1,"min":0.000007629,"max":0.000007629,"avg":0.000007629,"var":0.000000000.0,"sum":0.000007629}},"irespond_wait":{"duration":{"num":1,"min":0.000005722,"max":0.000005722,"avg":0.000005722,"var":0.000000000.0,"sum":0.000005722},"relative_timestamp_from_irespond_end":{"num":1,"min":0.000000238,"max":0.000000238,"avg":0.000000238,"var":0.000000000.0,"sum":0.000000238}},"set_output":{"duration":{"num":1,"min":0.000000238,"max":0.000000238,"avg":0.000000238,"var":0.000000000.0,"sum":0.000000238},"relative_timestamp_from_irespond_start":{"num":1,"min":0.000000000.0,"max":0.000000000.0,"avg":0.000000000.0,"var":0.000000000.0,"sum":0.000000000.0}},"get_input":{"duration":{"num":0,"min":0.000000000.0,"max":0.000000000.0,"avg":0.000000000.0,"var":0.000000000.0,"sum":0.000000000.0},"relative_timestamp_from_ult_start":{"num":0,"min":0.000000000.0,"max":0.000000000.0,"avg":0.000000000.0,"var":0.000000000.0,"sum":0.000000000.0}}}}}}}