{"address":"","progress_loop":{"progress_with_timeout":{"num":2240,"min":0.000000000.0,"max":0.104007959,"avg":0.057607689,"var":5.984369874,"sum":129.041223526},"progress_timeout_value_msec":{"num":2240,"min":100.000000000.0,"max":100.000000000.0,"avg":100.000000000.0,"var":0.000000000.0,"sum":224000.000000000.0},"progress_without_timeout":{"num":2805868,"min":0.000000000.0,"max":0.000073910,"avg":0.000000113,"var":0.000000063,"sum":0.318118572},"trigger":{"num":5002,"min":0.000000000.0,"max":0.000035048,"avg":0.000000434,"var":0.000000002,"sum":0.002168894}},"rpcs":{"65535:65535:14048217247822970879:0":{"rpc_id":-4398526825886580737,"provider_id":0,"parent_rpc_id":65535,"parent_provider_id":65535,"name":"get_file_data","origin":{"sent to ofi+cxi://0x24054600":{"iforward":{"duration":{"num":1000,"min":0.000000477,"max":0.000031233,"avg":0.000000704,"var":0.000000001,"sum":0.000703812},"relative_timestamp_from_create":{"num":1000,"min":0.000000000.0,"max":0.000003815,"avg":0.000000076,"var":0.000000000,"sum":0.000075579}},"forward_cb":{"duration":{"num":1000,"min":0.000000000.0,"max":0.000000238,"avg":0.000000076,"var":0.000000000,"sum":0.000076294},"relative_timestamp_from_iforward_start":{"num":1000,"min":0.000134230,"max":0.015646458,"avg":0.000803604,"var":0.000479983,"sum":0.803604126}},"iforward_wait":{"duration":{"num":1000,"min":0.000134230,"max":0.015619278,"avg":0.000803588,"var":0.000479145,"sum":0.803588152},"relative_timestamp_from_iforward_end":{"num":1000,"min":0.000000000.0,"max":0.000000477,"avg":0.000000042,"var":0.000000000,"sum":0.000042439}},"set_input":{"duration":{"num":1000,"min":0.000000000.0,"max":0.000004530,"avg":0.000000113,"var":0.000000000,"sum":0.000112772},"relative_timestamp_from_iforward_start":{"num":1000,"min":0.000000238,"max":0.000019312,"avg":0.000000459,"var":0.000000000,"sum":0.000458956}},"get_output":{"duration":{"num":1000,"min":0.000000477,"max":0.000001907,"avg":0.000000791,"var":0.000000000,"sum":0.000791073},"relative_timestamp_from_wait_end":{"num":1000,"min":0.000000000.0,"max":0.000000477,"avg":0.000000091,"var":0.000000000,"sum":0.000090837}}}},"target":{"received from ofi+cxi://0x24054600":{"handler":{"duration":{"num":1000,"min":0.000000238,"max":0.000007629,"avg":0.000000342,"var":0.000000000,"sum":0.000342369}},"ult":{"duration":{"num":1000,"min":0.000132799,"max":0.015588760,"avg":0.000802243,"var":0.000478217,"sum":0.802243471},"relative_timestamp_from_handler_start":{"num":1000,"min":0.000000477,"max":0.000015497,"avg":0.000000595,"var":0.000000000,"sum":0.000595331}},"irespond":{"duration":{"num":1000,"min":0.000000715,"max":0.000037670,"avg":0.000003299,"var":0.000000035,"sum":0.003299475},"relative_timestamp_from_ult_start":{"num":1000,"min":0.000130415,"max":0.015560150,"avg":0.000797672,"var":0.000476435,"sum":0.797671795}},"respond_cb":{"duration":{"num":1000,"min":0.000000000.0,"max":0.000000477,"avg":0.000000080,"var":0.000000000,"sum":0.000080109},"relative_timestamp_from_irespond_start":{"num":1000,"min":0.000001192,"max":0.000038147,"avg":0.000003746,"var":0.000000035,"sum":0.003746271}},"irespond_wait":{"duration":{"num":1000,"min":0.000000715,"max":0.000004053,"avg":0.000000977,"var":0.000000000,"sum":0.000976801},"relative_timestamp_from_irespond_end":{"num":1000,"min":0.000000000.0,"max":0.000000238,"avg":0.000000044,"var":0.000000000,"sum":0.000044346}},"set_output":{"duration":{"num":1000,"min":0.000000238,"max":0.000018358,"avg":0.000001712,"var":0.000000012,"sum":0.001711845},"relative_timestamp_from_irespond_start":{"num":1000,"min":0.000000000.0,"max":0.000001192,"avg":0.000000070,"var":0.000000000,"sum":0.000069857}},"get_input":{"duration":{"num":1000,"min":0.000000000.0,"max":0.000001907,"avg":0.000000105,"var":0.000000000,"sum":0.000104904},"relative_timestamp_from_ult_start":{"num":1000,"min":0.000000000.0,"max":0.000003338,"avg":0.000000151,"var":0.000000000,"sum":0.000151396}}}}},"14048217247822970879:0:14048217247822970879:0":{"rpc_id":-4398526825886580737,"provider_id":0,"parent_rpc_id":-4398526825886580737,"parent_provider_id":0,"name":"get_file_data","origin":{"sent to ofi+cxi://0x24056200":{"iforward":{"duration":{"num":1000,"min":0.000000954,"max":0.000038862,"avg":0.000001586,"var":0.000000003,"sum":0.001586437},"relative_timestamp_from_create":{"num":1000,"min":0.000000000.0,"max":0.000000477,"avg":0.000000065,"var":0.000000000,"sum":0.000064850}},"forward_cb":{"duration":{"num":1000,"min":0.000000000.0,"max":0.000001431,"avg":0.000000089,"var":0.000000000,"sum":0.000088930},"relative_timestamp_from_iforward_start":{"num":1000,"min":0.000122547,"max":0.015424252,"avg":0.000789537,"var":0.000472425,"sum":0.789536715}},"iforward_wait":{"duration":{"num":1000,"min":0.000121593,"max":0.015390158,"avg":0.000788100,"var":0.000471015,"sum":0.788100243},"relative_timestamp_from_iforward_end":{"num":1000,"min":0.000000000.0,"max":0.000000477,"avg":0.000000250,"var":0.000000000,"sum":0.000249863}},"set_input":{"duration":{"num":1000,"min":0.000000000.0,"max":0.000000715,"avg":0.000000096,"var":0.000000000,"sum":0.000096083},"relative_timestamp_from_iforward_start":{"num":1000,"min":0.000000238,"max":0.000002384,"avg":0.000000384,"var":0.000000000,"sum":0.000383615}},"get_output":{"duration":{"num":1000,"min":0.000000954,"max":0.000015736,"avg":0.000001263,"var":0.000000001,"sum":0.001262665},"relative_timestamp_from_wait_end":{"num":1000,"min":0.000000000.0,"max":0.000020027,"avg":0.000000150,"var":0.000000001,"sum":0.000149727}}}}},"65535:65535:8686831390660034559:65535":{"rpc_id":8686831390660034559,"provider_id":65535,"parent_rpc_id":65535,"parent_provider_id":65535,"name":"__shutdown__","target":{"received from ofi+cxi://0x24014401":{"handler":{"duration":{"num":1,"min":0.000024319,"max":0.000024319,"avg":0.000024319,"var":0.000000000.0,"sum":0.000024319}},"ult":{"duration":{"num":1,"min":0.000020266,"max":0.000020266,"avg":0.000020266,"var":0.000000000.0,"sum":0.000020266},"relative_timestamp_from_handler_start":{"num":1,"min":0.000029564,"max":0.000029564,"avg":0.000029564,"var":0.000000000.0,"sum":0.000029564}},"irespond":{"duration":{"num":1,"min":0.000009537,"max":0.000009537,"avg":0.000009537,"var":0.000000000.0,"sum":0.000009537},"relative_timestamp_from_ult_start":{"num":1,"min":0.000001907,"max":0.000001907,"avg":0.000001907,"var":0.000000000.0,"sum":0.000001907}},"respond_cb":{"duration":{"num":1,"min":0.000000238,"max":0.000000238,"avg":0.000000238,"var":0.000000000.0,"sum":0.000000238},"relative_timestamp_from_irespond_start":{"num":1,"min":0.000015736,"max":0.000015736,"avg":0.000015736,"var":0.000000000.0,"sum":0.000015736}},"irespond_wait":{"duration":{"num":1,"min":0.000006676,"max":0.000006676,"avg":0.000006676,"var":0.000000000.0,"sum":0.000006676},"relative_timestamp_from_irespond_end":{"num":1,"min":0.000000238,"max":0.000000238,"avg":0.000000238,"var":0.000000000.0,"sum":0.000000238}},"set_output":{"duration":{"num":1,"min":0.000000954,"max":0.000000954,"avg":0.000000954,"var":0.000000000.0,"sum":0.000000954},"relative_timestamp_from_irespond_start":{"num":1,"min":0.000000954,"max":0.000000954,"avg":0.000000954,"var":0.000000000.0,"sum":0.000000954}},"get_input":{"duration":{"num":0,"min":0.000000000.0,"max":0.000000000.0,"avg":0.000000000.0,"var":0.000000000.0,"sum":0.000000000.0},"relative_timestamp_from_ult_start":{"num":0,"min":0.000000000.0,"max":0.000000000.0,"avg":0.000000000.0,"var":0.000000000.0,"sum":0.000000000.0}}}}}}}