{"address":"","progress_loop":{"progress_with_timeout":{"num":1274,"min":0.000000238,"max":0.104010344,"avg":0.101758902,"var":0.287067759,"sum":129.640841722},"progress_timeout_value_msec":{"num":1274,"min":100.000000000.0,"max":100.000000000.0,"avg":100.000000000.0,"var":0.000000000.0,"sum":127400.000000000.0},"progress_without_timeout":{"num":597468,"min":0.000000000.0,"max":0.000010490,"avg":0.000000118,"var":0.000000012,"sum":0.070343018},"trigger":{"num":10002,"min":0.000000000.0,"max":0.001834869,"avg":0.000000495,"var":0.000003367,"sum":0.004948616}},"rpcs":{"65535:65535:14048217247822970879:0":{"rpc_id":-4398526825886580737,"provider_id":0,"parent_rpc_id":65535,"parent_provider_id":65535,"name":"get_file_data","origin":{"sent to ofi+cxi://0x24016200":{"iforward":{"duration":{"num":1000,"min":0.000000477,"max":0.000025034,"avg":0.000000666,"var":0.000000001,"sum":0.000666380},"relative_timestamp_from_create":{"num":1000,"min":0.000000000.0,"max":0.000003338,"avg":0.000000072,"var":0.000000000,"sum":0.000072002}},"forward_cb":{"duration":{"num":1000,"min":0.000000000.0,"max":0.000000238,"avg":0.000000072,"var":0.000000000,"sum":0.000071764},"relative_timestamp_from_iforward_start":{"num":1000,"min":0.000051975,"max":0.029716730,"avg":0.000195085,"var":0.001070990,"sum":0.195085287}},"iforward_wait":{"duration":{"num":1000,"min":0.000052214,"max":0.029695034,"avg":0.000195391,"var":0.001069662,"sum":0.195391178},"relative_timestamp_from_iforward_end":{"num":1000,"min":0.000000000.0,"max":0.000000238,"avg":0.000000045,"var":0.000000000,"sum":0.000045300}},"set_input":{"duration":{"num":1000,"min":0.000000000.0,"max":0.000003576,"avg":0.000000096,"var":0.000000000,"sum":0.000095606},"relative_timestamp_from_iforward_start":{"num":1000,"min":0.000000238,"max":0.000015497,"avg":0.000000451,"var":0.000000000,"sum":0.000450611}},"get_output":{"duration":{"num":1000,"min":0.000000000.0,"max":0.000000238,"avg":0.000000113,"var":0.000000000,"sum":0.000113010},"relative_timestamp_from_wait_end":{"num":1000,"min":0.000000000.0,"max":0.000000477,"avg":0.000000096,"var":0.000000000,"sum":0.000095606}}}},"target":{"received from ofi+cxi://0x24016200":{"handler":{"duration":{"num":1000,"min":0.000000238,"max":0.000005960,"avg":0.000000345,"var":0.000000000,"sum":0.000345469}},"ult":{"duration":{"num":1000,"min":0.000050545,"max":0.029671192,"avg":0.000193734,"var":0.001068365,"sum":0.193733692},"relative_timestamp_from_handler_start":{"num":1000,"min":0.000000477,"max":0.000012636,"avg":0.000000645,"var":0.000000000,"sum":0.000645161}},"irespond":{"duration":{"num":1000,"min":0.000000238,"max":0.000002861,"avg":0.000000298,"var":0.000000000,"sum":0.000297785},"relative_timestamp_from_ult_start":{"num":1000,"min":0.000048637,"max":0.029665232,"avg":0.000192093,"var":0.001068089,"sum":0.192093134}},"respond_cb":{"duration":{"num":1000,"min":0.000000000.0,"max":0.000000238,"avg":0.000000078,"var":0.000000000,"sum":0.000078201},"relative_timestamp_from_irespond_start":{"num":1000,"min":0.000000477,"max":0.000006914,"avg":0.000000807,"var":0.000000000,"sum":0.000807047}},"irespond_wait":{"duration":{"num":1000,"min":0.000000715,"max":0.000007629,"avg":0.000001067,"var":0.000000000,"sum":0.001066685},"relative_timestamp_from_irespond_end":{"num":1000,"min":0.000000000.0,"max":0.000000238,"avg":0.000000043,"var":0.000000000,"sum":0.000042677}},"set_output":{"duration":{"num":1000,"min":0.000000000.0,"max":0.000000954,"avg":0.000000092,"var":0.000000000,"sum":0.000092268},"relative_timestamp_from_irespond_start":{"num":1000,"min":0.000000000.0,"max":0.000001192,"avg":0.000000080,"var":0.000000000,"sum":0.000079632}},"get_input":{"duration":{"num":1000,"min":0.000000000.0,"max":0.000001431,"avg":0.000000115,"var":0.000000000,"sum":0.000114918},"relative_timestamp_from_ult_start":{"num":1000,"min":0.000000000.0,"max":0.000002861,"avg":0.000000137,"var":0.000000000,"sum":0.000136614}}}}},"14048217247822970879:0:14048217247822970879:0":{"rpc_id":-4398526825886580737,"provider_id":0,"parent_rpc_id":-4398526825886580737,"parent_provider_id":0,"name":"get_file_data","origin":{"sent to ofi+cxi://0x24012000":{"iforward":{"duration":{"num":3000,"min":0.000000954,"max":0.000031948,"avg":0.000001143,"var":0.000000003,"sum":0.003429651},"relative_timestamp_from_create":{"num":3000,"min":0.000000000.0,"max":0.000002384,"avg":0.000000062,"var":0.000000000,"sum":0.000185490}},"forward_cb":{"duration":{"num":3000,"min":0.000000000.0,"max":0.000002623,"avg":0.000000091,"var":0.000000000,"sum":0.000273943},"relative_timestamp_from_iforward_start":{"num":3000,"min":0.000033617,"max":0.029590607,"avg":0.000175355,"var":0.002442053,"sum":0.526064157}},"iforward_wait":{"duration":{"num":3000,"min":0.000032425,"max":0.029563427,"avg":0.000174584,"var":0.002438945,"sum":0.523752213},"relative_timestamp_from_iforward_end":{"num":3000,"min":0.000000000.0,"max":0.000000477,"avg":0.000000191,"var":0.000000000,"sum":0.000572681}},"set_input":{"duration":{"num":3000,"min":0.000000000.0,"max":0.000002384,"avg":0.000000087,"var":0.000000000,"sum":0.000259638},"relative_timestamp_from_iforward_start":{"num":3000,"min":0.000000238,"max":0.000002384,"avg":0.000000362,"var":0.000000000,"sum":0.001085043}},"get_output":{"duration":{"num":3000,"min":0.000000000.0,"max":0.000002384,"avg":0.000000161,"var":0.000000000,"sum":0.000482798},"relative_timestamp_from_wait_end":{"num":3000,"min":0.000000000.0,"max":0.000002623,"avg":0.000000105,"var":0.000000000,"sum":0.000315905}}}},"target":{"received from ofi+cxi://0x24072000":{"handler":{"duration":{"num":1000,"min":0.000000238,"max":0.000001669,"avg":0.000000366,"var":0.000000000,"sum":0.000365973}},"ult":{"duration":{"num":1000,"min":0.000046492,"max":0.023763180,"avg":0.000184359,"var":0.000730322,"sum":0.184358597},"relative_timestamp_from_handler_start":{"num":1000,"min":0.000000477,"max":0.000012398,"avg":0.000000748,"var":0.000000001,"sum":0.000748158}},"irespond":{"duration":{"num":1000,"min":0.000000238,"max":0.000002146,"avg":0.000000360,"var":0.000000000,"sum":0.000359774},"relative_timestamp_from_ult_start":{"num":1000,"min":0.000041723,"max":0.023753166,"avg":0.000178600,"var":0.000730083,"sum":0.178599834}},"respond_cb":{"duration":{"num":1000,"min":0.000000000.0,"max":0.000000477,"avg":0.000000076,"var":0.000000000,"sum":0.000076056},"relative_timestamp_from_irespond_start":{"num":1000,"min":0.000004292,"max":0.000025272,"avg":0.000005043,"var":0.000000003,"sum":0.005043030}},"irespond_wait":{"duration":{"num":1000,"min":0.000003576,"max":0.000030994,"avg":0.000004938,"var":0.000000006,"sum":0.004937887},"relative_timestamp_from_irespond_end":{"num":1000,"min":0.000000000.0,"max":0.000002384,"avg":0.000000259,"var":0.000000000,"sum":0.000259399}},"set_output":{"duration":{"num":1000,"min":0.000000000.0,"max":0.000000715,"avg":0.000000102,"var":0.000000000,"sum":0.000101566},"relative_timestamp_from_irespond_start":{"num":1000,"min":0.000000000.0,"max":0.000000477,"avg":0.000000076,"var":0.000000000,"sum":0.000075817}},"get_input":{"duration":{"num":1000,"min":0.000000000.0,"max":0.000000477,"avg":0.000000117,"var":0.000000000,"sum":0.000117302},"relative_timestamp_from_ult_start":{"num":1000,"min":0.000000000.0,"max":0.000000477,"avg":0.000000128,"var":0.000000000,"sum":0.000128269}}},"received from ofi+cxi://0x24052000":{"handler":{"duration":{"num":1000,"min":0.000000238,"max":0.001833916,"avg":0.000002226,"var":0.000003359,"sum":0.002225637}},"ult":{"duration":{"num":1000,"min":0.000042439,"max":0.022267103,"avg":0.000180374,"var":0.000649638,"sum":0.180374146},"relative_timestamp_from_handler_start":{"num":1000,"min":0.000000477,"max":0.001835108,"avg":0.000002560,"var":0.000003363,"sum":0.002559662}},"irespond":{"duration":{"num":1000,"min":0.000000238,"max":0.000002861,"avg":0.000000365,"var":0.000000000,"sum":0.000365257},"relative_timestamp_from_ult_start":{"num":1000,"min":0.000037432,"max":0.022258282,"avg":0.000174648,