{"address":"","progress_loop":{"progress_with_timeout":{"num":1245,"min":0.000008583,"max":0.104009867,"avg":0.103349802,"var":0.081091190,"sum":128.670502901},"progress_timeout_value_msec":{"num":1245,"min":100.000000000.0,"max":100.000000000.0,"avg":100.000000000.0,"var":0.000000000.0,"sum":124500.000000000.0},"progress_without_timeout":{"num":3054235,"min":0.000000000.0,"max":0.000493765,"avg":0.000000129,"var":0.000000641,"sum":0.394534111},"trigger":{"num":61002,"min":0.000000000.0,"max":0.002826929,"avg":0.000000687,"var":0.000035175,"sum":0.041928291}},"rpcs":{"65535:65535:14048217247822970879:0":{"rpc_id":-4398526825886580737,"provider_id":0,"parent_rpc_id":65535,"parent_provider_id":65535,"name":"get_file_data","origin":{"sent to ofi+cxi://0x24012400":{"iforward":{"duration":{"num":1000,"min":0.000000477,"max":0.000024557,"avg":0.000000686,"var":0.000000001,"sum":0.000685930},"relative_timestamp_from_create":{"num":1000,"min":0.000000000.0,"max":0.000003338,"avg":0.000000086,"var":0.000000000,"sum":0.000085831}},"forward_cb":{"duration":{"num":1000,"min":0.000000000.0,"max":0.000000238,"avg":0.000000117,"var":0.000000000,"sum":0.000116825},"relative_timestamp_from_iforward_start":{"num":1000,"min":0.000218153,"max":0.010054350,"avg":0.001127516,"var":0.000259796,"sum":1.127516270}},"iforward_wait":{"duration":{"num":1000,"min":0.000224590,"max":0.010054827,"avg":0.001128576,"var":0.000261777,"sum":1.128576040},"relative_timestamp_from_iforward_end":{"num":1000,"min":0.000000000.0,"max":0.000000238,"avg":0.000000047,"var":0.000000000,"sum":0.000046968}},"set_input":{"duration":{"num":1000,"min":0.000000000.0,"max":0.000004530,"avg":0.000000115,"var":0.000000000,"sum":0.000114918},"relative_timestamp_from_iforward_start":{"num":1000,"min":0.000000238,"max":0.000013828,"avg":0.000000435,"var":0.000000000,"sum":0.000434875}},"get_output":{"duration":{"num":1000,"min":0.000000954,"max":0.000015259,"avg":0.000001471,"var":0.000000000,"sum":0.001470566},"relative_timestamp_from_wait_end":{"num":1000,"min":0.000000000.0,"max":0.000000238,"avg":0.000000108,"var":0.000000000,"sum":0.000108242}}}},"target":{"received from ofi+cxi://0x24012400":{"handler":{"duration":{"num":1000,"min":0.000000238,"max":0.000006914,"avg":0.000000362,"var":0.000000000,"sum":0.000361919}},"ult":{"duration":{"num":1000,"min":0.000216722,"max":0.010051966,"avg":0.001125042,"var":0.000259507,"sum":1.125042200},"relative_timestamp_from_handler_start":{"num":1000,"min":0.000000477,"max":0.000013590,"avg":0.000000864,"var":0.000000000,"sum":0.000863552}},"irespond":{"duration":{"num":1000,"min":0.000001431,"max":0.000030279,"avg":0.000002769,"var":0.000000005,"sum":0.002769470},"relative_timestamp_from_ult_start":{"num":1000,"min":0.000167847,"max":0.010016918,"avg":0.001117184,"var":0.000247430,"sum":1.117183924}},"respond_cb":{"duration":{"num":1000,"min":0.000000000.0,"max":0.000000238,"avg":0.000000081,"var":0.000000000,"sum":0.000080824},"relative_timestamp_from_irespond_start":{"num":1000,"min":0.000002146,"max":0.000138998,"avg":0.000004031,"var":0.000000053,"sum":0.004031181}},"irespond_wait":{"duration":{"num":1000,"min":0.000000954,"max":0.002834082,"avg":0.000004771,"var":0.000008043,"sum":0.004770517},"relative_timestamp_from_irespond_end":{"num":1000,"min":0.000000000.0,"max":0.000000238,"avg":0.000000057,"var":0.000000000,"sum":0.000057459}},"set_output":{"duration":{"num":1000,"min":0.000000954,"max":0.000021696,"avg":0.000001926,"var":0.000000002,"sum":0.001925707},"relative_timestamp_from_irespond_start":{"num":1000,"min":0.000000000.0,"max":0.000000715,"avg":0.000000105,"var":0.000000000,"sum":0.000104904}},"get_input":{"duration":{"num":1000,"min":0.000000000.0,"max":0.000001669,"avg":0.000000112,"var":0.000000000,"sum":0.000111818},"relative_timestamp_from_ult_start":{"num":1000,"min":0.000000000.0,"max":0.000003099,"avg":0.000000131,"var":0.000000000,"sum":0.000131369}}}}},"14048217247822970879:0:14048217247822970879:0":{"rpc_id":-4398526825886580737,"provider_id":0,"parent_rpc_id":-4398526825886580737,"parent_provider_id":0,"name":"get_file_data","origin":{"sent to ofi+cxi://0x24014600":{"iforward":{"duration":{"num":15000,"min":0.000000954,"max":0.000030041,"avg":0.000001237,"var":0.000000003,"sum":0.018562317},"relative_timestamp_from_create":{"num":15000,"min":0.000000000.0,"max":0.000003576,"avg":0.000000065,"var":0.000000000,"sum":0.000977755}},"forward_cb":{"duration":{"num":15000,"min":0.000000000.0,"max":0.000003815,"avg":0.000000136,"var":0.000000000,"sum":0.002035618},"relative_timestamp_from_iforward_start":{"num":15000,"min":0.000025034,"max":0.014030933,"avg":0.001053076,"var":0.004074250,"sum":15.796139717}},"iforward_wait":{"duration":{"num":15000,"min":0.000023842,"max":0.014028788,"avg":0.001052888,"var":0.004086920,"sum":15.793320894},"relative_timestamp_from_iforward_end":{"num":15000,"min":0.000000000.0,"max":0.000004053,"avg":0.000000173,"var":0.000000000,"sum":0.002592087}},"set_input":{"duration":{"num":15000,"min":0.000000000.0,"max":0.000002861,"avg":0.000000114,"var":0.000000000,"sum":0.001707077},"relative_timestamp_from_iforward_start":{"num":15000,"min":0.000000238,"max":0.000003099,"avg":0.000000411,"var":0.000000000,"sum":0.006170511}},"get_output":{"duration":{"num":15000,"min":0.000001431,"max":0.000019550,"avg":0.000001857,"var":0.000000004,"sum":0.027853966},"relative_timestamp_from_wait_end":{"num":15000,"min":0.000000000.0,"max":0.000005722,"avg":0.000000185,"var":0.000000002,"sum":0.002779722}}}},"target":{"received from ofi+cxi://0x24012000":{"handler":{"duration":{"num":7000,"min":0.000000238,"max":0.002826214,"avg":0.000001450,"var":0.000018907,"sum":0.010148287}},"ult":{"duration":{"num":7000,"min":0.000049591,"max":0.014081001,"avg":0.001087500,"var":0.002156336,"sum":7.612503052},"relative_timestamp_from_handler_start":{"num":7000,"min":0.000000477,"max":0.002883911,"avg":0.000005551,"var":0.000084856,"sum":0.038860083}},"irespond":{"duration":{"num":7000,"min":0.000001907,"max":0.000056028,"avg":0.000003211,"var":0.000000037,"sum":0.022474527},"relative_timestamp_from_ult_start":{"num":7000,"min":0.000031710,"max":0.014039755,"avg":0.001059697,"var":0.001864205,"sum":7.417879343}},"respond_cb":{"duration":{"num":7000,"min":0.000000000.0,"max":0.000002623,"avg":0.000000091,"var":0.000000000,"sum":0.000634909},"relative_timestamp_from_irespond_start":{"num":7000,"min":0.000014544,"max":0.004054070,"avg":0.000025909,"var":0.000117308,"sum":0.181359768}},"irespond_wait":{"duration":{"num":7000,"min":0.000012159,"max":0.006407976,"avg":0.000024126,"var":0.000167229,"sum":0.168880701},"relative_timestamp_from_irespond_end":{"num":7000,"min":0.000000000.0,"max":0.000002623,"avg":0.000000223,"var":0.000000000,"sum":0.001560211}},"set_output":{"duration":{"num":7000,"min":0.000000715,"max":0.000024557,"avg":0.000001855,"var":0.000000013,"sum":0.012983799},"relative_timestamp_from_irespond_start":{"num":7000,"min":0.000000000.0,"max":0.000004053,"avg":0.000000090,"var":0.000000000,"sum":0.000631809}},"get_input":{"duration":{"num":7000,"min":0.000000000.0,"max":0.000002623,"avg":0.000000116,"var":0.000000000,"sum":0.000814676},"relative_timestamp_from_ult_start":{"num":7000,"min":0.000000000.0,"max":0.000001192,"avg":0.000000131,"var":0.000000000,"sum":0.000916481}}},"received from ofi+cxi://0x24032000":{"handler":{"duration":{"num":7000,"min":0.000000238,"max":0.002355576,"avg":0.000001393,"var":0.000016223,"sum":0.009749174}},"ult":{"duration":{"num":7000,"min":0.000048399,"max":0.014094591,"avg":0.001083975,"var":0.002130836,"sum":7.587827682},"relative_timestamp_from_handler_start":{"num":7000,"min":0.000000477,"max":0.002722979,"avg":0.000002296,"var":0.000024070,"sum":0.016074896}},"irespond":{"duration":{"num":7000,"min":0.000001907,"max":0.000042677,"avg":0.000003161,"var":0.000000028,"sum":0.022129059},"relative_timestamp_from_ult_start":{"num":7000,"min":0.000030518,"max":0.014033079,"avg":0.001057674,