{"address":"","progress_loop":{"progress_with_timeout":{"num":1911,"min":0.000000477,"max":0.104012728,"avg":0.049611446,"var":5.153412643,"sum":94.807473421},"progress_timeout_value_msec":{"num":1911,"min":100.000000000.0,"max":100.000000000.0,"avg":100.000000000.0,"var":0.000000000.0,"sum":191100.000000000.0},"progress_without_timeout":{"num":471987683,"min":0.000000000.0,"max":0.001677513,"avg":0.000000112,"var":0.000069039,"sum":53.036116838},"trigger":{"num":5002,"min":0.000000238,"max":0.000027418,"avg":0.000000890,"var":0.000000003,"sum":0.004452467}},"rpcs":{"65535:65535:14048217247822970879:0":{"rpc_id":-4398526825886580737,"provider_id":0,"parent_rpc_id":65535,"parent_provider_id":65535,"name":"get_file_data","origin":{"sent to ofi+cxi://0x24056600":{"iforward":{"duration":{"num":1000,"min":0.000001907,"max":0.000031233,"avg":0.000002693,"var":0.000000001,"sum":0.002692938},"relative_timestamp_from_create":{"num":1000,"min":0.000000000.0,"max":0.000003815,"avg":0.000000183,"var":0.000000000,"sum":0.000183344}},"forward_cb":{"duration":{"num":1000,"min":0.000000000.0,"max":0.000000715,"avg":0.000000206,"var":0.000000000,"sum":0.000206232},"relative_timestamp_from_iforward_start":{"num":1000,"min":0.064122200,"max":0.261518955,"avg":0.134888634,"var":0.142099323,"sum":134.888634443}},"iforward_wait":{"duration":{"num":1000,"min":0.064121962,"max":0.261514425,"avg":0.134888481,"var":0.142101992,"sum":134.888481140},"relative_timestamp_from_iforward_end":{"num":1000,"min":0.000000000.0,"max":0.000000238,"avg":0.000000093,"var":0.000000000,"sum":0.000092745}},"set_input":{"duration":{"num":1000,"min":0.000000238,"max":0.000005007,"avg":0.000000396,"var":0.000000000,"sum":0.000396252},"relative_timestamp_from_iforward_start":{"num":1000,"min":0.000001192,"max":0.000018835,"avg":0.000001809,"var":0.000000000,"sum":0.001809359}},"get_output":{"duration":{"num":1000,"min":0.000504017,"max":0.001738071,"avg":0.000747507,"var":0.000011691,"sum":0.747507095},"relative_timestamp_from_wait_end":{"num":1000,"min":0.000000000.0,"max":0.000001192,"avg":0.000000319,"var":0.000000000,"sum":0.000318766}}}},"target":{"received from ofi+cxi://0x24056600":{"handler":{"duration":{"num":1000,"min":0.000000477,"max":0.000007391,"avg":0.000000877,"var":0.000000000,"sum":0.000877142}},"ult":{"duration":{"num":1000,"min":0.064117670,"max":0.261506796,"avg":0.134883488,"var":0.142083803,"sum":134.883488178},"relative_timestamp_from_handler_start":{"num":1000,"min":0.000000954,"max":0.000661850,"avg":0.000002228,"var":0.000000436,"sum":0.002227545}},"irespond":{"duration":{"num":1000,"min":0.001462698,"max":0.002460718,"avg":0.001980627,"var":0.000020123,"sum":1.980626583},"relative_timestamp_from_ult_start":{"num":1000,"min":0.062285900,"max":0.259459972,"avg":0.132897890,"var":0.141631108,"sum":132.897890091}},"respond_cb":{"duration":{"num":1000,"min":0.000000000.0,"max":0.000000715,"avg":0.000000161,"var":0.000000000,"sum":0.000161409},"relative_timestamp_from_irespond_start":{"num":1000,"min":0.001464367,"max":0.002462864,"avg":0.001982906,"var":0.000020136,"sum":1.982906103}},"irespond_wait":{"duration":{"num":1000,"min":0.000002384,"max":0.000010729,"avg":0.000003553,"var":0.000000000,"sum":0.003552675},"relative_timestamp_from_irespond_end":{"num":1000,"min":0.000000000.0,"max":0.000000477,"avg":0.000000134,"var":0.000000000,"sum":0.000134230}},"set_output":{"duration":{"num":1000,"min":0.001228571,"max":0.002333403,"avg":0.001742224,"var":0.000023810,"sum":1.742223978},"relative_timestamp_from_irespond_start":{"num":1000,"min":0.000000000.0,"max":0.000002146,"avg":0.000000352,"var":0.000000000,"sum":0.000351667}},"get_input":{"duration":{"num":1000,"min":0.000000238,"max":0.000002623,"avg":0.000000342,"var":0.000000000,"sum":0.000341654},"relative_timestamp_from_ult_start":{"num":1000,"min":0.000000238,"max":0.000007868,"avg":0.000000416,"var":0.000000000,"sum":0.000416040}}}}},"14048217247822970879:0:14048217247822970879:0":{"rpc_id":-4398526825886580737,"provider_id":0,"parent_rpc_id":-4398526825886580737,"parent_provider_id":0,"name":"get_file_data","origin":{"sent to ofi+cxi://0x24030000":{"iforward":{"duration":{"num":1000,"min":0.000002861,"max":0.000302315,"avg":0.000006830,"var":0.000000423,"sum":0.006830454},"relative_timestamp_from_create":{"num":1000,"min":0.000000000.0,"max":0.000000477,"avg":0.000000331,"var":0.000000000,"sum":0.000330925}},"forward_cb":{"duration":{"num":1000,"min":0.000000000.0,"max":0.000001907,"avg":0.000000180,"var":0.000000000,"sum":0.000180483},"relative_timestamp_from_iforward_start":{"num":1000,"min":0.061503887,"max":0.258624554,"avg":0.131916674,"var":0.135622242,"sum":131.916673660}},"iforward_wait":{"duration":{"num":1000,"min":0.061500311,"max":0.258616924,"avg":0.131910444,"var":0.135604146,"sum":131.910443544},"relative_timestamp_from_iforward_end":{"num":1000,"min":0.000000000.0,"max":0.000000477,"avg":0.000000246,"var":0.000000000,"sum":0.000245810}},"set_input":{"duration":{"num":1000,"min":0.000000000.0,"max":0.000000715,"avg":0.000000284,"var":0.000000000,"sum":0.000283957},"relative_timestamp_from_iforward_start":{"num":1000,"min":0.000000477,"max":0.000002623,"avg":0.000001085,"var":0.000000000,"sum":0.001084805}},"get_output":{"duration":{"num":1000,"min":0.000501871,"max":0.002946138,"avg":0.000748568,"var":0.000080302,"sum":0.748568296},"relative_timestamp_from_wait_end":{"num":1000,"min":0.000000238,"max":0.000001192,"avg":0.000000347,"var":0.000000000,"sum":0.000347376}}}}},"65535:65535:8686831390660034559:65535":{"rpc_id":8686831390660034559,"provider_id":65535,"parent_rpc_id":65535,"parent_provider_id":65535,"name":"__shutdown__","target":{"received from ofi+cxi://0x24014401":{"handler":{"duration":{"num":1,"min":0.000015259,"max":0.000015259,"avg":0.000015259,"var":0.000000000.0,"sum":0.000015259}},"ult":{"duration":{"num":1,"min":0.000015736,"max":0.000015736,"avg":0.000015736,"var":0.000000000.0,"sum":0.000015736},"relative_timestamp_from_handler_start":{"num":1,"min":0.000019073,"max":0.000019073,"avg":0.000019073,"var":0.000000000.0,"sum":0.000019073}},"irespond":{"duration":{"num":1,"min":0.000006437,"max":0.000006437,"avg":0.000006437,"var":0.000000000.0,"sum":0.000006437},"relative_timestamp_from_ult_start":{"num":1,"min":0.000001192,"max":0.000001192,"avg":0.000001192,"var":0.000000000.0,"sum":0.000001192}},"respond_cb":{"duration":{"num":1,"min":0.000000477,"max":0.000000477,"avg":0.000000477,"var":0.000000000.0,"sum":0.000000477},"relative_timestamp_from_irespond_start":{"num":1,"min":0.000011683,"max":0.000011683,"avg":0.000011683,"var":0.000000000.0,"sum":0.000011683}},"irespond_wait":{"duration":{"num":1,"min":0.000005722,"max":0.000005722,"avg":0.000005722,"var":0.000000000.0,"sum":0.000005722},"relative_timestamp_from_irespond_end":{"num":1,"min":0.000000238,"max":0.000000238,"avg":0.000000238,"var":0.000000000.0,"sum":0.000000238}},"set_output":{"duration":{"num":1,"min":0.000000238,"max":0.000000238,"avg":0.000000238,"var":0.000000000.0,"sum":0.000000238},"relative_timestamp_from_irespond_start":{"num":1,"min":0.000001192,"max":0.000001192,"avg":0.000001192,"var":0.000000000.0,"sum":0.000001192}},"get_input":{"duration":{"num":0,"min":0.000000000.0,"max":0.000000000.0,"avg":0.000000000.0,"var":0.000000000.0,"sum":0.000000000.0},"relative_timestamp_from_ult_start":{"num":0,"min":0.000000000.0,"max":0.000000000.0,"avg":0.000000000.0,"var":0.000000000.0,"sum":0.000000000.0}}}}}}}