{"address":"","progress_loop":{"progress_with_timeout":{"num":2246,"min":0.000000000.0,"max":0.104007959,"avg":0.057713695,"var":5.996111236,"sum":129.624959946},"progress_timeout_value_msec":{"num":2246,"min":100.000000000.0,"max":100.000000000.0,"avg":100.000000000.0,"var":0.000000000.0,"sum":224600.000000000.0},"progress_without_timeout":{"num":588999,"min":0.000000000.0,"max":0.000013590,"avg":0.000000113,"var":0.000000010,"sum":0.066512823},"trigger":{"num":4002,"min":0.000000000.0,"max":0.000039577,"avg":0.000000285,"var":0.000000002,"sum":0.001141071}},"rpcs":{"65535:65535:14048217247822970879:0":{"rpc_id":-4398526825886580737,"provider_id":0,"parent_rpc_id":65535,"parent_provider_id":65535,"name":"get_file_data","origin":{"sent to ofi+cxi://0x24010000":{"iforward":{"duration":{"num":1000,"min":0.000000477,"max":0.000033140,"avg":0.000000633,"var":0.000000001,"sum":0.000633240},"relative_timestamp_from_create":{"num":1000,"min":0.000000000.0,"max":0.000004053,"avg":0.000000072,"var":0.000000000,"sum":0.000072241}},"forward_cb":{"duration":{"num":1000,"min":0.000000000.0,"max":0.000000238,"avg":0.000000073,"var":0.000000000,"sum":0.000072956},"relative_timestamp_from_iforward_start":{"num":1000,"min":0.000050545,"max":0.018548489,"avg":0.000175550,"var":0.000436149,"sum":0.175549746}},"iforward_wait":{"duration":{"num":1000,"min":0.000050545,"max":0.018519163,"avg":0.000175570,"var":0.000435071,"sum":0.175569773},"relative_timestamp_from_iforward_end":{"num":1000,"min":0.000000000.0,"max":0.000000238,"avg":0.000000046,"var":0.000000000,"sum":0.000045776}},"set_input":{"duration":{"num":1000,"min":0.000000000.0,"max":0.000005007,"avg":0.000000094,"var":0.000000000,"sum":0.000094175},"relative_timestamp_from_iforward_start":{"num":1000,"min":0.000000238,"max":0.000020027,"avg":0.000000415,"var":0.000000000,"sum":0.000415325}},"get_output":{"duration":{"num":1000,"min":0.000000000.0,"max":0.000000238,"avg":0.000000093,"var":0.000000000,"sum":0.000093460},"relative_timestamp_from_wait_end":{"num":1000,"min":0.000000000.0,"max":0.000000238,"avg":0.000000095,"var":0.000000000,"sum":0.000094652}}}},"target":{"received from ofi+cxi://0x24010000":{"handler":{"duration":{"num":1000,"min":0.000000238,"max":0.000006676,"avg":0.000000329,"var":0.000000000,"sum":0.000328541}},"ult":{"duration":{"num":1000,"min":0.000049353,"max":0.018490076,"avg":0.000174318,"var":0.000434049,"sum":0.174317598},"relative_timestamp_from_handler_start":{"num":1000,"min":0.000000477,"max":0.000014782,"avg":0.000000563,"var":0.000000000,"sum":0.000562906}},"irespond":{"duration":{"num":1000,"min":0.000000238,"max":0.000002384,"avg":0.000000278,"var":0.000000000,"sum":0.000278473},"relative_timestamp_from_ult_start":{"num":1000,"min":0.000047922,"max":0.018484831,"avg":0.000172874,"var":0.000433909,"sum":0.172873735}},"respond_cb":{"duration":{"num":1000,"min":0.000000000.0,"max":0.000000238,"avg":0.000000076,"var":0.000000000,"sum":0.000075579},"relative_timestamp_from_irespond_start":{"num":1000,"min":0.000000477,"max":0.000003338,"avg":0.000000670,"var":0.000000000,"sum":0.000670195}},"irespond_wait":{"duration":{"num":1000,"min":0.000000715,"max":0.000001669,"avg":0.000000892,"var":0.000000000,"sum":0.000891924},"relative_timestamp_from_irespond_end":{"num":1000,"min":0.000000000.0,"max":0.000000238,"avg":0.000000044,"var":0.000000000,"sum":0.000044107}},"set_output":{"duration":{"num":1000,"min":0.000000000.0,"max":0.000000715,"avg":0.000000085,"var":0.000000000,"sum":0.000085115},"relative_timestamp_from_irespond_start":{"num":1000,"min":0.000000000.0,"max":0.000000954,"avg":0.000000072,"var":0.000000000,"sum":0.000071764}},"get_input":{"duration":{"num":1000,"min":0.000000000.0,"max":0.000001907,"avg":0.000000102,"var":0.000000000,"sum":0.000102043},"relative_timestamp_from_ult_start":{"num":1000,"min":0.000000000.0,"max":0.000003099,"avg":0.000000135,"var":0.000000000,"sum":0.000134706}}}}},"14048217247822970879:0:14048217247822970879:0":{"rpc_id":-4398526825886580737,"provider_id":0,"parent_rpc_id":-4398526825886580737,"parent_provider_id":0,"name":"get_file_data","origin":{"sent to ofi+cxi://0x24076200":{"iforward":{"duration":{"num":1000,"min":0.000000954,"max":0.000040054,"avg":0.000001315,"var":0.000000003,"sum":0.001315355},"relative_timestamp_from_create":{"num":1000,"min":0.000000000.0,"max":0.000000477,"avg":0.000000069,"var":0.000000000,"sum":0.000069141}},"forward_cb":{"duration":{"num":1000,"min":0.000000000.0,"max":0.000001192,"avg":0.000000076,"var":0.000000000,"sum":0.000075579},"relative_timestamp_from_iforward_start":{"num":1000,"min":0.000041962,"max":0.018389940,"avg":0.000166618,"var":0.000430665,"sum":0.166617632}},"iforward_wait":{"duration":{"num":1000,"min":0.000041008,"max":0.018354416,"avg":0.000165453,"var":0.000429407,"sum":0.165452957},"relative_timestamp_from_iforward_end":{"num":1000,"min":0.000000000.0,"max":0.000000238,"avg":0.000000202,"var":0.000000000,"sum":0.000201941}},"set_input":{"duration":{"num":1000,"min":0.000000000.0,"max":0.000000715,"avg":0.000000095,"var":0.000000000,"sum":0.000094891},"relative_timestamp_from_iforward_start":{"num":1000,"min":0.000000238,"max":0.000002146,"avg":0.000000358,"var":0.000000000,"sum":0.000357628}},"get_output":{"duration":{"num":1000,"min":0.000000000.0,"max":0.000003099,"avg":0.000000101,"var":0.000000000,"sum":0.000100851},"relative_timestamp_from_wait_end":{"num":1000,"min":0.000000000.0,"max":0.000000477,"avg":0.000000105,"var":0.000000000,"sum":0.000104904}}}}},"65535:65535:8686831390660034559:65535":{"rpc_id":8686831390660034559,"provider_id":65535,"parent_rpc_id":65535,"parent_provider_id":65535,"name":"__shutdown__","target":{"received from ofi+cxi://0x24014401":{"handler":{"duration":{"num":1,"min":0.000027180,"max":0.000027180,"avg":0.000027180,"var":0.000000000.0,"sum":0.000027180}},"ult":{"duration":{"num":1,"min":0.000019312,"max":0.000019312,"avg":0.000019312,"var":0.000000000.0,"sum":0.000019312},"relative_timestamp_from_handler_start":{"num":1,"min":0.000031948,"max":0.000031948,"avg":0.000031948,"var":0.000000000.0,"sum":0.000031948}},"irespond":{"duration":{"num":1,"min":0.000009298,"max":0.000009298,"avg":0.000009298,"var":0.000000000.0,"sum":0.000009298},"relative_timestamp_from_ult_start":{"num":1,"min":0.000001192,"max":0.000001192,"avg":0.000001192,"var":0.000000000.0,"sum":0.000001192}},"respond_cb":{"duration":{"num":1,"min":0.000000238,"max":0.000000238,"avg":0.000000238,"var":0.000000000.0,"sum":0.000000238},"relative_timestamp_from_irespond_start":{"num":1,"min":0.000015259,"max":0.000015259,"avg":0.000015259,"var":0.000000000.0,"sum":0.000015259}},"irespond_wait":{"duration":{"num":1,"min":0.000006437,"max":0.000006437,"avg":0.000006437,"var":0.000000000.0,"sum":0.000006437},"relative_timestamp_from_irespond_end":{"num":1,"min":0.000000238,"max":0.000000238,"avg":0.000000238,"var":0.000000000.0,"sum":0.000000238}},"set_output":{"duration":{"num":1,"min":0.000000715,"max":0.000000715,"avg":0.000000715,"var":0.000000000.0,"sum":0.000000715},"relative_timestamp_from_irespond_start":{"num":1,"min":0.000001192,"max":0.000001192,"avg":0.000001192,"var":0.000000000.0,"sum":0.000001192}},"get_input":{"duration":{"num":0,"min":0.000000000.0,"max":0.000000000.0,"avg":0.000000000.0,"var":0.000000000.0,"sum":0.000000000.0},"relative_timestamp_from_ult_start":{"num":0,"min":0.000000000.0,"max":0.000000000.0,"avg":0.000000000.0,"var":0.000000000.0,"sum":0.000000000.0}}}}}}}