{"address":"","progress_loop":{"progress_with_timeout":{"num":1296,"min":0.000000000.0,"max":0.104010344,"avg":0.100021633,"var":0.511874828,"sum":129.628036261},"progress_timeout_value_msec":{"num":1296,"min":100.000000000.0,"max":100.000000000.0,"avg":100.000000000.0,"var":0.000000000.0,"sum":129600.000000000.0},"progress_without_timeout":{"num":563565,"min":0.000000000.0,"max":0.000010729,"avg":0.000000118,"var":0.000000011,"sum":0.066620350},"trigger":{"num":10002,"min":0.000000000.0,"max":0.001443148,"avg":0.000000452,"var":0.000002083,"sum":0.004516840}},"rpcs":{"65535:65535:14048217247822970879:0":{"rpc_id":-4398526825886580737,"provider_id":0,"parent_rpc_id":65535,"parent_provider_id":65535,"name":"get_file_data","origin":{"sent to ofi+cxi://0x24016200":{"iforward":{"duration":{"num":1000,"min":0.000000477,"max":0.000025272,"avg":0.000000650,"var":0.000000001,"sum":0.000650167},"relative_timestamp_from_create":{"num":1000,"min":0.000000000.0,"max":0.000003099,"avg":0.000000063,"var":0.000000000,"sum":0.000063181}},"forward_cb":{"duration":{"num":1000,"min":0.000000000.0,"max":0.000003099,"avg":0.000000074,"var":0.000000000,"sum":0.000074387},"relative_timestamp_from_iforward_start":{"num":1000,"min":0.000045538,"max":0.014780998,"avg":0.000185355,"var":0.000389466,"sum":0.185354948}},"iforward_wait":{"duration":{"num":1000,"min":0.000045538,"max":0.014780521,"avg":0.000185587,"var":0.000389240,"sum":0.185586691},"relative_timestamp_from_iforward_end":{"num":1000,"min":0.000000000.0,"max":0.000000238,"avg":0.000000041,"var":0.000000000,"sum":0.000041485}},"set_input":{"duration":{"num":1000,"min":0.000000000.0,"max":0.000004053,"avg":0.000000090,"var":0.000000000,"sum":0.000089884},"relative_timestamp_from_iforward_start":{"num":1000,"min":0.000000238,"max":0.000015259,"avg":0.000000431,"var":0.000000000,"sum":0.000430584}},"get_output":{"duration":{"num":1000,"min":0.000000000.0,"max":0.000000238,"avg":0.000000104,"var":0.000000000,"sum":0.000103712},"relative_timestamp_from_wait_end":{"num":1000,"min":0.000000000.0,"max":0.000000238,"avg":0.000000088,"var":0.000000000,"sum":0.000088453}}}},"target":{"received from ofi+cxi://0x24016200":{"handler":{"duration":{"num":1000,"min":0.000000238,"max":0.000005960,"avg":0.000000348,"var":0.000000000,"sum":0.000348091}},"ult":{"duration":{"num":1000,"min":0.000044107,"max":0.014777660,"avg":0.000183552,"var":0.000384721,"sum":0.183552265},"relative_timestamp_from_handler_start":{"num":1000,"min":0.000000477,"max":0.000486612,"avg":0.000001111,"var":0.000000236,"sum":0.001110792}},"irespond":{"duration":{"num":1000,"min":0.000000238,"max":0.000002384,"avg":0.000000293,"var":0.000000000,"sum":0.000292778},"relative_timestamp_from_ult_start":{"num":1000,"min":0.000041723,"max":0.014775991,"avg":0.000181966,"var":0.000384638,"sum":0.181965590}},"respond_cb":{"duration":{"num":1000,"min":0.000000000.0,"max":0.000000477,"avg":0.000000071,"var":0.000000000,"sum":0.000070572},"relative_timestamp_from_irespond_start":{"num":1000,"min":0.000000477,"max":0.000006437,"avg":0.000000777,"var":0.000000000,"sum":0.000776768}},"irespond_wait":{"duration":{"num":1000,"min":0.000000715,"max":0.000006676,"avg":0.000001024,"var":0.000000000,"sum":0.001024008},"relative_timestamp_from_irespond_end":{"num":1000,"min":0.000000000.0,"max":0.000000238,"avg":0.000000044,"var":0.000000000,"sum":0.000043631}},"set_output":{"duration":{"num":1000,"min":0.000000000.0,"max":0.000000715,"avg":0.000000093,"var":0.000000000,"sum":0.000092506},"relative_timestamp_from_irespond_start":{"num":1000,"min":0.000000000.0,"max":0.000000954,"avg":0.000000084,"var":0.000000000,"sum":0.000084162}},"get_input":{"duration":{"num":1000,"min":0.000000000.0,"max":0.000002146,"avg":0.000000101,"var":0.000000000,"sum":0.000101328},"relative_timestamp_from_ult_start":{"num":1000,"min":0.000000000.0,"max":0.000005722,"avg":0.000000140,"var":0.000000000,"sum":0.000139713}}}}},"14048217247822970879:0:14048217247822970879:0":{"rpc_id":-4398526825886580737,"provider_id":0,"parent_rpc_id":-4398526825886580737,"parent_provider_id":0,"name":"get_file_data","origin":{"sent to ofi+cxi://0x24012000":{"iforward":{"duration":{"num":3000,"min":0.000000954,"max":0.000031948,"avg":0.000001172,"var":0.000000003,"sum":0.003516436},"relative_timestamp_from_create":{"num":3000,"min":0.000000000.0,"max":0.000000477,"avg":0.000000062,"var":0.000000000,"sum":0.000185490}},"forward_cb":{"duration":{"num":3000,"min":0.000000000.0,"max":0.000001192,"avg":0.000000090,"var":0.000000000,"sum":0.000270128},"relative_timestamp_from_iforward_start":{"num":3000,"min":0.000029564,"max":0.014768839,"avg":0.000160567,"var":0.000904188,"sum":0.481701612}},"iforward_wait":{"duration":{"num":3000,"min":0.000027657,"max":0.014760017,"avg":0.000159740,"var":0.000903084,"sum":0.479219913},"relative_timestamp_from_iforward_end":{"num":3000,"min":0.000000000.0,"max":0.000002384,"avg":0.000000211,"var":0.000000000,"sum":0.000633478}},"set_input":{"duration":{"num":3000,"min":0.000000000.0,"max":0.000000715,"avg":0.000000087,"var":0.000000000,"sum":0.000262260},"relative_timestamp_from_iforward_start":{"num":3000,"min":0.000000238,"max":0.000002384,"avg":0.000000368,"var":0.000000000,"sum":0.001103401}},"get_output":{"duration":{"num":3000,"min":0.000000000.0,"max":0.000000715,"avg":0.000000102,"var":0.000000000,"sum":0.000305891},"relative_timestamp_from_wait_end":{"num":3000,"min":0.000000000.0,"max":0.000002623,"avg":0.000000104,"var":0.000000000,"sum":0.000313282}}}},"target":{"received from ofi+cxi://0x24052000":{"handler":{"duration":{"num":1000,"min":0.000000238,"max":0.000001192,"avg":0.000000367,"var":0.000000000,"sum":0.000366688}},"ult":{"duration":{"num":1000,"min":0.000037670,"max":0.011317968,"avg":0.000166602,"var":0.000251816,"sum":0.166601896},"relative_timestamp_from_handler_start":{"num":1000,"min":0.000000477,"max":0.000012398,"avg":0.000000717,"var":0.000000001,"sum":0.000717163}},"irespond":{"duration":{"num":1000,"min":0.000000238,"max":0.000002146,"avg":0.000000344,"var":0.000000000,"sum":0.000343561},"relative_timestamp_from_ult_start":{"num":1000,"min":0.000033617,"max":0.011309624,"avg":0.000161847,"var":0.000251544,"sum":0.161846876}},"respond_cb":{"duration":{"num":1000,"min":0.000000000.0,"max":0.000000477,"avg":0.000000078,"var":0.000000000,"sum":0.000077963},"relative_timestamp_from_irespond_start":{"num":1000,"min":0.000003338,"max":0.000015020,"avg":0.000004094,"var":0.000000001,"sum":0.004094362}},"irespond_wait":{"duration":{"num":1000,"min":0.000000715,"max":0.000014782,"avg":0.000004015,"var":0.000000003,"sum":0.004015446},"relative_timestamp_from_irespond_end":{"num":1000,"min":0.000000000.0,"max":0.000003576,"avg":0.000000214,"var":0.000000000,"sum":0.000213861}},"set_output":{"duration":{"num":1000,"min":0.000000000.0,"max":0.000000477,"avg":0.000000087,"var":0.000000000,"sum":0.000087500},"relative_timestamp_from_irespond_start":{"num":1000,"min":0.000000000.0,"max":0.000000238,"avg":0.000000080,"var":0.000000000,"sum":0.000079632}},"get_input":{"duration":{"num":1000,"min":0.000000000.0,"max":0.000000477,"avg":0.000000115,"var":0.000000000,"sum":0.000115156},"relative_timestamp_from_ult_start":{"num":1000,"min":0.000000000.0,"max":0.000000238,"avg":0.000000125,"var":0.000000000,"sum":0.000124693}}},"received from ofi+cxi://0x24072000":{"handler":{"duration":{"num":1000,"min":0.000000238,"max":0.001442194,"avg":0.000001817,"var":0.000002077,"sum":0.001817465}},"ult":{"duration":{"num":1000,"min":0.000039101,"max":0.013404369,"avg":0.000161300,"var":0.000269057,"sum":0.161299944},"relative_timestamp_from_handler_start":{"num":1000,"min":0.000000477,"max":0.001443386,"avg":0.000002179,"var":0.000002080,"sum":0.002178907}},"irespond":{"duration":{"num":1000,"min":0.000000238,"max":0.000003338,"avg":0.000000340,"var":0.000000000,"sum":0.000340223},"relative_timestamp_from_ult_start":{"num":1000,"min":0.000034094,"max":0.013397455,"avg":0.000156625,