{"address":"","progress_loop":{"progress_with_timeout":{"num":1252,"min":0.000000477,"max":0.104011297,"avg":0.103216269,"var":0.097918237,"sum":129.226768970},"progress_timeout_value_msec":{"num":1252,"min":100.000000000.0,"max":100.000000000.0,"avg":100.000000000.0,"var":0.000000000.0,"sum":125200.000000000.0},"progress_without_timeout":{"num":2002970,"min":0.000000000.0,"max":0.000067711,"avg":0.000000118,"var":0.000000053,"sum":0.235857725},"trigger":{"num":13002,"min":0.000000000.0,"max":0.001839876,"avg":0.000000572,"var":0.000003386,"sum":0.007439137}},"rpcs":{"65535:65535:14048217247822970879:0":{"rpc_id":-4398526825886580737,"provider_id":0,"parent_rpc_id":65535,"parent_provider_id":65535,"name":"get_file_data","origin":{"sent to ofi+cxi://0x24056200":{"iforward":{"duration":{"num":1000,"min":0.000000477,"max":0.000032187,"avg":0.000000664,"var":0.000000001,"sum":0.000663996},"relative_timestamp_from_create":{"num":1000,"min":0.000000000.0,"max":0.000003815,"avg":0.000000082,"var":0.000000000,"sum":0.000081539}},"forward_cb":{"duration":{"num":1000,"min":0.000000000.0,"max":0.000000238,"avg":0.000000087,"var":0.000000000,"sum":0.000086546},"relative_timestamp_from_iforward_start":{"num":1000,"min":0.000104666,"max":0.018374920,"avg":0.000597718,"var":0.000548848,"sum":0.597717524}},"iforward_wait":{"duration":{"num":1000,"min":0.000104666,"max":0.018378973,"avg":0.000598043,"var":0.000548952,"sum":0.598042965},"relative_timestamp_from_iforward_end":{"num":1000,"min":0.000000000.0,"max":0.000000238,"avg":0.000000050,"var":0.000000000,"sum":0.000050068}},"set_input":{"duration":{"num":1000,"min":0.000000000.0,"max":0.000004292,"avg":0.000000101,"var":0.000000000,"sum":0.000100613},"relative_timestamp_from_iforward_start":{"num":1000,"min":0.000000238,"max":0.000021219,"avg":0.000000440,"var":0.000000000,"sum":0.000440121}},"get_output":{"duration":{"num":1000,"min":0.000000238,"max":0.000000954,"avg":0.000000430,"var":0.000000000,"sum":0.000430346},"relative_timestamp_from_wait_end":{"num":1000,"min":0.000000000.0,"max":0.000000238,"avg":0.000000094,"var":0.000000000,"sum":0.000094175}}}},"target":{"received from ofi+cxi://0x24056200":{"handler":{"duration":{"num":1000,"min":0.000000238,"max":0.000006914,"avg":0.000000335,"var":0.000000000,"sum":0.000334740}},"ult":{"duration":{"num":1000,"min":0.000103474,"max":0.018318176,"avg":0.000596405,"var":0.000546837,"sum":0.596404791},"relative_timestamp_from_handler_start":{"num":1000,"min":0.000000477,"max":0.000014544,"avg":0.000000614,"var":0.000000000,"sum":0.000614166}},"irespond":{"duration":{"num":1000,"min":0.000000715,"max":0.000023603,"avg":0.000001540,"var":0.000000003,"sum":0.001539707},"relative_timestamp_from_ult_start":{"num":1000,"min":0.000100613,"max":0.018295050,"avg":0.000593521,"var":0.000545346,"sum":0.593521357}},"respond_cb":{"duration":{"num":1000,"min":0.000000000.0,"max":0.000000238,"avg":0.000000082,"var":0.000000000,"sum":0.000082254},"relative_timestamp_from_irespond_start":{"num":1000,"min":0.000001192,"max":0.000024080,"avg":0.000002018,"var":0.000000003,"sum":0.002018213}},"irespond_wait":{"duration":{"num":1000,"min":0.000000715,"max":0.000006437,"avg":0.000001042,"var":0.000000000,"sum":0.001041651},"relative_timestamp_from_irespond_end":{"num":1000,"min":0.000000000.0,"max":0.000000238,"avg":0.000000052,"var":0.000000000,"sum":0.000051975}},"set_output":{"duration":{"num":1000,"min":0.000000238,"max":0.000007868,"avg":0.000000818,"var":0.000000001,"sum":0.000817537},"relative_timestamp_from_irespond_start":{"num":1000,"min":0.000000000.0,"max":0.000000954,"avg":0.000000085,"var":0.000000000,"sum":0.000084639}},"get_input":{"duration":{"num":1000,"min":0.000000000.0,"max":0.000001907,"avg":0.000000107,"var":0.000000000,"sum":0.000107288},"relative_timestamp_from_ult_start":{"num":1000,"min":0.000000000.0,"max":0.000003576,"avg":0.000000134,"var":0.000000000,"sum":0.000133753}}}}},"14048217247822970879:0:14048217247822970879:0":{"rpc_id":-4398526825886580737,"provider_id":0,"parent_rpc_id":-4398526825886580737,"parent_provider_id":0,"name":"get_file_data","origin":{"sent to ofi+cxi://0x24010400":{"iforward":{"duration":{"num":3000,"min":0.000000954,"max":0.000033379,"avg":0.000001242,"var":0.000000003,"sum":0.003726959},"relative_timestamp_from_create":{"num":3000,"min":0.000000000.0,"max":0.000000238,"avg":0.000000065,"var":0.000000000,"sum":0.000193596}},"forward_cb":{"duration":{"num":3000,"min":0.000000000.0,"max":0.000001431,"avg":0.000000095,"var":0.000000000,"sum":0.000286102},"relative_timestamp_from_iforward_start":{"num":3000,"min":0.000077248,"max":0.018192053,"avg":0.000572014,"var":0.001381694,"sum":1.716043472}},"iforward_wait":{"duration":{"num":3000,"min":0.000076056,"max":0.018163919,"avg":0.000570981,"var":0.001379125,"sum":1.712942123},"relative_timestamp_from_iforward_end":{"num":3000,"min":0.000000000.0,"max":0.000000477,"avg":0.000000217,"var":0.000000000,"sum":0.000651121}},"set_input":{"duration":{"num":3000,"min":0.000000000.0,"max":0.000000715,"avg":0.000000101,"var":0.000000000,"sum":0.000303984},"relative_timestamp_from_iforward_start":{"num":3000,"min":0.000000238,"max":0.000001907,"avg":0.000000369,"var":0.000000000,"sum":0.001105547}},"get_output":{"duration":{"num":3000,"min":0.000000238,"max":0.000010490,"avg":0.000000721,"var":0.000000001,"sum":0.002164125},"relative_timestamp_from_wait_end":{"num":3000,"min":0.000000000.0,"max":0.000004530,"avg":0.000000136,"var":0.000000000,"sum":0.000406981}}}},"target":{"received from ofi+cxi://0x24054600":{"handler":{"duration":{"num":1000,"min":0.000000238,"max":0.000006914,"avg":0.000000370,"var":0.000000000,"sum":0.000370264}},"ult":{"duration":{"num":1000,"min":0.000105381,"max":0.018307924,"avg":0.000595332,"var":0.000537360,"sum":0.595331669},"relative_timestamp_from_handler_start":{"num":1000,"min":0.000000477,"max":0.000013828,"avg":0.000000736,"var":0.000000001,"sum":0.000735521}},"irespond":{"duration":{"num":1000,"min":0.000001192,"max":0.000024796,"avg":0.000002093,"var":0.000000004,"sum":0.002093077},"relative_timestamp_from_ult_start":{"num":1000,"min":0.000088930,"max":0.018182516,"avg":0.000578789,"var":0.000531809,"sum":0.578788519}},"respond_cb":{"duration":{"num":1000,"min":0.000000000.0,"max":0.000003338,"avg":0.000000086,"var":0.000000000,"sum":0.000086069},"relative_timestamp_from_irespond_start":{"num":1000,"min":0.000013590,"max":0.000124216,"avg":0.000015990,"var":0.000000029,"sum":0.015989780}},"irespond_wait":{"duration":{"num":1000,"min":0.000012159,"max":0.000099659,"avg":0.000013908,"var":0.000000016,"sum":0.013908386},"relative_timestamp_from_irespond_end":{"num":1000,"min":0.000000000.0,"max":0.000003099,"avg":0.000000325,"var":0.000000000,"sum":0.000325441}},"set_output":{"duration":{"num":1000,"min":0.000000238,"max":0.000010490,"avg":0.000000778,"var":0.000000001,"sum":0.000777960},"relative_timestamp_from_irespond_start":{"num":1000,"min":0.000000000.0,"max":0.000000477,"avg":0.000000082,"var":0.000000000,"sum":0.000082254}},"get_input":{"duration":{"num":1000,"min":0.000000000.0,"max":0.000001431,"avg":0.000000112,"var":0.000000000,"sum":0.000112057},"relative_timestamp_from_ult_start":{"num":1000,"min":0.000000000.0,"max":0.000001192,"avg":0.000000132,"var":0.000000000,"sum":0.000132322}}},"received from ofi+cxi://0x24030400":{"handler":{"duration":{"num":1000,"min":0.000000238,"max":0.001838684,"avg":0.000002201,"var":0.000003376,"sum":0.002201319}},"ult":{"duration":{"num":1000,"min":0.000098467,"max":0.012948990,"avg":0.000582709,"var":0.000313198,"sum":0.582709074},"relative_timestamp_from_handler_start":{"num":1000,"min":0.000000477,"max":0.001840591,"avg":0.000002527,"var":0.000003382,"sum":0.002527475}},"irespond":{"duration":{"num":1000,"min":0.000001192,"max":0.000026941,"avg":0.000002020,"var":0.000000005,"sum":0.002019644},"relative_timestamp_from_ult_start":{"num":1000,"min":0.000081778,"max":0.012845993,"avg":0.000565103,"var":0.000309194,