{"address":"","progress_loop":{"progress_with_timeout":{"num":2246,"min":0.000000000.0,"max":0.104007483,"avg":0.057718806,"var":5.995982039,"sum":129.636438131},"progress_timeout_value_msec":{"num":2246,"min":100.000000000.0,"max":100.000000000.0,"avg":100.000000000.0,"var":0.000000000.0,"sum":224600.000000000.0},"progress_without_timeout":{"num":633880,"min":0.000000000.0,"max":0.000014782,"avg":0.000000120,"var":0.000000010,"sum":0.075850487},"trigger":{"num":4002,"min":0.000000000.0,"max":0.000029802,"avg":0.000000292,"var":0.000000001,"sum":0.001167297}},"rpcs":{"65535:65535:14048217247822970879:0":{"rpc_id":-4398526825886580737,"provider_id":0,"parent_rpc_id":65535,"parent_provider_id":65535,"name":"get_file_data","origin":{"sent to ofi+cxi://0x24014200":{"iforward":{"duration":{"num":1000,"min":0.000000477,"max":0.000026464,"avg":0.000000629,"var":0.000000001,"sum":0.000629187},"relative_timestamp_from_create":{"num":1000,"min":0.000000000.0,"max":0.000003338,"avg":0.000000073,"var":0.000000000,"sum":0.000072718}},"forward_cb":{"duration":{"num":1000,"min":0.000000000.0,"max":0.000000238,"avg":0.000000077,"var":0.000000000,"sum":0.000077009},"relative_timestamp_from_iforward_start":{"num":1000,"min":0.000051260,"max":0.020602465,"avg":0.000192923,"var":0.000830810,"sum":0.192922592}},"iforward_wait":{"duration":{"num":1000,"min":0.000051498,"max":0.020579338,"avg":0.000192947,"var":0.000829840,"sum":0.192947149},"relative_timestamp_from_iforward_end":{"num":1000,"min":0.000000000.0,"max":0.000000238,"avg":0.000000046,"var":0.000000000,"sum":0.000045538}},"set_input":{"duration":{"num":1000,"min":0.000000000.0,"max":0.000004768,"avg":0.000000097,"var":0.000000000,"sum":0.000097275},"relative_timestamp_from_iforward_start":{"num":1000,"min":0.000000238,"max":0.000015497,"avg":0.000000409,"var":0.000000000,"sum":0.000408649}},"get_output":{"duration":{"num":1000,"min":0.000000000.0,"max":0.000003338,"avg":0.000000107,"var":0.000000000,"sum":0.000107050},"relative_timestamp_from_wait_end":{"num":1000,"min":0.000000000.0,"max":0.000000238,"avg":0.000000091,"var":0.000000000,"sum":0.000090599}}}},"target":{"received from ofi+cxi://0x24014200":{"handler":{"duration":{"num":1000,"min":0.000000238,"max":0.000006437,"avg":0.000000351,"var":0.000000000,"sum":0.000350714}},"ult":{"duration":{"num":1000,"min":0.000050068,"max":0.019999027,"avg":0.000191099,"var":0.000806455,"sum":0.191098928},"relative_timestamp_from_handler_start":{"num":1000,"min":0.000000477,"max":0.000567675,"avg":0.000001152,"var":0.000000321,"sum":0.001151800}},"irespond":{"duration":{"num":1000,"min":0.000000238,"max":0.000001907,"avg":0.000000283,"var":0.000000000,"sum":0.000282764},"relative_timestamp_from_ult_start":{"num":1000,"min":0.000048637,"max":0.019993782,"avg":0.000189635,"var":0.000806292,"sum":0.189635277}},"respond_cb":{"duration":{"num":1000,"min":0.000000000.0,"max":0.000000477,"avg":0.000000073,"var":0.000000000,"sum":0.000073433},"relative_timestamp_from_irespond_start":{"num":1000,"min":0.000000477,"max":0.000002861,"avg":0.000000684,"var":0.000000000,"sum":0.000684500}},"irespond_wait":{"duration":{"num":1000,"min":0.000000715,"max":0.000001907,"avg":0.000000896,"var":0.000000000,"sum":0.000896454},"relative_timestamp_from_irespond_end":{"num":1000,"min":0.000000000.0,"max":0.000000477,"avg":0.000000050,"var":0.000000000,"sum":0.000050068}},"set_output":{"duration":{"num":1000,"min":0.000000000.0,"max":0.000000715,"avg":0.000000089,"var":0.000000000,"sum":0.000089169},"relative_timestamp_from_irespond_start":{"num":1000,"min":0.000000000.0,"max":0.000000715,"avg":0.000000078,"var":0.000000000,"sum":0.000077963}},"get_input":{"duration":{"num":1000,"min":0.000000000.0,"max":0.000002623,"avg":0.000000107,"var":0.000000000,"sum":0.000107288},"relative_timestamp_from_ult_start":{"num":1000,"min":0.000000000.0,"max":0.000005960,"avg":0.000000137,"var":0.000000000,"sum":0.000137091}}}}},"14048217247822970879:0:14048217247822970879:0":{"rpc_id":-4398526825886580737,"provider_id":0,"parent_rpc_id":-4398526825886580737,"parent_provider_id":0,"name":"get_file_data","origin":{"sent to ofi+cxi://0x24034600":{"iforward":{"duration":{"num":1000,"min":0.000000954,"max":0.000036478,"avg":0.000001396,"var":0.000000003,"sum":0.001396179},"relative_timestamp_from_create":{"num":1000,"min":0.000000000.0,"max":0.000000238,"avg":0.000000063,"var":0.000000000,"sum":0.000062704}},"forward_cb":{"duration":{"num":1000,"min":0.000000000.0,"max":0.000000954,"avg":0.000000082,"var":0.000000000,"sum":0.000081778},"relative_timestamp_from_iforward_start":{"num":1000,"min":0.000042439,"max":0.019942045,"avg":0.000183354,"var":0.000804345,"sum":0.183353662}},"iforward_wait":{"duration":{"num":1000,"min":0.000041485,"max":0.019909382,"avg":0.000182070,"var":0.000802575,"sum":0.182070255},"relative_timestamp_from_iforward_end":{"num":1000,"min":0.000000000.0,"max":0.000000477,"avg":0.000000248,"var":0.000000000,"sum":0.000247955}},"set_input":{"duration":{"num":1000,"min":0.000000000.0,"max":0.000000477,"avg":0.000000089,"var":0.000000000,"sum":0.000088692},"relative_timestamp_from_iforward_start":{"num":1000,"min":0.000000238,"max":0.000002384,"avg":0.000000367,"var":0.000000000,"sum":0.000366688}},"get_output":{"duration":{"num":1000,"min":0.000000000.0,"max":0.000000954,"avg":0.000000113,"var":0.000000000,"sum":0.000113010},"relative_timestamp_from_wait_end":{"num":1000,"min":0.000000000.0,"max":0.000000715,"avg":0.000000090,"var":0.000000000,"sum":0.000089884}}}}},"65535:65535:8686831390660034559:65535":{"rpc_id":8686831390660034559,"provider_id":65535,"parent_rpc_id":65535,"parent_provider_id":65535,"name":"__shutdown__","target":{"received from ofi+cxi://0x24014401":{"handler":{"duration":{"num":1,"min":0.000019789,"max":0.000019789,"avg":0.000019789,"var":0.000000000.0,"sum":0.000019789}},"ult":{"duration":{"num":1,"min":0.000017166,"max":0.000017166,"avg":0.000017166,"var":0.000000000.0,"sum":0.000017166},"relative_timestamp_from_handler_start":{"num":1,"min":0.000023603,"max":0.000023603,"avg":0.000023603,"var":0.000000000.0,"sum":0.000023603}},"irespond":{"duration":{"num":1,"min":0.000009060,"max":0.000009060,"avg":0.000009060,"var":0.000000000.0,"sum":0.000009060},"relative_timestamp_from_ult_start":{"num":1,"min":0.000001192,"max":0.000001192,"avg":0.000001192,"var":0.000000000.0,"sum":0.000001192}},"respond_cb":{"duration":{"num":1,"min":0.000000477,"max":0.000000477,"avg":0.000000477,"var":0.000000000.0,"sum":0.000000477},"relative_timestamp_from_irespond_start":{"num":1,"min":0.000013828,"max":0.000013828,"avg":0.000013828,"var":0.000000000.0,"sum":0.000013828}},"irespond_wait":{"duration":{"num":1,"min":0.000005484,"max":0.000005484,"avg":0.000005484,"var":0.000000000.0,"sum":0.000005484},"relative_timestamp_from_irespond_end":{"num":1,"min":0.000000238,"max":0.000000238,"avg":0.000000238,"var":0.000000000.0,"sum":0.000000238}},"set_output":{"duration":{"num":1,"min":0.000000715,"max":0.000000715,"avg":0.000000715,"var":0.000000000.0,"sum":0.000000715},"relative_timestamp_from_irespond_start":{"num":1,"min":0.000000954,"max":0.000000954,"avg":0.000000954,"var":0.000000000.0,"sum":0.000000954}},"get_input":{"duration":{"num":0,"min":0.000000000.0,"max":0.000000000.0,"avg":0.000000000.0,"var":0.000000000.0,"sum":0.000000000.0},"relative_timestamp_from_ult_start":{"num":0,"min":0.000000000.0,"max":0.000000000.0,"avg":0.000000000.0,"var":0.000000000.0,"sum":0.000000000.0}}}}}}}