{"address":"","progress_loop":{"progress_with_timeout":{"num":1290,"min":0.000000238,"max":0.104009390,"avg":0.100493322,"var":0.451181712,"sum":129.636385441},"progress_timeout_value_msec":{"num":1290,"min":100.000000000.0,"max":100.000000000.0,"avg":100.000000000.0,"var":0.000000000.0,"sum":129000.000000000.0},"progress_without_timeout":{"num":616289,"min":0.000000000.0,"max":0.000511408,"avg":0.000000118,"var":0.000000274,"sum":0.073022842},"trigger":{"num":10002,"min":0.000000000.0,"max":0.001833916,"avg":0.000000496,"var":0.000003363,"sum":0.004963875}},"rpcs":{"65535:65535:14048217247822970879:0":{"rpc_id":-4398526825886580737,"provider_id":0,"parent_rpc_id":65535,"parent_provider_id":65535,"name":"get_file_data","origin":{"sent to ofi+cxi://0x24016200":{"iforward":{"duration":{"num":1000,"min":0.000000477,"max":0.000031233,"avg":0.000000683,"var":0.000000001,"sum":0.000682592},"relative_timestamp_from_create":{"num":1000,"min":0.000000000.0,"max":0.000004292,"avg":0.000000072,"var":0.000000000,"sum":0.000072479}},"forward_cb":{"duration":{"num":1000,"min":0.000000000.0,"max":0.000000238,"avg":0.000000072,"var":0.000000000,"sum":0.000071764},"relative_timestamp_from_iforward_start":{"num":1000,"min":0.000051022,"max":0.013227463,"avg":0.000199497,"var":0.000454156,"sum":0.199497461}},"iforward_wait":{"duration":{"num":1000,"min":0.000051022,"max":0.013227224,"avg":0.000199785,"var":0.000453478,"sum":0.199784756},"relative_timestamp_from_iforward_end":{"num":1000,"min":0.000000000.0,"max":0.000000238,"avg":0.000000041,"var":0.000000000,"sum":0.000040770}},"set_input":{"duration":{"num":1000,"min":0.000000000.0,"max":0.000004768,"avg":0.000000091,"var":0.000000000,"sum":0.000090599},"relative_timestamp_from_iforward_start":{"num":1000,"min":0.000000238,"max":0.000018835,"avg":0.000000460,"var":0.000000000,"sum":0.000460386}},"get_output":{"duration":{"num":1000,"min":0.000000000.0,"max":0.000000238,"avg":0.000000127,"var":0.000000000,"sum":0.000126600},"relative_timestamp_from_wait_end":{"num":1000,"min":0.000000000.0,"max":0.000000238,"avg":0.000000094,"var":0.000000000,"sum":0.000094175}}}},"target":{"received from ofi+cxi://0x24016200":{"handler":{"duration":{"num":1000,"min":0.000000238,"max":0.000005245,"avg":0.000000351,"var":0.000000000,"sum":0.000350714}},"ult":{"duration":{"num":1000,"min":0.000049829,"max":0.013226032,"avg":0.000198116,"var":0.000452944,"sum":0.198116064},"relative_timestamp_from_handler_start":{"num":1000,"min":0.000000477,"max":0.000013590,"avg":0.000000652,"var":0.000000000,"sum":0.000651836}},"irespond":{"duration":{"num":1000,"min":0.000000238,"max":0.000003815,"avg":0.000000313,"var":0.000000000,"sum":0.000312805},"relative_timestamp_from_ult_start":{"num":1000,"min":0.000048161,"max":0.013224125,"avg":0.000196500,"var":0.000452825,"sum":0.196500301}},"respond_cb":{"duration":{"num":1000,"min":0.000000000.0,"max":0.000000477,"avg":0.000000075,"var":0.000000000,"sum":0.000075102},"relative_timestamp_from_irespond_start":{"num":1000,"min":0.000000477,"max":0.000006437,"avg":0.000000784,"var":0.000000000,"sum":0.000784159}},"irespond_wait":{"duration":{"num":1000,"min":0.000000715,"max":0.000006676,"avg":0.000001028,"var":0.000000000,"sum":0.001028299},"relative_timestamp_from_irespond_end":{"num":1000,"min":0.000000000.0,"max":0.000000477,"avg":0.000000047,"var":0.000000000,"sum":0.000047207}},"set_output":{"duration":{"num":1000,"min":0.000000000.0,"max":0.000000715,"avg":0.000000114,"var":0.000000000,"sum":0.000113726},"relative_timestamp_from_irespond_start":{"num":1000,"min":0.000000000.0,"max":0.000000954,"avg":0.000000077,"var":0.000000000,"sum":0.000077009}},"get_input":{"duration":{"num":1000,"min":0.000000000.0,"max":0.000002384,"avg":0.000000103,"var":0.000000000,"sum":0.000102758},"relative_timestamp_from_ult_start":{"num":1000,"min":0.000000000.0,"max":0.000003338,"avg":0.000000136,"var":0.000000000,"sum":0.000136137}}}}},"14048217247822970879:0:14048217247822970879:0":{"rpc_id":-4398526825886580737,"provider_id":0,"parent_rpc_id":-4398526825886580737,"parent_provider_id":0,"name":"get_file_data","origin":{"sent to ofi+cxi://0x24012000":{"iforward":{"duration":{"num":3000,"min":0.000000954,"max":0.000035524,"avg":0.000001143,"var":0.000000003,"sum":0.003429651},"relative_timestamp_from_create":{"num":3000,"min":0.000000000.0,"max":0.000000477,"avg":0.000000058,"var":0.000000000,"sum":0.000175238}},"forward_cb":{"duration":{"num":3000,"min":0.000000000.0,"max":0.000002384,"avg":0.000000092,"var":0.000000000,"sum":0.000276566},"relative_timestamp_from_iforward_start":{"num":3000,"min":0.000032663,"max":0.013216734,"avg":0.000180857,"var":0.001161831,"sum":0.542570829}},"iforward_wait":{"duration":{"num":3000,"min":0.000031710,"max":0.013209581,"avg":0.000180090,"var":0.001159819,"sum":0.540270805},"relative_timestamp_from_iforward_end":{"num":3000,"min":0.000000000.0,"max":0.000000715,"avg":0.000000192,"var":0.000000000,"sum":0.000576496}},"set_input":{"duration":{"num":3000,"min":0.000000000.0,"max":0.000003099,"avg":0.000000089,"var":0.000000000,"sum":0.000266552},"relative_timestamp_from_iforward_start":{"num":3000,"min":0.000000238,"max":0.000002146,"avg":0.000000364,"var":0.000000000,"sum":0.001091957}},"get_output":{"duration":{"num":3000,"min":0.000000000.0,"max":0.000002623,"avg":0.000000186,"var":0.000000000,"sum":0.000558853},"relative_timestamp_from_wait_end":{"num":3000,"min":0.000000000.0,"max":0.000004053,"avg":0.000000109,"var":0.000000000,"sum":0.000325680}}}},"target":{"received from ofi+cxi://0x24072000":{"handler":{"duration":{"num":1000,"min":0.000000238,"max":0.000005245,"avg":0.000000391,"var":0.000000000,"sum":0.000390768}},"ult":{"duration":{"num":1000,"min":0.000042200,"max":0.012226582,"avg":0.000192489,"var":0.000380729,"sum":0.192488670},"relative_timestamp_from_handler_start":{"num":1000,"min":0.000000477,"max":0.000012398,"avg":0.000000790,"var":0.000000001,"sum":0.000790119}},"irespond":{"duration":{"num":1000,"min":0.000000238,"max":0.000009298,"avg":0.000000538,"var":0.000000000,"sum":0.000537872},"relative_timestamp_from_ult_start":{"num":1000,"min":0.000036955,"max":0.012220144,"avg":0.000186433,"var":0.000380253,"sum":0.186432600}},"respond_cb":{"duration":{"num":1000,"min":0.000000000.0,"max":0.000002384,"avg":0.000000074,"var":0.000000000,"sum":0.000074148},"relative_timestamp_from_irespond_start":{"num":1000,"min":0.000004768,"max":0.000018358,"avg":0.000005458,"var":0.000000002,"sum":0.005457878}},"irespond_wait":{"duration":{"num":1000,"min":0.000004292,"max":0.000020266,"avg":0.000005136,"var":0.000000003,"sum":0.005135775},"relative_timestamp_from_irespond_end":{"num":1000,"min":0.000000000.0,"max":0.000000477,"avg":0.000000188,"var":0.000000000,"sum":0.000188351}},"set_output":{"duration":{"num":1000,"min":0.000000000.0,"max":0.000003338,"avg":0.000000191,"var":0.000000000,"sum":0.000190973},"relative_timestamp_from_irespond_start":{"num":1000,"min":0.000000000.0,"max":0.000000477,"avg":0.000000082,"var":0.000000000,"sum":0.000081539}},"get_input":{"duration":{"num":1000,"min":0.000000000.0,"max":0.000000477,"avg":0.000000113,"var":0.000000000,"sum":0.000113010},"relative_timestamp_from_ult_start":{"num":1000,"min":0.000000000.0,"max":0.000000715,"avg":0.000000129,"var":0.000000000,"sum":0.000129223}}},"received from ofi+cxi://0x24052000":{"handler":{"duration":{"num":1000,"min":0.000000238,"max":0.001832724,"avg":0.000002210,"var":0.000003354,"sum":0.002209663}},"ult":{"duration":{"num":1000,"min":0.000042200,"max":0.013182402,"avg":0.000185536,"var":0.000332030,"sum":0.185536385},"relative_timestamp_from_handler_start":{"num":1000,"min":0.000000477,"max":0.001834154,"avg":0.000002581,"var":0.000003359,"sum":0.002581358}},"irespond":{"duration":{"num":1000,"min":0.000000238,"max":0.000007868,"avg":0.000000540,"var":0.000000000,"sum":0.000540018},"relative_timestamp_from_ult_start":{"num":1000,"min":0.000036955,"max":0.013175249,"avg":0.000178787,