{"address":"","progress_loop":{"progress_with_timeout":{"num":1908,"min":0.000000477,"max":0.104006767,"avg":0.049539391,"var":5.146026476,"sum":94.521157742},"progress_timeout_value_msec":{"num":1908,"min":100.000000000.0,"max":100.000000000.0,"avg":100.000000000.0,"var":0.000000000.0,"sum":190800.000000000.0},"progress_without_timeout":{"num":473160925,"min":0.000000000.0,"max":0.001672268,"avg":0.000000112,"var":0.000065422,"sum":53.085983992},"trigger":{"num":5002,"min":0.000000238,"max":0.000027180,"avg":0.000000936,"var":0.000000002,"sum":0.004680157}},"rpcs":{"65535:65535:14048217247822970879:0":{"rpc_id":-4398526825886580737,"provider_id":0,"parent_rpc_id":65535,"parent_provider_id":65535,"name":"get_file_data","origin":{"sent to ofi+cxi://0x24014200":{"iforward":{"duration":{"num":1000,"min":0.000001431,"max":0.000034571,"avg":0.000002490,"var":0.000000001,"sum":0.002490044},"relative_timestamp_from_create":{"num":1000,"min":0.000000000.0,"max":0.000004292,"avg":0.000000163,"var":0.000000000,"sum":0.000163317}},"forward_cb":{"duration":{"num":1000,"min":0.000000000.0,"max":0.000000477,"avg":0.000000194,"var":0.000000000,"sum":0.000193596},"relative_timestamp_from_iforward_start":{"num":1000,"min":0.027929306,"max":0.377899647,"avg":0.135096354,"var":0.354900661,"sum":135.096353531}},"iforward_wait":{"duration":{"num":1000,"min":0.027929544,"max":0.377900124,"avg":0.135096656,"var":0.354902809,"sum":135.096655846},"relative_timestamp_from_iforward_end":{"num":1000,"min":0.000000000.0,"max":0.000000238,"avg":0.000000103,"var":0.000000000,"sum":0.000103235}},"set_input":{"duration":{"num":1000,"min":0.000000238,"max":0.000005722,"avg":0.000000402,"var":0.000000000,"sum":0.000401974},"relative_timestamp_from_iforward_start":{"num":1000,"min":0.000000954,"max":0.000020504,"avg":0.000001658,"var":0.000000001,"sum":0.001657724}},"get_output":{"duration":{"num":1000,"min":0.000497818,"max":0.002125502,"avg":0.000745915,"var":0.000009732,"sum":0.745915174},"relative_timestamp_from_wait_end":{"num":1000,"min":0.000000238,"max":0.000000954,"avg":0.000000348,"var":0.000000000,"sum":0.000348330}}}},"target":{"received from ofi+cxi://0x24014200":{"handler":{"duration":{"num":1000,"min":0.000000477,"max":0.000008106,"avg":0.000001043,"var":0.000000000,"sum":0.001042604}},"ult":{"duration":{"num":1000,"min":0.027924776,"max":0.377895117,"avg":0.135091900,"var":0.354902356,"sum":135.091900110},"relative_timestamp_from_handler_start":{"num":1000,"min":0.000001192,"max":0.000017166,"avg":0.000001711,"var":0.000000000,"sum":0.001710892}},"irespond":{"duration":{"num":1000,"min":0.001392365,"max":0.002472639,"avg":0.001870436,"var":0.000019477,"sum":1.870436192},"relative_timestamp_from_ult_start":{"num":1000,"min":0.026072979,"max":0.375980854,"avg":0.133216479,"var":0.354317560,"sum":133.216478586}},"respond_cb":{"duration":{"num":1000,"min":0.000000000.0,"max":0.000000715,"avg":0.000000187,"var":0.000000000,"sum":0.000186920},"relative_timestamp_from_irespond_start":{"num":1000,"min":0.001394033,"max":0.002475023,"avg":0.001872670,"var":0.000019499,"sum":1.872669697}},"irespond_wait":{"duration":{"num":1000,"min":0.000002146,"max":0.000010729,"avg":0.000003479,"var":0.000000001,"sum":0.003478527},"relative_timestamp_from_irespond_end":{"num":1000,"min":0.000000000.0,"max":0.000000477,"avg":0.000000184,"var":0.000000000,"sum":0.000184059}},"set_output":{"duration":{"num":1000,"min":0.001173019,"max":0.002313137,"avg":0.001632750,"var":0.000023046,"sum":1.632749557},"relative_timestamp_from_irespond_start":{"num":1000,"min":0.000000000.0,"max":0.000002146,"avg":0.000000323,"var":0.000000000,"sum":0.000323057}},"get_input":{"duration":{"num":1000,"min":0.000000238,"max":0.000003099,"avg":0.000000352,"var":0.000000000,"sum":0.000351906},"relative_timestamp_from_ult_start":{"num":1000,"min":0.000000238,"max":0.000003576,"avg":0.000000355,"var":0.000000000,"sum":0.000355482}}}}},"14048217247822970879:0:14048217247822970879:0":{"rpc_id":-4398526825886580737,"provider_id":0,"parent_rpc_id":-4398526825886580737,"parent_provider_id":0,"name":"get_file_data","origin":{"sent to ofi+cxi://0x24034600":{"iforward":{"duration":{"num":1000,"min":0.000002861,"max":0.000357389,"avg":0.000007064,"var":0.000000544,"sum":0.007064342},"relative_timestamp_from_create":{"num":1000,"min":0.000000000.0,"max":0.000000715,"avg":0.000000270,"var":0.000000000,"sum":0.000270367}},"forward_cb":{"duration":{"num":1000,"min":0.000000000.0,"max":0.000001907,"avg":0.000000210,"var":0.000000000,"sum":0.000209570},"relative_timestamp_from_iforward_start":{"num":1000,"min":0.025265694,"max":0.375190496,"avg":0.132077924,"var":0.336453388,"sum":132.077923536}},"iforward_wait":{"duration":{"num":1000,"min":0.025261641,"max":0.375187159,"avg":0.132071428,"var":0.336437726,"sum":132.071427822},"relative_timestamp_from_iforward_end":{"num":1000,"min":0.000000000.0,"max":0.000000477,"avg":0.000000249,"var":0.000000000,"sum":0.000249147}},"set_input":{"duration":{"num":1000,"min":0.000000000.0,"max":0.000000715,"avg":0.000000278,"var":0.000000000,"sum":0.000277996},"relative_timestamp_from_iforward_start":{"num":1000,"min":0.000000477,"max":0.000003099,"avg":0.000001012,"var":0.000000000,"sum":0.001012325}},"get_output":{"duration":{"num":1000,"min":0.000484228,"max":0.002974749,"avg":0.000742977,"var":0.000077458,"sum":0.742977142},"relative_timestamp_from_wait_end":{"num":1000,"min":0.000000000.0,"max":0.000001669,"avg":0.000000314,"var":0.000000000,"sum":0.000313520}}}}},"65535:65535:8686831390660034559:65535":{"rpc_id":8686831390660034559,"provider_id":65535,"parent_rpc_id":65535,"parent_provider_id":65535,"name":"__shutdown__","target":{"received from ofi+cxi://0x24014401":{"handler":{"duration":{"num":1,"min":0.000016212,"max":0.000016212,"avg":0.000016212,"var":0.000000000.0,"sum":0.000016212}},"ult":{"duration":{"num":1,"min":0.000015736,"max":0.000015736,"avg":0.000015736,"var":0.000000000.0,"sum":0.000015736},"relative_timestamp_from_handler_start":{"num":1,"min":0.000020027,"max":0.000020027,"avg":0.000020027,"var":0.000000000.0,"sum":0.000020027}},"irespond":{"duration":{"num":1,"min":0.000007629,"max":0.000007629,"avg":0.000007629,"var":0.000000000.0,"sum":0.000007629},"relative_timestamp_from_ult_start":{"num":1,"min":0.000000715,"max":0.000000715,"avg":0.000000715,"var":0.000000000.0,"sum":0.000000715}},"respond_cb":{"duration":{"num":1,"min":0.000000477,"max":0.000000477,"avg":0.000000477,"var":0.000000000.0,"sum":0.000000477},"relative_timestamp_from_irespond_start":{"num":1,"min":0.000012636,"max":0.000012636,"avg":0.000012636,"var":0.000000000.0,"sum":0.000012636}},"irespond_wait":{"duration":{"num":1,"min":0.000005484,"max":0.000005484,"avg":0.000005484,"var":0.000000000.0,"sum":0.000005484},"relative_timestamp_from_irespond_end":{"num":1,"min":0.000000238,"max":0.000000238,"avg":0.000000238,"var":0.000000000.0,"sum":0.000000238}},"set_output":{"duration":{"num":1,"min":0.000000477,"max":0.000000477,"avg":0.000000477,"var":0.000000000.0,"sum":0.000000477},"relative_timestamp_from_irespond_start":{"num":1,"min":0.000000715,"max":0.000000715,"avg":0.000000715,"var":0.000000000.0,"sum":0.000000715}},"get_input":{"duration":{"num":0,"min":0.000000000.0,"max":0.000000000.0,"avg":0.000000000.0,"var":0.000000000.0,"sum":0.000000000.0},"relative_timestamp_from_ult_start":{"num":0,"min":0.000000000.0,"max":0.000000000.0,"avg":0.000000000.0,"var":0.000000000.0,"sum":0.000000000.0}}}}}}}