{"address":"","progress_loop":{"progress_with_timeout":{"num":2240,"min":0.000000000.0,"max":0.104008436,"avg":0.057607410,"var":5.984416659,"sum":129.040598869},"progress_timeout_value_msec":{"num":2240,"min":100.000000000.0,"max":100.000000000.0,"avg":100.000000000.0,"var":0.000000000.0,"sum":224000.000000000.0},"progress_without_timeout":{"num":2761300,"min":0.000000000.0,"max":0.000067711,"avg":0.000000114,"var":0.000000057,"sum":0.313578129},"trigger":{"num":5002,"min":0.000000000.0,"max":0.000037193,"avg":0.000000420,"var":0.000000003,"sum":0.002103090}},"rpcs":{"65535:65535:14048217247822970879:0":{"rpc_id":-4398526825886580737,"provider_id":0,"parent_rpc_id":65535,"parent_provider_id":65535,"name":"get_file_data","origin":{"sent to ofi+cxi://0x24070000":{"iforward":{"duration":{"num":1000,"min":0.000000477,"max":0.000035048,"avg":0.000000659,"var":0.000000001,"sum":0.000658989},"relative_timestamp_from_create":{"num":1000,"min":0.000000000.0,"max":0.000004292,"avg":0.000000076,"var":0.000000000,"sum":0.000075817}},"forward_cb":{"duration":{"num":1000,"min":0.000000000.0,"max":0.000000238,"avg":0.000000084,"var":0.000000000,"sum":0.000084400},"relative_timestamp_from_iforward_start":{"num":1000,"min":0.000126123,"max":0.015386343,"avg":0.000791677,"var":0.000367374,"sum":0.791677237}},"iforward_wait":{"duration":{"num":1000,"min":0.000126123,"max":0.015355349,"avg":0.000791703,"var":0.000366446,"sum":0.791702509},"relative_timestamp_from_iforward_end":{"num":1000,"min":0.000000000.0,"max":0.000000238,"avg":0.000000053,"var":0.000000000,"sum":0.000053406}},"set_input":{"duration":{"num":1000,"min":0.000000000.0,"max":0.000005007,"avg":0.000000100,"var":0.000000000,"sum":0.000099897},"relative_timestamp_from_iforward_start":{"num":1000,"min":0.000000238,"max":0.000022173,"avg":0.000000431,"var":0.000000000,"sum":0.000430584}},"get_output":{"duration":{"num":1000,"min":0.000000477,"max":0.000001431,"avg":0.000000823,"var":0.000000000,"sum":0.000823259},"relative_timestamp_from_wait_end":{"num":1000,"min":0.000000000.0,"max":0.000000477,"avg":0.000000090,"var":0.000000000,"sum":0.000089884}}}},"target":{"received from ofi+cxi://0x24070000":{"handler":{"duration":{"num":1000,"min":0.000000238,"max":0.000007153,"avg":0.000000339,"var":0.000000000,"sum":0.000339270}},"ult":{"duration":{"num":1000,"min":0.000124693,"max":0.014862299,"avg":0.000789907,"var":0.000352309,"sum":0.789906740},"relative_timestamp_from_handler_start":{"num":1000,"min":0.000000477,"max":0.000477314,"avg":0.000001060,"var":0.000000227,"sum":0.001059532}},"irespond":{"duration":{"num":1000,"min":0.000000715,"max":0.000030279,"avg":0.000003208,"var":0.000000029,"sum":0.003208160},"relative_timestamp_from_ult_start":{"num":1000,"min":0.000122547,"max":0.014833689,"avg":0.000785424,"var":0.000350919,"sum":0.785423756}},"respond_cb":{"duration":{"num":1000,"min":0.000000000.0,"max":0.000000238,"avg":0.000000075,"var":0.000000000,"sum":0.000074625},"relative_timestamp_from_irespond_start":{"num":1000,"min":0.000001192,"max":0.000030756,"avg":0.000003654,"var":0.000000029,"sum":0.003653526}},"irespond_wait":{"duration":{"num":1000,"min":0.000000715,"max":0.000004053,"avg":0.000000972,"var":0.000000000,"sum":0.000971556},"relative_timestamp_from_irespond_end":{"num":1000,"min":0.000000000.0,"max":0.000000238,"avg":0.000000047,"var":0.000000000,"sum":0.000047445}},"set_output":{"duration":{"num":1000,"min":0.000000238,"max":0.000015259,"avg":0.000001565,"var":0.000000009,"sum":0.001565456},"relative_timestamp_from_irespond_start":{"num":1000,"min":0.000000000.0,"max":0.000000954,"avg":0.000000077,"var":0.000000000,"sum":0.000077248}},"get_input":{"duration":{"num":1000,"min":0.000000000.0,"max":0.000002623,"avg":0.000000105,"var":0.000000000,"sum":0.000105381},"relative_timestamp_from_ult_start":{"num":1000,"min":0.000000000.0,"max":0.000007629,"avg":0.000000149,"var":0.000000000,"sum":0.000148535}}}}},"14048217247822970879:0:14048217247822970879:0":{"rpc_id":-4398526825886580737,"provider_id":0,"parent_rpc_id":-4398526825886580737,"parent_provider_id":0,"name":"get_file_data","origin":{"sent to ofi+cxi://0x24050400":{"iforward":{"duration":{"num":1000,"min":0.000000954,"max":0.000036001,"avg":0.000001494,"var":0.000000003,"sum":0.001494169},"relative_timestamp_from_create":{"num":1000,"min":0.000000000.0,"max":0.000000238,"avg":0.000000076,"var":0.000000000,"sum":0.000076056}},"forward_cb":{"duration":{"num":1000,"min":0.000000000.0,"max":0.000001431,"avg":0.000000087,"var":0.000000000,"sum":0.000087023},"relative_timestamp_from_iforward_start":{"num":1000,"min":0.000115156,"max":0.014697313,"avg":0.000777413,"var":0.000347282,"sum":0.777412891}},"iforward_wait":{"duration":{"num":1000,"min":0.000114202,"max":0.014666319,"avg":0.000776098,"var":0.000346173,"sum":0.776097536},"relative_timestamp_from_iforward_end":{"num":1000,"min":0.000000000.0,"max":0.000000477,"avg":0.000000217,"var":0.000000000,"sum":0.000216961}},"set_input":{"duration":{"num":1000,"min":0.000000000.0,"max":0.000000715,"avg":0.000000104,"var":0.000000000,"sum":0.000104427},"relative_timestamp_from_iforward_start":{"num":1000,"min":0.000000238,"max":0.000002384,"avg":0.000000358,"var":0.000000000,"sum":0.000358105}},"get_output":{"duration":{"num":1000,"min":0.000000715,"max":0.000013590,"avg":0.000001227,"var":0.000000001,"sum":0.001226664},"relative_timestamp_from_wait_end":{"num":1000,"min":0.000000000.0,"max":0.000018597,"avg":0.000000122,"var":0.000000000,"sum":0.000121593}}}}},"65535:65535:8686831390660034559:65535":{"rpc_id":8686831390660034559,"provider_id":65535,"parent_rpc_id":65535,"parent_provider_id":65535,"name":"__shutdown__","target":{"received from ofi+cxi://0x24014401":{"handler":{"duration":{"num":1,"min":0.000027180,"max":0.000027180,"avg":0.000027180,"var":0.000000000.0,"sum":0.000027180}},"ult":{"duration":{"num":1,"min":0.000017405,"max":0.000017405,"avg":0.000017405,"var":0.000000000.0,"sum":0.000017405},"relative_timestamp_from_handler_start":{"num":1,"min":0.000031948,"max":0.000031948,"avg":0.000031948,"var":0.000000000.0,"sum":0.000031948}},"irespond":{"duration":{"num":1,"min":0.000006914,"max":0.000006914,"avg":0.000006914,"var":0.000000000.0,"sum":0.000006914},"relative_timestamp_from_ult_start":{"num":1,"min":0.000001669,"max":0.000001669,"avg":0.000001669,"var":0.000000000.0,"sum":0.000001669}},"respond_cb":{"duration":{"num":1,"min":0.000000715,"max":0.000000715,"avg":0.000000715,"var":0.000000000.0,"sum":0.000000715},"relative_timestamp_from_irespond_start":{"num":1,"min":0.000012875,"max":0.000012875,"avg":0.000012875,"var":0.000000000.0,"sum":0.000012875}},"irespond_wait":{"duration":{"num":1,"min":0.000006914,"max":0.000006914,"avg":0.000006914,"var":0.000000000.0,"sum":0.000006914},"relative_timestamp_from_irespond_end":{"num":1,"min":0.000000000.0,"max":0.000000000.0,"avg":0.000000000.0,"var":0.000000000.0,"sum":0.000000000.0}},"set_output":{"duration":{"num":1,"min":0.000000477,"max":0.000000477,"avg":0.000000477,"var":0.000000000.0,"sum":0.000000477},"relative_timestamp_from_irespond_start":{"num":1,"min":0.000000715,"max":0.000000715,"avg":0.000000715,"var":0.000000000.0,"sum":0.000000715}},"get_input":{"duration":{"num":0,"min":0.000000000.0,"max":0.000000000.0,"avg":0.000000000.0,"var":0.000000000.0,"sum":0.000000000.0},"relative_timestamp_from_ult_start":{"num":0,"min":0.000000000.0,"max":0.000000000.0,"avg":0.000000000.0,"var":0.000000000.0,"sum":0.000000000.0}}}}}}}