{"address":"","progress_loop":{"progress_with_timeout":{"num":2246,"min":0.000000000.0,"max":0.104009151,"avg":0.057712580,"var":5.996156955,"sum":129.622454405},"progress_timeout_value_msec":{"num":2246,"min":100.000000000.0,"max":100.000000000.0,"avg":100.000000000.0,"var":0.000000000.0,"sum":224600.000000000.0},"progress_without_timeout":{"num":650529,"min":0.000000000.0,"max":0.000012636,"avg":0.000000113,"var":0.000000010,"sum":0.073507071},"trigger":{"num":4002,"min":0.000000000.0,"max":0.000025511,"avg":0.000000284,"var":0.000000001,"sum":0.001137018}},"rpcs":{"65535:65535:14048217247822970879:0":{"rpc_id":-4398526825886580737,"provider_id":0,"parent_rpc_id":65535,"parent_provider_id":65535,"name":"get_file_data","origin":{"sent to ofi+cxi://0x24070400":{"iforward":{"duration":{"num":1000,"min":0.000000477,"max":0.000024319,"avg":0.000000638,"var":0.000000001,"sum":0.000638008},"relative_timestamp_from_create":{"num":1000,"min":0.000000000.0,"max":0.000003099,"avg":0.000000074,"var":0.000000000,"sum":0.000074387}},"forward_cb":{"duration":{"num":1000,"min":0.000000000.0,"max":0.000000477,"avg":0.000000076,"var":0.000000000,"sum":0.000076056},"relative_timestamp_from_iforward_start":{"num":1000,"min":0.000050783,"max":0.028733730,"avg":0.000196065,"var":0.000956848,"sum":0.196064949}},"iforward_wait":{"duration":{"num":1000,"min":0.000050783,"max":0.028712988,"avg":0.000196090,"var":0.000955649,"sum":0.196090460},"relative_timestamp_from_iforward_end":{"num":1000,"min":0.000000000.0,"max":0.000000238,"avg":0.000000040,"var":0.000000000,"sum":0.000039577}},"set_input":{"duration":{"num":1000,"min":0.000000000.0,"max":0.000003576,"avg":0.000000096,"var":0.000000000,"sum":0.000096321},"relative_timestamp_from_iforward_start":{"num":1000,"min":0.000000238,"max":0.000014544,"avg":0.000000416,"var":0.000000000,"sum":0.000415802}},"get_output":{"duration":{"num":1000,"min":0.000000000.0,"max":0.000000238,"avg":0.000000105,"var":0.000000000,"sum":0.000105143},"relative_timestamp_from_wait_end":{"num":1000,"min":0.000000000.0,"max":0.000000238,"avg":0.000000086,"var":0.000000000,"sum":0.000086069}}}},"target":{"received from ofi+cxi://0x24070400":{"handler":{"duration":{"num":1000,"min":0.000000238,"max":0.000005960,"avg":0.000000332,"var":0.000000000,"sum":0.000331640}},"ult":{"duration":{"num":1000,"min":0.000049591,"max":0.028224707,"avg":0.000194367,"var":0.000928049,"sum":0.194367409},"relative_timestamp_from_handler_start":{"num":1000,"min":0.000000477,"max":0.000476360,"avg":0.000001034,"var":0.000000226,"sum":0.001034021}},"irespond":{"duration":{"num":1000,"min":0.000000238,"max":0.000003338,"avg":0.000000290,"var":0.000000000,"sum":0.000289917},"relative_timestamp_from_ult_start":{"num":1000,"min":0.000048161,"max":0.028219700,"avg":0.000192901,"var":0.000927836,"sum":0.192901373}},"respond_cb":{"duration":{"num":1000,"min":0.000000000.0,"max":0.000000238,"avg":0.000000073,"var":0.000000000,"sum":0.000073433},"relative_timestamp_from_irespond_start":{"num":1000,"min":0.000000477,"max":0.000003815,"avg":0.000000689,"var":0.000000000,"sum":0.000688791}},"irespond_wait":{"duration":{"num":1000,"min":0.000000715,"max":0.000001907,"avg":0.000000901,"var":0.000000000,"sum":0.000901461},"relative_timestamp_from_irespond_end":{"num":1000,"min":0.000000000.0,"max":0.000000238,"avg":0.000000045,"var":0.000000000,"sum":0.000044823}},"set_output":{"duration":{"num":1000,"min":0.000000000.0,"max":0.000000715,"avg":0.000000091,"var":0.000000000,"sum":0.000090599},"relative_timestamp_from_irespond_start":{"num":1000,"min":0.000000000.0,"max":0.000000715,"avg":0.000000077,"var":0.000000000,"sum":0.000076532}},"get_input":{"duration":{"num":1000,"min":0.000000000.0,"max":0.000002384,"avg":0.000000107,"var":0.000000000,"sum":0.000106573},"relative_timestamp_from_ult_start":{"num":1000,"min":0.000000000.0,"max":0.000005007,"avg":0.000000134,"var":0.000000000,"sum":0.000134468}}}}},"14048217247822970879:0:14048217247822970879:0":{"rpc_id":-4398526825886580737,"provider_id":0,"parent_rpc_id":-4398526825886580737,"parent_provider_id":0,"name":"get_file_data","origin":{"sent to ofi+cxi://0x24034600":{"iforward":{"duration":{"num":1000,"min":0.000000954,"max":0.000029564,"avg":0.000001304,"var":0.000000002,"sum":0.001304388},"relative_timestamp_from_create":{"num":1000,"min":0.000000000.0,"max":0.000000477,"avg":0.000000062,"var":0.000000000,"sum":0.000061512}},"forward_cb":{"duration":{"num":1000,"min":0.000000000.0,"max":0.000000954,"avg":0.000000082,"var":0.000000000,"sum":0.000081539},"relative_timestamp_from_iforward_start":{"num":1000,"min":0.000042200,"max":0.028140306,"avg":0.000186707,"var":0.000923674,"sum":0.186706543}},"iforward_wait":{"duration":{"num":1000,"min":0.000041485,"max":0.028114080,"avg":0.000185585,"var":0.000922047,"sum":0.185585499},"relative_timestamp_from_iforward_end":{"num":1000,"min":0.000000000.0,"max":0.000000238,"avg":0.000000195,"var":0.000000000,"sum":0.000194788}},"set_input":{"duration":{"num":1000,"min":0.000000000.0,"max":0.000000477,"avg":0.000000098,"var":0.000000000,"sum":0.000098467},"relative_timestamp_from_iforward_start":{"num":1000,"min":0.000000238,"max":0.000002146,"avg":0.000000373,"var":0.000000000,"sum":0.000373363}},"get_output":{"duration":{"num":1000,"min":0.000000000.0,"max":0.000000715,"avg":0.000000129,"var":0.000000000,"sum":0.000129223},"relative_timestamp_from_wait_end":{"num":1000,"min":0.000000000.0,"max":0.000000477,"avg":0.000000093,"var":0.000000000,"sum":0.000092745}}}}},"65535:65535:8686831390660034559:65535":{"rpc_id":8686831390660034559,"provider_id":65535,"parent_rpc_id":65535,"parent_provider_id":65535,"name":"__shutdown__","target":{"received from ofi+cxi://0x24014401":{"handler":{"duration":{"num":1,"min":0.000016928,"max":0.000016928,"avg":0.000016928,"var":0.000000000.0,"sum":0.000016928}},"ult":{"duration":{"num":1,"min":0.000014782,"max":0.000014782,"avg":0.000014782,"var":0.000000000.0,"sum":0.000014782},"relative_timestamp_from_handler_start":{"num":1,"min":0.000020504,"max":0.000020504,"avg":0.000020504,"var":0.000000000.0,"sum":0.000020504}},"irespond":{"duration":{"num":1,"min":0.000005484,"max":0.000005484,"avg":0.000005484,"var":0.000000000.0,"sum":0.000005484},"relative_timestamp_from_ult_start":{"num":1,"min":0.000000954,"max":0.000000954,"avg":0.000000954,"var":0.000000000.0,"sum":0.000000954}},"respond_cb":{"duration":{"num":1,"min":0.000000477,"max":0.000000477,"avg":0.000000477,"var":0.000000000.0,"sum":0.000000477},"relative_timestamp_from_irespond_start":{"num":1,"min":0.000011206,"max":0.000011206,"avg":0.000011206,"var":0.000000000.0,"sum":0.000011206}},"irespond_wait":{"duration":{"num":1,"min":0.000006437,"max":0.000006437,"avg":0.000006437,"var":0.000000000.0,"sum":0.000006437},"relative_timestamp_from_irespond_end":{"num":1,"min":0.000000238,"max":0.000000238,"avg":0.000000238,"var":0.000000000.0,"sum":0.000000238}},"set_output":{"duration":{"num":1,"min":0.000000238,"max":0.000000238,"avg":0.000000238,"var":0.000000000.0,"sum":0.000000238},"relative_timestamp_from_irespond_start":{"num":1,"min":0.000000954,"max":0.000000954,"avg":0.000000954,"var":0.000000000.0,"sum":0.000000954}},"get_input":{"duration":{"num":0,"min":0.000000000.0,"max":0.000000000.0,"avg":0.000000000.0,"var":0.000000000.0,"sum":0.000000000.0},"relative_timestamp_from_ult_start":{"num":0,"min":0.000000000.0,"max":0.000000000.0,"avg":0.000000000.0,"var":0.000000000.0,"sum":0.000000000.0}}}}}}}