{"address":"","progress_loop":{"progress_with_timeout":{"num":2872,"min":0.000000238,"max":0.104009390,"avg":0.067786741,"var":7.047850312,"sum":194.683521271},"progress_timeout_value_msec":{"num":2872,"min":100.000000000.0,"max":100.000000000.0,"avg":100.000000000.0,"var":0.000000000.0,"sum":287200.000000000.0},"progress_without_timeout":{"num":122804893,"min":0.000000000.0,"max":0.000445843,"avg":0.000000112,"var":0.000004687,"sum":13.790678263},"trigger":{"num":5002,"min":0.000000238,"max":0.000027895,"avg":0.000000889,"var":0.000000008,"sum":0.004445553}},"rpcs":{"65535:65535:14048217247822970879:0":{"rpc_id":-4398526825886580737,"provider_id":0,"parent_rpc_id":65535,"parent_provider_id":65535,"name":"get_file_data","origin":{"sent to ofi+cxi://0x24054600":{"iforward":{"duration":{"num":1000,"min":0.000001431,"max":0.000029802,"avg":0.000002196,"var":0.000000001,"sum":0.002195597},"relative_timestamp_from_create":{"num":1000,"min":0.000000000.0,"max":0.000004053,"avg":0.000000167,"var":0.000000000,"sum":0.000167131}},"forward_cb":{"duration":{"num":1000,"min":0.000000000.0,"max":0.000000477,"avg":0.000000174,"var":0.000000000,"sum":0.000174284},"relative_timestamp_from_iforward_start":{"num":1000,"min":0.003787041,"max":0.211863518,"avg":0.035079042,"var":0.156973235,"sum":35.079041719}},"iforward_wait":{"duration":{"num":1000,"min":0.003787279,"max":0.211863995,"avg":0.035079127,"var":0.156975792,"sum":35.079126596},"relative_timestamp_from_iforward_end":{"num":1000,"min":0.000000000.0,"max":0.000000238,"avg":0.000000090,"var":0.000000000,"sum":0.000090122}},"set_input":{"duration":{"num":1000,"min":0.000000000.0,"max":0.000004768,"avg":0.000000353,"var":0.000000000,"sum":0.000353336},"relative_timestamp_from_iforward_start":{"num":1000,"min":0.000000954,"max":0.000018120,"avg":0.000001554,"var":0.000000000,"sum":0.001553535}},"get_output":{"duration":{"num":1000,"min":0.000054836,"max":0.000360727,"avg":0.000070330,"var":0.000000132,"sum":0.070330143},"relative_timestamp_from_wait_end":{"num":1000,"min":0.000000238,"max":0.000000954,"avg":0.000000350,"var":0.000000000,"sum":0.000349760}}}},"target":{"received from ofi+cxi://0x24054600":{"handler":{"duration":{"num":1000,"min":0.000000477,"max":0.000006914,"avg":0.000000850,"var":0.000000000,"sum":0.000849962}},"ult":{"duration":{"num":1000,"min":0.003783226,"max":0.211859941,"avg":0.035075193,"var":0.156972858,"sum":35.075192690},"relative_timestamp_from_handler_start":{"num":1000,"min":0.000000954,"max":0.000014305,"avg":0.000001436,"var":0.000000000,"sum":0.001436234}},"irespond":{"duration":{"num":1000,"min":0.000387669,"max":0.000734329,"avg":0.000471232,"var":0.000002596,"sum":0.471232176},"relative_timestamp_from_ult_start":{"num":1000,"min":0.003308773,"max":0.211376667,"avg":0.034599450,"var":0.156898763,"sum":34.599449873}},"respond_cb":{"duration":{"num":1000,"min":0.000000000.0,"max":0.000000477,"avg":0.000000167,"var":0.000000000,"sum":0.000167370},"relative_timestamp_from_irespond_start":{"num":1000,"min":0.000389099,"max":0.000736475,"avg":0.000473287,"var":0.000002602,"sum":0.473287344}},"irespond_wait":{"duration":{"num":1000,"min":0.000002146,"max":0.000010490,"avg":0.000003251,"var":0.000000000,"sum":0.003251314},"relative_timestamp_from_irespond_end":{"num":1000,"min":0.000000000.0,"max":0.000000477,"avg":0.000000139,"var":0.000000000,"sum":0.000138998}},"set_output":{"duration":{"num":1000,"min":0.000311375,"max":0.000664473,"avg":0.000386248,"var":0.000003096,"sum":0.386248350},"relative_timestamp_from_irespond_start":{"num":1000,"min":0.000000000.0,"max":0.000001907,"avg":0.000000227,"var":0.000000000,"sum":0.000226736}},"get_input":{"duration":{"num":1000,"min":0.000000000.0,"max":0.000001669,"avg":0.000000331,"var":0.000000000,"sum":0.000331163},"relative_timestamp_from_ult_start":{"num":1000,"min":0.000000238,"max":0.000003338,"avg":0.000000412,"var":0.000000000,"sum":0.000411510}}}}},"14048217247822970879:0:14048217247822970879:0":{"rpc_id":-4398526825886580737,"provider_id":0,"parent_rpc_id":-4398526825886580737,"parent_provider_id":0,"name":"get_file_data","origin":{"sent to ofi+cxi://0x24056200":{"iforward":{"duration":{"num":1000,"min":0.000002861,"max":0.000108480,"avg":0.000005332,"var":0.000000072,"sum":0.005332470},"relative_timestamp_from_create":{"num":1000,"min":0.000000000.0,"max":0.000000477,"avg":0.000000247,"var":0.000000000,"sum":0.000247002}},"forward_cb":{"duration":{"num":1000,"min":0.000000000.0,"max":0.000001431,"avg":0.000000183,"var":0.000000000,"sum":0.000183105},"relative_timestamp_from_iforward_start":{"num":1000,"min":0.003189087,"max":0.211215496,"avg":0.034334137,"var":0.151751054,"sum":34.334136724}},"iforward_wait":{"duration":{"num":1000,"min":0.003185511,"max":0.211224556,"avg":0.034329756,"var":0.151751239,"sum":34.329755783},"relative_timestamp_from_iforward_end":{"num":1000,"min":0.000000000.0,"max":0.000000477,"avg":0.000000232,"var":0.000000000,"sum":0.000232220}},"set_input":{"duration":{"num":1000,"min":0.000000000.0,"max":0.000000715,"avg":0.000000214,"var":0.000000000,"sum":0.000213623},"relative_timestamp_from_iforward_start":{"num":1000,"min":0.000000477,"max":0.000001907,"avg":0.000001186,"var":0.000000000,"sum":0.001186132}},"get_output":{"duration":{"num":1000,"min":0.000061035,"max":0.000728607,"avg":0.000091106,"var":0.000005978,"sum":0.091105700},"relative_timestamp_from_wait_end":{"num":1000,"min":0.000000000.0,"max":0.000000954,"avg":0.000000324,"var":0.000000000,"sum":0.000323772}}}}},"65535:65535:8686831390660034559:65535":{"rpc_id":8686831390660034559,"provider_id":65535,"parent_rpc_id":65535,"parent_provider_id":65535,"name":"__shutdown__","target":{"received from ofi+cxi://0x24014401":{"handler":{"duration":{"num":1,"min":0.000016451,"max":0.000016451,"avg":0.000016451,"var":0.000000000.0,"sum":0.000016451}},"ult":{"duration":{"num":1,"min":0.000020981,"max":0.000020981,"avg":0.000020981,"var":0.000000000.0,"sum":0.000020981},"relative_timestamp_from_handler_start":{"num":1,"min":0.000021219,"max":0.000021219,"avg":0.000021219,"var":0.000000000.0,"sum":0.000021219}},"irespond":{"duration":{"num":1,"min":0.000009775,"max":0.000009775,"avg":0.000009775,"var":0.000000000.0,"sum":0.000009775},"relative_timestamp_from_ult_start":{"num":1,"min":0.000001431,"max":0.000001431,"avg":0.000001431,"var":0.000000000.0,"sum":0.000001431}},"respond_cb":{"duration":{"num":1,"min":0.000000954,"max":0.000000954,"avg":0.000000954,"var":0.000000000.0,"sum":0.000000954},"relative_timestamp_from_irespond_start":{"num":1,"min":0.000016212,"max":0.000016212,"avg":0.000016212,"var":0.000000000.0,"sum":0.000016212}},"irespond_wait":{"duration":{"num":1,"min":0.000007868,"max":0.000007868,"avg":0.000007868,"var":0.000000000.0,"sum":0.000007868},"relative_timestamp_from_irespond_end":{"num":1,"min":0.000000000.0,"max":0.000000000.0,"avg":0.000000000.0,"var":0.000000000.0,"sum":0.000000000.0}},"set_output":{"duration":{"num":1,"min":0.000000477,"max":0.000000477,"avg":0.000000477,"var":0.000000000.0,"sum":0.000000477},"relative_timestamp_from_irespond_start":{"num":1,"min":0.000001192,"max":0.000001192,"avg":0.000001192,"var":0.000000000.0,"sum":0.000001192}},"get_input":{"duration":{"num":0,"min":0.000000000.0,"max":0.000000000.0,"avg":0.000000000.0,"var":0.000000000.0,"sum":0.000000000.0},"relative_timestamp_from_ult_start":{"num":0,"min":0.000000000.0,"max":0.000000000.0,"avg":0.000000000.0,"var":0.000000000.0,"sum":0.000000000.0}}}}}}}