{"address":"","progress_loop":{"progress_with_timeout":{"num":1494,"min":0.000381231,"max":0.104012251,"avg":0.103239586,"var":0.114152655,"sum":154.239941120},"progress_timeout_value_msec":{"num":1494,"min":100.000000000.0,"max":100.000000000.0,"avg":100.000000000.0,"var":0.000000000.0,"sum":149400.000000000.0},"progress_without_timeout":{"num":242703473,"min":0.000000000.0,"max":0.003739595,"avg":0.000000113,"var":0.000050252,"sum":27.366739273},"trigger":{"num":61002,"min":0.000000000.0,"max":0.002814531,"avg":0.000000991,"var":0.000023520,"sum":0.060461283}},"rpcs":{"65535:65535:14048217247822970879:0":{"rpc_id":-4398526825886580737,"provider_id":0,"parent_rpc_id":65535,"parent_provider_id":65535,"name":"get_file_data","origin":{"sent to ofi+cxi://0x24050000":{"iforward":{"duration":{"num":1000,"min":0.000001431,"max":0.000032187,"avg":0.000001839,"var":0.000000001,"sum":0.001839161},"relative_timestamp_from_create":{"num":1000,"min":0.000000000.0,"max":0.000004292,"avg":0.000000133,"var":0.000000000,"sum":0.000133276}},"forward_cb":{"duration":{"num":1000,"min":0.000000000.0,"max":0.000000477,"avg":0.000000142,"var":0.000000000,"sum":0.000142097},"relative_timestamp_from_iforward_start":{"num":1000,"min":0.010867119,"max":0.221764326,"avg":0.073278534,"var":0.182365435,"sum":73.278534412}},"iforward_wait":{"duration":{"num":1000,"min":0.010867119,"max":0.221836567,"avg":0.073295862,"var":0.184464025,"sum":73.295861959},"relative_timestamp_from_iforward_end":{"num":1000,"min":0.000000000.0,"max":0.000000477,"avg":0.000000077,"var":0.000000000,"sum":0.000077009}},"set_input":{"duration":{"num":1000,"min":0.000000000.0,"max":0.000004768,"avg":0.000000275,"var":0.000000000,"sum":0.000275373},"relative_timestamp_from_iforward_start":{"num":1000,"min":0.000000954,"max":0.000020027,"avg":0.000001292,"var":0.000000000,"sum":0.001291513}},"get_output":{"duration":{"num":1000,"min":0.000205755,"max":0.001157999,"avg":0.000248636,"var":0.000004564,"sum":0.248635530},"relative_timestamp_from_wait_end":{"num":1000,"min":0.000000000.0,"max":0.000000715,"avg":0.000000279,"var":0.000000000,"sum":0.000278711}}}},"target":{"received from ofi+cxi://0x24050000":{"handler":{"duration":{"num":1000,"min":0.000000477,"max":0.000009775,"avg":0.000000652,"var":0.000000000,"sum":0.000652313}},"ult":{"duration":{"num":1000,"min":0.010864258,"max":0.221762896,"avg":0.073274957,"var":0.182371634,"sum":73.274957180},"relative_timestamp_from_handler_start":{"num":1000,"min":0.000000954,"max":0.000014544,"avg":0.000001221,"var":0.000000001,"sum":0.001221180}},"irespond":{"duration":{"num":1000,"min":0.000138044,"max":0.001574755,"avg":0.000168873,"var":0.000021097,"sum":0.168872833},"relative_timestamp_from_ult_start":{"num":1000,"min":0.010710478,"max":0.207220316,"avg":0.073047498,"var":0.172789048,"sum":73.047498465}},"respond_cb":{"duration":{"num":1000,"min":0.000000000.0,"max":0.000000477,"avg":0.000000133,"var":0.000000000,"sum":0.000133038},"relative_timestamp_from_irespond_start":{"num":1000,"min":0.000139713,"max":0.014809608,"avg":0.000223164,"var":0.000507018,"sum":0.223164082}},"irespond_wait":{"duration":{"num":1000,"min":0.000002146,"max":0.014653444,"avg":0.000057704,"var":0.000514782,"sum":0.057704210},"relative_timestamp_from_irespond_end":{"num":1000,"min":0.000000000.0,"max":0.000000477,"avg":0.000000080,"var":0.000000000,"sum":0.000079632}},"set_output":{"duration":{"num":1000,"min":0.000130177,"max":0.001115799,"avg":0.000162836,"var":0.000015291,"sum":0.162835598},"relative_timestamp_from_irespond_start":{"num":1000,"min":0.000000000.0,"max":0.000001669,"avg":0.000000208,"var":0.000000000,"sum":0.000208139}},"get_input":{"duration":{"num":1000,"min":0.000000000.0,"max":0.000002146,"avg":0.000000234,"var":0.000000000,"sum":0.000233650},"relative_timestamp_from_ult_start":{"num":1000,"min":0.000000000.0,"max":0.000003576,"avg":0.000000275,"var":0.000000000,"sum":0.000275373}}}}},"14048217247822970879:0:14048217247822970879:0":{"rpc_id":-4398526825886580737,"provider_id":0,"parent_rpc_id":-4398526825886580737,"parent_provider_id":0,"name":"get_file_data","origin":{"sent to ofi+cxi://0x24014600":{"iforward":{"duration":{"num":15000,"min":0.000001192,"max":0.000223160,"avg":0.000002195,"var":0.000000140,"sum":0.032919407},"relative_timestamp_from_create":{"num":15000,"min":0.000000000.0,"max":0.000000954,"avg":0.000000116,"var":0.000000000,"sum":0.001741648}},"forward_cb":{"duration":{"num":15000,"min":0.000000000.0,"max":0.000017881,"avg":0.000000221,"var":0.000000001,"sum":0.003321886},"relative_timestamp_from_iforward_start":{"num":15000,"min":0.000493765,"max":0.212566614,"avg":0.071062223,"var":2.117368661,"sum":1065.933345556}},"iforward_wait":{"duration":{"num":15000,"min":0.000492811,"max":0.212570190,"avg":0.071078090,"var":2.154058796,"sum":1066.171353817},"relative_timestamp_from_iforward_end":{"num":15000,"min":0.000000000.0,"max":0.000007153,"avg":0.000000168,"var":0.000000000,"sum":0.002520323}},"set_input":{"duration":{"num":15000,"min":0.000000000.0,"max":0.000001907,"avg":0.000000222,"var":0.000000000,"sum":0.003335238},"relative_timestamp_from_iforward_start":{"num":15000,"min":0.000000238,"max":0.000007868,"avg":0.000000660,"var":0.000000001,"sum":0.009896755}},"get_output":{"duration":{"num":15000,"min":0.000198841,"max":0.001278639,"avg":0.000221511,"var":0.000029313,"sum":3.322672367},"relative_timestamp_from_wait_end":{"num":15000,"min":0.000000000.0,"max":0.000000715,"avg":0.000000286,"var":0.000000000,"sum":0.004285812}}}},"target":{"received from ofi+cxi://0x24074600":{"handler":{"duration":{"num":7000,"min":0.000000238,"max":0.002813339,"avg":0.000002323,"var":0.000020016,"sum":0.016263723}},"ult":{"duration":{"num":7000,"min":0.000979900,"max":0.217810154,"avg":0.071990195,"var":1.226894999,"sum":503.931364298},"relative_timestamp_from_handler_start":{"num":7000,"min":0.000000477,"max":0.002815485,"avg":0.000003500,"var":0.000025675,"sum":0.024501801}},"irespond":{"duration":{"num":7000,"min":0.000138998,"max":0.001884222,"avg":0.000165260,"var":0.000116410,"sum":1.156822920},"relative_timestamp_from_ult_start":{"num":7000,"min":0.000717878,"max":0.209235668,"avg":0.071276969,"var":1.062043188,"sum":498.938785315}},"respond_cb":{"duration":{"num":7000,"min":0.000000000.0,"max":0.000000715,"avg":0.000000119,"var":0.000000000,"sum":0.000834227},"relative_timestamp_from_irespond_start":{"num":7000,"min":0.000242472,"max":0.150037050,"avg":0.000704307,"var":0.210441954,"sum":4.930147886}},"irespond_wait":{"duration":{"num":7000,"min":0.000101805,"max":0.149888515,"avg":0.000547043,"var":0.209985907,"sum":3.829301596},"relative_timestamp_from_irespond_end":{"num":7000,"min":0.000000000.0,"max":0.000000715,"avg":0.000000264,"var":0.000000000,"sum":0.001847744}},"set_output":{"duration":{"num":7000,"min":0.000129700,"max":0.001099348,"avg":0.000158226,"var":0.000083455,"sum":1.107585192},"relative_timestamp_from_irespond_start":{"num":7000,"min":0.000000000.0,"max":0.000001431,"avg":0.000000209,"var":0.000000000,"sum":0.001464605}},"get_input":{"duration":{"num":7000,"min":0.000000000.0,"max":0.000000954,"avg":0.000000217,"var":0.000000000,"sum":0.001521826},"relative_timestamp_from_ult_start":{"num":7000,"min":0.000000000.0,"max":0.000001192,"avg":0.000000232,"var":0.000000000,"sum":0.001624584}}},"received from ofi+cxi://0x24010400":{"handler":{"duration":{"num":7000,"min":0.000000238,"max":0.001849651,"avg":0.000001300,"var":0.000003418,"sum":0.009103060}},"ult":{"duration":{"num":7000,"min":0.001541376,"max":0.229741335,"avg":0.071995102,"var":1.273238042,"sum":503.965713978},"relative_timestamp_from_handler_start":{"num":7000,"min":0.000000477,"max":0.002315521,"avg":0.000003523,"var":0.000025103,"sum":0.024661541}},"irespond":{"duration":{"num":7000,"min":0.000138998,"max":0.001508474,"avg":0.000163585,"var":0.000098613,"sum":1.145097733},"relative_timestamp_from_ult_start":{"num":7000,"min":0.000784397,"max":0.212851524,