{"address":"","progress_loop":{"progress_with_timeout":{"num":2246,"min":0.000000000.0,"max":0.104009628,"avg":0.057718225,"var":5.996513305,"sum":129.635133982},"progress_timeout_value_msec":{"num":2246,"min":100.000000000.0,"max":100.000000000.0,"avg":100.000000000.0,"var":0.000000000.0,"sum":224600.000000000.0},"progress_without_timeout":{"num":576897,"min":0.000000000.0,"max":0.000010967,"avg":0.000000113,"var":0.000000009,"sum":0.065213203},"trigger":{"num":4002,"min":0.000000000.0,"max":0.000037432,"avg":0.000000292,"var":0.000000002,"sum":0.001169205}},"rpcs":{"65535:65535:14048217247822970879:0":{"rpc_id":-4398526825886580737,"provider_id":0,"parent_rpc_id":65535,"parent_provider_id":65535,"name":"get_file_data","origin":{"sent to ofi+cxi://0x24032400":{"iforward":{"duration":{"num":1000,"min":0.000000477,"max":0.000032902,"avg":0.000000636,"var":0.000000001,"sum":0.000635624},"relative_timestamp_from_create":{"num":1000,"min":0.000000000.0,"max":0.000004292,"avg":0.000000070,"var":0.000000000,"sum":0.000070333}},"forward_cb":{"duration":{"num":1000,"min":0.000000000.0,"max":0.000000238,"avg":0.000000081,"var":0.000000000,"sum":0.000081062},"relative_timestamp_from_iforward_start":{"num":1000,"min":0.000051498,"max":0.018276453,"avg":0.000177215,"var":0.000545331,"sum":0.177215338}},"iforward_wait":{"duration":{"num":1000,"min":0.000051498,"max":0.018247128,"avg":0.000177225,"var":0.000544238,"sum":0.177224874},"relative_timestamp_from_iforward_end":{"num":1000,"min":0.000000000.0,"max":0.000000238,"avg":0.000000048,"var":0.000000000,"sum":0.000048161}},"set_input":{"duration":{"num":1000,"min":0.000000000.0,"max":0.000004768,"avg":0.000000097,"var":0.000000000,"sum":0.000097275},"relative_timestamp_from_iforward_start":{"num":1000,"min":0.000000238,"max":0.000020504,"avg":0.000000415,"var":0.000000000,"sum":0.000415087}},"get_output":{"duration":{"num":1000,"min":0.000000000.0,"max":0.000000238,"avg":0.000000093,"var":0.000000000,"sum":0.000092745},"relative_timestamp_from_wait_end":{"num":1000,"min":0.000000000.0,"max":0.000000477,"avg":0.000000094,"var":0.000000000,"sum":0.000094414}}}},"target":{"received from ofi+cxi://0x24032400":{"handler":{"duration":{"num":1000,"min":0.000000238,"max":0.000006437,"avg":0.000000339,"var":0.000000000,"sum":0.000338554}},"ult":{"duration":{"num":1000,"min":0.000050306,"max":0.018217564,"avg":0.000175937,"var":0.000543126,"sum":0.175936937},"relative_timestamp_from_handler_start":{"num":1000,"min":0.000000477,"max":0.000015020,"avg":0.000000588,"var":0.000000000,"sum":0.000587940}},"irespond":{"duration":{"num":1000,"min":0.000000238,"max":0.000002384,"avg":0.000000284,"var":0.000000000,"sum":0.000283718},"relative_timestamp_from_ult_start":{"num":1000,"min":0.000048876,"max":0.018211842,"avg":0.000174478,"var":0.000542950,"sum":0.174478054}},"respond_cb":{"duration":{"num":1000,"min":0.000000000.0,"max":0.000000238,"avg":0.000000077,"var":0.000000000,"sum":0.000077009},"relative_timestamp_from_irespond_start":{"num":1000,"min":0.000000477,"max":0.000003338,"avg":0.000000691,"var":0.000000000,"sum":0.000690937}},"irespond_wait":{"duration":{"num":1000,"min":0.000000715,"max":0.000001907,"avg":0.000000906,"var":0.000000000,"sum":0.000906229},"relative_timestamp_from_irespond_end":{"num":1000,"min":0.000000000.0,"max":0.000000238,"avg":0.000000050,"var":0.000000000,"sum":0.000049829}},"set_output":{"duration":{"num":1000,"min":0.000000000.0,"max":0.000000477,"avg":0.000000081,"var":0.000000000,"sum":0.000081062},"relative_timestamp_from_irespond_start":{"num":1000,"min":0.000000000.0,"max":0.000000954,"avg":0.000000082,"var":0.000000000,"sum":0.000081778}},"get_input":{"duration":{"num":1000,"min":0.000000000.0,"max":0.000002146,"avg":0.000000105,"var":0.000000000,"sum":0.000105143},"relative_timestamp_from_ult_start":{"num":1000,"min":0.000000000.0,"max":0.000003099,"avg":0.000000146,"var":0.000000000,"sum":0.000145912}}}}},"14048217247822970879:0:14048217247822970879:0":{"rpc_id":-4398526825886580737,"provider_id":0,"parent_rpc_id":-4398526825886580737,"parent_provider_id":0,"name":"get_file_data","origin":{"sent to ofi+cxi://0x24030000":{"iforward":{"duration":{"num":1000,"min":0.000000954,"max":0.000040531,"avg":0.000001326,"var":0.000000003,"sum":0.001325607},"relative_timestamp_from_create":{"num":1000,"min":0.000000000.0,"max":0.000000477,"avg":0.000000061,"var":0.000000000,"sum":0.000061035}},"forward_cb":{"duration":{"num":1000,"min":0.000000000.0,"max":0.000001431,"avg":0.000000086,"var":0.000000000,"sum":0.000086308},"relative_timestamp_from_iforward_start":{"num":1000,"min":0.000043154,"max":0.018103838,"avg":0.000168239,"var":0.000539129,"sum":0.168238640}},"iforward_wait":{"duration":{"num":1000,"min":0.000041962,"max":0.018067837,"avg":0.000167071,"var":0.000537529,"sum":0.167070627},"relative_timestamp_from_iforward_end":{"num":1000,"min":0.000000000.0,"max":0.000000238,"avg":0.000000197,"var":0.000000000,"sum":0.000196695}},"set_input":{"duration":{"num":1000,"min":0.000000000.0,"max":0.000000715,"avg":0.000000095,"var":0.000000000,"sum":0.000095129},"relative_timestamp_from_iforward_start":{"num":1000,"min":0.000000238,"max":0.000002384,"avg":0.000000366,"var":0.000000000,"sum":0.000366449}},"get_output":{"duration":{"num":1000,"min":0.000000000.0,"max":0.000001192,"avg":0.000000109,"var":0.000000000,"sum":0.000109196},"relative_timestamp_from_wait_end":{"num":1000,"min":0.000000000.0,"max":0.000000477,"avg":0.000000094,"var":0.000000000,"sum":0.000093937}}}}},"65535:65535:8686831390660034559:65535":{"rpc_id":8686831390660034559,"provider_id":65535,"parent_rpc_id":65535,"parent_provider_id":65535,"name":"__shutdown__","target":{"received from ofi+cxi://0x24014401":{"handler":{"duration":{"num":1,"min":0.000024319,"max":0.000024319,"avg":0.000024319,"var":0.000000000.0,"sum":0.000024319}},"ult":{"duration":{"num":1,"min":0.000019789,"max":0.000019789,"avg":0.000019789,"var":0.000000000.0,"sum":0.000019789},"relative_timestamp_from_handler_start":{"num":1,"min":0.000029087,"max":0.000029087,"avg":0.000029087,"var":0.000000000.0,"sum":0.000029087}},"irespond":{"duration":{"num":1,"min":0.000009537,"max":0.000009537,"avg":0.000009537,"var":0.000000000.0,"sum":0.000009537},"relative_timestamp_from_ult_start":{"num":1,"min":0.000001192,"max":0.000001192,"avg":0.000001192,"var":0.000000000.0,"sum":0.000001192}},"respond_cb":{"duration":{"num":1,"min":0.000000477,"max":0.000000477,"avg":0.000000477,"var":0.000000000.0,"sum":0.000000477},"relative_timestamp_from_irespond_start":{"num":1,"min":0.000015736,"max":0.000015736,"avg":0.000015736,"var":0.000000000.0,"sum":0.000015736}},"irespond_wait":{"duration":{"num":1,"min":0.000006914,"max":0.000006914,"avg":0.000006914,"var":0.000000000.0,"sum":0.000006914},"relative_timestamp_from_irespond_end":{"num":1,"min":0.000000238,"max":0.000000238,"avg":0.000000238,"var":0.000000000.0,"sum":0.000000238}},"set_output":{"duration":{"num":1,"min":0.000000715,"max":0.000000715,"avg":0.000000715,"var":0.000000000.0,"sum":0.000000715},"relative_timestamp_from_irespond_start":{"num":1,"min":0.000001192,"max":0.000001192,"avg":0.000001192,"var":0.000000000.0,"sum":0.000001192}},"get_input":{"duration":{"num":0,"min":0.000000000.0,"max":0.000000000.0,"avg":0.000000000.0,"var":0.000000000.0,"sum":0.000000000.0},"relative_timestamp_from_ult_start":{"num":0,"min":0.000000000.0,"max":0.000000000.0,"avg":0.000000000.0,"var":0.000000000.0,"sum":0.000000000.0}}}}}}}