{"address":"","progress_loop":{"progress_with_timeout":{"num":2541,"min":0.000031233,"max":0.104010582,"avg":0.103749760,"var":0.064074000,"sum":263.628140688},"progress_timeout_value_msec":{"num":2541,"min":100.000000000.0,"max":100.000000000.0,"avg":100.000000000.0,"var":0.000000000.0,"sum":254100.000000000.0},"progress_without_timeout":{"num":468614,"min":0.000000000.0,"max":0.000495672,"avg":0.000000203,"var":0.000001369,"sum":0.095334530},"trigger":{"num":60002,"min":0.000000000.0,"max":0.002727032,"avg":0.000001123,"var":0.000067382,"sum":0.067363501}},"rpcs":{"14048217247822970879:0:14048217247822970879:0":{"rpc_id":-4398526825886580737,"provider_id":0,"parent_rpc_id":-4398526825886580737,"parent_provider_id":0,"name":"get_file_data","target":{"received from ofi+cxi://0x24050000":{"handler":{"duration":{"num":15000,"min":0.000000238,"max":0.002291918,"avg":0.000001102,"var":0.000017092,"sum":0.016535282}},"ult":{"duration":{"num":15000,"min":0.001058817,"max":0.131238699,"avg":0.024480954,"var":0.503377464,"sum":367.214313030},"relative_timestamp_from_handler_start":{"num":15000,"min":0.000001907,"max":0.008841038,"avg":0.001679144,"var":0.022325241,"sum":25.187164307}},"irespond":{"duration":{"num":15000,"min":0.000033140,"max":0.001400709,"avg":0.000253742,"var":0.000519312,"sum":3.806134462},"relative_timestamp_from_ult_start":{"num":15000,"min":0.000057936,"max":0.000522137,"avg":0.000283250,"var":0.000325624,"sum":4.248752594}},"respond_cb":{"duration":{"num":15000,"min":0.000000000.0,"max":0.000003815,"avg":0.000000185,"var":0.000000000,"sum":0.002768278},"relative_timestamp_from_irespond_start":{"num":15000,"min":0.000221968,"max":0.124935150,"avg":0.023328614,"var":0.444402246,"sum":349.929213285}},"irespond_wait":{"duration":{"num":15000,"min":0.000502348,"max":0.130795479,"avg":0.023942710,"var":0.512287891,"sum":359.140656948},"relative_timestamp_from_irespond_end":{"num":15000,"min":0.000000000.0,"max":0.000004768,"avg":0.000000273,"var":0.000000000,"sum":0.004088163}},"set_output":{"duration":{"num":15000,"min":0.000027895,"max":0.000688553,"avg":0.000191787,"var":0.000017612,"sum":2.876804113},"relative_timestamp_from_irespond_start":{"num":15000,"min":0.000000000.0,"max":0.000002861,"avg":0.000000143,"var":0.000000000,"sum":0.002138376}},"get_input":{"duration":{"num":15000,"min":0.000000000.0,"max":0.000003576,"avg":0.000000250,"var":0.000000000,"sum":0.003748178},"relative_timestamp_from_ult_start":{"num":15000,"min":0.000000000.0,"max":0.000005245,"avg":0.000000292,"var":0.000000000,"sum":0.004373789}}},"received from ofi+cxi://0x24012400":{"handler":{"duration":{"num":15000,"min":0.000000238,"max":0.002725840,"avg":0.000002066,"var":0.000050205,"sum":0.030995131}},"ult":{"duration":{"num":15000,"min":0.000396490,"max":0.183599472,"avg":0.024077500,"var":0.767128014,"sum":361.162492990},"relative_timestamp_from_handler_start":{"num":15000,"min":0.000001192,"max":0.010386944,"avg":0.001793550,"var":0.023088747,"sum":26.903249979}},"irespond":{"duration":{"num":15000,"min":0.000073910,"max":0.001379728,"avg":0.000226642,"var":0.000177246,"sum":3.399631739},"relative_timestamp_from_ult_start":{"num":15000,"min":0.000058413,"max":0.000517368,"avg":0.000278717,"var":0.000344883,"sum":4.180753469}},"respond_cb":{"duration":{"num":15000,"min":0.000000000.0,"max":0.000000715,"avg":0.000000181,"var":0.000000000,"sum":0.002718449},"relative_timestamp_from_irespond_start":{"num":15000,"min":0.000222921,"max":0.182859421,"avg":0.023246831,"var":0.740273978,"sum":348.702470064}},"irespond_wait":{"duration":{"num":15000,"min":0.000035286,"max":0.183079720,"avg":0.023570896,"var":0.783697469,"sum":353.563435078},"relative_timestamp_from_irespond_end":{"num":15000,"min":0.000000000.0,"max":0.000000715,"avg":0.000000274,"var":0.000000000,"sum":0.004113913}},"set_output":{"duration":{"num":15000,"min":0.000030518,"max":0.000651598,"avg":0.000191503,"var":0.000017036,"sum":2.872540236},"relative_timestamp_from_irespond_start":{"num":15000,"min":0.000000000.0,"max":0.000001669,"avg":0.000000144,"var":0.000000000,"sum":0.002156973}},"get_input":{"duration":{"num":15000,"min":0.000000000.0,"max":0.000000715,"avg":0.000000248,"var":0.000000000,"sum":0.003713369},"relative_timestamp_from_ult_start":{"num":15000,"min":0.000000000.0,"max":0.000000954,"avg":0.000000287,"var":0.000000000,"sum":0.004303217}}}}},"65535:65535:8686831390660034559:65535":{"rpc_id":8686831390660034559,"provider_id":65535,"parent_rpc_id":65535,"parent_provider_id":65535,"name":"__shutdown__","target":{"received from ofi+cxi://0x24014401":{"handler":{"duration":{"num":1,"min":0.000008583,"max":0.000008583,"avg":0.000008583,"var":0.000000000.0,"sum":0.000008583}},"ult":{"duration":{"num":1,"min":0.000011206,"max":0.000011206,"avg":0.000011206,"var":0.000000000.0,"sum":0.000011206},"relative_timestamp_from_handler_start":{"num":1,"min":0.000010729,"max":0.000010729,"avg":0.000010729,"var":0.000000000.0,"sum":0.000010729}},"irespond":{"duration":{"num":1,"min":0.000003338,"max":0.000003338,"avg":0.000003338,"var":0.000000000.0,"sum":0.000003338},"relative_timestamp_from_ult_start":{"num":1,"min":0.000000715,"max":0.000000715,"avg":0.000000715,"var":0.000000000.0,"sum":0.000000715}},"respond_cb":{"duration":{"num":1,"min":0.000000000.0,"max":0.000000000.0,"avg":0.000000000.0,"var":0.000000000.0,"sum":0.000000000.0},"relative_timestamp_from_irespond_start":{"num":1,"min":0.000007868,"max":0.000007868,"avg":0.000007868,"var":0.000000000.0,"sum":0.000007868}},"irespond_wait":{"duration":{"num":1,"min":0.000004768,"max":0.000004768,"avg":0.000004768,"var":0.000000000.0,"sum":0.000004768},"relative_timestamp_from_irespond_end":{"num":1,"min":0.000000000.0,"max":0.000000000.0,"avg":0.000000000.0,"var":0.000000000.0,"sum":0.000000000.0}},"set_output":{"duration":{"num":1,"min":0.000000238,"max":0.000000238,"avg":0.000000238,"var":0.000000000.0,"sum":0.000000238},"relative_timestamp_from_irespond_start":{"num":1,"min":0.000000715,"max":0.000000715,"avg":0.000000715,"var":0.000000000.0,"sum":0.000000715}},"get_input":{"duration":{"num":0,"min":0.000000000.0,"max":0.000000000.0,"avg":0.000000000.0,"var":0.000000000.0,"sum":0.000000000.0},"relative_timestamp_from_ult_start":{"num":0,"min":0.000000000.0,"max":0.000000000.0,"avg":0.000000000.0,"var":0.000000000.0,"sum":0.000000000.0}}}}}}}