{"address":"","progress_loop":{"progress_with_timeout":{"num":1249,"min":0.000000715,"max":0.104014874,"avg":0.103018804,"var":0.122882131,"sum":128.670485735},"progress_timeout_value_msec":{"num":1249,"min":100.000000000.0,"max":100.000000000.0,"avg":100.000000000.0,"var":0.000000000.0,"sum":124900.000000000.0},"progress_without_timeout":{"num":23688,"min":0.000000000.0,"max":0.000481367,"avg":0.000001791,"var":0.000001025,"sum":0.042434931},"trigger":{"num":60002,"min":0.000000000.0,"max":0.002939224,"avg":0.000001140,"var":0.000092442,"sum":0.068428755}},"rpcs":{"14048217247822970879:0:14048217247822970879:0":{"rpc_id":-4398526825886580737,"provider_id":0,"parent_rpc_id":-4398526825886580737,"parent_provider_id":0,"name":"get_file_data","target":{"received from ofi+cxi://0x24050000":{"handler":{"duration":{"num":15000,"min":0.000000238,"max":0.002860785,"avg":0.000001581,"var":0.000043986,"sum":0.023716688}},"ult":{"duration":{"num":15000,"min":0.000022411,"max":0.015209675,"avg":0.001803275,"var":0.005663890,"sum":27.049121857},"relative_timestamp_from_handler_start":{"num":15000,"min":0.000000477,"max":0.007905722,"avg":0.000107676,"var":0.000626059,"sum":1.615140676}},"irespond":{"duration":{"num":15000,"min":0.000002384,"max":0.000110865,"avg":0.000018443,"var":0.000002888,"sum":0.276638985},"relative_timestamp_from_ult_start":{"num":15000,"min":0.000002861,"max":0.000056028,"avg":0.000015968,"var":0.000001836,"sum":0.239517689}},"respond_cb":{"duration":{"num":15000,"min":0.000000000.0,"max":0.000000715,"avg":0.000000175,"var":0.000000000,"sum":0.002617598},"relative_timestamp_from_irespond_start":{"num":15000,"min":0.000017881,"max":0.014718056,"avg":0.001712277,"var":0.005195753,"sum":25.684149265}},"irespond_wait":{"duration":{"num":15000,"min":0.000014782,"max":0.015041351,"avg":0.001768078,"var":0.005803933,"sum":26.521163225},"relative_timestamp_from_irespond_end":{"num":15000,"min":0.000000000.0,"max":0.000005245,"avg":0.000000195,"var":0.000000000,"sum":0.002928495}},"set_output":{"duration":{"num":15000,"min":0.000000954,"max":0.000032902,"avg":0.000008847,"var":0.000000844,"sum":0.132701635},"relative_timestamp_from_irespond_start":{"num":15000,"min":0.000000000.0,"max":0.000003099,"avg":0.000000079,"var":0.000000000,"sum":0.001181602}},"get_input":{"duration":{"num":15000,"min":0.000000000.0,"max":0.000004053,"avg":0.000000159,"var":0.000000000,"sum":0.002389669},"relative_timestamp_from_ult_start":{"num":15000,"min":0.000000000.0,"max":0.000006676,"avg":0.000000182,"var":0.000000000,"sum":0.002725840}}},"received from ofi+cxi://0x24012400":{"handler":{"duration":{"num":15000,"min":0.000000238,"max":0.002938032,"avg":0.000001725,"var":0.000048355,"sum":0.025875568}},"ult":{"duration":{"num":15000,"min":0.000020266,"max":0.015326262,"avg":0.001837409,"var":0.006520482,"sum":27.561133146},"relative_timestamp_from_handler_start":{"num":15000,"min":0.000000477,"max":0.007413149,"avg":0.000101269,"var":0.000479855,"sum":1.519038677}},"irespond":{"duration":{"num":15000,"min":0.000002384,"max":0.000077486,"avg":0.000017136,"var":0.000002735,"sum":0.257038116},"relative_timestamp_from_ult_start":{"num":15000,"min":0.000002861,"max":0.000040054,"avg":0.000014601,"var":0.000001664,"sum":0.219011307}},"respond_cb":{"duration":{"num":15000,"min":0.000000000.0,"max":0.000006437,"avg":0.000000175,"var":0.000000000,"sum":0.002629280},"relative_timestamp_from_irespond_start":{"num":15000,"min":0.000016451,"max":0.015299320,"avg":0.001739016,"var":0.005981227,"sum":26.085246563}},"irespond_wait":{"duration":{"num":15000,"min":0.000013351,"max":0.015272141,"avg":0.001804874,"var":0.006643837,"sum":27.073117018},"relative_timestamp_from_irespond_end":{"num":15000,"min":0.000000000.0,"max":0.000000715,"avg":0.000000193,"var":0.000000000,"sum":0.002901316}},"set_output":{"duration":{"num":15000,"min":0.000000954,"max":0.000029325,"avg":0.000007999,"var":0.000000788,"sum":0.119992018},"relative_timestamp_from_irespond_start":{"num":15000,"min":0.000000000.0,"max":0.000000477,"avg":0.000000078,"var":0.000000000,"sum":0.001176834}},"get_input":{"duration":{"num":15000,"min":0.000000000.0,"max":0.000008106,"avg":0.000000158,"var":0.000000000,"sum":0.002373934},"relative_timestamp_from_ult_start":{"num":15000,"min":0.000000000.0,"max":0.000000954,"avg":0.000000179,"var":0.000000000,"sum":0.002687454}}}}},"65535:65535:8686831390660034559:65535":{"rpc_id":8686831390660034559,"provider_id":65535,"parent_rpc_id":65535,"parent_provider_id":65535,"name":"__shutdown__","target":{"received from ofi+cxi://0x24014401":{"handler":{"duration":{"num":1,"min":0.000007153,"max":0.000007153,"avg":0.000007153,"var":0.000000000.0,"sum":0.000007153}},"ult":{"duration":{"num":1,"min":0.000009060,"max":0.000009060,"avg":0.000009060,"var":0.000000000.0,"sum":0.000009060},"relative_timestamp_from_handler_start":{"num":1,"min":0.000009298,"max":0.000009298,"avg":0.000009298,"var":0.000000000.0,"sum":0.000009298}},"irespond":{"duration":{"num":1,"min":0.000001907,"max":0.000001907,"avg":0.000001907,"var":0.000000000.0,"sum":0.000001907},"relative_timestamp_from_ult_start":{"num":1,"min":0.000000238,"max":0.000000238,"avg":0.000000238,"var":0.000000000.0,"sum":0.000000238}},"respond_cb":{"duration":{"num":1,"min":0.000000238,"max":0.000000238,"avg":0.000000238,"var":0.000000000.0,"sum":0.000000238},"relative_timestamp_from_irespond_start":{"num":1,"min":0.000006437,"max":0.000006437,"avg":0.000006437,"var":0.000000000.0,"sum":0.000006437}},"irespond_wait":{"duration":{"num":1,"min":0.000005007,"max":0.000005007,"avg":0.000005007,"var":0.000000000.0,"sum":0.000005007},"relative_timestamp_from_irespond_end":{"num":1,"min":0.000000000.0,"max":0.000000000.0,"avg":0.000000000.0,"var":0.000000000.0,"sum":0.000000000.0}},"set_output":{"duration":{"num":1,"min":0.000000238,"max":0.000000238,"avg":0.000000238,"var":0.000000000.0,"sum":0.000000238},"relative_timestamp_from_irespond_start":{"num":1,"min":0.000000238,"max":0.000000238,"avg":0.000000238,"var":0.000000000.0,"sum":0.000000238}},"get_input":{"duration":{"num":0,"min":0.000000000.0,"max":0.000000000.0,"avg":0.000000000.0,"var":0.000000000.0,"sum":0.000000000.0},"relative_timestamp_from_ult_start":{"num":0,"min":0.000000000.0,"max":0.000000000.0,"avg":0.000000000.0,"var":0.000000000.0,"sum":0.000000000.0}}}}}}}