{"address":"","progress_loop":{"progress_with_timeout":{"num":2246,"min":0.000000000.0,"max":0.104010582,"avg":0.057714970,"var":5.996041637,"sum":129.627822638},"progress_timeout_value_msec":{"num":2246,"min":100.000000000.0,"max":100.000000000.0,"avg":100.000000000.0,"var":0.000000000.0,"sum":224600.000000000.0},"progress_without_timeout":{"num":593788,"min":0.000000000.0,"max":0.000010252,"avg":0.000000113,"var":0.000000009,"sum":0.067064762},"trigger":{"num":4002,"min":0.000000000.0,"max":0.000036716,"avg":0.000000287,"var":0.000000002,"sum":0.001147747}},"rpcs":{"65535:65535:14048217247822970879:0":{"rpc_id":-4398526825886580737,"provider_id":0,"parent_rpc_id":65535,"parent_provider_id":65535,"name":"get_file_data","origin":{"sent to ofi+cxi://0x24072000":{"iforward":{"duration":{"num":1000,"min":0.000000477,"max":0.000029802,"avg":0.000000640,"var":0.000000001,"sum":0.000639677},"relative_timestamp_from_create":{"num":1000,"min":0.000000000.0,"max":0.000004053,"avg":0.000000070,"var":0.000000000,"sum":0.000070333}},"forward_cb":{"duration":{"num":1000,"min":0.000000000.0,"max":0.000000238,"avg":0.000000073,"var":0.000000000,"sum":0.000072956},"relative_timestamp_from_iforward_start":{"num":1000,"min":0.000050545,"max":0.015053511,"avg":0.000176608,"var":0.000316855,"sum":0.176607609}},"iforward_wait":{"duration":{"num":1000,"min":0.000050545,"max":0.015027046,"avg":0.000176619,"var":0.000316051,"sum":0.176618576},"relative_timestamp_from_iforward_end":{"num":1000,"min":0.000000000.0,"max":0.000000477,"avg":0.000000047,"var":0.000000000,"sum":0.000046968}},"set_input":{"duration":{"num":1000,"min":0.000000000.0,"max":0.000004530,"avg":0.000000093,"var":0.000000000,"sum":0.000092745},"relative_timestamp_from_iforward_start":{"num":1000,"min":0.000000238,"max":0.000018120,"avg":0.000000423,"var":0.000000000,"sum":0.000422716}},"get_output":{"duration":{"num":1000,"min":0.000000000.0,"max":0.000000238,"avg":0.000000095,"var":0.000000000,"sum":0.000094652},"relative_timestamp_from_wait_end":{"num":1000,"min":0.000000000.0,"max":0.000000238,"avg":0.000000091,"var":0.000000000,"sum":0.000090599}}}},"target":{"received from ofi+cxi://0x24072000":{"handler":{"duration":{"num":1000,"min":0.000000238,"max":0.000006914,"avg":0.000000332,"var":0.000000000,"sum":0.000332117}},"ult":{"duration":{"num":1000,"min":0.000049353,"max":0.014997721,"avg":0.000175360,"var":0.000315154,"sum":0.175359726},"relative_timestamp_from_handler_start":{"num":1000,"min":0.000000477,"max":0.000014305,"avg":0.000000580,"var":0.000000000,"sum":0.000579596}},"irespond":{"duration":{"num":1000,"min":0.000000238,"max":0.000002384,"avg":0.000000280,"var":0.000000000,"sum":0.000280142},"relative_timestamp_from_ult_start":{"num":1000,"min":0.000047922,"max":0.014992237,"avg":0.000173902,"var":0.000315019,"sum":0.173901796}},"respond_cb":{"duration":{"num":1000,"min":0.000000000.0,"max":0.000000238,"avg":0.000000074,"var":0.000000000,"sum":0.000074387},"relative_timestamp_from_irespond_start":{"num":1000,"min":0.000000477,"max":0.000003099,"avg":0.000000678,"var":0.000000000,"sum":0.000677586}},"irespond_wait":{"duration":{"num":1000,"min":0.000000715,"max":0.000001669,"avg":0.000000891,"var":0.000000000,"sum":0.000891447},"relative_timestamp_from_irespond_end":{"num":1000,"min":0.000000000.0,"max":0.000000238,"avg":0.000000048,"var":0.000000000,"sum":0.000047684}},"set_output":{"duration":{"num":1000,"min":0.000000000.0,"max":0.000000954,"avg":0.000000084,"var":0.000000000,"sum":0.000084400},"relative_timestamp_from_irespond_start":{"num":1000,"min":0.000000000.0,"max":0.000000715,"avg":0.000000076,"var":0.000000000,"sum":0.000076056}},"get_input":{"duration":{"num":1000,"min":0.000000000.0,"max":0.000002146,"avg":0.000000101,"var":0.000000000,"sum":0.000100851},"relative_timestamp_from_ult_start":{"num":1000,"min":0.000000000.0,"max":0.000002861,"avg":0.000000139,"var":0.000000000,"sum":0.000138998}}}}},"14048217247822970879:0:14048217247822970879:0":{"rpc_id":-4398526825886580737,"provider_id":0,"parent_rpc_id":-4398526825886580737,"parent_provider_id":0,"name":"get_file_data","origin":{"sent to ofi+cxi://0x24016200":{"iforward":{"duration":{"num":1000,"min":0.000000954,"max":0.000036001,"avg":0.000001324,"var":0.000000003,"sum":0.001324415},"relative_timestamp_from_create":{"num":1000,"min":0.000000000.0,"max":0.000000477,"avg":0.000000065,"var":0.000000000,"sum":0.000064850}},"forward_cb":{"duration":{"num":1000,"min":0.000000000.0,"max":0.000001431,"avg":0.000000085,"var":0.000000000,"sum":0.000085115},"relative_timestamp_from_iforward_start":{"num":1000,"min":0.000042200,"max":0.014889240,"avg":0.000167678,"var":0.000312076,"sum":0.167678118}},"iforward_wait":{"duration":{"num":1000,"min":0.000041485,"max":0.014858246,"avg":0.000166524,"var":0.000310963,"sum":0.166524172},"relative_timestamp_from_iforward_end":{"num":1000,"min":0.000000000.0,"max":0.000000238,"avg":0.000000190,"var":0.000000000,"sum":0.000190020}},"set_input":{"duration":{"num":1000,"min":0.000000000.0,"max":0.000000477,"avg":0.000000083,"var":0.000000000,"sum":0.000083208},"relative_timestamp_from_iforward_start":{"num":1000,"min":0.000000238,"max":0.000002146,"avg":0.000000391,"var":0.000000000,"sum":0.000391483}},"get_output":{"duration":{"num":1000,"min":0.000000000.0,"max":0.000001192,"avg":0.000000106,"var":0.000000000,"sum":0.000105619},"relative_timestamp_from_wait_end":{"num":1000,"min":0.000000000.0,"max":0.000000715,"avg":0.000000089,"var":0.000000000,"sum":0.000089407}}}}},"65535:65535:8686831390660034559:65535":{"rpc_id":8686831390660034559,"provider_id":65535,"parent_rpc_id":65535,"parent_provider_id":65535,"name":"__shutdown__","target":{"received from ofi+cxi://0x24014401":{"handler":{"duration":{"num":1,"min":0.000025034,"max":0.000025034,"avg":0.000025034,"var":0.000000000.0,"sum":0.000025034}},"ult":{"duration":{"num":1,"min":0.000017166,"max":0.000017166,"avg":0.000017166,"var":0.000000000.0,"sum":0.000017166},"relative_timestamp_from_handler_start":{"num":1,"min":0.000030041,"max":0.000030041,"avg":0.000030041,"var":0.000000000.0,"sum":0.000030041}},"irespond":{"duration":{"num":1,"min":0.000007391,"max":0.000007391,"avg":0.000007391,"var":0.000000000.0,"sum":0.000007391},"relative_timestamp_from_ult_start":{"num":1,"min":0.000000954,"max":0.000000954,"avg":0.000000954,"var":0.000000000.0,"sum":0.000000954}},"respond_cb":{"duration":{"num":1,"min":0.000000477,"max":0.000000477,"avg":0.000000477,"var":0.000000000.0,"sum":0.000000477},"relative_timestamp_from_irespond_start":{"num":1,"min":0.000013351,"max":0.000013351,"avg":0.000013351,"var":0.000000000.0,"sum":0.000013351}},"irespond_wait":{"duration":{"num":1,"min":0.000006437,"max":0.000006437,"avg":0.000006437,"var":0.000000000.0,"sum":0.000006437},"relative_timestamp_from_irespond_end":{"num":1,"min":0.000000238,"max":0.000000238,"avg":0.000000238,"var":0.000000000.0,"sum":0.000000238}},"set_output":{"duration":{"num":1,"min":0.000000477,"max":0.000000477,"avg":0.000000477,"var":0.000000000.0,"sum":0.000000477},"relative_timestamp_from_irespond_start":{"num":1,"min":0.000001192,"max":0.000001192,"avg":0.000001192,"var":0.000000000.0,"sum":0.000001192}},"get_input":{"duration":{"num":0,"min":0.000000000.0,"max":0.000000000.0,"avg":0.000000000.0,"var":0.000000000.0,"sum":0.000000000.0},"relative_timestamp_from_ult_start":{"num":0,"min":0.000000000.0,"max":0.000000000.0,"avg":0.000000000.0,"var":0.000000000.0,"sum":0.000000000.0}}}}}}}