{"address":"","progress_loop":{"progress_with_timeout":{"num":3418,"min":0.000000238,"max":0.105249643,"avg":0.037930147,"var":8.561439366,"sum":129.645243645},"progress_timeout_value_msec":{"num":3418,"min":100.000000000.0,"max":100.000000000.0,"avg":100.000000000.0,"var":0.000000000.0,"sum":341800.000000000.0},"progress_without_timeout":{"num":56440,"min":0.000000000.0,"max":0.000468731,"avg":0.000000408,"var":0.000000259,"sum":0.023047686},"trigger":{"num":60002,"min":0.000000000.0,"max":0.003060341,"avg":0.000000883,"var":0.000065400,"sum":0.052995920}},"rpcs":{"14048217247822970879:0:14048217247822970879:0":{"rpc_id":-4398526825886580737,"provider_id":0,"parent_rpc_id":-4398526825886580737,"parent_provider_id":0,"name":"get_file_data","target":{"received from ofi+cxi://0x24050000":{"handler":{"duration":{"num":15000,"min":0.000000238,"max":0.002544880,"avg":0.000001397,"var":0.000030715,"sum":0.020957232}},"ult":{"duration":{"num":15000,"min":0.000006437,"max":0.014609814,"avg":0.000063441,"var":0.004154644,"sum":0.951608181},"relative_timestamp_from_handler_start":{"num":15000,"min":0.000000477,"max":0.005221367,"avg":0.000017047,"var":0.000549932,"sum":0.255712271}},"irespond":{"duration":{"num":15000,"min":0.000000238,"max":0.000039816,"avg":0.000000532,"var":0.000000005,"sum":0.007982492},"relative_timestamp_from_ult_start":{"num":15000,"min":0.000001192,"max":0.000025749,"avg":0.000002070,"var":0.000000012,"sum":0.031055927}},"respond_cb":{"duration":{"num":15000,"min":0.000000000.0,"max":0.000002384,"avg":0.000000085,"var":0.000000000,"sum":0.001276016},"relative_timestamp_from_irespond_start":{"num":15000,"min":0.000004530,"max":0.014596224,"avg":0.000054916,"var":0.004023485,"sum":0.823734045}},"irespond_wait":{"duration":{"num":15000,"min":0.000004292,"max":0.014603615,"avg":0.000060464,"var":0.004147085,"sum":0.906955004},"relative_timestamp_from_irespond_end":{"num":15000,"min":0.000000000.0,"max":0.000003815,"avg":0.000000169,"var":0.000000000,"sum":0.002534151}},"set_output":{"duration":{"num":15000,"min":0.000000000.0,"max":0.000005722,"avg":0.000000190,"var":0.000000000,"sum":0.002845287},"relative_timestamp_from_irespond_start":{"num":15000,"min":0.000000000.0,"max":0.000003338,"avg":0.000000057,"var":0.000000000,"sum":0.000860929}},"get_input":{"duration":{"num":15000,"min":0.000000000.0,"max":0.000005007,"avg":0.000000119,"var":0.000000000,"sum":0.001787186},"relative_timestamp_from_ult_start":{"num":15000,"min":0.000000000.0,"max":0.000009298,"avg":0.000000133,"var":0.000000000,"sum":0.001992226}}},"received from ofi+cxi://0x24012400":{"handler":{"duration":{"num":15000,"min":0.000000238,"max":0.003058910,"avg":0.000001316,"var":0.000034596,"sum":0.019742489}},"ult":{"duration":{"num":15000,"min":0.000005722,"max":0.014629602,"avg":0.000064178,"var":0.004186879,"sum":0.962675810},"relative_timestamp_from_handler_start":{"num":15000,"min":0.000000477,"max":0.005211592,"avg":0.000014476,"var":0.000421073,"sum":0.217144251}},"irespond":{"duration":{"num":15000,"min":0.000000238,"max":0.000015259,"avg":0.000000523,"var":0.000000002,"sum":0.007844448},"relative_timestamp_from_ult_start":{"num":15000,"min":0.000001192,"max":0.000009298,"avg":0.000002087,"var":0.000000012,"sum":0.031310081}},"respond_cb":{"duration":{"num":15000,"min":0.000000000.0,"max":0.000003338,"avg":0.000000087,"var":0.000000000,"sum":0.001309633},"relative_timestamp_from_irespond_start":{"num":15000,"min":0.000003815,"max":0.013552427,"avg":0.000054929,"var":0.003835590,"sum":0.823934317}},"irespond_wait":{"duration":{"num":15000,"min":0.000003576,"max":0.014621496,"avg":0.000061194,"var":0.004181321,"sum":0.917907000},"relative_timestamp_from_irespond_end":{"num":15000,"min":0.000000000.0,"max":0.000002861,"avg":0.000000169,"var":0.000000000,"sum":0.002528667}},"set_output":{"duration":{"num":15000,"min":0.000000000.0,"max":0.000002623,"avg":0.000000189,"var":0.000000000,"sum":0.002841473},"relative_timestamp_from_irespond_start":{"num":15000,"min":0.000000000.0,"max":0.000002384,"avg":0.000000057,"var":0.000000000,"sum":0.000854969}},"get_input":{"duration":{"num":15000,"min":0.000000000.0,"max":0.000002623,"avg":0.000000121,"var":0.000000000,"sum":0.001818180},"relative_timestamp_from_ult_start":{"num":15000,"min":0.000000000.0,"max":0.000003338,"avg":0.000000133,"var":0.000000000,"sum":0.001990795}}}}},"65535:65535:8686831390660034559:65535":{"rpc_id":8686831390660034559,"provider_id":65535,"parent_rpc_id":65535,"parent_provider_id":65535,"name":"__shutdown__","target":{"received from ofi+cxi://0x24014401":{"handler":{"duration":{"num":1,"min":0.000006199,"max":0.000006199,"avg":0.000006199,"var":0.000000000.0,"sum":0.000006199}},"ult":{"duration":{"num":1,"min":0.000010252,"max":0.000010252,"avg":0.000010252,"var":0.000000000.0,"sum":0.000010252},"relative_timestamp_from_handler_start":{"num":1,"min":0.000008106,"max":0.000008106,"avg":0.000008106,"var":0.000000000.0,"sum":0.000008106}},"irespond":{"duration":{"num":1,"min":0.000003099,"max":0.000003099,"avg":0.000003099,"var":0.000000000.0,"sum":0.000003099},"relative_timestamp_from_ult_start":{"num":1,"min":0.000000238,"max":0.000000238,"avg":0.000000238,"var":0.000000000.0,"sum":0.000000238}},"respond_cb":{"duration":{"num":1,"min":0.000000238,"max":0.000000238,"avg":0.000000238,"var":0.000000000.0,"sum":0.000000238},"relative_timestamp_from_irespond_start":{"num":1,"min":0.000007629,"max":0.000007629,"avg":0.000007629,"var":0.000000000.0,"sum":0.000007629}},"irespond_wait":{"duration":{"num":1,"min":0.000005007,"max":0.000005007,"avg":0.000005007,"var":0.000000000.0,"sum":0.000005007},"relative_timestamp_from_irespond_end":{"num":1,"min":0.000000000.0,"max":0.000000000.0,"avg":0.000000000.0,"var":0.000000000.0,"sum":0.000000000.0}},"set_output":{"duration":{"num":1,"min":0.000000000.0,"max":0.000000000.0,"avg":0.000000000.0,"var":0.000000000.0,"sum":0.000000000.0},"relative_timestamp_from_irespond_start":{"num":1,"min":0.000000238,"max":0.000000238,"avg":0.000000238,"var":0.000000000.0,"sum":0.000000238}},"get_input":{"duration":{"num":0,"min":0.000000000.0,"max":0.000000000.0,"avg":0.000000000.0,"var":0.000000000.0,"sum":0.000000000.0},"relative_timestamp_from_ult_start":{"num":0,"min":0.000000000.0,"max":0.000000000.0,"avg":0.000000000.0,"var":0.000000000.0,"sum":0.000000000.0}}}}}}}