{"address":"","progress_loop":{"progress_with_timeout":{"num":2170,"min":0.000000000.0,"max":0.104008675,"avg":0.056084461,"var":5.828600885,"sum":121.703280687},"progress_timeout_value_msec":{"num":2170,"min":100.000000000.0,"max":100.000000000.0,"avg":100.000000000.0,"var":0.000000000.0,"sum":217000.000000000.0},"progress_without_timeout":{"num":28025136,"min":0.000000000.0,"max":0.000164032,"avg":0.000000112,"var":0.000000710,"sum":3.152310610},"trigger":{"num":5002,"min":0.000000000.0,"max":0.000034809,"avg":0.000000487,"var":0.000000005,"sum":0.002437353}},"rpcs":{"65535:65535:14048217247822970879:0":{"rpc_id":-4398526825886580737,"provider_id":0,"parent_rpc_id":65535,"parent_provider_id":65535,"name":"get_file_data","origin":{"sent to ofi+cxi://0x24072000":{"iforward":{"duration":{"num":1000,"min":0.000000477,"max":0.000034094,"avg":0.000000875,"var":0.000000001,"sum":0.000874758},"relative_timestamp_from_create":{"num":1000,"min":0.000000000.0,"max":0.000004768,"avg":0.000000128,"var":0.000000000,"sum":0.000127792}},"forward_cb":{"duration":{"num":1000,"min":0.000000000.0,"max":0.000000477,"avg":0.000000088,"var":0.000000000,"sum":0.000087738},"relative_timestamp_from_iforward_start":{"num":1000,"min":0.001218081,"max":0.277885914,"avg":0.008120173,"var":0.074675729,"sum":8.120172739}},"iforward_wait":{"duration":{"num":1000,"min":0.001218319,"max":0.277891159,"avg":0.008120198,"var":0.074678102,"sum":8.120198250},"relative_timestamp_from_iforward_end":{"num":1000,"min":0.000000000.0,"max":0.000000238,"avg":0.000000046,"var":0.000000000,"sum":0.000045776}},"set_input":{"duration":{"num":1000,"min":0.000000000.0,"max":0.000004768,"avg":0.000000183,"var":0.000000000,"sum":0.000183105},"relative_timestamp_from_iforward_start":{"num":1000,"min":0.000000238,"max":0.000020981,"avg":0.000000535,"var":0.000000000,"sum":0.000534534}},"get_output":{"duration":{"num":1000,"min":0.000010252,"max":0.000071764,"avg":0.000010643,"var":0.000000004,"sum":0.010642767},"relative_timestamp_from_wait_end":{"num":1000,"min":0.000000000.0,"max":0.000000715,"avg":0.000000104,"var":0.000000000,"sum":0.000103951}}}},"target":{"received from ofi+cxi://0x24072000":{"handler":{"duration":{"num":1000,"min":0.000000238,"max":0.000007391,"avg":0.000000380,"var":0.000000000,"sum":0.000379801}},"ult":{"duration":{"num":1000,"min":0.001216650,"max":0.277887821,"avg":0.008118713,"var":0.074675826,"sum":8.118712902},"relative_timestamp_from_handler_start":{"num":1000,"min":0.000000477,"max":0.000016451,"avg":0.000000648,"var":0.000000000,"sum":0.000647545}},"irespond":{"duration":{"num":1000,"min":0.000093460,"max":0.000167131,"avg":0.000130147,"var":0.000000117,"sum":0.130147457},"relative_timestamp_from_ult_start":{"num":1000,"min":0.001096964,"max":0.277709723,"avg":0.007987073,"var":0.074641970,"sum":7.987073421}},"respond_cb":{"duration":{"num":1000,"min":0.000000000.0,"max":0.000000477,"avg":0.000000073,"var":0.000000000,"sum":0.000072718},"relative_timestamp_from_irespond_start":{"num":1000,"min":0.000093937,"max":0.000173092,"avg":0.000130656,"var":0.000000118,"sum":0.130655527}},"irespond_wait":{"duration":{"num":1000,"min":0.000000715,"max":0.000008106,"avg":0.000001049,"var":0.000000000,"sum":0.001048803},"relative_timestamp_from_irespond_end":{"num":1000,"min":0.000000000.0,"max":0.000000238,"avg":0.000000062,"var":0.000000000,"sum":0.000061750}},"set_output":{"duration":{"num":1000,"min":0.000077486,"max":0.000134945,"avg":0.000101611,"var":0.000000126,"sum":0.101610899},"relative_timestamp_from_irespond_start":{"num":1000,"min":0.000000000.0,"max":0.000001669,"avg":0.000000112,"var":0.000000000,"sum":0.000112057}},"get_input":{"duration":{"num":1000,"min":0.000000000.0,"max":0.000002146,"avg":0.000000111,"var":0.000000000,"sum":0.000111103},"relative_timestamp_from_ult_start":{"num":1000,"min":0.000000000.0,"max":0.000003815,"avg":0.000000145,"var":0.000000000,"sum":0.000144958}}}}},"14048217247822970879:0:14048217247822970879:0":{"rpc_id":-4398526825886580737,"provider_id":0,"parent_rpc_id":-4398526825886580737,"parent_provider_id":0,"name":"get_file_data","origin":{"sent to ofi+cxi://0x24016200":{"iforward":{"duration":{"num":1000,"min":0.000001431,"max":0.000051260,"avg":0.000002688,"var":0.000000017,"sum":0.002688408},"relative_timestamp_from_create":{"num":1000,"min":0.000000000.0,"max":0.000000477,"avg":0.000000114,"var":0.000000000,"sum":0.000113964}},"forward_cb":{"duration":{"num":1000,"min":0.000000000.0,"max":0.000001431,"avg":0.000000091,"var":0.000000000,"sum":0.000090599},"relative_timestamp_from_iforward_start":{"num":1000,"min":0.001068115,"max":0.162023306,"avg":0.007837683,"var":0.025598816,"sum":7.837682962}},"iforward_wait":{"duration":{"num":1000,"min":0.001066685,"max":0.162021160,"avg":0.007835250,"var":0.025596469,"sum":7.835249901},"relative_timestamp_from_iforward_end":{"num":1000,"min":0.000000000.0,"max":0.000000238,"avg":0.000000183,"var":0.000000000,"sum":0.000182867}},"set_input":{"duration":{"num":1000,"min":0.000000000.0,"max":0.000000715,"avg":0.000000174,"var":0.000000000,"sum":0.000173807},"relative_timestamp_from_iforward_start":{"num":1000,"min":0.000000238,"max":0.000002384,"avg":0.000000732,"var":0.000000000,"sum":0.000731945}},"get_output":{"duration":{"num":1000,"min":0.000013590,"max":0.000141144,"avg":0.000016969,"var":0.000000243,"sum":0.016968966},"relative_timestamp_from_wait_end":{"num":1000,"min":0.000000000.0,"max":0.000020504,"avg":0.000000315,"var":0.000000002,"sum":0.000315189}}}}},"65535:65535:8686831390660034559:65535":{"rpc_id":8686831390660034559,"provider_id":65535,"parent_rpc_id":65535,"parent_provider_id":65535,"name":"__shutdown__","target":{"received from ofi+cxi://0x24014401":{"handler":{"duration":{"num":1,"min":0.000020504,"max":0.000020504,"avg":0.000020504,"var":0.000000000.0,"sum":0.000020504}},"ult":{"duration":{"num":1,"min":0.000018597,"max":0.000018597,"avg":0.000018597,"var":0.000000000.0,"sum":0.000018597},"relative_timestamp_from_handler_start":{"num":1,"min":0.000025749,"max":0.000025749,"avg":0.000025749,"var":0.000000000.0,"sum":0.000025749}},"irespond":{"duration":{"num":1,"min":0.000007629,"max":0.000007629,"avg":0.000007629,"var":0.000000000.0,"sum":0.000007629},"relative_timestamp_from_ult_start":{"num":1,"min":0.000001192,"max":0.000001192,"avg":0.000001192,"var":0.000000000.0,"sum":0.000001192}},"respond_cb":{"duration":{"num":1,"min":0.000000715,"max":0.000000715,"avg":0.000000715,"var":0.000000000.0,"sum":0.000000715},"relative_timestamp_from_irespond_start":{"num":1,"min":0.000013828,"max":0.000013828,"avg":0.000013828,"var":0.000000000.0,"sum":0.000013828}},"irespond_wait":{"duration":{"num":1,"min":0.000007153,"max":0.000007153,"avg":0.000007153,"var":0.000000000.0,"sum":0.000007153},"relative_timestamp_from_irespond_end":{"num":1,"min":0.000000238,"max":0.000000238,"avg":0.000000238,"var":0.000000000.0,"sum":0.000000238}},"set_output":{"duration":{"num":1,"min":0.000000715,"max":0.000000715,"avg":0.000000715,"var":0.000000000.0,"sum":0.000000715},"relative_timestamp_from_irespond_start":{"num":1,"min":0.000000954,"max":0.000000954,"avg":0.000000954,"var":0.000000000.0,"sum":0.000000954}},"get_input":{"duration":{"num":0,"min":0.000000000.0,"max":0.000000000.0,"avg":0.000000000.0,"var":0.000000000.0,"sum":0.000000000.0},"relative_timestamp_from_ult_start":{"num":0,"min":0.000000000.0,"max":0.000000000.0,"avg":0.000000000.0,"var":0.000000000.0,"sum":0.000000000.0}}}}}}}