{"address":"","progress_loop":{"progress_with_timeout":{"num":2246,"min":0.000000000.0,"max":0.104011297,"avg":0.057722752,"var":5.996375132,"sum":129.645301580},"progress_timeout_value_msec":{"num":2246,"min":100.000000000.0,"max":100.000000000.0,"avg":100.000000000.0,"var":0.000000000.0,"sum":224600.000000000.0},"progress_without_timeout":{"num":611563,"min":0.000000000.0,"max":0.000010490,"avg":0.000000113,"var":0.000000010,"sum":0.069356680},"trigger":{"num":4002,"min":0.000000000.0,"max":0.000039577,"avg":0.000000290,"var":0.000000002,"sum":0.001159906}},"rpcs":{"65535:65535:14048217247822970879:0":{"rpc_id":-4398526825886580737,"provider_id":0,"parent_rpc_id":65535,"parent_provider_id":65535,"name":"get_file_data","origin":{"sent to ofi+cxi://0x24032400":{"iforward":{"duration":{"num":1000,"min":0.000000477,"max":0.000032663,"avg":0.000000642,"var":0.000000001,"sum":0.000641584},"relative_timestamp_from_create":{"num":1000,"min":0.000000000.0,"max":0.000004292,"avg":0.000000074,"var":0.000000000,"sum":0.000073910}},"forward_cb":{"duration":{"num":1000,"min":0.000000000.0,"max":0.000003576,"avg":0.000000082,"var":0.000000000,"sum":0.000082016},"relative_timestamp_from_iforward_start":{"num":1000,"min":0.000049114,"max":0.020242691,"avg":0.000181902,"var":0.000558752,"sum":0.181901693}},"iforward_wait":{"duration":{"num":1000,"min":0.000048876,"max":0.020242453,"avg":0.000181927,"var":0.000558630,"sum":0.181927443},"relative_timestamp_from_iforward_end":{"num":1000,"min":0.000000000.0,"max":0.000000238,"avg":0.000000044,"var":0.000000000,"sum":0.000043631}},"set_input":{"duration":{"num":1000,"min":0.000000000.0,"max":0.000004292,"avg":0.000000096,"var":0.000000000,"sum":0.000096083},"relative_timestamp_from_iforward_start":{"num":1000,"min":0.000000238,"max":0.000020742,"avg":0.000000413,"var":0.000000000,"sum":0.000413179}},"get_output":{"duration":{"num":1000,"min":0.000000000.0,"max":0.000000238,"avg":0.000000103,"var":0.000000000,"sum":0.000102997},"relative_timestamp_from_wait_end":{"num":1000,"min":0.000000000.0,"max":0.000000477,"avg":0.000000096,"var":0.000000000,"sum":0.000095844}}}},"target":{"received from ofi+cxi://0x24032400":{"handler":{"duration":{"num":1000,"min":0.000000238,"max":0.000006914,"avg":0.000000331,"var":0.000000000,"sum":0.000330687}},"ult":{"duration":{"num":1000,"min":0.000047922,"max":0.020241022,"avg":0.000180652,"var":0.000558526,"sum":0.180652142},"relative_timestamp_from_handler_start":{"num":1000,"min":0.000000477,"max":0.000015497,"avg":0.000000576,"var":0.000000000,"sum":0.000575542}},"irespond":{"duration":{"num":1000,"min":0.000000238,"max":0.000002384,"avg":0.000000291,"var":0.000000000,"sum":0.000290871},"relative_timestamp_from_ult_start":{"num":1000,"min":0.000046492,"max":0.020238876,"avg":0.000179192,"var":0.000558463,"sum":0.179191828}},"respond_cb":{"duration":{"num":1000,"min":0.000000000.0,"max":0.000000238,"avg":0.000000076,"var":0.000000000,"sum":0.000075817},"relative_timestamp_from_irespond_start":{"num":1000,"min":0.000000477,"max":0.000003099,"avg":0.000000685,"var":0.000000000,"sum":0.000685453}},"irespond_wait":{"duration":{"num":1000,"min":0.000000715,"max":0.000004530,"avg":0.000000895,"var":0.000000000,"sum":0.000895262},"relative_timestamp_from_irespond_end":{"num":1000,"min":0.000000000.0,"max":0.000000238,"avg":0.000000048,"var":0.000000000,"sum":0.000048399}},"set_output":{"duration":{"num":1000,"min":0.000000000.0,"max":0.000000715,"avg":0.000000091,"var":0.000000000,"sum":0.000091314},"relative_timestamp_from_irespond_start":{"num":1000,"min":0.000000000.0,"max":0.000000715,"avg":0.000000073,"var":0.000000000,"sum":0.000072956}},"get_input":{"duration":{"num":1000,"min":0.000000000.0,"max":0.000001907,"avg":0.000000101,"var":0.000000000,"sum":0.000100851},"relative_timestamp_from_ult_start":{"num":1000,"min":0.000000000.0,"max":0.000003338,"avg":0.000000139,"var":0.000000000,"sum":0.000138998}}}}},"14048217247822970879:0:14048217247822970879:0":{"rpc_id":-4398526825886580737,"provider_id":0,"parent_rpc_id":-4398526825886580737,"parent_provider_id":0,"name":"get_file_data","origin":{"sent to ofi+cxi://0x24030000":{"iforward":{"duration":{"num":1000,"min":0.000000954,"max":0.000037670,"avg":0.000001315,"var":0.000000003,"sum":0.001314640},"relative_timestamp_from_create":{"num":1000,"min":0.000000000.0,"max":0.000000238,"avg":0.000000060,"var":0.000000000,"sum":0.000059605}},"forward_cb":{"duration":{"num":1000,"min":0.000000000.0,"max":0.000000954,"avg":0.000000084,"var":0.000000000,"sum":0.000083923},"relative_timestamp_from_iforward_start":{"num":1000,"min":0.000040531,"max":0.020232677,"avg":0.000172940,"var":0.000558133,"sum":0.172940254}},"iforward_wait":{"duration":{"num":1000,"min":0.000039339,"max":0.020225525,"avg":0.000171781,"var":0.000557481,"sum":0.171781063},"relative_timestamp_from_iforward_end":{"num":1000,"min":0.000000000.0,"max":0.000000238,"avg":0.000000198,"var":0.000000000,"sum":0.000198126}},"set_input":{"duration":{"num":1000,"min":0.000000000.0,"max":0.000000715,"avg":0.000000090,"var":0.000000000,"sum":0.000090361},"relative_timestamp_from_iforward_start":{"num":1000,"min":0.000000238,"max":0.000002384,"avg":0.000000368,"var":0.000000000,"sum":0.000367641}},"get_output":{"duration":{"num":1000,"min":0.000000000.0,"max":0.000001192,"avg":0.000000148,"var":0.000000000,"sum":0.000148058},"relative_timestamp_from_wait_end":{"num":1000,"min":0.000000000.0,"max":0.000000477,"avg":0.000000092,"var":0.000000000,"sum":0.000092268}}}}},"65535:65535:8686831390660034559:65535":{"rpc_id":8686831390660034559,"provider_id":65535,"parent_rpc_id":65535,"parent_provider_id":65535,"name":"__shutdown__","target":{"received from ofi+cxi://0x24014401":{"handler":{"duration":{"num":1,"min":0.000027895,"max":0.000027895,"avg":0.000027895,"var":0.000000000.0,"sum":0.000027895}},"ult":{"duration":{"num":1,"min":0.000018835,"max":0.000018835,"avg":0.000018835,"var":0.000000000.0,"sum":0.000018835},"relative_timestamp_from_handler_start":{"num":1,"min":0.000032425,"max":0.000032425,"avg":0.000032425,"var":0.000000000.0,"sum":0.000032425}},"irespond":{"duration":{"num":1,"min":0.000008821,"max":0.000008821,"avg":0.000008821,"var":0.000000000.0,"sum":0.000008821},"relative_timestamp_from_ult_start":{"num":1,"min":0.000000954,"max":0.000000954,"avg":0.000000954,"var":0.000000000.0,"sum":0.000000954}},"respond_cb":{"duration":{"num":1,"min":0.000000715,"max":0.000000715,"avg":0.000000715,"var":0.000000000.0,"sum":0.000000715},"relative_timestamp_from_irespond_start":{"num":1,"min":0.000014544,"max":0.000014544,"avg":0.000014544,"var":0.000000000.0,"sum":0.000014544}},"irespond_wait":{"duration":{"num":1,"min":0.000006676,"max":0.000006676,"avg":0.000006676,"var":0.000000000.0,"sum":0.000006676},"relative_timestamp_from_irespond_end":{"num":1,"min":0.000000000.0,"max":0.000000000.0,"avg":0.000000000.0,"var":0.000000000.0,"sum":0.000000000.0}},"set_output":{"duration":{"num":1,"min":0.000000477,"max":0.000000477,"avg":0.000000477,"var":0.000000000.0,"sum":0.000000477},"relative_timestamp_from_irespond_start":{"num":1,"min":0.000000954,"max":0.000000954,"avg":0.000000954,"var":0.000000000.0,"sum":0.000000954}},"get_input":{"duration":{"num":0,"min":0.000000000.0,"max":0.000000000.0,"avg":0.000000000.0,"var":0.000000000.0,"sum":0.000000000.0},"relative_timestamp_from_ult_start":{"num":0,"min":0.000000000.0,"max":0.000000000.0,"avg":0.000000000.0,"var":0.000000000.0,"sum":0.000000000.0}}}}}}}