{"address":"","progress_loop":{"progress_with_timeout":{"num":2246,"min":0.000000000.0,"max":0.104011536,"avg":0.057723835,"var":5.996231073,"sum":129.647734165},"progress_timeout_value_msec":{"num":2246,"min":100.000000000.0,"max":100.000000000.0,"avg":100.000000000.0,"var":0.000000000.0,"sum":224600.000000000.0},"progress_without_timeout":{"num":651280,"min":0.000000000.0,"max":0.000010490,"avg":0.000000113,"var":0.000000010,"sum":0.073642254},"trigger":{"num":4002,"min":0.000000000.0,"max":0.000042915,"avg":0.000000292,"var":0.000000002,"sum":0.001169443}},"rpcs":{"65535:65535:14048217247822970879:0":{"rpc_id":-4398526825886580737,"provider_id":0,"parent_rpc_id":65535,"parent_provider_id":65535,"name":"get_file_data","origin":{"sent to ofi+cxi://0x24072000":{"iforward":{"duration":{"num":1000,"min":0.000000477,"max":0.000033379,"avg":0.000000638,"var":0.000000001,"sum":0.000638247},"relative_timestamp_from_create":{"num":1000,"min":0.000000000.0,"max":0.000004768,"avg":0.000000085,"var":0.000000000,"sum":0.000084877}},"forward_cb":{"duration":{"num":1000,"min":0.000000000.0,"max":0.000000238,"avg":0.000000077,"var":0.000000000,"sum":0.000077486},"relative_timestamp_from_iforward_start":{"num":1000,"min":0.000051737,"max":0.014763832,"avg":0.000192939,"var":0.000441930,"sum":0.192938805}},"iforward_wait":{"duration":{"num":1000,"min":0.000051737,"max":0.014763832,"avg":0.000192966,"var":0.000441616,"sum":0.192965746},"relative_timestamp_from_iforward_end":{"num":1000,"min":0.000000000.0,"max":0.000000238,"avg":0.000000039,"var":0.000000000,"sum":0.000039101}},"set_input":{"duration":{"num":1000,"min":0.000000000.0,"max":0.000005007,"avg":0.000000100,"var":0.000000000,"sum":0.000099897},"relative_timestamp_from_iforward_start":{"num":1000,"min":0.000000238,"max":0.000020981,"avg":0.000000408,"var":0.000000000,"sum":0.000407934}},"get_output":{"duration":{"num":1000,"min":0.000000000.0,"max":0.000000477,"avg":0.000000103,"var":0.000000000,"sum":0.000103474},"relative_timestamp_from_wait_end":{"num":1000,"min":0.000000000.0,"max":0.000000238,"avg":0.000000091,"var":0.000000000,"sum":0.000090837}}}},"target":{"received from ofi+cxi://0x24072000":{"handler":{"duration":{"num":1000,"min":0.000000238,"max":0.000007153,"avg":0.000000336,"var":0.000000000,"sum":0.000335693}},"ult":{"duration":{"num":1000,"min":0.000050545,"max":0.014762640,"avg":0.000191716,"var":0.000441288,"sum":0.191716194},"relative_timestamp_from_handler_start":{"num":1000,"min":0.000000477,"max":0.000015736,"avg":0.000000572,"var":0.000000000,"sum":0.000572443}},"irespond":{"duration":{"num":1000,"min":0.000000238,"max":0.000012875,"avg":0.000000304,"var":0.000000000,"sum":0.000303745},"relative_timestamp_from_ult_start":{"num":1000,"min":0.000049114,"max":0.014761209,"avg":0.000190230,"var":0.000441248,"sum":0.190230131}},"respond_cb":{"duration":{"num":1000,"min":0.000000000.0,"max":0.000000238,"avg":0.000000077,"var":0.000000000,"sum":0.000077248},"relative_timestamp_from_irespond_start":{"num":1000,"min":0.000000477,"max":0.000013351,"avg":0.000000694,"var":0.000000000,"sum":0.000693560}},"irespond_wait":{"duration":{"num":1000,"min":0.000000715,"max":0.000001669,"avg":0.000000896,"var":0.000000000,"sum":0.000895500},"relative_timestamp_from_irespond_end":{"num":1000,"min":0.000000000.0,"max":0.000000238,"avg":0.000000044,"var":0.000000000,"sum":0.000044346}},"set_output":{"duration":{"num":1000,"min":0.000000000.0,"max":0.000012875,"avg":0.000000112,"var":0.000000000,"sum":0.000112057},"relative_timestamp_from_irespond_start":{"num":1000,"min":0.000000000.0,"max":0.000000954,"avg":0.000000070,"var":0.000000000,"sum":0.000069857}},"get_input":{"duration":{"num":1000,"min":0.000000000.0,"max":0.000001907,"avg":0.000000101,"var":0.000000000,"sum":0.000101089},"relative_timestamp_from_ult_start":{"num":1000,"min":0.000000000.0,"max":0.000003576,"avg":0.000000134,"var":0.000000000,"sum":0.000134230}}}}},"14048217247822970879:0:14048217247822970879:0":{"rpc_id":-4398526825886580737,"provider_id":0,"parent_rpc_id":-4398526825886580737,"parent_provider_id":0,"name":"get_file_data","origin":{"sent to ofi+cxi://0x24016200":{"iforward":{"duration":{"num":1000,"min":0.000000954,"max":0.000036478,"avg":0.000001331,"var":0.000000003,"sum":0.001330853},"relative_timestamp_from_create":{"num":1000,"min":0.000000000.0,"max":0.000000477,"avg":0.000000057,"var":0.000000000,"sum":0.000057459}},"forward_cb":{"duration":{"num":1000,"min":0.000000000.0,"max":0.000001431,"avg":0.000000075,"var":0.000000000,"sum":0.000075102},"relative_timestamp_from_iforward_start":{"num":1000,"min":0.000042677,"max":0.014755249,"avg":0.000183945,"var":0.000440173,"sum":0.183945417}},"iforward_wait":{"duration":{"num":1000,"min":0.000041723,"max":0.014754295,"avg":0.000182757,"var":0.000439896,"sum":0.182756662},"relative_timestamp_from_iforward_end":{"num":1000,"min":0.000000000.0,"max":0.000000477,"avg":0.000000203,"var":0.000000000,"sum":0.000203371}},"set_input":{"duration":{"num":1000,"min":0.000000000.0,"max":0.000000477,"avg":0.000000088,"var":0.000000000,"sum":0.000087738},"relative_timestamp_from_iforward_start":{"num":1000,"min":0.000000238,"max":0.000002146,"avg":0.000000394,"var":0.000000000,"sum":0.000393629}},"get_output":{"duration":{"num":1000,"min":0.000000000.0,"max":0.000001192,"avg":0.000000143,"var":0.000000000,"sum":0.000143290},"relative_timestamp_from_wait_end":{"num":1000,"min":0.000000000.0,"max":0.000000477,"avg":0.000000100,"var":0.000000000,"sum":0.000099659}}}}},"65535:65535:8686831390660034559:65535":{"rpc_id":8686831390660034559,"provider_id":65535,"parent_rpc_id":65535,"parent_provider_id":65535,"name":"__shutdown__","target":{"received from ofi+cxi://0x24014401":{"handler":{"duration":{"num":1,"min":0.000028133,"max":0.000028133,"avg":0.000028133,"var":0.000000000.0,"sum":0.000028133}},"ult":{"duration":{"num":1,"min":0.000018835,"max":0.000018835,"avg":0.000018835,"var":0.000000000.0,"sum":0.000018835},"relative_timestamp_from_handler_start":{"num":1,"min":0.000032902,"max":0.000032902,"avg":0.000032902,"var":0.000000000.0,"sum":0.000032902}},"irespond":{"duration":{"num":1,"min":0.000008583,"max":0.000008583,"avg":0.000008583,"var":0.000000000.0,"sum":0.000008583},"relative_timestamp_from_ult_start":{"num":1,"min":0.000000954,"max":0.000000954,"avg":0.000000954,"var":0.000000000.0,"sum":0.000000954}},"respond_cb":{"duration":{"num":1,"min":0.000000715,"max":0.000000715,"avg":0.000000715,"var":0.000000000.0,"sum":0.000000715},"relative_timestamp_from_irespond_start":{"num":1,"min":0.000014305,"max":0.000014305,"avg":0.000014305,"var":0.000000000.0,"sum":0.000014305}},"irespond_wait":{"duration":{"num":1,"min":0.000006676,"max":0.000006676,"avg":0.000006676,"var":0.000000000.0,"sum":0.000006676},"relative_timestamp_from_irespond_end":{"num":1,"min":0.000000238,"max":0.000000238,"avg":0.000000238,"var":0.000000000.0,"sum":0.000000238}},"set_output":{"duration":{"num":1,"min":0.000000715,"max":0.000000715,"avg":0.000000715,"var":0.000000000.0,"sum":0.000000715},"relative_timestamp_from_irespond_start":{"num":1,"min":0.000001192,"max":0.000001192,"avg":0.000001192,"var":0.000000000.0,"sum":0.000001192}},"get_input":{"duration":{"num":0,"min":0.000000000.0,"max":0.000000000.0,"avg":0.000000000.0,"var":0.000000000.0,"sum":0.000000000.0},"relative_timestamp_from_ult_start":{"num":0,"min":0.000000000.0,"max":0.000000000.0,"avg":0.000000000.0,"var":0.000000000.0,"sum":0.000000000.0}}}}}}}