{"address":"","progress_loop":{"progress_with_timeout":{"num":1173,"min":0.000005722,"max":0.104007721,"avg":0.103733932,"var":0.030772776,"sum":121.679902315},"progress_timeout_value_msec":{"num":1173,"min":100.000000000.0,"max":100.000000000.0,"avg":100.000000000.0,"var":0.000000000.0,"sum":117300.000000000.0},"progress_without_timeout":{"num":27210538,"min":0.000000000.0,"max":0.000455141,"avg":0.000000114,"var":0.000001351,"sum":3.097750187},"trigger":{"num":29002,"min":0.000000000.0,"max":0.002891064,"avg":0.000000686,"var":0.000012113,"sum":0.019886494}},"rpcs":{"65535:65535:14048217247822970879:0":{"rpc_id":-4398526825886580737,"provider_id":0,"parent_rpc_id":65535,"parent_provider_id":65535,"name":"get_file_data","origin":{"sent to ofi+cxi://0x24074600":{"iforward":{"duration":{"num":1000,"min":0.000000477,"max":0.000025988,"avg":0.000000845,"var":0.000000001,"sum":0.000844717},"relative_timestamp_from_create":{"num":1000,"min":0.000000000.0,"max":0.000003338,"avg":0.000000095,"var":0.000000000,"sum":0.000095367}},"forward_cb":{"duration":{"num":1000,"min":0.000000000.0,"max":0.000000238,"avg":0.000000154,"var":0.000000000,"sum":0.000153780},"relative_timestamp_from_iforward_start":{"num":1000,"min":0.000180483,"max":0.128246307,"avg":0.007386750,"var":0.020252229,"sum":7.386749983}},"iforward_wait":{"duration":{"num":1000,"min":0.000180960,"max":0.128335714,"avg":0.007387052,"var":0.020273338,"sum":7.387052059},"relative_timestamp_from_iforward_end":{"num":1000,"min":0.000000000.0,"max":0.000000238,"avg":0.000000047,"var":0.000000000,"sum":0.000047207}},"set_input":{"duration":{"num":1000,"min":0.000000000.0,"max":0.000003815,"avg":0.000000132,"var":0.000000000,"sum":0.000132084},"relative_timestamp_from_iforward_start":{"num":1000,"min":0.000000238,"max":0.000015259,"avg":0.000000556,"var":0.000000000,"sum":0.000555992}},"get_output":{"duration":{"num":1000,"min":0.000010252,"max":0.000071049,"avg":0.000012202,"var":0.000000012,"sum":0.012201548},"relative_timestamp_from_wait_end":{"num":1000,"min":0.000000000.0,"max":0.000000477,"avg":0.000000145,"var":0.000000000,"sum":0.000144720}}}},"target":{"received from ofi+cxi://0x24074600":{"handler":{"duration":{"num":1000,"min":0.000000238,"max":0.000003815,"avg":0.000000348,"var":0.000000000,"sum":0.000348091}},"ult":{"duration":{"num":1000,"min":0.000179529,"max":0.128246069,"avg":0.007383506,"var":0.020255310,"sum":7.383505583},"relative_timestamp_from_handler_start":{"num":1000,"min":0.000000477,"max":0.001941681,"avg":0.000002573,"var":0.000003764,"sum":0.002572536}},"irespond":{"duration":{"num":1000,"min":0.000013828,"max":0.000205994,"avg":0.000026237,"var":0.000001136,"sum":0.026236773},"relative_timestamp_from_ult_start":{"num":1000,"min":0.000163078,"max":0.127926350,"avg":0.007355117,"var":0.020229622,"sum":7.355116844}},"respond_cb":{"duration":{"num":1000,"min":0.000000000.0,"max":0.000000477,"avg":0.000000113,"var":0.000000000,"sum":0.000113249},"relative_timestamp_from_irespond_start":{"num":1000,"min":0.000014305,"max":0.000312090,"avg":0.000027195,"var":0.000001259,"sum":0.027194977}},"irespond_wait":{"duration":{"num":1000,"min":0.000000954,"max":0.000175476,"avg":0.000001699,"var":0.000000049,"sum":0.001698732},"relative_timestamp_from_irespond_end":{"num":1000,"min":0.000000000.0,"max":0.000000238,"avg":0.000000085,"var":0.000000000,"sum":0.000084877}},"set_output":{"duration":{"num":1000,"min":0.000013113,"max":0.000160217,"avg":0.000022556,"var":0.000000672,"sum":0.022556305},"relative_timestamp_from_irespond_start":{"num":1000,"min":0.000000000.0,"max":0.000001192,"avg":0.000000148,"var":0.000000000,"sum":0.000148296}},"get_input":{"duration":{"num":1000,"min":0.000000000.0,"max":0.000001669,"avg":0.000000104,"var":0.000000000,"sum":0.000104427},"relative_timestamp_from_ult_start":{"num":1000,"min":0.000000000.0,"max":0.000002861,"avg":0.000000138,"var":0.000000000,"sum":0.000138044}}}}},"14048217247822970879:0:14048217247822970879:0":{"rpc_id":-4398526825886580737,"provider_id":0,"parent_rpc_id":-4398526825886580737,"parent_provider_id":0,"name":"get_file_data","origin":{"sent to ofi+cxi://0x24050000":{"iforward":{"duration":{"num":7000,"min":0.000000954,"max":0.000044107,"avg":0.000001402,"var":0.000000014,"sum":0.009814978},"relative_timestamp_from_create":{"num":7000,"min":0.000000000.0,"max":0.000000477,"avg":0.000000069,"var":0.000000000,"sum":0.000486374}},"forward_cb":{"duration":{"num":7000,"min":0.000000000.0,"max":0.000002861,"avg":0.000000156,"var":0.000000000,"sum":0.001090288},"relative_timestamp_from_iforward_start":{"num":7000,"min":0.000141859,"max":0.130343676,"avg":0.007556257,"var":0.105026856,"sum":52.893797398}},"iforward_wait":{"duration":{"num":7000,"min":0.000140667,"max":0.130344868,"avg":0.007555519,"var":0.105318197,"sum":52.888633013},"relative_timestamp_from_iforward_end":{"num":7000,"min":0.000000000.0,"max":0.000000477,"avg":0.000000174,"var":0.000000000,"sum":0.001216650}},"set_input":{"duration":{"num":7000,"min":0.000000000.0,"max":0.000000477,"avg":0.000000134,"var":0.000000000,"sum":0.000940800},"relative_timestamp_from_iforward_start":{"num":7000,"min":0.000000238,"max":0.000001907,"avg":0.000000411,"var":0.000000000,"sum":0.002876759}},"get_output":{"duration":{"num":7000,"min":0.000012636,"max":0.000138283,"avg":0.000014145,"var":0.000000085,"sum":0.099014521},"relative_timestamp_from_wait_end":{"num":7000,"min":0.000000000.0,"max":0.000009060,"avg":0.000000219,"var":0.000000003,"sum":0.001530886}}}},"target":{"received from ofi+cxi://0x24054200":{"handler":{"duration":{"num":3000,"min":0.000000238,"max":0.001935959,"avg":0.000001092,"var":0.000003745,"sum":0.003274918}},"ult":{"duration":{"num":3000,"min":0.001309156,"max":0.131380320,"avg":0.007735529,"var":0.053942414,"sum":23.206587791},"relative_timestamp_from_handler_start":{"num":3000,"min":0.000000477,"max":0.001986265,"avg":0.000002040,"var":0.000007820,"sum":0.006119728}},"irespond":{"duration":{"num":3000,"min":0.000014305,"max":0.000212669,"avg":0.000027754,"var":0.000003261,"sum":0.083262444},"relative_timestamp_from_ult_start":{"num":3000,"min":0.001259804,"max":0.130910397,"avg":0.007654966,"var":0.049538839,"sum":22.964898348}},"respond_cb":{"duration":{"num":3000,"min":0.000000000.0,"max":0.000000477,"avg":0.000000084,"var":0.000000000,"sum":0.000252247},"relative_timestamp_from_irespond_start":{"num":3000,"min":0.000038385,"max":0.069416285,"avg":0.000079873,"var":0.004815547,"sum":0.239618540}},"irespond_wait":{"duration":{"num":3000,"min":0.000023603,"max":0.069401979,"avg":0.000052244,"var":0.004813518,"sum":0.156732559},"relative_timestamp_from_irespond_end":{"num":3000,"min":0.000000000.0,"max":0.000000715,"avg":0.000000243,"var":0.000000000,"sum":0.000729561}},"set_output":{"duration":{"num":3000,"min":0.000013113,"max":0.000150442,"avg":0.000022778,"var":0.000001725,"sum":0.068333626},"relative_timestamp_from_irespond_start":{"num":3000,"min":0.000000000.0,"max":0.000001431,"avg":0.000000132,"var":0.000000000,"sum":0.000394821}},"get_input":{"duration":{"num":3000,"min":0.000000000.0,"max":0.000000715,"avg":0.000000119,"var":0.000000000,"sum":0.000356913},"relative_timestamp_from_ult_start":{"num":3000,"min":0.000000000.0,"max":0.000000715,"avg":0.000000142,"var":0.000000000,"sum":0.000425577}}},"received from ofi+cxi://0x24030000":{"handler":{"duration":{"num":3000,"min":0.000000238,"max":0.002890110,"avg":0.000001438,"var":0.000008347,"sum":0.004315376}},"ult":{"duration":{"num":3000,"min":0.000283718,"max":0.238949060,"avg":0.007825297,"var":0.157777815,"sum":23.475892067},"relative_timestamp_from_handler_start":{"num":3000,"min":0.000000477,"max":0.002891541,"avg":0.000001701,"var":0.000008355,"sum":0.005103827}},"irespond":{"duration":{"num":3000,"min":0.000014305,"max":0.000202417,"avg":0.000023208,"var":0.000002235,"sum":0.069624662},"relative_timestamp_from_ult_start":{"num":3000,"min":0.000243425,"max":0.130375147,"avg":0.007617635,