{"address":"","progress_loop":{"progress_with_timeout":{"num":1243,"min":0.000017643,"max":0.104005814,"avg":0.103516175,"var":0.059184687,"sum":128.670606136},"progress_timeout_value_msec":{"num":1243,"min":100.000000000.0,"max":100.000000000.0,"avg":100.000000000.0,"var":0.000000000.0,"sum":124300.000000000.0},"progress_without_timeout":{"num":3110115,"min":0.000000000.0,"max":0.000489235,"avg":0.000000129,"var":0.000000603,"sum":0.400814772},"trigger":{"num":61002,"min":0.000000000.0,"max":0.002289057,"avg":0.000000599,"var":0.000018968,"sum":0.036519527}},"rpcs":{"65535:65535:14048217247822970879:0":{"rpc_id":-4398526825886580737,"provider_id":0,"parent_rpc_id":65535,"parent_provider_id":65535,"name":"get_file_data","origin":{"sent to ofi+cxi://0x24050000":{"iforward":{"duration":{"num":1000,"min":0.000000477,"max":0.000033617,"avg":0.000000697,"var":0.000000001,"sum":0.000697136},"relative_timestamp_from_create":{"num":1000,"min":0.000000000.0,"max":0.000005007,"avg":0.000000084,"var":0.000000000,"sum":0.000084162}},"forward_cb":{"duration":{"num":1000,"min":0.000000000.0,"max":0.000002623,"avg":0.000000093,"var":0.000000000,"sum":0.000093222},"relative_timestamp_from_iforward_start":{"num":1000,"min":0.000267506,"max":0.018061161,"avg":0.001137184,"var":0.000516752,"sum":1.137183905}},"iforward_wait":{"duration":{"num":1000,"min":0.000292540,"max":0.018123865,"avg":0.001137811,"var":0.000519003,"sum":1.137810707},"relative_timestamp_from_iforward_end":{"num":1000,"min":0.000000000.0,"max":0.000000238,"avg":0.000000046,"var":0.000000000,"sum":0.000045538}},"set_input":{"duration":{"num":1000,"min":0.000000000.0,"max":0.000004530,"avg":0.000000112,"var":0.000000000,"sum":0.000111580},"relative_timestamp_from_iforward_start":{"num":1000,"min":0.000000238,"max":0.000021458,"avg":0.000000448,"var":0.000000000,"sum":0.000448465}},"get_output":{"duration":{"num":1000,"min":0.000000954,"max":0.000015259,"avg":0.000001439,"var":0.000000000,"sum":0.001439095},"relative_timestamp_from_wait_end":{"num":1000,"min":0.000000000.0,"max":0.000000477,"avg":0.000000111,"var":0.000000000,"sum":0.000110865}}}},"target":{"received from ofi+cxi://0x24050000":{"handler":{"duration":{"num":1000,"min":0.000000238,"max":0.000007153,"avg":0.000000354,"var":0.000000000,"sum":0.000354052}},"ult":{"duration":{"num":1000,"min":0.000257730,"max":0.018000126,"avg":0.001135013,"var":0.000514283,"sum":1.135013103},"relative_timestamp_from_handler_start":{"num":1000,"min":0.000000477,"max":0.000015020,"avg":0.000000748,"var":0.000000000,"sum":0.000748158}},"irespond":{"duration":{"num":1000,"min":0.000001431,"max":0.000037909,"avg":0.000002635,"var":0.000000003,"sum":0.002634764},"relative_timestamp_from_ult_start":{"num":1000,"min":0.000197172,"max":0.017956257,"avg":0.001130475,"var":0.000511783,"sum":1.130475044}},"respond_cb":{"duration":{"num":1000,"min":0.000000000.0,"max":0.000002384,"avg":0.000000081,"var":0.000000000,"sum":0.000081301},"relative_timestamp_from_irespond_start":{"num":1000,"min":0.000001907,"max":0.000057220,"avg":0.000003549,"var":0.000000012,"sum":0.003548861}},"irespond_wait":{"duration":{"num":1000,"min":0.000000954,"max":0.000057459,"avg":0.000001601,"var":0.000000009,"sum":0.001600504},"relative_timestamp_from_irespond_end":{"num":1000,"min":0.000000000.0,"max":0.000000238,"avg":0.000000051,"var":0.000000000,"sum":0.000050545}},"set_output":{"duration":{"num":1000,"min":0.000000954,"max":0.000025988,"avg":0.000001913,"var":0.000000001,"sum":0.001913071},"relative_timestamp_from_irespond_start":{"num":1000,"min":0.000000000.0,"max":0.000000954,"avg":0.000000102,"var":0.000000000,"sum":0.000101566}},"get_input":{"duration":{"num":1000,"min":0.000000000.0,"max":0.000002146,"avg":0.000000107,"var":0.000000000,"sum":0.000107288},"relative_timestamp_from_ult_start":{"num":1000,"min":0.000000000.0,"max":0.000003338,"avg":0.000000139,"var":0.000000000,"sum":0.000139475}}}}},"14048217247822970879:0:14048217247822970879:0":{"rpc_id":-4398526825886580737,"provider_id":0,"parent_rpc_id":-4398526825886580737,"parent_provider_id":0,"name":"get_file_data","origin":{"sent to ofi+cxi://0x24014600":{"iforward":{"duration":{"num":15000,"min":0.000000954,"max":0.000036955,"avg":0.000001214,"var":0.000000004,"sum":0.018211842},"relative_timestamp_from_create":{"num":15000,"min":0.000000000.0,"max":0.000000477,"avg":0.000000063,"var":0.000000000,"sum":0.000948668}},"forward_cb":{"duration":{"num":15000,"min":0.000000000.0,"max":0.000002861,"avg":0.000000120,"var":0.000000000,"sum":0.001795053},"relative_timestamp_from_iforward_start":{"num":15000,"min":0.000027418,"max":0.017837286,"avg":0.001050264,"var":0.004106660,"sum":15.753954649}},"iforward_wait":{"duration":{"num":15000,"min":0.000026464,"max":0.017806530,"avg":0.001049754,"var":0.004104641,"sum":15.746304989},"relative_timestamp_from_iforward_end":{"num":15000,"min":0.000000000.0,"max":0.000003815,"avg":0.000000175,"var":0.000000000,"sum":0.002625942}},"set_input":{"duration":{"num":15000,"min":0.000000000.0,"max":0.000003815,"avg":0.000000107,"var":0.000000000,"sum":0.001610041},"relative_timestamp_from_iforward_start":{"num":15000,"min":0.000000238,"max":0.000004053,"avg":0.000000395,"var":0.000000000,"sum":0.005918026}},"get_output":{"duration":{"num":15000,"min":0.000001431,"max":0.000016212,"avg":0.000001823,"var":0.000000004,"sum":0.027342558},"relative_timestamp_from_wait_end":{"num":15000,"min":0.000000000.0,"max":0.000005960,"avg":0.000000184,"var":0.000000003,"sum":0.002766609}}}},"target":{"received from ofi+cxi://0x24074600":{"handler":{"duration":{"num":7000,"min":0.000000238,"max":0.002288103,"avg":0.000001062,"var":0.000010348,"sum":0.007430792}},"ult":{"duration":{"num":7000,"min":0.000056505,"max":0.014030695,"avg":0.001078249,"var":0.001997749,"sum":7.547744751},"relative_timestamp_from_handler_start":{"num":7000,"min":0.000000477,"max":0.004188776,"avg":0.000004587,"var":0.000093165,"sum":0.032108068}},"irespond":{"duration":{"num":7000,"min":0.000001907,"max":0.000040293,"avg":0.000003135,"var":0.000000032,"sum":0.021945000},"relative_timestamp_from_ult_start":{"num":7000,"min":0.000035048,"max":0.013982773,"avg":0.001053915,"var":0.001900531,"sum":7.377404213}},"respond_cb":{"duration":{"num":7000,"min":0.000000000.0,"max":0.000002384,"avg":0.000000082,"var":0.000000000,"sum":0.000572681},"relative_timestamp_from_irespond_start":{"num":7000,"min":0.000016451,"max":0.003437281,"avg":0.000022604,"var":0.000035183,"sum":0.158225775}},"irespond_wait":{"duration":{"num":7000,"min":0.000011921,"max":0.003450632,"avg":0.000020734,"var":0.000047449,"sum":0.145138264},"relative_timestamp_from_irespond_end":{"num":7000,"min":0.000000000.0,"max":0.000003576,"avg":0.000000227,"var":0.000000000,"sum":0.001589775}},"set_output":{"duration":{"num":7000,"min":0.000000715,"max":0.000029325,"avg":0.000001891,"var":0.000000014,"sum":0.013238192},"relative_timestamp_from_irespond_start":{"num":7000,"min":0.000000000.0,"max":0.000002384,"avg":0.000000088,"var":0.000000000,"sum":0.000612974}},"get_input":{"duration":{"num":7000,"min":0.000000000.0,"max":0.000002623,"avg":0.000000115,"var":0.000000000,"sum":0.000805616},"relative_timestamp_from_ult_start":{"num":7000,"min":0.000000000.0,"max":0.000000715,"avg":0.000000132,"var":0.000000000,"sum":0.000921488}}},"received from ofi+cxi://0x24010400":{"handler":{"duration":{"num":7000,"min":0.000000238,"max":0.001839876,"avg":0.000001124,"var":0.000008586,"sum":0.007869959}},"ult":{"duration":{"num":7000,"min":0.000052452,"max":0.013940573,"avg":0.001078962,"var":0.001746528,"sum":7.552733421},"relative_timestamp_from_handler_start":{"num":7000,"min":0.000000477,"max":0.002875805,"avg":0.000003256,"var":0.000037151,"sum":0.022792816}},"irespond":{"duration":{"num":7000,"min":0.000001907,"max":0.000049353,"avg":0.000003118,"var":0.000000029,"sum":0.021827936},"relative_timestamp_from_ult_start":{"num":7000,"min":0.000033379,"max":0.013899803,"avg":0.001054391,