{"address":"","progress_loop":{"progress_with_timeout":{"num":2246,"min":0.000000000.0,"max":0.104006767,"avg":0.057719556,"var":5.996595389,"sum":129.638122320},"progress_timeout_value_msec":{"num":2246,"min":100.000000000.0,"max":100.000000000.0,"avg":100.000000000.0,"var":0.000000000.0,"sum":224600.000000000.0},"progress_without_timeout":{"num":682270,"min":0.000000000.0,"max":0.000012875,"avg":0.000000113,"var":0.000000011,"sum":0.077152491},"trigger":{"num":4002,"min":0.000000000.0,"max":0.000035524,"avg":0.000000289,"var":0.000000001,"sum":0.001158237}},"rpcs":{"65535:65535:14048217247822970879:0":{"rpc_id":-4398526825886580737,"provider_id":0,"parent_rpc_id":65535,"parent_provider_id":65535,"name":"get_file_data","origin":{"sent to ofi+cxi://0x24074200":{"iforward":{"duration":{"num":1000,"min":0.000000477,"max":0.000024796,"avg":0.000000635,"var":0.000000001,"sum":0.000634670},"relative_timestamp_from_create":{"num":1000,"min":0.000000000.0,"max":0.000003099,"avg":0.000000072,"var":0.000000000,"sum":0.000072241}},"forward_cb":{"duration":{"num":1000,"min":0.000000000.0,"max":0.000000238,"avg":0.000000075,"var":0.000000000,"sum":0.000075340},"relative_timestamp_from_iforward_start":{"num":1000,"min":0.000058651,"max":0.019908905,"avg":0.000202046,"var":0.000553672,"sum":0.202045679}},"iforward_wait":{"duration":{"num":1000,"min":0.000058651,"max":0.019887447,"avg":0.000202063,"var":0.000552806,"sum":0.202062845},"relative_timestamp_from_iforward_end":{"num":1000,"min":0.000000000.0,"max":0.000000238,"avg":0.000000048,"var":0.000000000,"sum":0.000047684}},"set_input":{"duration":{"num":1000,"min":0.000000000.0,"max":0.000003815,"avg":0.000000093,"var":0.000000000,"sum":0.000092983},"relative_timestamp_from_iforward_start":{"num":1000,"min":0.000000238,"max":0.000015259,"avg":0.000000417,"var":0.000000000,"sum":0.000416756}},"get_output":{"duration":{"num":1000,"min":0.000000000.0,"max":0.000000477,"avg":0.000000131,"var":0.000000000,"sum":0.000130653},"relative_timestamp_from_wait_end":{"num":1000,"min":0.000000000.0,"max":0.000000238,"avg":0.000000091,"var":0.000000000,"sum":0.000091314}}}},"target":{"received from ofi+cxi://0x24074200":{"handler":{"duration":{"num":1000,"min":0.000000238,"max":0.000006676,"avg":0.000000336,"var":0.000000000,"sum":0.000336170}},"ult":{"duration":{"num":1000,"min":0.000057459,"max":0.019403219,"avg":0.000200343,"var":0.000533963,"sum":0.200342894},"relative_timestamp_from_handler_start":{"num":1000,"min":0.000000477,"max":0.000472546,"avg":0.000001032,"var":0.000000223,"sum":0.001032114}},"irespond":{"duration":{"num":1000,"min":0.000000238,"max":0.000002384,"avg":0.000000300,"var":0.000000000,"sum":0.000300407},"relative_timestamp_from_ult_start":{"num":1000,"min":0.000056028,"max":0.019397974,"avg":0.000198876,"var":0.000533794,"sum":0.198875666}},"respond_cb":{"duration":{"num":1000,"min":0.000000000.0,"max":0.000000238,"avg":0.000000074,"var":0.000000000,"sum":0.000073910},"relative_timestamp_from_irespond_start":{"num":1000,"min":0.000000477,"max":0.000003338,"avg":0.000000695,"var":0.000000000,"sum":0.000694752}},"irespond_wait":{"duration":{"num":1000,"min":0.000000715,"max":0.000001907,"avg":0.000000895,"var":0.000000000,"sum":0.000895023},"relative_timestamp_from_irespond_end":{"num":1000,"min":0.000000000.0,"max":0.000000238,"avg":0.000000045,"var":0.000000000,"sum":0.000044823}},"set_output":{"duration":{"num":1000,"min":0.000000000.0,"max":0.000000954,"avg":0.000000109,"var":0.000000000,"sum":0.000108957},"relative_timestamp_from_irespond_start":{"num":1000,"min":0.000000000.0,"max":0.000000715,"avg":0.000000068,"var":0.000000000,"sum":0.000068426}},"get_input":{"duration":{"num":1000,"min":0.000000000.0,"max":0.000002146,"avg":0.000000108,"var":0.000000000,"sum":0.000107527},"relative_timestamp_from_ult_start":{"num":1000,"min":0.000000000.0,"max":0.000005484,"avg":0.000000134,"var":0.000000000,"sum":0.000133991}}}}},"14048217247822970879:0:14048217247822970879:0":{"rpc_id":-4398526825886580737,"provider_id":0,"parent_rpc_id":-4398526825886580737,"parent_provider_id":0,"name":"get_file_data","origin":{"sent to ofi+cxi://0x24054200":{"iforward":{"duration":{"num":1000,"min":0.000000954,"max":0.000029087,"avg":0.000001300,"var":0.000000002,"sum":0.001299620},"relative_timestamp_from_create":{"num":1000,"min":0.000000000.0,"max":0.000000238,"avg":0.000000060,"var":0.000000000,"sum":0.000060081}},"forward_cb":{"duration":{"num":1000,"min":0.000000000.0,"max":0.000000954,"avg":0.000000083,"var":0.000000000,"sum":0.000082970},"relative_timestamp_from_iforward_start":{"num":1000,"min":0.000050068,"max":0.019306183,"avg":0.000192592,"var":0.000530453,"sum":0.192592382}},"iforward_wait":{"duration":{"num":1000,"min":0.000049114,"max":0.019280672,"avg":0.000191447,"var":0.000529243,"sum":0.191447496},"relative_timestamp_from_iforward_end":{"num":1000,"min":0.000000000.0,"max":0.000000238,"avg":0.000000198,"var":0.000000000,"sum":0.000197887}},"set_input":{"duration":{"num":1000,"min":0.000000000.0,"max":0.000000477,"avg":0.000000085,"var":0.000000000,"sum":0.000084639},"relative_timestamp_from_iforward_start":{"num":1000,"min":0.000000238,"max":0.000002146,"avg":0.000000371,"var":0.000000000,"sum":0.000371218}},"get_output":{"duration":{"num":1000,"min":0.000000000.0,"max":0.000001431,"avg":0.000000187,"var":0.000000000,"sum":0.000187397},"relative_timestamp_from_wait_end":{"num":1000,"min":0.000000000.0,"max":0.000000477,"avg":0.000000096,"var":0.000000000,"sum":0.000096321}}}}},"65535:65535:8686831390660034559:65535":{"rpc_id":8686831390660034559,"provider_id":65535,"parent_rpc_id":65535,"parent_provider_id":65535,"name":"__shutdown__","target":{"received from ofi+cxi://0x24014401":{"handler":{"duration":{"num":1,"min":0.000023365,"max":0.000023365,"avg":0.000023365,"var":0.000000000.0,"sum":0.000023365}},"ult":{"duration":{"num":1,"min":0.000017405,"max":0.000017405,"avg":0.000017405,"var":0.000000000.0,"sum":0.000017405},"relative_timestamp_from_handler_start":{"num":1,"min":0.000028372,"max":0.000028372,"avg":0.000028372,"var":0.000000000.0,"sum":0.000028372}},"irespond":{"duration":{"num":1,"min":0.000007391,"max":0.000007391,"avg":0.000007391,"var":0.000000000.0,"sum":0.000007391},"relative_timestamp_from_ult_start":{"num":1,"min":0.000001431,"max":0.000001431,"avg":0.000001431,"var":0.000000000.0,"sum":0.000001431}},"respond_cb":{"duration":{"num":1,"min":0.000000477,"max":0.000000477,"avg":0.000000477,"var":0.000000000.0,"sum":0.000000477},"relative_timestamp_from_irespond_start":{"num":1,"min":0.000013351,"max":0.000013351,"avg":0.000013351,"var":0.000000000.0,"sum":0.000013351}},"irespond_wait":{"duration":{"num":1,"min":0.000006437,"max":0.000006437,"avg":0.000006437,"var":0.000000000.0,"sum":0.000006437},"relative_timestamp_from_irespond_end":{"num":1,"min":0.000000238,"max":0.000000238,"avg":0.000000238,"var":0.000000000.0,"sum":0.000000238}},"set_output":{"duration":{"num":1,"min":0.000000238,"max":0.000000238,"avg":0.000000238,"var":0.000000000.0,"sum":0.000000238},"relative_timestamp_from_irespond_start":{"num":1,"min":0.000001431,"max":0.000001431,"avg":0.000001431,"var":0.000000000.0,"sum":0.000001431}},"get_input":{"duration":{"num":0,"min":0.000000000.0,"max":0.000000000.0,"avg":0.000000000.0,"var":0.000000000.0,"sum":0.000000000.0},"relative_timestamp_from_ult_start":{"num":0,"min":0.000000000.0,"max":0.000000000.0,"avg":0.000000000.0,"var":0.000000000.0,"sum":0.000000000.0}}}}}}}