{"address":"","progress_loop":{"progress_with_timeout":{"num":1205,"min":0.069310904,"max":0.104007006,"avg":0.103965739,"var":0.001223588,"sum":125.278716087},"progress_timeout_value_msec":{"num":1205,"min":100.000000000.0,"max":100.000000000.0,"avg":100.000000000.0,"var":0.000000000.0,"sum":120500.000000000.0},"progress_without_timeout":{"num":15451799,"min":0.000000000.0,"max":0.000461102,"avg":0.000000120,"var":0.000000584,"sum":1.851588249},"trigger":{"num":13002,"min":0.000000000.0,"max":0.001382351,"avg":0.000000571,"var":0.000001914,"sum":0.007419109}},"rpcs":{"65535:65535:14048217247822970879:0":{"rpc_id":-4398526825886580737,"provider_id":0,"parent_rpc_id":65535,"parent_provider_id":65535,"name":"get_file_data","origin":{"sent to ofi+cxi://0x24030000":{"iforward":{"duration":{"num":1000,"min":0.000000477,"max":0.000024796,"avg":0.000000715,"var":0.000000001,"sum":0.000714779},"relative_timestamp_from_create":{"num":1000,"min":0.000000000.0,"max":0.000002861,"avg":0.000000110,"var":0.000000000,"sum":0.000110388}},"forward_cb":{"duration":{"num":1000,"min":0.000000000.0,"max":0.000000238,"avg":0.000000075,"var":0.000000000,"sum":0.000075102},"relative_timestamp_from_iforward_start":{"num":1000,"min":0.003314018,"max":0.022929192,"avg":0.004555359,"var":0.000553597,"sum":4.555359364}},"iforward_wait":{"duration":{"num":1000,"min":0.003321648,"max":0.022923231,"avg":0.004555537,"var":0.000553356,"sum":4.555536985},"relative_timestamp_from_iforward_end":{"num":1000,"min":0.000000000.0,"max":0.000000238,"avg":0.000000046,"var":0.000000000,"sum":0.000046015}},"set_input":{"duration":{"num":1000,"min":0.000000000.0,"max":0.000003338,"avg":0.000000151,"var":0.000000000,"sum":0.000151157},"relative_timestamp_from_iforward_start":{"num":1000,"min":0.000000238,"max":0.000015497,"avg":0.000000422,"var":0.000000000,"sum":0.000422478}},"get_output":{"duration":{"num":1000,"min":0.000005245,"max":0.000036240,"avg":0.000006507,"var":0.000000004,"sum":0.006506681},"relative_timestamp_from_wait_end":{"num":1000,"min":0.000000000.0,"max":0.000000477,"avg":0.000000109,"var":0.000000000,"sum":0.000108957}}}},"target":{"received from ofi+cxi://0x24030000":{"handler":{"duration":{"num":1000,"min":0.000000238,"max":0.000005960,"avg":0.000000343,"var":0.000000000,"sum":0.000342846}},"ult":{"duration":{"num":1000,"min":0.003313065,"max":0.022438049,"avg":0.004553635,"var":0.000535774,"sum":4.553635359},"relative_timestamp_from_handler_start":{"num":1000,"min":0.000000477,"max":0.000473738,"avg":0.000001060,"var":0.000000224,"sum":0.001059532}},"irespond":{"duration":{"num":1000,"min":0.000007153,"max":0.000088453,"avg":0.000018889,"var":0.000000470,"sum":0.018888712},"relative_timestamp_from_ult_start":{"num":1000,"min":0.003249884,"max":0.022287130,"avg":0.004533321,"var":0.000526719,"sum":4.533321142}},"respond_cb":{"duration":{"num":1000,"min":0.000000000.0,"max":0.000000238,"avg":0.000000078,"var":0.000000000,"sum":0.000077963},"relative_timestamp_from_irespond_start":{"num":1000,"min":0.000007629,"max":0.000133753,"avg":0.000019414,"var":0.000000481,"sum":0.019413710}},"irespond_wait":{"duration":{"num":1000,"min":0.000000715,"max":0.000059843,"avg":0.000001072,"var":0.000000004,"sum":0.001071930},"relative_timestamp_from_irespond_end":{"num":1000,"min":0.000000000.0,"max":0.000000238,"avg":0.000000050,"var":0.000000000,"sum":0.000049829}},"set_output":{"duration":{"num":1000,"min":0.000006676,"max":0.000068426,"avg":0.000014650,"var":0.000000229,"sum":0.014649868},"relative_timestamp_from_irespond_start":{"num":1000,"min":0.000000000.0,"max":0.000000715,"avg":0.000000094,"var":0.000000000,"sum":0.000093699}},"get_input":{"duration":{"num":1000,"min":0.000000000.0,"max":0.000002146,"avg":0.000000104,"var":0.000000000,"sum":0.000103951},"relative_timestamp_from_ult_start":{"num":1000,"min":0.000000000.0,"max":0.000005245,"avg":0.000000141,"var":0.000000000,"sum":0.000140905}}}}},"14048217247822970879:0:14048217247822970879:0":{"rpc_id":-4398526825886580737,"provider_id":0,"parent_rpc_id":-4398526825886580737,"parent_provider_id":0,"name":"get_file_data","origin":{"sent to ofi+cxi://0x24074600":{"iforward":{"duration":{"num":3000,"min":0.000000954,"max":0.000031233,"avg":0.000001568,"var":0.000000008,"sum":0.004703045},"relative_timestamp_from_create":{"num":3000,"min":0.000000000.0,"max":0.000000477,"avg":0.000000088,"var":0.000000000,"sum":0.000264168}},"forward_cb":{"duration":{"num":3000,"min":0.000000000.0,"max":0.000001192,"avg":0.000000095,"var":0.000000000,"sum":0.000286341},"relative_timestamp_from_iforward_start":{"num":3000,"min":0.001152992,"max":0.022136450,"avg":0.004434894,"var":0.001347648,"sum":13.304681540}},"iforward_wait":{"duration":{"num":3000,"min":0.001151800,"max":0.022111177,"avg":0.004433557,"var":0.001344301,"sum":13.300671101},"relative_timestamp_from_iforward_end":{"num":3000,"min":0.000000000.0,"max":0.000000477,"avg":0.000000177,"var":0.000000000,"sum":0.000529766}},"set_input":{"duration":{"num":3000,"min":0.000000000.0,"max":0.000000477,"avg":0.000000152,"var":0.000000000,"sum":0.000455379},"relative_timestamp_from_iforward_start":{"num":3000,"min":0.000000238,"max":0.000001907,"avg":0.000000404,"var":0.000000000,"sum":0.001210928}},"get_output":{"duration":{"num":3000,"min":0.000006437,"max":0.000081062,"avg":0.000007675,"var":0.000000051,"sum":0.023026228},"relative_timestamp_from_wait_end":{"num":3000,"min":0.000000000.0,"max":0.000009775,"avg":0.000000172,"var":0.000000001,"sum":0.000517368}}}},"target":{"received from ofi+cxi://0x24032400":{"handler":{"duration":{"num":1000,"min":0.000000238,"max":0.000004292,"avg":0.000000452,"var":0.000000000,"sum":0.000452042}},"ult":{"duration":{"num":1000,"min":0.001317024,"max":0.017293215,"avg":0.004451320,"var":0.000446716,"sum":4.451320410},"relative_timestamp_from_handler_start":{"num":1000,"min":0.000000477,"max":0.000005245,"avg":0.000000695,"var":0.000000000,"sum":0.000694752}},"irespond":{"duration":{"num":1000,"min":0.000007629,"max":0.000097513,"avg":0.000019512,"var":0.000000507,"sum":0.019512415},"relative_timestamp_from_ult_start":{"num":1000,"min":0.001290560,"max":0.017075300,"avg":0.004410026,"var":0.000434652,"sum":4.410025597}},"respond_cb":{"duration":{"num":1000,"min":0.000000000.0,"max":0.000000238,"avg":0.000000075,"var":0.000000000,"sum":0.000075102},"relative_timestamp_from_irespond_start":{"num":1000,"min":0.000025272,"max":0.000216961,"avg":0.000040742,"var":0.000000873,"sum":0.040742159}},"irespond_wait":{"duration":{"num":1000,"min":0.000017166,"max":0.000136137,"avg":0.000021194,"var":0.000000135,"sum":0.021194458},"relative_timestamp_from_irespond_end":{"num":1000,"min":0.000000000.0,"max":0.000000477,"avg":0.000000320,"var":0.000000000,"sum":0.000319958}},"set_output":{"duration":{"num":1000,"min":0.000006676,"max":0.000069857,"avg":0.000014487,"var":0.000000231,"sum":0.014487267},"relative_timestamp_from_irespond_start":{"num":1000,"min":0.000000000.0,"max":0.000000477,"avg":0.000000091,"var":0.000000000,"sum":0.000091314}},"get_input":{"duration":{"num":1000,"min":0.000000000.0,"max":0.000000715,"avg":0.000000119,"var":0.000000000,"sum":0.000119448},"relative_timestamp_from_ult_start":{"num":1000,"min":0.000000000.0,"max":0.000000477,"avg":0.000000127,"var":0.000000000,"sum":0.000126839}}},"received from ofi+cxi://0x24056600":{"handler":{"duration":{"num":1000,"min":0.000000238,"max":0.001381159,"avg":0.000001826,"var":0.000001905,"sum":0.001826286}},"ult":{"duration":{"num":1000,"min":0.001245022,"max":0.017017841,"avg":0.004450819,"var":0.000399521,"sum":4.450818539},"relative_timestamp_from_handler_start":{"num":1000,"min":0.000000477,"max":0.001382828,"avg":0.000002072,"var":0.000001909,"sum":0.002071857}},"irespond":{"duration":{"num":1000,"min":0.000007868,"max":0.000106812,"avg":0.000019284,"var":0.000000487,"sum":0.019284010},"relative_timestamp_from_ult_start":{"num":1000,"min":0.001164436,"max":0.016906738,"avg":0.004408466,"var":0.000389229,