{"address":"","progress_loop":{"progress_with_timeout":{"num":1908,"min":0.000000477,"max":0.104012012,"avg":0.049534347,"var":5.145313862,"sum":94.511533499},"progress_timeout_value_msec":{"num":1908,"min":100.000000000.0,"max":100.000000000.0,"avg":100.000000000.0,"var":0.000000000.0,"sum":190800.000000000.0},"progress_without_timeout":{"num":473396142,"min":0.000000000.0,"max":0.001578331,"avg":0.000000112,"var":0.000070841,"sum":53.043929338},"trigger":{"num":5002,"min":0.000000000.0,"max":0.000028372,"avg":0.000001010,"var":0.000000016,"sum":0.005051136}},"rpcs":{"65535:65535:14048217247822970879:0":{"rpc_id":-4398526825886580737,"provider_id":0,"parent_rpc_id":65535,"parent_provider_id":65535,"name":"get_file_data","origin":{"sent to ofi+cxi://0x24072400":{"iforward":{"duration":{"num":1000,"min":0.000001669,"max":0.000026226,"avg":0.000002508,"var":0.000000001,"sum":0.002507687},"relative_timestamp_from_create":{"num":1000,"min":0.000000000.0,"max":0.000003099,"avg":0.000000179,"var":0.000000000,"sum":0.000179052}},"forward_cb":{"duration":{"num":1000,"min":0.000000000.0,"max":0.000003815,"avg":0.000000211,"var":0.000000000,"sum":0.000210762},"relative_timestamp_from_iforward_start":{"num":1000,"min":0.024884462,"max":0.251237869,"avg":0.135145929,"var":0.258852133,"sum":135.145929098}},"iforward_wait":{"duration":{"num":1000,"min":0.024884701,"max":0.251237631,"avg":0.135145918,"var":0.258842612,"sum":135.145917892},"relative_timestamp_from_iforward_end":{"num":1000,"min":0.000000000.0,"max":0.000000238,"avg":0.000000128,"var":0.000000000,"sum":0.000127792}},"set_input":{"duration":{"num":1000,"min":0.000000238,"max":0.000003815,"avg":0.000000406,"var":0.000000000,"sum":0.000406265},"relative_timestamp_from_iforward_start":{"num":1000,"min":0.000000954,"max":0.000015736,"avg":0.000001658,"var":0.000000000,"sum":0.001657724}},"get_output":{"duration":{"num":1000,"min":0.000516415,"max":0.002188683,"avg":0.000756016,"var":0.000010349,"sum":0.756016254},"relative_timestamp_from_wait_end":{"num":1000,"min":0.000000000.0,"max":0.000000954,"avg":0.000000330,"var":0.000000000,"sum":0.000330210}}}},"target":{"received from ofi+cxi://0x24072400":{"handler":{"duration":{"num":1000,"min":0.000000477,"max":0.000006199,"avg":0.000000992,"var":0.000000000,"sum":0.000991583}},"ult":{"duration":{"num":1000,"min":0.024880409,"max":0.251233101,"avg":0.135141294,"var":0.258844648,"sum":135.141293526},"relative_timestamp_from_handler_start":{"num":1000,"min":0.000000954,"max":0.000013113,"avg":0.000001712,"var":0.000000000,"sum":0.001712322}},"irespond":{"duration":{"num":1000,"min":0.001415253,"max":0.002473593,"avg":0.001929681,"var":0.000028037,"sum":1.929680586},"relative_timestamp_from_ult_start":{"num":1000,"min":0.023102522,"max":0.249413490,"avg":0.133206610,"var":0.258361245,"sum":133.206610203}},"respond_cb":{"duration":{"num":1000,"min":0.000000000.0,"max":0.000000715,"avg":0.000000150,"var":0.000000000,"sum":0.000150442},"relative_timestamp_from_irespond_start":{"num":1000,"min":0.001416922,"max":0.002476215,"avg":0.001932045,"var":0.000028065,"sum":1.932044983}},"irespond_wait":{"duration":{"num":1000,"min":0.000002384,"max":0.000010490,"avg":0.000003577,"var":0.000000000,"sum":0.003576517},"relative_timestamp_from_irespond_end":{"num":1000,"min":0.000000000.0,"max":0.000000477,"avg":0.000000155,"var":0.000000000,"sum":0.000155210}},"set_output":{"duration":{"num":1000,"min":0.001195431,"max":0.002306700,"avg":0.001675242,"var":0.000030577,"sum":1.675242424},"relative_timestamp_from_irespond_start":{"num":1000,"min":0.000000000.0,"max":0.000002623,"avg":0.000000287,"var":0.000000000,"sum":0.000286579}},"get_input":{"duration":{"num":1000,"min":0.000000238,"max":0.000001907,"avg":0.000000359,"var":0.000000000,"sum":0.000359297},"relative_timestamp_from_ult_start":{"num":1000,"min":0.000000000.0,"max":0.000002861,"avg":0.000000390,"var":0.000000000,"sum":0.000390053}}}}},"14048217247822970879:0:14048217247822970879:0":{"rpc_id":-4398526825886580737,"provider_id":0,"parent_rpc_id":-4398526825886580737,"parent_provider_id":0,"name":"get_file_data","origin":{"sent to ofi+cxi://0x24034200":{"iforward":{"duration":{"num":1000,"min":0.000003099,"max":0.000355244,"avg":0.000007596,"var":0.000000557,"sum":0.007595539},"relative_timestamp_from_create":{"num":1000,"min":0.000000000.0,"max":0.000000715,"avg":0.000000363,"var":0.000000000,"sum":0.000362873}},"forward_cb":{"duration":{"num":1000,"min":0.000000000.0,"max":0.000028133,"avg":0.000000184,"var":0.000000001,"sum":0.000184059},"relative_timestamp_from_iforward_start":{"num":1000,"min":0.022327900,"max":0.248594999,"avg":0.132179051,"var":0.252320799,"sum":132.179051399}},"iforward_wait":{"duration":{"num":1000,"min":0.022324324,"max":0.248591185,"avg":0.132172452,"var":0.252301835,"sum":132.172452450},"relative_timestamp_from_iforward_end":{"num":1000,"min":0.000000000.0,"max":0.000000477,"avg":0.000000250,"var":0.000000000,"sum":0.000250101}},"set_input":{"duration":{"num":1000,"min":0.000000000.0,"max":0.000000954,"avg":0.000000328,"var":0.000000000,"sum":0.000328302},"relative_timestamp_from_iforward_start":{"num":1000,"min":0.000000715,"max":0.000002623,"avg":0.000001324,"var":0.000000000,"sum":0.001323938}},"get_output":{"duration":{"num":1000,"min":0.000474215,"max":0.002985001,"avg":0.000742511,"var":0.000078027,"sum":0.742510796},"relative_timestamp_from_wait_end":{"num":1000,"min":0.000000238,"max":0.000001431,"avg":0.000000369,"var":0.000000000,"sum":0.000369072}}}}},"65535:65535:8686831390660034559:65535":{"rpc_id":8686831390660034559,"provider_id":65535,"parent_rpc_id":65535,"parent_provider_id":65535,"name":"__shutdown__","target":{"received from ofi+cxi://0x24014401":{"handler":{"duration":{"num":1,"min":0.000010967,"max":0.000010967,"avg":0.000010967,"var":0.000000000.0,"sum":0.000010967}},"ult":{"duration":{"num":1,"min":0.000011444,"max":0.000011444,"avg":0.000011444,"var":0.000000000.0,"sum":0.000011444},"relative_timestamp_from_handler_start":{"num":1,"min":0.000013113,"max":0.000013113,"avg":0.000013113,"var":0.000000000.0,"sum":0.000013113}},"irespond":{"duration":{"num":1,"min":0.000003576,"max":0.000003576,"avg":0.000003576,"var":0.000000000.0,"sum":0.000003576},"relative_timestamp_from_ult_start":{"num":1,"min":0.000000954,"max":0.000000954,"avg":0.000000954,"var":0.000000000.0,"sum":0.000000954}},"respond_cb":{"duration":{"num":1,"min":0.000000477,"max":0.000000477,"avg":0.000000477,"var":0.000000000.0,"sum":0.000000477},"relative_timestamp_from_irespond_start":{"num":1,"min":0.000008345,"max":0.000008345,"avg":0.000008345,"var":0.000000000.0,"sum":0.000008345}},"irespond_wait":{"duration":{"num":1,"min":0.000005245,"max":0.000005245,"avg":0.000005245,"var":0.000000000.0,"sum":0.000005245},"relative_timestamp_from_irespond_end":{"num":1,"min":0.000000238,"max":0.000000238,"avg":0.000000238,"var":0.000000000.0,"sum":0.000000238}},"set_output":{"duration":{"num":1,"min":0.000000238,"max":0.000000238,"avg":0.000000238,"var":0.000000000.0,"sum":0.000000238},"relative_timestamp_from_irespond_start":{"num":1,"min":0.000000477,"max":0.000000477,"avg":0.000000477,"var":0.000000000.0,"sum":0.000000477}},"get_input":{"duration":{"num":0,"min":0.000000000.0,"max":0.000000000.0,"avg":0.000000000.0,"var":0.000000000.0,"sum":0.000000000.0},"relative_timestamp_from_ult_start":{"num":0,"min":0.000000000.0,"max":0.000000000.0,"avg":0.000000000.0,"var":0.000000000.0,"sum":0.000000000.0}}}}}}}