{"address":"","progress_loop":{"progress_with_timeout":{"num":2242,"min":0.000000000.0,"max":0.104008436,"avg":0.057638797,"var":5.987570437,"sum":129.226183414},"progress_timeout_value_msec":{"num":2242,"min":100.000000000.0,"max":100.000000000.0,"avg":100.000000000.0,"var":0.000000000.0,"sum":224200.000000000.0},"progress_without_timeout":{"num":2118566,"min":0.000000000.0,"max":0.000060558,"avg":0.000000113,"var":0.000000044,"sum":0.239485264},"trigger":{"num":5002,"min":0.000000000.0,"max":0.000025749,"avg":0.000000421,"var":0.000000002,"sum":0.002105236}},"rpcs":{"65535:65535:14048217247822970879:0":{"rpc_id":-4398526825886580737,"provider_id":0,"parent_rpc_id":65535,"parent_provider_id":65535,"name":"get_file_data","origin":{"sent to ofi+cxi://0x24056600":{"iforward":{"duration":{"num":1000,"min":0.000000477,"max":0.000029325,"avg":0.000000652,"var":0.000000001,"sum":0.000652313},"relative_timestamp_from_create":{"num":1000,"min":0.000000000.0,"max":0.000003338,"avg":0.000000082,"var":0.000000000,"sum":0.000081778}},"forward_cb":{"duration":{"num":1000,"min":0.000000000.0,"max":0.000000477,"avg":0.000000070,"var":0.000000000,"sum":0.000069618},"relative_timestamp_from_iforward_start":{"num":1000,"min":0.000118971,"max":0.016619682,"avg":0.000609565,"var":0.000468439,"sum":0.609564781}},"iforward_wait":{"duration":{"num":1000,"min":0.000119209,"max":0.016618967,"avg":0.000609607,"var":0.000468122,"sum":0.609607458},"relative_timestamp_from_iforward_end":{"num":1000,"min":0.000000000.0,"max":0.000000238,"avg":0.000000045,"var":0.000000000,"sum":0.000044823}},"set_input":{"duration":{"num":1000,"min":0.000000000.0,"max":0.000004292,"avg":0.000000101,"var":0.000000000,"sum":0.000101328},"relative_timestamp_from_iforward_start":{"num":1000,"min":0.000000238,"max":0.000017643,"avg":0.000000430,"var":0.000000000,"sum":0.000429869}},"get_output":{"duration":{"num":1000,"min":0.000000238,"max":0.000000954,"avg":0.000000448,"var":0.000000000,"sum":0.000447512},"relative_timestamp_from_wait_end":{"num":1000,"min":0.000000000.0,"max":0.000000477,"avg":0.000000094,"var":0.000000000,"sum":0.000094414}}}},"target":{"received from ofi+cxi://0x24056600":{"handler":{"duration":{"num":1000,"min":0.000000238,"max":0.000006676,"avg":0.000000332,"var":0.000000000,"sum":0.000332117}},"ult":{"duration":{"num":1000,"min":0.000117779,"max":0.016614676,"avg":0.000607776,"var":0.000462345,"sum":0.607775927},"relative_timestamp_from_handler_start":{"num":1000,"min":0.000000477,"max":0.000523329,"avg":0.000001092,"var":0.000000273,"sum":0.001091719}},"irespond":{"duration":{"num":1000,"min":0.000000715,"max":0.000022888,"avg":0.000002086,"var":0.000000014,"sum":0.002086401},"relative_timestamp_from_ult_start":{"num":1000,"min":0.000115633,"max":0.016598463,"avg":0.000604425,"var":0.000461027,"sum":0.604424953}},"respond_cb":{"duration":{"num":1000,"min":0.000000000.0,"max":0.000000238,"avg":0.000000078,"var":0.000000000,"sum":0.000077963},"relative_timestamp_from_irespond_start":{"num":1000,"min":0.000001192,"max":0.000024080,"avg":0.000002523,"var":0.000000014,"sum":0.002523184}},"irespond_wait":{"duration":{"num":1000,"min":0.000000715,"max":0.000002384,"avg":0.000000962,"var":0.000000000,"sum":0.000962496},"relative_timestamp_from_irespond_end":{"num":1000,"min":0.000000000.0,"max":0.000000238,"avg":0.000000043,"var":0.000000000,"sum":0.000043154}},"set_output":{"duration":{"num":1000,"min":0.000000238,"max":0.000012398,"avg":0.000000845,"var":0.000000004,"sum":0.000844717},"relative_timestamp_from_irespond_start":{"num":1000,"min":0.000000000.0,"max":0.000000954,"avg":0.000000072,"var":0.000000000,"sum":0.000072241}},"get_input":{"duration":{"num":1000,"min":0.000000000.0,"max":0.000002623,"avg":0.000000102,"var":0.000000000,"sum":0.000102043},"relative_timestamp_from_ult_start":{"num":1000,"min":0.000000000.0,"max":0.000005722,"avg":0.000000142,"var":0.000000000,"sum":0.000141621}}}}},"14048217247822970879:0:14048217247822970879:0":{"rpc_id":-4398526825886580737,"provider_id":0,"parent_rpc_id":-4398526825886580737,"parent_provider_id":0,"name":"get_file_data","origin":{"sent to ofi+cxi://0x24030000":{"iforward":{"duration":{"num":1000,"min":0.000000954,"max":0.000031948,"avg":0.000001477,"var":0.000000002,"sum":0.001476526},"relative_timestamp_from_create":{"num":1000,"min":0.000000000.0,"max":0.000000238,"avg":0.000000062,"var":0.000000000,"sum":0.000061989}},"forward_cb":{"duration":{"num":1000,"min":0.000000000.0,"max":0.000000954,"avg":0.000000086,"var":0.000000000,"sum":0.000085831},"relative_timestamp_from_iforward_start":{"num":1000,"min":0.000108719,"max":0.016588926,"avg":0.000596969,"var":0.000459958,"sum":0.596968889}},"iforward_wait":{"duration":{"num":1000,"min":0.000108004,"max":0.016580582,"avg":0.000595645,"var":0.000459111,"sum":0.595645428},"relative_timestamp_from_iforward_end":{"num":1000,"min":0.000000000.0,"max":0.000000477,"avg":0.000000242,"var":0.000000000,"sum":0.000241995}},"set_input":{"duration":{"num":1000,"min":0.000000000.0,"max":0.000000477,"avg":0.000000093,"var":0.000000000,"sum":0.000092745},"relative_timestamp_from_iforward_start":{"num":1000,"min":0.000000238,"max":0.000002384,"avg":0.000000381,"var":0.000000000,"sum":0.000380754}},"get_output":{"duration":{"num":1000,"min":0.000000477,"max":0.000007391,"avg":0.000000821,"var":0.000000001,"sum":0.000820875},"relative_timestamp_from_wait_end":{"num":1000,"min":0.000000000.0,"max":0.000018120,"avg":0.000000124,"var":0.000000000,"sum":0.000123501}}}}},"65535:65535:8686831390660034559:65535":{"rpc_id":8686831390660034559,"provider_id":65535,"parent_rpc_id":65535,"parent_provider_id":65535,"name":"__shutdown__","target":{"received from ofi+cxi://0x24014401":{"handler":{"duration":{"num":1,"min":0.000015497,"max":0.000015497,"avg":0.000015497,"var":0.000000000.0,"sum":0.000015497}},"ult":{"duration":{"num":1,"min":0.000016689,"max":0.000016689,"avg":0.000016689,"var":0.000000000.0,"sum":0.000016689},"relative_timestamp_from_handler_start":{"num":1,"min":0.000019789,"max":0.000019789,"avg":0.000019789,"var":0.000000000.0,"sum":0.000019789}},"irespond":{"duration":{"num":1,"min":0.000006914,"max":0.000006914,"avg":0.000006914,"var":0.000000000.0,"sum":0.000006914},"relative_timestamp_from_ult_start":{"num":1,"min":0.000001431,"max":0.000001431,"avg":0.000001431,"var":0.000000000.0,"sum":0.000001431}},"respond_cb":{"duration":{"num":1,"min":0.000000477,"max":0.000000477,"avg":0.000000477,"var":0.000000000.0,"sum":0.000000477},"relative_timestamp_from_irespond_start":{"num":1,"min":0.000012398,"max":0.000012398,"avg":0.000012398,"var":0.000000000.0,"sum":0.000012398}},"irespond_wait":{"duration":{"num":1,"min":0.000006199,"max":0.000006199,"avg":0.000006199,"var":0.000000000.0,"sum":0.000006199},"relative_timestamp_from_irespond_end":{"num":1,"min":0.000000238,"max":0.000000238,"avg":0.000000238,"var":0.000000000.0,"sum":0.000000238}},"set_output":{"duration":{"num":1,"min":0.000000477,"max":0.000000477,"avg":0.000000477,"var":0.000000000.0,"sum":0.000000477},"relative_timestamp_from_irespond_start":{"num":1,"min":0.000000954,"max":0.000000954,"avg":0.000000954,"var":0.000000000.0,"sum":0.000000954}},"get_input":{"duration":{"num":0,"min":0.000000000.0,"max":0.000000000.0,"avg":0.000000000.0,"var":0.000000000.0,"sum":0.000000000.0},"relative_timestamp_from_ult_start":{"num":0,"min":0.000000000.0,"max":0.000000000.0,"avg":0.000000000.0,"var":0.000000000.0,"sum":0.000000000.0}}}}}}}