{"address":"","progress_loop":{"progress_with_timeout":{"num":2483,"min":0.000000477,"max":0.104008436,"avg":0.062136558,"var":6.455467949,"sum":154.285072565},"progress_timeout_value_msec":{"num":2483,"min":100.000000000.0,"max":100.000000000.0,"avg":100.000000000.0,"var":0.000000000.0,"sum":248300.000000000.0},"progress_without_timeout":{"num":263944563,"min":0.000000000.0,"max":0.000875950,"avg":0.000000112,"var":0.000014181,"sum":29.538913488},"trigger":{"num":5002,"min":0.000000238,"max":0.000030518,"avg":0.000000862,"var":0.000000007,"sum":0.004310846}},"rpcs":{"65535:65535:14048217247822970879:0":{"rpc_id":-4398526825886580737,"provider_id":0,"parent_rpc_id":65535,"parent_provider_id":65535,"name":"get_file_data","origin":{"sent to ofi+cxi://0x24054600":{"iforward":{"duration":{"num":1000,"min":0.000001669,"max":0.000028133,"avg":0.000002620,"var":0.000000001,"sum":0.002619505},"relative_timestamp_from_create":{"num":1000,"min":0.000000000.0,"max":0.000003338,"avg":0.000000180,"var":0.000000000,"sum":0.000180006}},"forward_cb":{"duration":{"num":1000,"min":0.000000000.0,"max":0.000000477,"avg":0.000000192,"var":0.000000000,"sum":0.000191689},"relative_timestamp_from_iforward_start":{"num":1000,"min":0.009105206,"max":0.216232777,"avg":0.075224659,"var":0.211060563,"sum":75.224659204}},"iforward_wait":{"duration":{"num":1000,"min":0.009104967,"max":0.216228485,"avg":0.075224610,"var":0.211065235,"sum":75.224609852},"relative_timestamp_from_iforward_end":{"num":1000,"min":0.000000000.0,"max":0.000000238,"avg":0.000000096,"var":0.000000000,"sum":0.000095844}},"set_input":{"duration":{"num":1000,"min":0.000000000.0,"max":0.000004053,"avg":0.000000460,"var":0.000000000,"sum":0.000460148},"relative_timestamp_from_iforward_start":{"num":1000,"min":0.000000954,"max":0.000017405,"avg":0.000001740,"var":0.000000000,"sum":0.001740217}},"get_output":{"duration":{"num":1000,"min":0.000218153,"max":0.001009226,"avg":0.000323897,"var":0.000001267,"sum":0.323896885},"relative_timestamp_from_wait_end":{"num":1000,"min":0.000000238,"max":0.000000954,"avg":0.000000367,"var":0.000000000,"sum":0.000366688}}}},"target":{"received from ofi+cxi://0x24054600":{"handler":{"duration":{"num":1000,"min":0.000000477,"max":0.000007629,"avg":0.000000908,"var":0.000000000,"sum":0.000908136}},"ult":{"duration":{"num":1000,"min":0.009101152,"max":0.216220379,"avg":0.075220174,"var":0.211063929,"sum":75.220174313},"relative_timestamp_from_handler_start":{"num":1000,"min":0.000000954,"max":0.000014544,"avg":0.000001521,"var":0.000000000,"sum":0.001521111}},"irespond":{"duration":{"num":1000,"min":0.000463486,"max":0.001464128,"avg":0.000982892,"var":0.000019697,"sum":0.982891560},"relative_timestamp_from_ult_start":{"num":1000,"min":0.008144855,"max":0.214978933,"avg":0.074232516,"var":0.210541205,"sum":74.232515812}},"respond_cb":{"duration":{"num":1000,"min":0.000000000.0,"max":0.000000715,"avg":0.000000159,"var":0.000000000,"sum":0.000158787},"relative_timestamp_from_irespond_start":{"num":1000,"min":0.000465393,"max":0.001466274,"avg":0.000985100,"var":0.000019706,"sum":0.985099554}},"irespond_wait":{"duration":{"num":1000,"min":0.000002146,"max":0.000010252,"avg":0.000003261,"var":0.000000000,"sum":0.003261089},"relative_timestamp_from_irespond_end":{"num":1000,"min":0.000000000.0,"max":0.000000477,"avg":0.000000151,"var":0.000000000,"sum":0.000150919}},"set_output":{"duration":{"num":1000,"min":0.000416517,"max":0.001366615,"avg":0.000828765,"var":0.000016918,"sum":0.828765154},"relative_timestamp_from_irespond_start":{"num":1000,"min":0.000000000.0,"max":0.000002146,"avg":0.000000352,"var":0.000000000,"sum":0.000351906}},"get_input":{"duration":{"num":1000,"min":0.000000000.0,"max":0.000002146,"avg":0.000000340,"var":0.000000000,"sum":0.000339508},"relative_timestamp_from_ult_start":{"num":1000,"min":0.000000238,"max":0.000003338,"avg":0.000000362,"var":0.000000000,"sum":0.000362158}}}}},"14048217247822970879:0:14048217247822970879:0":{"rpc_id":-4398526825886580737,"provider_id":0,"parent_rpc_id":-4398526825886580737,"parent_provider_id":0,"name":"get_file_data","origin":{"sent to ofi+cxi://0x24056200":{"iforward":{"duration":{"num":1000,"min":0.000002861,"max":0.000185728,"avg":0.000006107,"var":0.000000179,"sum":0.006107330},"relative_timestamp_from_create":{"num":1000,"min":0.000000000.0,"max":0.000000477,"avg":0.000000184,"var":0.000000000,"sum":0.000183582}},"forward_cb":{"duration":{"num":1000,"min":0.000000000.0,"max":0.000015736,"avg":0.000000207,"var":0.000000000,"sum":0.000207186},"relative_timestamp_from_iforward_start":{"num":1000,"min":0.007754087,"max":0.214533091,"avg":0.073572944,"var":0.201358291,"sum":73.572943687}},"iforward_wait":{"duration":{"num":1000,"min":0.007751226,"max":0.214526176,"avg":0.073567590,"var":0.201341689,"sum":73.567590237},"relative_timestamp_from_iforward_end":{"num":1000,"min":0.000000000.0,"max":0.000000477,"avg":0.000000247,"var":0.000000000,"sum":0.000247002}},"set_input":{"duration":{"num":1000,"min":0.000000000.0,"max":0.000000715,"avg":0.000000310,"var":0.000000000,"sum":0.000309944},"relative_timestamp_from_iforward_start":{"num":1000,"min":0.000000477,"max":0.000001907,"avg":0.000001094,"var":0.000000000,"sum":0.001094103}},"get_output":{"duration":{"num":1000,"min":0.000227451,"max":0.001642227,"avg":0.000350457,"var":0.000025960,"sum":0.350457430},"relative_timestamp_from_wait_end":{"num":1000,"min":0.000000000.0,"max":0.000001192,"avg":0.000000325,"var":0.000000000,"sum":0.000324726}}}}},"65535:65535:8686831390660034559:65535":{"rpc_id":8686831390660034559,"provider_id":65535,"parent_rpc_id":65535,"parent_provider_id":65535,"name":"__shutdown__","target":{"received from ofi+cxi://0x24014401":{"handler":{"duration":{"num":1,"min":0.000018120,"max":0.000018120,"avg":0.000018120,"var":0.000000000.0,"sum":0.000018120}},"ult":{"duration":{"num":1,"min":0.000019789,"max":0.000019789,"avg":0.000019789,"var":0.000000000.0,"sum":0.000019789},"relative_timestamp_from_handler_start":{"num":1,"min":0.000022411,"max":0.000022411,"avg":0.000022411,"var":0.000000000.0,"sum":0.000022411}},"irespond":{"duration":{"num":1,"min":0.000010252,"max":0.000010252,"avg":0.000010252,"var":0.000000000.0,"sum":0.000010252},"relative_timestamp_from_ult_start":{"num":1,"min":0.000001431,"max":0.000001431,"avg":0.000001431,"var":0.000000000.0,"sum":0.000001431}},"respond_cb":{"duration":{"num":1,"min":0.000000238,"max":0.000000238,"avg":0.000000238,"var":0.000000000.0,"sum":0.000000238},"relative_timestamp_from_irespond_start":{"num":1,"min":0.000015974,"max":0.000015974,"avg":0.000015974,"var":0.000000000.0,"sum":0.000015974}},"irespond_wait":{"duration":{"num":1,"min":0.000006437,"max":0.000006437,"avg":0.000006437,"var":0.000000000.0,"sum":0.000006437},"relative_timestamp_from_irespond_end":{"num":1,"min":0.000000000.0,"max":0.000000000.0,"avg":0.000000000.0,"var":0.000000000.0,"sum":0.000000000.0}},"set_output":{"duration":{"num":1,"min":0.000000715,"max":0.000000715,"avg":0.000000715,"var":0.000000000.0,"sum":0.000000715},"relative_timestamp_from_irespond_start":{"num":1,"min":0.000000954,"max":0.000000954,"avg":0.000000954,"var":0.000000000.0,"sum":0.000000954}},"get_input":{"duration":{"num":0,"min":0.000000000.0,"max":0.000000000.0,"avg":0.000000000.0,"var":0.000000000.0,"sum":0.000000000.0},"relative_timestamp_from_ult_start":{"num":0,"min":0.000000000.0,"max":0.000000000.0,"avg":0.000000000.0,"var":0.000000000.0,"sum":0.000000000.0}}}}}}}