{"address":"","progress_loop":{"progress_with_timeout":{"num":1304,"min":0.000000477,"max":0.104010344,"avg":0.099420923,"var":0.590041156,"sum":129.644883633},"progress_timeout_value_msec":{"num":1304,"min":100.000000000.0,"max":100.000000000.0,"avg":100.000000000.0,"var":0.000000000.0,"sum":130400.000000000.0},"progress_without_timeout":{"num":396699,"min":0.000000000.0,"max":0.000477314,"avg":0.000000131,"var":0.000000238,"sum":0.052092075},"trigger":{"num":22002,"min":0.000000000.0,"max":0.002763033,"avg":0.000000534,"var":0.000011049,"sum":0.011759758}},"rpcs":{"65535:65535:14048217247822970879:0":{"rpc_id":-4398526825886580737,"provider_id":0,"parent_rpc_id":65535,"parent_provider_id":65535,"name":"get_file_data","origin":{"sent to ofi+cxi://0x24032000":{"iforward":{"duration":{"num":1000,"min":0.000000477,"max":0.000030756,"avg":0.000000662,"var":0.000000001,"sum":0.000662327},"relative_timestamp_from_create":{"num":1000,"min":0.000000000.0,"max":0.000004768,"avg":0.000000077,"var":0.000000000,"sum":0.000076771}},"forward_cb":{"duration":{"num":1000,"min":0.000000000.0,"max":0.000002146,"avg":0.000000081,"var":0.000000000,"sum":0.000081062},"relative_timestamp_from_iforward_start":{"num":1000,"min":0.000038147,"max":0.020242453,"avg":0.000176787,"var":0.000582254,"sum":0.176786900}},"iforward_wait":{"duration":{"num":1000,"min":0.000039339,"max":0.020242453,"avg":0.000178501,"var":0.000581811,"sum":0.178500891},"relative_timestamp_from_iforward_end":{"num":1000,"min":0.000000000.0,"max":0.000000238,"avg":0.000000044,"var":0.000000000,"sum":0.000044346}},"set_input":{"duration":{"num":1000,"min":0.000000000.0,"max":0.000004768,"avg":0.000000099,"var":0.000000000,"sum":0.000098944},"relative_timestamp_from_iforward_start":{"num":1000,"min":0.000000238,"max":0.000018835,"avg":0.000000430,"var":0.000000000,"sum":0.000430107}},"get_output":{"duration":{"num":1000,"min":0.000000000.0,"max":0.000000477,"avg":0.000000156,"var":0.000000000,"sum":0.000156403},"relative_timestamp_from_wait_end":{"num":1000,"min":0.000000000.0,"max":0.000002384,"avg":0.000000099,"var":0.000000000,"sum":0.000099421}}}},"target":{"received from ofi+cxi://0x24032000":{"handler":{"duration":{"num":1000,"min":0.000000238,"max":0.000006914,"avg":0.000000364,"var":0.000000000,"sum":0.000364304}},"ult":{"duration":{"num":1000,"min":0.000033617,"max":0.020241261,"avg":0.000174877,"var":0.000581772,"sum":0.174876928},"relative_timestamp_from_handler_start":{"num":1000,"min":0.000000477,"max":0.000015020,"avg":0.000000950,"var":0.000000000,"sum":0.000949860}},"irespond":{"duration":{"num":1000,"min":0.000000238,"max":0.000002861,"avg":0.000000318,"var":0.000000000,"sum":0.000317574},"relative_timestamp_from_ult_start":{"num":1000,"min":0.000029564,"max":0.020239830,"avg":0.000172358,"var":0.000581769,"sum":0.172358274}},"respond_cb":{"duration":{"num":1000,"min":0.000000000.0,"max":0.000002623,"avg":0.000000078,"var":0.000000000,"sum":0.000077724},"relative_timestamp_from_irespond_start":{"num":1000,"min":0.000000477,"max":0.000023127,"avg":0.000001496,"var":0.000000003,"sum":0.001496315}},"irespond_wait":{"duration":{"num":1000,"min":0.000000715,"max":0.000024557,"avg":0.000001953,"var":0.000000003,"sum":0.001953125},"relative_timestamp_from_irespond_end":{"num":1000,"min":0.000000000.0,"max":0.000000238,"avg":0.000000040,"var":0.000000000,"sum":0.000039577}},"set_output":{"duration":{"num":1000,"min":0.000000000.0,"max":0.000000954,"avg":0.000000097,"var":0.000000000,"sum":0.000097036},"relative_timestamp_from_irespond_start":{"num":1000,"min":0.000000000.0,"max":0.000000954,"avg":0.000000086,"var":0.000000000,"sum":0.000086069}},"get_input":{"duration":{"num":1000,"min":0.000000000.0,"max":0.000002146,"avg":0.000000108,"var":0.000000000,"sum":0.000108242},"relative_timestamp_from_ult_start":{"num":1000,"min":0.000000000.0,"max":0.000003338,"avg":0.000000136,"var":0.000000000,"sum":0.000135899}}}}},"14048217247822970879:0:14048217247822970879:0":{"rpc_id":-4398526825886580737,"provider_id":0,"parent_rpc_id":-4398526825886580737,"parent_provider_id":0,"name":"get_file_data","origin":{"sent to ofi+cxi://0x24012400":{"iforward":{"duration":{"num":7000,"min":0.000000715,"max":0.000036955,"avg":0.000001085,"var":0.000000004,"sum":0.007595778},"relative_timestamp_from_create":{"num":7000,"min":0.000000000.0,"max":0.000003099,"avg":0.000000063,"var":0.000000000,"sum":0.000442743}},"forward_cb":{"duration":{"num":7000,"min":0.000000000.0,"max":0.000003099,"avg":0.000000090,"var":0.000000000,"sum":0.000631809},"relative_timestamp_from_iforward_start":{"num":7000,"min":0.000018597,"max":0.020233870,"avg":0.000151108,"var":0.003293063,"sum":1.057756662}},"iforward_wait":{"duration":{"num":7000,"min":0.000017881,"max":0.020232916,"avg":0.000151159,"var":0.003292210,"sum":1.058112383},"relative_timestamp_from_iforward_end":{"num":7000,"min":0.000000000.0,"max":0.000002623,"avg":0.000000183,"var":0.000000000,"sum":0.001279354}},"set_input":{"duration":{"num":7000,"min":0.000000000.0,"max":0.000000715,"avg":0.000000090,"var":0.000000000,"sum":0.000630140},"relative_timestamp_from_iforward_start":{"num":7000,"min":0.000000238,"max":0.000002861,"avg":0.000000364,"var":0.000000000,"sum":0.002545357}},"get_output":{"duration":{"num":7000,"min":0.000000000.0,"max":0.000004292,"avg":0.000000194,"var":0.000000000,"sum":0.001357555},"relative_timestamp_from_wait_end":{"num":7000,"min":0.000000000.0,"max":0.000002861,"avg":0.000000111,"var":0.000000000,"sum":0.000777483}}}},"target":{"received from ofi+cxi://0x24076200":{"handler":{"duration":{"num":3000,"min":0.000000238,"max":0.001847029,"avg":0.000001024,"var":0.000003409,"sum":0.003072977}},"ult":{"duration":{"num":3000,"min":0.000026703,"max":0.016680241,"avg":0.000162271,"var":0.001330919,"sum":0.486813068},"relative_timestamp_from_handler_start":{"num":3000,"min":0.000000477,"max":0.004673958,"avg":0.000005281,"var":0.000051243,"sum":0.015842199}},"irespond":{"duration":{"num":3000,"min":0.000000238,"max":0.000002861,"avg":0.000000352,"var":0.000000000,"sum":0.001056194},"relative_timestamp_from_ult_start":{"num":3000,"min":0.000022650,"max":0.016676188,"avg":0.000155236,"var":0.001331400,"sum":0.465708494}},"respond_cb":{"duration":{"num":3000,"min":0.000000000.0,"max":0.000000238,"avg":0.000000078,"var":0.000000000,"sum":0.000233173},"relative_timestamp_from_irespond_start":{"num":3000,"min":0.000003338,"max":0.000034571,"avg":0.000005569,"var":0.000000021,"sum":0.016705990}},"irespond_wait":{"duration":{"num":3000,"min":0.000003099,"max":0.000048161,"avg":0.000006290,"var":0.000000053,"sum":0.018868923},"relative_timestamp_from_irespond_end":{"num":3000,"min":0.000000000.0,"max":0.000000477,"avg":0.000000180,"var":0.000000000,"sum":0.000541449}},"set_output":{"duration":{"num":3000,"min":0.000000000.0,"max":0.000002623,"avg":0.000000093,"var":0.000000000,"sum":0.000277519},"relative_timestamp_from_irespond_start":{"num":3000,"min":0.000000000.0,"max":0.000000477,"avg":0.000000074,"var":0.000000000,"sum":0.000220537}},"get_input":{"duration":{"num":3000,"min":0.000000000.0,"max":0.000000954,"avg":0.000000118,"var":0.000000000,"sum":0.000354528},"relative_timestamp_from_ult_start":{"num":3000,"min":0.000000000.0,"max":0.000002384,"avg":0.000000129,"var":0.000000000,"sum":0.000387669}}},"received from ofi+cxi://0x24034200":{"handler":{"duration":{"num":3000,"min":0.000000238,"max":0.002762079,"avg":0.000001292,"var":0.000007625,"sum":0.003876925}},"ult":{"duration":{"num":3000,"min":0.000027180,"max":0.016261101,"avg":0.000163135,"var":0.001380271,"sum":0.489404202},"relative_timestamp_from_handler_start":{"num":3000,"min":0.000000477,"max":0.002892017,"avg":0.000004066,"var":0.000024772,"sum":0.012199402}},"irespond":{"duration":{"num":3000,"min":0.000000238,"max":0.000003815,"avg":0.000000349,"var":0.000000000,"sum":0.001046658},"relative_timestamp_from_ult_start":{"num":3000,"min":0.000023365,"max":0.016257763,"avg":0.000156198,