{"address":"","progress_loop":{"progress_with_timeout":{"num":2204,"min":0.000000000.0,"max":0.104061127,"avg":0.056840652,"var":5.904964551,"sum":125.276797295},"progress_timeout_value_msec":{"num":2204,"min":100.000000000.0,"max":100.000000000.0,"avg":100.000000000.0,"var":0.000000000.0,"sum":220400.000000000.0},"progress_without_timeout":{"num":15989768,"min":0.000000000.0,"max":0.000110388,"avg":0.000000112,"var":0.000000354,"sum":1.783328056},"trigger":{"num":5002,"min":0.000000000.0,"max":0.000018597,"avg":0.000000448,"var":0.000000003,"sum":0.002238989}},"rpcs":{"65535:65535:14048217247822970879:0":{"rpc_id":-4398526825886580737,"provider_id":0,"parent_rpc_id":65535,"parent_provider_id":65535,"name":"get_file_data","origin":{"sent to ofi+cxi://0x24096600":{"iforward":{"duration":{"num":1000,"min":0.000000477,"max":0.000025749,"avg":0.000000745,"var":0.000000001,"sum":0.000745296},"relative_timestamp_from_create":{"num":1000,"min":0.000000000.0,"max":0.000003099,"avg":0.000000119,"var":0.000000000,"sum":0.000119448}},"forward_cb":{"duration":{"num":1000,"min":0.000000000.0,"max":0.000000238,"avg":0.000000084,"var":0.000000000,"sum":0.000083685},"relative_timestamp_from_iforward_start":{"num":1000,"min":0.000933886,"max":0.018900156,"avg":0.004550646,"var":0.000457939,"sum":4.550646305}},"iforward_wait":{"duration":{"num":1000,"min":0.000933886,"max":0.018892765,"avg":0.004550724,"var":0.000457708,"sum":4.550723553},"relative_timestamp_from_iforward_end":{"num":1000,"min":0.000000000.0,"max":0.000000238,"avg":0.000000041,"var":0.000000000,"sum":0.000040770}},"set_input":{"duration":{"num":1000,"min":0.000000000.0,"max":0.000003815,"avg":0.000000157,"var":0.000000000,"sum":0.000156641},"relative_timestamp_from_iforward_start":{"num":1000,"min":0.000000238,"max":0.000016212,"avg":0.000000449,"var":0.000000000,"sum":0.000448704}},"get_output":{"duration":{"num":1000,"min":0.000005245,"max":0.000036240,"avg":0.000005356,"var":0.000000001,"sum":0.005355835},"relative_timestamp_from_wait_end":{"num":1000,"min":0.000000000.0,"max":0.000000238,"avg":0.000000100,"var":0.000000000,"sum":0.000100374}}}},"target":{"received from ofi+cxi://0x24096600":{"handler":{"duration":{"num":1000,"min":0.000000238,"max":0.000004053,"avg":0.000000343,"var":0.000000000,"sum":0.000343323}},"ult":{"duration":{"num":1000,"min":0.000932693,"max":0.018412113,"avg":0.004548867,"var":0.000444123,"sum":4.548866987},"relative_timestamp_from_handler_start":{"num":1000,"min":0.000000477,"max":0.000468731,"avg":0.000001067,"var":0.000000219,"sum":0.001067162}},"irespond":{"duration":{"num":1000,"min":0.000049829,"max":0.000088930,"avg":0.000068380,"var":0.000000029,"sum":0.068380356},"relative_timestamp_from_ult_start":{"num":1000,"min":0.000871897,"max":0.018306255,"avg":0.004479090,"var":0.000442552,"sum":4.479089975}},"respond_cb":{"duration":{"num":1000,"min":0.000000000.0,"max":0.000000238,"avg":0.000000072,"var":0.000000000,"sum":0.000072002},"relative_timestamp_from_irespond_start":{"num":1000,"min":0.000050306,"max":0.000089407,"avg":0.000068846,"var":0.000000029,"sum":0.068846226}},"irespond_wait":{"duration":{"num":1000,"min":0.000000715,"max":0.000001907,"avg":0.000000996,"var":0.000000000,"sum":0.000995874},"relative_timestamp_from_irespond_end":{"num":1000,"min":0.000000000.0,"max":0.000000238,"avg":0.000000058,"var":0.000000000,"sum":0.000057697}},"set_output":{"duration":{"num":1000,"min":0.000039339,"max":0.000073433,"avg":0.000049242,"var":0.000000029,"sum":0.049242496},"relative_timestamp_from_irespond_start":{"num":1000,"min":0.000000000.0,"max":0.000000954,"avg":0.000000093,"var":0.000000000,"sum":0.000092506}},"get_input":{"duration":{"num":1000,"min":0.000000000.0,"max":0.000002384,"avg":0.000000114,"var":0.000000000,"sum":0.000113964},"relative_timestamp_from_ult_start":{"num":1000,"min":0.000000000.0,"max":0.000005722,"avg":0.000000133,"var":0.000000000,"sum":0.000132799}}}}},"14048217247822970879:0:14048217247822970879:0":{"rpc_id":-4398526825886580737,"provider_id":0,"parent_rpc_id":-4398526825886580737,"parent_provider_id":0,"name":"get_file_data","origin":{"sent to ofi+cxi://0x24050400":{"iforward":{"duration":{"num":1000,"min":0.000001431,"max":0.000032425,"avg":0.000002404,"var":0.000000013,"sum":0.002404451},"relative_timestamp_from_create":{"num":1000,"min":0.000000000.0,"max":0.000000477,"avg":0.000000106,"var":0.000000000,"sum":0.000105858}},"forward_cb":{"duration":{"num":1000,"min":0.000000000.0,"max":0.000001192,"avg":0.000000088,"var":0.000000000,"sum":0.000088453},"relative_timestamp_from_iforward_start":{"num":1000,"min":0.000853062,"max":0.018144369,"avg":0.004458367,"var":0.000436625,"sum":4.458367109}},"iforward_wait":{"duration":{"num":1000,"min":0.000851393,"max":0.018115759,"avg":0.004456181,"var":0.000435379,"sum":4.456181288},"relative_timestamp_from_iforward_end":{"num":1000,"min":0.000000000.0,"max":0.000000238,"avg":0.000000181,"var":0.000000000,"sum":0.000180960}},"set_input":{"duration":{"num":1000,"min":0.000000000.0,"max":0.000000477,"avg":0.000000152,"var":0.000000000,"sum":0.000152349},"relative_timestamp_from_iforward_start":{"num":1000,"min":0.000000238,"max":0.000002146,"avg":0.000000676,"var":0.000000000,"sum":0.000676155}},"get_output":{"duration":{"num":1000,"min":0.000006676,"max":0.000067949,"avg":0.000007667,"var":0.000000014,"sum":0.007666588},"relative_timestamp_from_wait_end":{"num":1000,"min":0.000000000.0,"max":0.000019789,"avg":0.000000211,"var":0.000000001,"sum":0.000211000}}}}},"65535:65535:8686831390660034559:65535":{"rpc_id":8686831390660034559,"provider_id":65535,"parent_rpc_id":65535,"parent_provider_id":65535,"name":"__shutdown__","target":{"received from ofi+cxi://0x24014401":{"handler":{"duration":{"num":1,"min":0.000011921,"max":0.000011921,"avg":0.000011921,"var":0.000000000.0,"sum":0.000011921}},"ult":{"duration":{"num":1,"min":0.000015497,"max":0.000015497,"avg":0.000015497,"var":0.000000000.0,"sum":0.000015497},"relative_timestamp_from_handler_start":{"num":1,"min":0.000015259,"max":0.000015259,"avg":0.000015259,"var":0.000000000.0,"sum":0.000015259}},"irespond":{"duration":{"num":1,"min":0.000006914,"max":0.000006914,"avg":0.000006914,"var":0.000000000.0,"sum":0.000006914},"relative_timestamp_from_ult_start":{"num":1,"min":0.000000954,"max":0.000000954,"avg":0.000000954,"var":0.000000000.0,"sum":0.000000954}},"respond_cb":{"duration":{"num":1,"min":0.000000238,"max":0.000000238,"avg":0.000000238,"var":0.000000000.0,"sum":0.000000238},"relative_timestamp_from_irespond_start":{"num":1,"min":0.000012398,"max":0.000012398,"avg":0.000012398,"var":0.000000000.0,"sum":0.000012398}},"irespond_wait":{"duration":{"num":1,"min":0.000005960,"max":0.000005960,"avg":0.000005960,"var":0.000000000.0,"sum":0.000005960},"relative_timestamp_from_irespond_end":{"num":1,"min":0.000000238,"max":0.000000238,"avg":0.000000238,"var":0.000000000.0,"sum":0.000000238}},"set_output":{"duration":{"num":1,"min":0.000000477,"max":0.000000477,"avg":0.000000477,"var":0.000000000.0,"sum":0.000000477},"relative_timestamp_from_irespond_start":{"num":1,"min":0.000000715,"max":0.000000715,"avg":0.000000715,"var":0.000000000.0,"sum":0.000000715}},"get_input":{"duration":{"num":0,"min":0.000000000.0,"max":0.000000000.0,"avg":0.000000000.0,"var":0.000000000.0,"sum":0.000000000.0},"relative_timestamp_from_ult_start":{"num":0,"min":0.000000000.0,"max":0.000000000.0,"avg":0.000000000.0,"var":0.000000000.0,"sum":0.000000000.0}}}}}}}