{"address":"","progress_loop":{"progress_with_timeout":{"num":2240,"min":0.000000000.0,"max":0.104009867,"avg":0.057607495,"var":5.984607076,"sum":129.040787935},"progress_timeout_value_msec":{"num":2240,"min":100.000000000.0,"max":100.000000000.0,"avg":100.000000000.0,"var":0.000000000.0,"sum":224000.000000000.0},"progress_without_timeout":{"num":2775385,"min":0.000000000.0,"max":0.000063896,"avg":0.000000113,"var":0.000000055,"sum":0.314565420},"trigger":{"num":5002,"min":0.000000000.0,"max":0.000023603,"avg":0.000000421,"var":0.000000002,"sum":0.002104282}},"rpcs":{"65535:65535:14048217247822970879:0":{"rpc_id":-4398526825886580737,"provider_id":0,"parent_rpc_id":65535,"parent_provider_id":65535,"name":"get_file_data","origin":{"sent to ofi+cxi://0x24096600":{"iforward":{"duration":{"num":1000,"min":0.000000477,"max":0.000025749,"avg":0.000000667,"var":0.000000001,"sum":0.000667334},"relative_timestamp_from_create":{"num":1000,"min":0.000000000.0,"max":0.000003099,"avg":0.000000077,"var":0.000000000,"sum":0.000077009}},"forward_cb":{"duration":{"num":1000,"min":0.000000000.0,"max":0.000000238,"avg":0.000000080,"var":0.000000000,"sum":0.000079870},"relative_timestamp_from_iforward_start":{"num":1000,"min":0.000118256,"max":0.017306805,"avg":0.000796426,"var":0.000452215,"sum":0.796425819}},"iforward_wait":{"duration":{"num":1000,"min":0.000118732,"max":0.017284393,"avg":0.000796448,"var":0.000451458,"sum":0.796447515},"relative_timestamp_from_iforward_end":{"num":1000,"min":0.000000000.0,"max":0.000000477,"avg":0.000000042,"var":0.000000000,"sum":0.000041962}},"set_input":{"duration":{"num":1000,"min":0.000000000.0,"max":0.000004053,"avg":0.000000103,"var":0.000000000,"sum":0.000103235},"relative_timestamp_from_iforward_start":{"num":1000,"min":0.000000238,"max":0.000015736,"avg":0.000000431,"var":0.000000000,"sum":0.000430584}},"get_output":{"duration":{"num":1000,"min":0.000000477,"max":0.000001431,"avg":0.000000760,"var":0.000000000,"sum":0.000760078},"relative_timestamp_from_wait_end":{"num":1000,"min":0.000000000.0,"max":0.000000238,"avg":0.000000097,"var":0.000000000,"sum":0.000097275}}}},"target":{"received from ofi+cxi://0x24096600":{"handler":{"duration":{"num":1000,"min":0.000000238,"max":0.000006199,"avg":0.000000336,"var":0.000000000,"sum":0.000336409}},"ult":{"duration":{"num":1000,"min":0.000117302,"max":0.017261028,"avg":0.000795129,"var":0.000450688,"sum":0.795128822},"relative_timestamp_from_handler_start":{"num":1000,"min":0.000000477,"max":0.000012875,"avg":0.000000594,"var":0.000000000,"sum":0.000593662}},"irespond":{"duration":{"num":1000,"min":0.000000715,"max":0.000024796,"avg":0.000002844,"var":0.000000024,"sum":0.002843618},"relative_timestamp_from_ult_start":{"num":1000,"min":0.000114679,"max":0.017234087,"avg":0.000791026,"var":0.000449199,"sum":0.791025877}},"respond_cb":{"duration":{"num":1000,"min":0.000000000.0,"max":0.000000238,"avg":0.000000075,"var":0.000000000,"sum":0.000074863},"relative_timestamp_from_irespond_start":{"num":1000,"min":0.000001192,"max":0.000025272,"avg":0.000003292,"var":0.000000024,"sum":0.003291845}},"irespond_wait":{"duration":{"num":1000,"min":0.000000715,"max":0.000002146,"avg":0.000000961,"var":0.000000000,"sum":0.000960588},"relative_timestamp_from_irespond_end":{"num":1000,"min":0.000000000.0,"max":0.000000238,"avg":0.000000051,"var":0.000000000,"sum":0.000051498}},"set_output":{"duration":{"num":1000,"min":0.000000238,"max":0.000017643,"avg":0.000001466,"var":0.000000009,"sum":0.001465559},"relative_timestamp_from_irespond_start":{"num":1000,"min":0.000000000.0,"max":0.000000715,"avg":0.000000081,"var":0.000000000,"sum":0.000081062}},"get_input":{"duration":{"num":1000,"min":0.000000000.0,"max":0.000001907,"avg":0.000000109,"var":0.000000000,"sum":0.000108957},"relative_timestamp_from_ult_start":{"num":1000,"min":0.000000000.0,"max":0.000002384,"avg":0.000000140,"var":0.000000000,"sum":0.000140429}}}}},"14048217247822970879:0:14048217247822970879:0":{"rpc_id":-4398526825886580737,"provider_id":0,"parent_rpc_id":-4398526825886580737,"parent_provider_id":0,"name":"get_file_data","origin":{"sent to ofi+cxi://0x24050400":{"iforward":{"duration":{"num":1000,"min":0.000000954,"max":0.000032425,"avg":0.000001492,"var":0.000000002,"sum":0.001492023},"relative_timestamp_from_create":{"num":1000,"min":0.000000000.0,"max":0.000000238,"avg":0.000000070,"var":0.000000000,"sum":0.000070095}},"forward_cb":{"duration":{"num":1000,"min":0.000000000.0,"max":0.000000715,"avg":0.000000080,"var":0.000000000,"sum":0.000079632},"relative_timestamp_from_iforward_start":{"num":1000,"min":0.000107288,"max":0.017123699,"avg":0.000782883,"var":0.000445665,"sum":0.782883406}},"iforward_wait":{"duration":{"num":1000,"min":0.000106096,"max":0.017094851,"avg":0.000781554,"var":0.000444467,"sum":0.781554222},"relative_timestamp_from_iforward_end":{"num":1000,"min":0.000000000.0,"max":0.000000477,"avg":0.000000238,"var":0.000000000,"sum":0.000237703}},"set_input":{"duration":{"num":1000,"min":0.000000000.0,"max":0.000000477,"avg":0.000000098,"var":0.000000000,"sum":0.000097990},"relative_timestamp_from_iforward_start":{"num":1000,"min":0.000000238,"max":0.000001907,"avg":0.000000376,"var":0.000000000,"sum":0.000375986}},"get_output":{"duration":{"num":1000,"min":0.000000715,"max":0.000018597,"avg":0.000001332,"var":0.000000001,"sum":0.001332283},"relative_timestamp_from_wait_end":{"num":1000,"min":0.000000000.0,"max":0.000004768,"avg":0.000000125,"var":0.000000000,"sum":0.000124931}}}}},"65535:65535:8686831390660034559:65535":{"rpc_id":8686831390660034559,"provider_id":65535,"parent_rpc_id":65535,"parent_provider_id":65535,"name":"__shutdown__","target":{"received from ofi+cxi://0x24014401":{"handler":{"duration":{"num":1,"min":0.000016212,"max":0.000016212,"avg":0.000016212,"var":0.000000000.0,"sum":0.000016212}},"ult":{"duration":{"num":1,"min":0.000016212,"max":0.000016212,"avg":0.000016212,"var":0.000000000.0,"sum":0.000016212},"relative_timestamp_from_handler_start":{"num":1,"min":0.000019312,"max":0.000019312,"avg":0.000019312,"var":0.000000000.0,"sum":0.000019312}},"irespond":{"duration":{"num":1,"min":0.000007391,"max":0.000007391,"avg":0.000007391,"var":0.000000000.0,"sum":0.000007391},"relative_timestamp_from_ult_start":{"num":1,"min":0.000001192,"max":0.000001192,"avg":0.000001192,"var":0.000000000.0,"sum":0.000001192}},"respond_cb":{"duration":{"num":1,"min":0.000000238,"max":0.000000238,"avg":0.000000238,"var":0.000000000.0,"sum":0.000000238},"relative_timestamp_from_irespond_start":{"num":1,"min":0.000012875,"max":0.000012875,"avg":0.000012875,"var":0.000000000.0,"sum":0.000012875}},"irespond_wait":{"duration":{"num":1,"min":0.000006199,"max":0.000006199,"avg":0.000006199,"var":0.000000000.0,"sum":0.000006199},"relative_timestamp_from_irespond_end":{"num":1,"min":0.000000000.0,"max":0.000000000.0,"avg":0.000000000.0,"var":0.000000000.0,"sum":0.000000000.0}},"set_output":{"duration":{"num":1,"min":0.000000477,"max":0.000000477,"avg":0.000000477,"var":0.000000000.0,"sum":0.000000477},"relative_timestamp_from_irespond_start":{"num":1,"min":0.000000715,"max":0.000000715,"avg":0.000000715,"var":0.000000000.0,"sum":0.000000715}},"get_input":{"duration":{"num":0,"min":0.000000000.0,"max":0.000000000.0,"avg":0.000000000.0,"var":0.000000000.0,"sum":0.000000000.0},"relative_timestamp_from_ult_start":{"num":0,"min":0.000000000.0,"max":0.000000000.0,"avg":0.000000000.0,"var":0.000000000.0,"sum":0.000000000.0}}}}}}}