{"address":"","progress_loop":{"progress_with_timeout":{"num":911,"min":0.043380976,"max":0.104009151,"avg":0.103924855,"var":0.003699092,"sum":94.675543070},"progress_timeout_value_msec":{"num":911,"min":100.000000000.0,"max":100.000000000.0,"avg":100.000000000.0,"var":0.000000000.0,"sum":91100.000000000.0},"progress_without_timeout":{"num":446584290,"min":0.000000000.0,"max":0.001835585,"avg":0.000000112,"var":0.000120285,"sum":50.177328825},"trigger":{"num":29002,"min":0.000000000.0,"max":0.002932310,"avg":0.000001460,"var":0.000012519,"sum":0.042357206}},"rpcs":{"65535:65535:14048217247822970879:0":{"rpc_id":-4398526825886580737,"provider_id":0,"parent_rpc_id":65535,"parent_provider_id":65535,"name":"get_file_data","origin":{"sent to ofi+cxi://0x24074600":{"iforward":{"duration":{"num":1000,"min":0.000001669,"max":0.000032902,"avg":0.000002770,"var":0.000000001,"sum":0.002770185},"relative_timestamp_from_create":{"num":1000,"min":0.000000000.0,"max":0.000004053,"avg":0.000000188,"var":0.000000000,"sum":0.000188112}},"forward_cb":{"duration":{"num":1000,"min":0.000000000.0,"max":0.000000715,"avg":0.000000350,"var":0.000000000,"sum":0.000349522},"relative_timestamp_from_iforward_start":{"num":1000,"min":0.064570904,"max":0.245939255,"avg":0.132789163,"var":0.109443378,"sum":132.789163351}},"iforward_wait":{"duration":{"num":1000,"min":0.064565420,"max":0.245939493,"avg":0.132790571,"var":0.109435226,"sum":132.790570736},"relative_timestamp_from_iforward_end":{"num":1000,"min":0.000000000.0,"max":0.000000477,"avg":0.000000141,"var":0.000000000,"sum":0.000140667}},"set_input":{"duration":{"num":1000,"min":0.000000238,"max":0.000005245,"avg":0.000000527,"var":0.000000000,"sum":0.000527143},"relative_timestamp_from_iforward_start":{"num":1000,"min":0.000000954,"max":0.000019550,"avg":0.000001744,"var":0.000000000,"sum":0.001743555}},"get_output":{"duration":{"num":1000,"min":0.000466347,"max":0.001758814,"avg":0.000859329,"var":0.000106946,"sum":0.859329462},"relative_timestamp_from_wait_end":{"num":1000,"min":0.000000238,"max":0.000001192,"avg":0.000000506,"var":0.000000000,"sum":0.000505924}}}},"target":{"received from ofi+cxi://0x24074600":{"handler":{"duration":{"num":1000,"min":0.000000477,"max":0.000007629,"avg":0.000000919,"var":0.000000000,"sum":0.000918627}},"ult":{"duration":{"num":1000,"min":0.064552307,"max":0.245934725,"avg":0.132784222,"var":0.109447399,"sum":132.784221888},"relative_timestamp_from_handler_start":{"num":1000,"min":0.000001192,"max":0.000015736,"avg":0.000001703,"var":0.000000001,"sum":0.001702547}},"irespond":{"duration":{"num":1000,"min":0.000277758,"max":0.002576828,"avg":0.000540085,"var":0.000133521,"sum":0.540084839},"relative_timestamp_from_ult_start":{"num":1000,"min":0.064131260,"max":0.244177818,"avg":0.132238457,"var":0.109279673,"sum":132.238457441}},"respond_cb":{"duration":{"num":1000,"min":0.000000000.0,"max":0.000000715,"avg":0.000000171,"var":0.000000000,"sum":0.000171185},"relative_timestamp_from_irespond_start":{"num":1000,"min":0.000279427,"max":0.002591848,"avg":0.000542617,"var":0.000133702,"sum":0.542617321}},"irespond_wait":{"duration":{"num":1000,"min":0.000002623,"max":0.000029564,"avg":0.000004324,"var":0.000000003,"sum":0.004324198},"relative_timestamp_from_irespond_end":{"num":1000,"min":0.000000000.0,"max":0.000000477,"avg":0.000000112,"var":0.000000000,"sum":0.000111818}},"set_output":{"duration":{"num":1000,"min":0.000274897,"max":0.002300024,"avg":0.000523480,"var":0.000101630,"sum":0.523480177},"relative_timestamp_from_irespond_start":{"num":1000,"min":0.000000000.0,"max":0.000002146,"avg":0.000000362,"var":0.000000000,"sum":0.000361681}},"get_input":{"duration":{"num":1000,"min":0.000000000.0,"max":0.000002146,"avg":0.000000329,"var":0.000000000,"sum":0.000329018},"relative_timestamp_from_ult_start":{"num":1000,"min":0.000000000.0,"max":0.000004292,"avg":0.000000356,"var":0.000000000,"sum":0.000355959}}}}},"14048217247822970879:0:14048217247822970879:0":{"rpc_id":-4398526825886580737,"provider_id":0,"parent_rpc_id":-4398526825886580737,"parent_provider_id":0,"name":"get_file_data","origin":{"sent to ofi+cxi://0x24050000":{"iforward":{"duration":{"num":7000,"min":0.000001669,"max":0.000176191,"avg":0.000003956,"var":0.000000251,"sum":0.027692080},"relative_timestamp_from_create":{"num":7000,"min":0.000000000.0,"max":0.000001431,"avg":0.000000204,"var":0.000000000,"sum":0.001428843}},"forward_cb":{"duration":{"num":7000,"min":0.000000000.0,"max":0.000025749,"avg":0.000000494,"var":0.000000014,"sum":0.003457785},"relative_timestamp_from_iforward_start":{"num":7000,"min":0.029869080,"max":0.259424448,"avg":0.128897595,"var":0.827912823,"sum":902.283165455}},"iforward_wait":{"duration":{"num":7000,"min":0.029865503,"max":0.259422302,"avg":0.128894969,"var":0.827814603,"sum":902.264779806},"relative_timestamp_from_iforward_end":{"num":7000,"min":0.000000000.0,"max":0.000001431,"avg":0.000000265,"var":0.000000000,"sum":0.001855850}},"set_input":{"duration":{"num":7000,"min":0.000000000.0,"max":0.000001192,"avg":0.000000466,"var":0.000000000,"sum":0.003261566},"relative_timestamp_from_iforward_start":{"num":7000,"min":0.000000238,"max":0.000003576,"avg":0.000001027,"var":0.000000001,"sum":0.007188320}},"get_output":{"duration":{"num":7000,"min":0.000460863,"max":0.002444029,"avg":0.000787005,"var":0.000454784,"sum":5.509032249},"relative_timestamp_from_wait_end":{"num":7000,"min":0.000000000.0,"max":0.000001192,"avg":0.000000415,"var":0.000000000,"sum":0.002906799}}}},"target":{"received from ofi+cxi://0x24030000":{"handler":{"duration":{"num":3000,"min":0.000000238,"max":0.001963377,"avg":0.000002129,"var":0.000003849,"sum":0.006386042}},"ult":{"duration":{"num":3000,"min":0.032412291,"max":0.260913372,"avg":0.130414200,"var":0.389344300,"sum":391.242599726},"relative_timestamp_from_handler_start":{"num":3000,"min":0.000000477,"max":0.001964808,"avg":0.000002828,"var":0.000003905,"sum":0.008483648}},"irespond":{"duration":{"num":3000,"min":0.000278473,"max":0.003079891,"avg":0.000582329,"var":0.000484348,"sum":1.746986628},"relative_timestamp_from_ult_start":{"num":3000,"min":0.030593395,"max":0.260128975,"avg":0.129475781,"var":0.373095493,"sum":388.427343845}},"respond_cb":{"duration":{"num":3000,"min":0.000000000.0,"max":0.000021219,"avg":0.000000169,"var":0.000000000,"sum":0.000506878},"relative_timestamp_from_irespond_start":{"num":3000,"min":0.000468254,"max":0.086719513,"avg":0.000936787,"var":0.016097131,"sum":2.810359716}},"irespond_wait":{"duration":{"num":3000,"min":0.000189066,"max":0.086208105,"avg":0.000354492,"var":0.015287210,"sum":1.063475609},"relative_timestamp_from_irespond_end":{"num":3000,"min":0.000000000.0,"max":0.000001192,"avg":0.000000598,"var":0.000000000,"sum":0.001794338}},"set_output":{"duration":{"num":3000,"min":0.000274420,"max":0.002261877,"avg":0.000560113,"var":0.000356509,"sum":1.680339575},"relative_timestamp_from_irespond_start":{"num":3000,"min":0.000000000.0,"max":0.000002146,"avg":0.000000284,"var":0.000000000,"sum":0.000850677}},"get_input":{"duration":{"num":3000,"min":0.000000000.0,"max":0.000000954,"avg":0.000000319,"var":0.000000000,"sum":0.000956535},"relative_timestamp_from_ult_start":{"num":3000,"min":0.000000000.0,"max":0.000001431,"avg":0.000000303,"var":0.000000000,"sum":0.000909090}}},"received from ofi+cxi://0x24054200":{"handler":{"duration":{"num":3000,"min":0.000000238,"max":0.002931118,"avg":0.000002477,"var":0.000008581,"sum":0.007431030}},"ult":{"duration":{"num":3000,"min":0.033162832,"max":0.253567696,"avg":0.130328925,"var":0.363291810,"sum":390.986774445},"relative_timestamp_from_handler_start":{"num":3000,"min":0.000000477,"max":0.002932549,"avg":0.000003047,"var":0.000008601,"sum":0.009142399}},"irespond":{"duration":{"num":3000,"min":0.000280619,"max":0.002807856,"avg":0.000577187,"var":0.000499704,"sum":1.731559753},"relative_timestamp_from_ult_start":{"num":3000,"min":0.031219006,"max":0.252445459,"avg":0.129189916,