{"address":"","progress_loop":{"progress_with_timeout":{"num":1368,"min":0.000000238,"max":0.104009628,"avg":0.094737522,"var":1.197809509,"sum":129.600929499},"progress_timeout_value_msec":{"num":1368,"min":100.000000000.0,"max":100.000000000.0,"avg":100.000000000.0,"var":0.000000000.0,"sum":136800.000000000.0},"progress_without_timeout":{"num":529427,"min":0.000000000.0,"max":0.000011683,"avg":0.000000118,"var":0.000000011,"sum":0.062685251},"trigger":{"num":10002,"min":0.000000000.0,"max":0.002071142,"avg":0.000000515,"var":0.000004289,"sum":0.005155087}},"rpcs":{"65535:65535:14048217247822970879:0":{"rpc_id":-4398526825886580737,"provider_id":0,"parent_rpc_id":65535,"parent_provider_id":65535,"name":"get_file_data","origin":{"sent to ofi+cxi://0x24076200":{"iforward":{"duration":{"num":1000,"min":0.000000477,"max":0.000030518,"avg":0.000000635,"var":0.000000001,"sum":0.000635386},"relative_timestamp_from_create":{"num":1000,"min":0.000000000.0,"max":0.000003815,"avg":0.000000075,"var":0.000000000,"sum":0.000074863}},"forward_cb":{"duration":{"num":1000,"min":0.000000000.0,"max":0.000002623,"avg":0.000000082,"var":0.000000000,"sum":0.000082254},"relative_timestamp_from_iforward_start":{"num":1000,"min":0.000041008,"max":0.047646999,"avg":0.000173752,"var":0.002578161,"sum":0.173751831}},"iforward_wait":{"duration":{"num":1000,"min":0.000041485,"max":0.047620535,"avg":0.000174258,"var":0.002575583,"sum":0.174257517},"relative_timestamp_from_iforward_end":{"num":1000,"min":0.000000000.0,"max":0.000000238,"avg":0.000000043,"var":0.000000000,"sum":0.000043392}},"set_input":{"duration":{"num":1000,"min":0.000000000.0,"max":0.000005245,"avg":0.000000098,"var":0.000000000,"sum":0.000098228},"relative_timestamp_from_iforward_start":{"num":1000,"min":0.000000238,"max":0.000017881,"avg":0.000000411,"var":0.000000000,"sum":0.000410795}},"get_output":{"duration":{"num":1000,"min":0.000000000.0,"max":0.000000238,"avg":0.000000105,"var":0.000000000,"sum":0.000105143},"relative_timestamp_from_wait_end":{"num":1000,"min":0.000000000.0,"max":0.000000238,"avg":0.000000099,"var":0.000000000,"sum":0.000098944}}}},"target":{"received from ofi+cxi://0x24076200":{"handler":{"duration":{"num":1000,"min":0.000000238,"max":0.000007391,"avg":0.000000337,"var":0.000000000,"sum":0.000337362}},"ult":{"duration":{"num":1000,"min":0.000040054,"max":0.047590256,"avg":0.000172379,"var":0.002572898,"sum":0.172378540},"relative_timestamp_from_handler_start":{"num":1000,"min":0.000000477,"max":0.000015497,"avg":0.000000681,"var":0.000000000,"sum":0.000680685}},"irespond":{"duration":{"num":1000,"min":0.000000238,"max":0.000002384,"avg":0.000000287,"var":0.000000000,"sum":0.000287294},"relative_timestamp_from_ult_start":{"num":1000,"min":0.000037909,"max":0.047584295,"avg":0.000170691,"var":0.002572503,"sum":0.170691252}},"respond_cb":{"duration":{"num":1000,"min":0.000000000.0,"max":0.000000477,"avg":0.000000079,"var":0.000000000,"sum":0.000078917},"relative_timestamp_from_irespond_start":{"num":1000,"min":0.000000477,"max":0.000006437,"avg":0.000000835,"var":0.000000000,"sum":0.000834703}},"irespond_wait":{"duration":{"num":1000,"min":0.000000715,"max":0.000006914,"avg":0.000001131,"var":0.000000000,"sum":0.001131058},"relative_timestamp_from_irespond_end":{"num":1000,"min":0.000000000.0,"max":0.000000238,"avg":0.000000045,"var":0.000000000,"sum":0.000045300}},"set_output":{"duration":{"num":1000,"min":0.000000000.0,"max":0.000000477,"avg":0.000000087,"var":0.000000000,"sum":0.000087261},"relative_timestamp_from_irespond_start":{"num":1000,"min":0.000000000.0,"max":0.000000954,"avg":0.000000079,"var":0.000000000,"sum":0.000079393}},"get_input":{"duration":{"num":1000,"min":0.000000000.0,"max":0.000002146,"avg":0.000000102,"var":0.000000000,"sum":0.000102282},"relative_timestamp_from_ult_start":{"num":1000,"min":0.000000000.0,"max":0.000003815,"avg":0.000000139,"var":0.000000000,"sum":0.000139236}}}}},"14048217247822970879:0:14048217247822970879:0":{"rpc_id":-4398526825886580737,"provider_id":0,"parent_rpc_id":-4398526825886580737,"parent_provider_id":0,"name":"get_file_data","origin":{"sent to ofi+cxi://0x24032000":{"iforward":{"duration":{"num":3000,"min":0.000000715,"max":0.000032902,"avg":0.000001148,"var":0.000000003,"sum":0.003442764},"relative_timestamp_from_create":{"num":3000,"min":0.000000000.0,"max":0.000000238,"avg":0.000000060,"var":0.000000000,"sum":0.000180960}},"forward_cb":{"duration":{"num":3000,"min":0.000000000.0,"max":0.000002623,"avg":0.000000091,"var":0.000000000,"sum":0.000273943},"relative_timestamp_from_iforward_start":{"num":3000,"min":0.000029564,"max":0.047492981,"avg":0.000132894,"var":0.003474439,"sum":0.398683071}},"iforward_wait":{"duration":{"num":3000,"min":0.000028610,"max":0.047464848,"avg":0.000132121,"var":0.003471364,"sum":0.396361589},"relative_timestamp_from_iforward_end":{"num":3000,"min":0.000000000.0,"max":0.000000477,"avg":0.000000201,"var":0.000000000,"sum":0.000602722}},"set_input":{"duration":{"num":3000,"min":0.000000000.0,"max":0.000000477,"avg":0.000000091,"var":0.000000000,"sum":0.000273705},"relative_timestamp_from_iforward_start":{"num":3000,"min":0.000000238,"max":0.000003338,"avg":0.000000364,"var":0.000000000,"sum":0.001091719}},"get_output":{"duration":{"num":3000,"min":0.000000000.0,"max":0.000002384,"avg":0.000000104,"var":0.000000000,"sum":0.000312328},"relative_timestamp_from_wait_end":{"num":3000,"min":0.000000000.0,"max":0.000002623,"avg":0.000000107,"var":0.000000000,"sum":0.000321627}}}},"target":{"received from ofi+cxi://0x24076600":{"handler":{"duration":{"num":1000,"min":0.000000238,"max":0.000003815,"avg":0.000000378,"var":0.000000000,"sum":0.000378370}},"ult":{"duration":{"num":1000,"min":0.000038147,"max":0.016057730,"avg":0.000133492,"var":0.000539704,"sum":0.133491993},"relative_timestamp_from_handler_start":{"num":1000,"min":0.000000477,"max":0.000012398,"avg":0.000001037,"var":0.000000002,"sum":0.001037359}},"irespond":{"duration":{"num":1000,"min":0.000000238,"max":0.000003815,"avg":0.000000347,"var":0.000000000,"sum":0.000346661},"relative_timestamp_from_ult_start":{"num":1000,"min":0.000033379,"max":0.016049385,"avg":0.000129190,"var":0.000539228,"sum":0.129189968}},"respond_cb":{"duration":{"num":1000,"min":0.000000000.0,"max":0.000000477,"avg":0.000000076,"var":0.000000000,"sum":0.000076294},"relative_timestamp_from_irespond_start":{"num":1000,"min":0.000002623,"max":0.000053883,"avg":0.000003648,"var":0.000000004,"sum":0.003648043}},"irespond_wait":{"duration":{"num":1000,"min":0.000002384,"max":0.000059366,"avg":0.000003561,"var":0.000000007,"sum":0.003560543},"relative_timestamp_from_irespond_end":{"num":1000,"min":0.000000000.0,"max":0.000000238,"avg":0.000000198,"var":0.000000000,"sum":0.000197649}},"set_output":{"duration":{"num":1000,"min":0.000000000.0,"max":0.000000715,"avg":0.000000088,"var":0.000000000,"sum":0.000087976},"relative_timestamp_from_irespond_start":{"num":1000,"min":0.000000000.0,"max":0.000000715,"avg":0.000000079,"var":0.000000000,"sum":0.000078678}},"get_input":{"duration":{"num":1000,"min":0.000000000.0,"max":0.000000477,"avg":0.000000122,"var":0.000000000,"sum":0.000121593},"relative_timestamp_from_ult_start":{"num":1000,"min":0.000000000.0,"max":0.000002384,"avg":0.000000131,"var":0.000000000,"sum":0.000130653}}},"received from ofi+cxi://0x24010000":{"handler":{"duration":{"num":1000,"min":0.000000238,"max":0.002069950,"avg":0.000002445,"var":0.000004279,"sum":0.002444506}},"ult":{"duration":{"num":1000,"min":0.000037432,"max":0.015244246,"avg":0.000122218,"var":0.000370130,"sum":0.122217655},"relative_timestamp_from_handler_start":{"num":1000,"min":0.000000477,"max":0.002071619,"avg":0.000003008,"var":0.000004285,"sum":0.003008127}},"irespond":{"duration":{"num":1000,"min":0.000000238,"max":0.000001431,"avg":0.000000342,"var":0.000000000,"sum":0.000341892},"relative_timestamp_from_ult_start":{"num":1000,"min":0.000033379,"max":0.015240192,"avg":0.000117418,