{"address":"","progress_loop":{"progress_with_timeout":{"num":2240,"min":0.000000000.0,"max":0.104011774,"avg":0.057608282,"var":5.984418860,"sum":129.042551279},"progress_timeout_value_msec":{"num":2240,"min":100.000000000.0,"max":100.000000000.0,"avg":100.000000000.0,"var":0.000000000.0,"sum":224000.000000000.0},"progress_without_timeout":{"num":2767762,"min":0.000000000.0,"max":0.000070333,"avg":0.000000114,"var":0.000000056,"sum":0.314574480},"trigger":{"num":5002,"min":0.000000000.0,"max":0.000039577,"avg":0.000000431,"var":0.000000003,"sum":0.002153873}},"rpcs":{"65535:65535:14048217247822970879:0":{"rpc_id":-4398526825886580737,"provider_id":0,"parent_rpc_id":65535,"parent_provider_id":65535,"name":"get_file_data","origin":{"sent to ofi+cxi://0x24072000":{"iforward":{"duration":{"num":1000,"min":0.000000477,"max":0.000036240,"avg":0.000000681,"var":0.000000001,"sum":0.000680923},"relative_timestamp_from_create":{"num":1000,"min":0.000000000.0,"max":0.000004530,"avg":0.000000082,"var":0.000000000,"sum":0.000082254}},"forward_cb":{"duration":{"num":1000,"min":0.000000000.0,"max":0.000000477,"avg":0.000000082,"var":0.000000000,"sum":0.000081778},"relative_timestamp_from_iforward_start":{"num":1000,"min":0.000115871,"max":0.016112804,"avg":0.000793437,"var":0.000413277,"sum":0.793437243}},"iforward_wait":{"duration":{"num":1000,"min":0.000115871,"max":0.016081572,"avg":0.000793473,"var":0.000412302,"sum":0.793473005},"relative_timestamp_from_iforward_end":{"num":1000,"min":0.000000000.0,"max":0.000000238,"avg":0.000000045,"var":0.000000000,"sum":0.000045061}},"set_input":{"duration":{"num":1000,"min":0.000000000.0,"max":0.000004768,"avg":0.000000108,"var":0.000000000,"sum":0.000108480},"relative_timestamp_from_iforward_start":{"num":1000,"min":0.000000238,"max":0.000023365,"avg":0.000000443,"var":0.000000001,"sum":0.000442505}},"get_output":{"duration":{"num":1000,"min":0.000000477,"max":0.000001431,"avg":0.000000793,"var":0.000000000,"sum":0.000792503},"relative_timestamp_from_wait_end":{"num":1000,"min":0.000000000.0,"max":0.000000477,"avg":0.000000099,"var":0.000000000,"sum":0.000098944}}}},"target":{"received from ofi+cxi://0x24072000":{"handler":{"duration":{"num":1000,"min":0.000000238,"max":0.000008106,"avg":0.000000335,"var":0.000000000,"sum":0.000334740}},"ult":{"duration":{"num":1000,"min":0.000114441,"max":0.016047716,"avg":0.000792154,"var":0.000411251,"sum":0.792154074},"relative_timestamp_from_handler_start":{"num":1000,"min":0.000000477,"max":0.000016928,"avg":0.000000592,"var":0.000000000,"sum":0.000592232}},"irespond":{"duration":{"num":1000,"min":0.000000715,"max":0.000024796,"avg":0.000002849,"var":0.000000023,"sum":0.002848625},"relative_timestamp_from_ult_start":{"num":1000,"min":0.000112295,"max":0.016018867,"avg":0.000788025,"var":0.000409768,"sum":0.788024902}},"respond_cb":{"duration":{"num":1000,"min":0.000000000.0,"max":0.000000238,"avg":0.000000078,"var":0.000000000,"sum":0.000078201},"relative_timestamp_from_irespond_start":{"num":1000,"min":0.000001192,"max":0.000025749,"avg":0.000003285,"var":0.000000023,"sum":0.003285408}},"irespond_wait":{"duration":{"num":1000,"min":0.000000715,"max":0.000002384,"avg":0.000000957,"var":0.000000000,"sum":0.000957489},"relative_timestamp_from_irespond_end":{"num":1000,"min":0.000000000.0,"max":0.000000238,"avg":0.000000048,"var":0.000000000,"sum":0.000047922}},"set_output":{"duration":{"num":1000,"min":0.000000238,"max":0.000017643,"avg":0.000001333,"var":0.000000008,"sum":0.001332521},"relative_timestamp_from_irespond_start":{"num":1000,"min":0.000000000.0,"max":0.000000954,"avg":0.000000072,"var":0.000000000,"sum":0.000072002}},"get_input":{"duration":{"num":1000,"min":0.000000000.0,"max":0.000002384,"avg":0.000000105,"var":0.000000000,"sum":0.000104666},"relative_timestamp_from_ult_start":{"num":1000,"min":0.000000000.0,"max":0.000003338,"avg":0.000000145,"var":0.000000000,"sum":0.000145435}}}}},"14048217247822970879:0:14048217247822970879:0":{"rpc_id":-4398526825886580737,"provider_id":0,"parent_rpc_id":-4398526825886580737,"parent_provider_id":0,"name":"get_file_data","origin":{"sent to ofi+cxi://0x24016200":{"iforward":{"duration":{"num":1000,"min":0.000000954,"max":0.000038385,"avg":0.000001554,"var":0.000000003,"sum":0.001553774},"relative_timestamp_from_create":{"num":1000,"min":0.000000000.0,"max":0.000000477,"avg":0.000000073,"var":0.000000000,"sum":0.000072718}},"forward_cb":{"duration":{"num":1000,"min":0.000000000.0,"max":0.000001431,"avg":0.000000082,"var":0.000000000,"sum":0.000082493},"relative_timestamp_from_iforward_start":{"num":1000,"min":0.000104904,"max":0.015868664,"avg":0.000779931,"var":0.000405185,"sum":0.779931307}},"iforward_wait":{"duration":{"num":1000,"min":0.000103712,"max":0.015835285,"avg":0.000778538,"var":0.000403894,"sum":0.778537989},"relative_timestamp_from_iforward_end":{"num":1000,"min":0.000000000.0,"max":0.000000477,"avg":0.000000239,"var":0.000000000,"sum":0.000239372}},"set_input":{"duration":{"num":1000,"min":0.000000000.0,"max":0.000000954,"avg":0.000000100,"var":0.000000000,"sum":0.000100136},"relative_timestamp_from_iforward_start":{"num":1000,"min":0.000000238,"max":0.000002384,"avg":0.000000393,"var":0.000000000,"sum":0.000393152}},"get_output":{"duration":{"num":1000,"min":0.000000715,"max":0.000020981,"avg":0.000001306,"var":0.000000001,"sum":0.001306057},"relative_timestamp_from_wait_end":{"num":1000,"min":0.000000000.0,"max":0.000004292,"avg":0.000000123,"var":0.000000000,"sum":0.000122786}}}}},"65535:65535:8686831390660034559:65535":{"rpc_id":8686831390660034559,"provider_id":65535,"parent_rpc_id":65535,"parent_provider_id":65535,"name":"__shutdown__","target":{"received from ofi+cxi://0x24014401":{"handler":{"duration":{"num":1,"min":0.000025988,"max":0.000025988,"avg":0.000025988,"var":0.000000000.0,"sum":0.000025988}},"ult":{"duration":{"num":1,"min":0.000017881,"max":0.000017881,"avg":0.000017881,"var":0.000000000.0,"sum":0.000017881},"relative_timestamp_from_handler_start":{"num":1,"min":0.000030518,"max":0.000030518,"avg":0.000030518,"var":0.000000000.0,"sum":0.000030518}},"irespond":{"duration":{"num":1,"min":0.000007391,"max":0.000007391,"avg":0.000007391,"var":0.000000000.0,"sum":0.000007391},"relative_timestamp_from_ult_start":{"num":1,"min":0.000001192,"max":0.000001192,"avg":0.000001192,"var":0.000000000.0,"sum":0.000001192}},"respond_cb":{"duration":{"num":1,"min":0.000000715,"max":0.000000715,"avg":0.000000715,"var":0.000000000.0,"sum":0.000000715},"relative_timestamp_from_irespond_start":{"num":1,"min":0.000013113,"max":0.000013113,"avg":0.000013113,"var":0.000000000.0,"sum":0.000013113}},"irespond_wait":{"duration":{"num":1,"min":0.000006676,"max":0.000006676,"avg":0.000006676,"var":0.000000000.0,"sum":0.000006676},"relative_timestamp_from_irespond_end":{"num":1,"min":0.000000238,"max":0.000000238,"avg":0.000000238,"var":0.000000000.0,"sum":0.000000238}},"set_output":{"duration":{"num":1,"min":0.000000477,"max":0.000000477,"avg":0.000000477,"var":0.000000000.0,"sum":0.000000477},"relative_timestamp_from_irespond_start":{"num":1,"min":0.000001192,"max":0.000001192,"avg":0.000001192,"var":0.000000000.0,"sum":0.000001192}},"get_input":{"duration":{"num":0,"min":0.000000000.0,"max":0.000000000.0,"avg":0.000000000.0,"var":0.000000000.0,"sum":0.000000000.0},"relative_timestamp_from_ult_start":{"num":0,"min":0.000000000.0,"max":0.000000000.0,"avg":0.000000000.0,"var":0.000000000.0,"sum":0.000000000.0}}}}}}}