{"address":"","progress_loop":{"progress_with_timeout":{"num":2242,"min":0.000000000.0,"max":0.104008198,"avg":0.057639657,"var":5.987878991,"sum":129.228110790},"progress_timeout_value_msec":{"num":2242,"min":100.000000000.0,"max":100.000000000.0,"avg":100.000000000.0,"var":0.000000000.0,"sum":224200.000000000.0},"progress_without_timeout":{"num":2111599,"min":0.000000000.0,"max":0.000069380,"avg":0.000000114,"var":0.000000047,"sum":0.240066528},"trigger":{"num":5002,"min":0.000000000.0,"max":0.000031233,"avg":0.000000418,"var":0.000000002,"sum":0.002091646}},"rpcs":{"65535:65535:14048217247822970879:0":{"rpc_id":-4398526825886580737,"provider_id":0,"parent_rpc_id":65535,"parent_provider_id":65535,"name":"get_file_data","origin":{"sent to ofi+cxi://0x24036600":{"iforward":{"duration":{"num":1000,"min":0.000000477,"max":0.000033140,"avg":0.000000654,"var":0.000000001,"sum":0.000653505},"relative_timestamp_from_create":{"num":1000,"min":0.000000000.0,"max":0.000004530,"avg":0.000000080,"var":0.000000000,"sum":0.000080347}},"forward_cb":{"duration":{"num":1000,"min":0.000000000.0,"max":0.000000477,"avg":0.000000073,"var":0.000000000,"sum":0.000073433},"relative_timestamp_from_iforward_start":{"num":1000,"min":0.000106812,"max":0.028228283,"avg":0.000607750,"var":0.000905651,"sum":0.607750177}},"iforward_wait":{"duration":{"num":1000,"min":0.000107288,"max":0.028200150,"avg":0.000607769,"var":0.000904078,"sum":0.607769489},"relative_timestamp_from_iforward_end":{"num":1000,"min":0.000000000.0,"max":0.000000238,"avg":0.000000048,"var":0.000000000,"sum":0.000048161}},"set_input":{"duration":{"num":1000,"min":0.000000000.0,"max":0.000004530,"avg":0.000000097,"var":0.000000000,"sum":0.000096560},"relative_timestamp_from_iforward_start":{"num":1000,"min":0.000000238,"max":0.000020504,"avg":0.000000427,"var":0.000000000,"sum":0.000426769}},"get_output":{"duration":{"num":1000,"min":0.000000238,"max":0.000000954,"avg":0.000000432,"var":0.000000000,"sum":0.000431776},"relative_timestamp_from_wait_end":{"num":1000,"min":0.000000000.0,"max":0.000000477,"avg":0.000000108,"var":0.000000000,"sum":0.000107527}}}},"target":{"received from ofi+cxi://0x24036600":{"handler":{"duration":{"num":1000,"min":0.000000238,"max":0.000006914,"avg":0.000000328,"var":0.000000000,"sum":0.000328302}},"ult":{"duration":{"num":1000,"min":0.000105858,"max":0.027693033,"avg":0.000605986,"var":0.000876365,"sum":0.605986357},"relative_timestamp_from_handler_start":{"num":1000,"min":0.000000477,"max":0.000491619,"avg":0.000001058,"var":0.000000241,"sum":0.001058340}},"irespond":{"duration":{"num":1000,"min":0.000000715,"max":0.000028849,"avg":0.000002256,"var":0.000000017,"sum":0.002256155},"relative_timestamp_from_ult_start":{"num":1000,"min":0.000103712,"max":0.027663946,"avg":0.000602482,"var":0.000874400,"sum":0.602482080}},"respond_cb":{"duration":{"num":1000,"min":0.000000000.0,"max":0.000000238,"avg":0.000000077,"var":0.000000000,"sum":0.000076771},"relative_timestamp_from_irespond_start":{"num":1000,"min":0.000000954,"max":0.000029325,"avg":0.000002695,"var":0.000000017,"sum":0.002695084}},"irespond_wait":{"duration":{"num":1000,"min":0.000000715,"max":0.000004053,"avg":0.000000953,"var":0.000000000,"sum":0.000952959},"relative_timestamp_from_irespond_end":{"num":1000,"min":0.000000000.0,"max":0.000000238,"avg":0.000000048,"var":0.000000000,"sum":0.000048161}},"set_output":{"duration":{"num":1000,"min":0.000000238,"max":0.000021458,"avg":0.000000960,"var":0.000000005,"sum":0.000959635},"relative_timestamp_from_irespond_start":{"num":1000,"min":0.000000000.0,"max":0.000000954,"avg":0.000000080,"var":0.000000000,"sum":0.000080109}},"get_input":{"duration":{"num":1000,"min":0.000000000.0,"max":0.000002623,"avg":0.000000100,"var":0.000000000,"sum":0.000099897},"relative_timestamp_from_ult_start":{"num":1000,"min":0.000000000.0,"max":0.000006437,"avg":0.000000146,"var":0.000000000,"sum":0.000145912}}}}},"14048217247822970879:0:14048217247822970879:0":{"rpc_id":-4398526825886580737,"provider_id":0,"parent_rpc_id":-4398526825886580737,"parent_provider_id":0,"name":"get_file_data","origin":{"sent to ofi+cxi://0x24034200":{"iforward":{"duration":{"num":1000,"min":0.000000954,"max":0.000039816,"avg":0.000001496,"var":0.000000003,"sum":0.001496077},"relative_timestamp_from_create":{"num":1000,"min":0.000000000.0,"max":0.000000477,"avg":0.000000064,"var":0.000000000,"sum":0.000063658}},"forward_cb":{"duration":{"num":1000,"min":0.000000000.0,"max":0.000001431,"avg":0.000000078,"var":0.000000000,"sum":0.000077724},"relative_timestamp_from_iforward_start":{"num":1000,"min":0.000097036,"max":0.027539968,"avg":0.000595113,"var":0.000867985,"sum":0.595113277}},"iforward_wait":{"duration":{"num":1000,"min":0.000095844,"max":0.027505159,"avg":0.000593775,"var":0.000865902,"sum":0.593774557},"relative_timestamp_from_iforward_end":{"num":1000,"min":0.000000000.0,"max":0.000000477,"avg":0.000000235,"var":0.000000000,"sum":0.000234842}},"set_input":{"duration":{"num":1000,"min":0.000000000.0,"max":0.000000715,"avg":0.000000093,"var":0.000000000,"sum":0.000093222},"relative_timestamp_from_iforward_start":{"num":1000,"min":0.000000238,"max":0.000002384,"avg":0.000000381,"var":0.000000000,"sum":0.000380516}},"get_output":{"duration":{"num":1000,"min":0.000000477,"max":0.000007868,"avg":0.000000801,"var":0.000000001,"sum":0.000801086},"relative_timestamp_from_wait_end":{"num":1000,"min":0.000000000.0,"max":0.000018120,"avg":0.000000120,"var":0.000000000,"sum":0.000120163}}}}},"65535:65535:8686831390660034559:65535":{"rpc_id":8686831390660034559,"provider_id":65535,"parent_rpc_id":65535,"parent_provider_id":65535,"name":"__shutdown__","target":{"received from ofi+cxi://0x24014401":{"handler":{"duration":{"num":1,"min":0.000017643,"max":0.000017643,"avg":0.000017643,"var":0.000000000.0,"sum":0.000017643}},"ult":{"duration":{"num":1,"min":0.000021458,"max":0.000021458,"avg":0.000021458,"var":0.000000000.0,"sum":0.000021458},"relative_timestamp_from_handler_start":{"num":1,"min":0.000022650,"max":0.000022650,"avg":0.000022650,"var":0.000000000.0,"sum":0.000022650}},"irespond":{"duration":{"num":1,"min":0.000009298,"max":0.000009298,"avg":0.000009298,"var":0.000000000.0,"sum":0.000009298},"relative_timestamp_from_ult_start":{"num":1,"min":0.000001907,"max":0.000001907,"avg":0.000001907,"var":0.000000000.0,"sum":0.000001907}},"respond_cb":{"duration":{"num":1,"min":0.000000477,"max":0.000000477,"avg":0.000000477,"var":0.000000000.0,"sum":0.000000477},"relative_timestamp_from_irespond_start":{"num":1,"min":0.000016689,"max":0.000016689,"avg":0.000016689,"var":0.000000000.0,"sum":0.000016689}},"irespond_wait":{"duration":{"num":1,"min":0.000007868,"max":0.000007868,"avg":0.000007868,"var":0.000000000.0,"sum":0.000007868},"relative_timestamp_from_irespond_end":{"num":1,"min":0.000000238,"max":0.000000238,"avg":0.000000238,"var":0.000000000.0,"sum":0.000000238}},"set_output":{"duration":{"num":1,"min":0.000000715,"max":0.000000715,"avg":0.000000715,"var":0.000000000.0,"sum":0.000000715},"relative_timestamp_from_irespond_start":{"num":1,"min":0.000000954,"max":0.000000954,"avg":0.000000954,"var":0.000000000.0,"sum":0.000000954}},"get_input":{"duration":{"num":0,"min":0.000000000.0,"max":0.000000000.0,"avg":0.000000000.0,"var":0.000000000.0,"sum":0.000000000.0},"relative_timestamp_from_ult_start":{"num":0,"min":0.000000000.0,"max":0.000000000.0,"avg":0.000000000.0,"var":0.000000000.0,"sum":0.000000000.0}}}}}}}