{"address":"","progress_loop":{"progress_with_timeout":{"num":2244,"min":0.000000000.0,"max":0.104006290,"avg":0.057650606,"var":5.994519947,"sum":129.367958784},"progress_timeout_value_msec":{"num":2244,"min":100.000000000.0,"max":100.000000000.0,"avg":100.000000000.0,"var":0.000000000.0,"sum":224400.000000000.0},"progress_without_timeout":{"num":1614683,"min":0.000000000.0,"max":0.000073433,"avg":0.000000114,"var":0.000000037,"sum":0.184482813},"trigger":{"num":5002,"min":0.000000000.0,"max":0.000031710,"avg":0.000000415,"var":0.000000002,"sum":0.002076387}},"rpcs":{"65535:65535:14048217247822970879:0":{"rpc_id":-4398526825886580737,"provider_id":0,"parent_rpc_id":65535,"parent_provider_id":65535,"name":"get_file_data","origin":{"sent to ofi+cxi://0x24070000":{"iforward":{"duration":{"num":1000,"min":0.000000715,"max":0.000038385,"avg":0.000000816,"var":0.000000001,"sum":0.000816107},"relative_timestamp_from_create":{"num":1000,"min":0.000000000.0,"max":0.000004530,"avg":0.000000138,"var":0.000000000,"sum":0.000137806}},"forward_cb":{"duration":{"num":1000,"min":0.000000000.0,"max":0.000000238,"avg":0.000000075,"var":0.000000000,"sum":0.000074863},"relative_timestamp_from_iforward_start":{"num":1000,"min":0.000102997,"max":0.011393547,"avg":0.000470185,"var":0.000289545,"sum":0.470185041}},"iforward_wait":{"duration":{"num":1000,"min":0.000102997,"max":0.011359930,"avg":0.000470057,"var":0.000288785,"sum":0.470057011},"relative_timestamp_from_iforward_end":{"num":1000,"min":0.000000000.0,"max":0.000000238,"avg":0.000000052,"var":0.000000000,"sum":0.000051737}},"set_input":{"duration":{"num":1000,"min":0.000000000.0,"max":0.000005960,"avg":0.000000127,"var":0.000000000,"sum":0.000127316},"relative_timestamp_from_iforward_start":{"num":1000,"min":0.000000477,"max":0.000023842,"avg":0.000000559,"var":0.000000001,"sum":0.000558853}},"get_output":{"duration":{"num":1000,"min":0.000000238,"max":0.000000715,"avg":0.000000335,"var":0.000000000,"sum":0.000335455},"relative_timestamp_from_wait_end":{"num":1000,"min":0.000000000.0,"max":0.000000238,"avg":0.000000092,"var":0.000000000,"sum":0.000092030}}}},"target":{"received from ofi+cxi://0x24070000":{"handler":{"duration":{"num":1000,"min":0.000000238,"max":0.000006914,"avg":0.000000351,"var":0.000000000,"sum":0.000350952}},"ult":{"duration":{"num":1000,"min":0.000101566,"max":0.011329174,"avg":0.000468742,"var":0.000288089,"sum":0.468742371},"relative_timestamp_from_handler_start":{"num":1000,"min":0.000000477,"max":0.000015020,"avg":0.000000597,"var":0.000000000,"sum":0.000597477}},"irespond":{"duration":{"num":1000,"min":0.000000477,"max":0.000020742,"avg":0.000001927,"var":0.000000012,"sum":0.001926899},"relative_timestamp_from_ult_start":{"num":1000,"min":0.000099659,"max":0.011307001,"avg":0.000465564,"var":0.000287175,"sum":0.465564013}},"respond_cb":{"duration":{"num":1000,"min":0.000000000.0,"max":0.000000238,"avg":0.000000081,"var":0.000000000,"sum":0.000080824},"relative_timestamp_from_irespond_start":{"num":1000,"min":0.000000954,"max":0.000021219,"avg":0.000002349,"var":0.000000012,"sum":0.002348900}},"irespond_wait":{"duration":{"num":1000,"min":0.000000715,"max":0.000002146,"avg":0.000000946,"var":0.000000000,"sum":0.000946283},"relative_timestamp_from_irespond_end":{"num":1000,"min":0.000000000.0,"max":0.000000238,"avg":0.000000050,"var":0.000000000,"sum":0.000050306}},"set_output":{"duration":{"num":1000,"min":0.000000000.0,"max":0.000010967,"avg":0.000000710,"var":0.000000002,"sum":0.000709772},"relative_timestamp_from_irespond_start":{"num":1000,"min":0.000000000.0,"max":0.000000715,"avg":0.000000075,"var":0.000000000,"sum":0.000075340}},"get_input":{"duration":{"num":1000,"min":0.000000000.0,"max":0.000001907,"avg":0.000000126,"var":0.000000000,"sum":0.000126362},"relative_timestamp_from_ult_start":{"num":1000,"min":0.000000000.0,"max":0.000003576,"avg":0.000000130,"var":0.000000000,"sum":0.000130415}}}}},"14048217247822970879:0:14048217247822970879:0":{"rpc_id":-4398526825886580737,"provider_id":0,"parent_rpc_id":-4398526825886580737,"parent_provider_id":0,"name":"get_file_data","origin":{"sent to ofi+cxi://0x24050400":{"iforward":{"duration":{"num":1000,"min":0.000000954,"max":0.000038624,"avg":0.000001480,"var":0.000000003,"sum":0.001480103},"relative_timestamp_from_create":{"num":1000,"min":0.000000000.0,"max":0.000000477,"avg":0.000000085,"var":0.000000000,"sum":0.000084639}},"forward_cb":{"duration":{"num":1000,"min":0.000000000.0,"max":0.000001192,"avg":0.000000082,"var":0.000000000,"sum":0.000082254},"relative_timestamp_from_iforward_start":{"num":1000,"min":0.000092983,"max":0.011187792,"avg":0.000458331,"var":0.000284589,"sum":0.458330631}},"iforward_wait":{"duration":{"num":1000,"min":0.000091791,"max":0.011154175,"avg":0.000457018,"var":0.000283613,"sum":0.457018375},"relative_timestamp_from_iforward_end":{"num":1000,"min":0.000000000.0,"max":0.000000477,"avg":0.000000227,"var":0.000000000,"sum":0.000226974}},"set_input":{"duration":{"num":1000,"min":0.000000000.0,"max":0.000000715,"avg":0.000000120,"var":0.000000000,"sum":0.000120163},"relative_timestamp_from_iforward_start":{"num":1000,"min":0.000000238,"max":0.000002384,"avg":0.000000399,"var":0.000000000,"sum":0.000398874}},"get_output":{"duration":{"num":1000,"min":0.000000238,"max":0.000014305,"avg":0.000000620,"var":0.000000001,"sum":0.000619888},"relative_timestamp_from_wait_end":{"num":1000,"min":0.000000000.0,"max":0.000018120,"avg":0.000000122,"var":0.000000000,"sum":0.000121832}}}}},"65535:65535:8686831390660034559:65535":{"rpc_id":8686831390660034559,"provider_id":65535,"parent_rpc_id":65535,"parent_provider_id":65535,"name":"__shutdown__","target":{"received from ofi+cxi://0x24014401":{"handler":{"duration":{"num":1,"min":0.000019550,"max":0.000019550,"avg":0.000019550,"var":0.000000000.0,"sum":0.000019550}},"ult":{"duration":{"num":1,"min":0.000016928,"max":0.000016928,"avg":0.000016928,"var":0.000000000.0,"sum":0.000016928},"relative_timestamp_from_handler_start":{"num":1,"min":0.000024557,"max":0.000024557,"avg":0.000024557,"var":0.000000000.0,"sum":0.000024557}},"irespond":{"duration":{"num":1,"min":0.000007153,"max":0.000007153,"avg":0.000007153,"var":0.000000000.0,"sum":0.000007153},"relative_timestamp_from_ult_start":{"num":1,"min":0.000001431,"max":0.000001431,"avg":0.000001431,"var":0.000000000.0,"sum":0.000001431}},"respond_cb":{"duration":{"num":1,"min":0.000000715,"max":0.000000715,"avg":0.000000715,"var":0.000000000.0,"sum":0.000000715},"relative_timestamp_from_irespond_start":{"num":1,"min":0.000012636,"max":0.000012636,"avg":0.000012636,"var":0.000000000.0,"sum":0.000012636}},"irespond_wait":{"duration":{"num":1,"min":0.000006676,"max":0.000006676,"avg":0.000006676,"var":0.000000000.0,"sum":0.000006676},"relative_timestamp_from_irespond_end":{"num":1,"min":0.000000000.0,"max":0.000000000.0,"avg":0.000000000.0,"var":0.000000000.0,"sum":0.000000000.0}},"set_output":{"duration":{"num":1,"min":0.000000477,"max":0.000000477,"avg":0.000000477,"var":0.000000000.0,"sum":0.000000477},"relative_timestamp_from_irespond_start":{"num":1,"min":0.000001192,"max":0.000001192,"avg":0.000001192,"var":0.000000000.0,"sum":0.000001192}},"get_input":{"duration":{"num":0,"min":0.000000000.0,"max":0.000000000.0,"avg":0.000000000.0,"var":0.000000000.0,"sum":0.000000000.0},"relative_timestamp_from_ult_start":{"num":0,"min":0.000000000.0,"max":0.000000000.0,"avg":0.000000000.0,"var":0.000000000.0,"sum":0.000000000.0}}}}}}}