{"address":"","progress_loop":{"progress_with_timeout":{"num":1252,"min":0.000000715,"max":0.104010344,"avg":0.103068669,"var":0.118113238,"sum":129.041973352},"progress_timeout_value_msec":{"num":1252,"min":100.000000000.0,"max":100.000000000.0,"avg":100.000000000.0,"var":0.000000000.0,"sum":125200.000000000.0},"progress_without_timeout":{"num":2656502,"min":0.000000000.0,"max":0.000665426,"avg":0.000000117,"var":0.000000510,"sum":0.310051918},"trigger":{"num":13002,"min":0.000000000.0,"max":0.001905441,"avg":0.000000590,"var":0.000003632,"sum":0.007674217}},"rpcs":{"65535:65535:14048217247822970879:0":{"rpc_id":-4398526825886580737,"provider_id":0,"parent_rpc_id":65535,"parent_provider_id":65535,"name":"get_file_data","origin":{"sent to ofi+cxi://0x24056200":{"iforward":{"duration":{"num":1000,"min":0.000000477,"max":0.000034332,"avg":0.000000715,"var":0.000000001,"sum":0.000715017},"relative_timestamp_from_create":{"num":1000,"min":0.000000000.0,"max":0.000005007,"avg":0.000000084,"var":0.000000000,"sum":0.000084162}},"forward_cb":{"duration":{"num":1000,"min":0.000000000.0,"max":0.000000477,"avg":0.000000084,"var":0.000000000,"sum":0.000083685},"relative_timestamp_from_iforward_start":{"num":1000,"min":0.000117779,"max":0.013036013,"avg":0.000785198,"var":0.000405007,"sum":0.785198450}},"iforward_wait":{"duration":{"num":1000,"min":0.000117779,"max":0.013038158,"avg":0.000785495,"var":0.000404973,"sum":0.785494804},"relative_timestamp_from_iforward_end":{"num":1000,"min":0.000000000.0,"max":0.000000477,"avg":0.000000044,"var":0.000000000,"sum":0.000044107}},"set_input":{"duration":{"num":1000,"min":0.000000000.0,"max":0.000005245,"avg":0.000000113,"var":0.000000000,"sum":0.000113249},"relative_timestamp_from_iforward_start":{"num":1000,"min":0.000000238,"max":0.000021458,"avg":0.000000464,"var":0.000000000,"sum":0.000464439}},"get_output":{"duration":{"num":1000,"min":0.000000477,"max":0.000008345,"avg":0.000000804,"var":0.000000000,"sum":0.000804424},"relative_timestamp_from_wait_end":{"num":1000,"min":0.000000000.0,"max":0.000000477,"avg":0.000000112,"var":0.000000000,"sum":0.000111580}}}},"target":{"received from ofi+cxi://0x24056200":{"handler":{"duration":{"num":1000,"min":0.000000238,"max":0.000008106,"avg":0.000000342,"var":0.000000000,"sum":0.000342131}},"ult":{"duration":{"num":1000,"min":0.000114441,"max":0.012973547,"avg":0.000783825,"var":0.000403466,"sum":0.783825397},"relative_timestamp_from_handler_start":{"num":1000,"min":0.000000477,"max":0.000016689,"avg":0.000000614,"var":0.000000000,"sum":0.000614166}},"irespond":{"duration":{"num":1000,"min":0.000000954,"max":0.000023603,"avg":0.000002296,"var":0.000000005,"sum":0.002295971},"relative_timestamp_from_ult_start":{"num":1000,"min":0.000108957,"max":0.012945175,"avg":0.000780164,"var":0.000401672,"sum":0.780164003}},"respond_cb":{"duration":{"num":1000,"min":0.000000000.0,"max":0.000000477,"avg":0.000000077,"var":0.000000000,"sum":0.000076532},"relative_timestamp_from_irespond_start":{"num":1000,"min":0.000001431,"max":0.000033140,"avg":0.000002801,"var":0.000000006,"sum":0.002801180}},"irespond_wait":{"duration":{"num":1000,"min":0.000000715,"max":0.000017166,"avg":0.000001064,"var":0.000000000,"sum":0.001064301},"relative_timestamp_from_irespond_end":{"num":1000,"min":0.000000000.0,"max":0.000000238,"avg":0.000000049,"var":0.000000000,"sum":0.000049114}},"set_output":{"duration":{"num":1000,"min":0.000000477,"max":0.000015736,"avg":0.000001517,"var":0.000000002,"sum":0.001517296},"relative_timestamp_from_irespond_start":{"num":1000,"min":0.000000000.0,"max":0.000001192,"avg":0.000000083,"var":0.000000000,"sum":0.000083447}},"get_input":{"duration":{"num":1000,"min":0.000000000.0,"max":0.000002146,"avg":0.000000103,"var":0.000000000,"sum":0.000102520},"relative_timestamp_from_ult_start":{"num":1000,"min":0.000000000.0,"max":0.000003815,"avg":0.000000142,"var":0.000000000,"sum":0.000141859}}}}},"14048217247822970879:0:14048217247822970879:0":{"rpc_id":-4398526825886580737,"provider_id":0,"parent_rpc_id":-4398526825886580737,"parent_provider_id":0,"name":"get_file_data","origin":{"sent to ofi+cxi://0x24010400":{"iforward":{"duration":{"num":3000,"min":0.000000954,"max":0.000036001,"avg":0.000001322,"var":0.000000003,"sum":0.003965616},"relative_timestamp_from_create":{"num":3000,"min":0.000000000.0,"max":0.000000477,"avg":0.000000067,"var":0.000000000,"sum":0.000200510}},"forward_cb":{"duration":{"num":3000,"min":0.000000000.0,"max":0.000001431,"avg":0.000000091,"var":0.000000000,"sum":0.000272751},"relative_timestamp_from_iforward_start":{"num":3000,"min":0.000081778,"max":0.014788866,"avg":0.000759173,"var":0.001183651,"sum":2.277518034}},"iforward_wait":{"duration":{"num":3000,"min":0.000081062,"max":0.014773846,"avg":0.000758080,"var":0.001181439,"sum":2.274241209},"relative_timestamp_from_iforward_end":{"num":3000,"min":0.000000000.0,"max":0.000003815,"avg":0.000000225,"var":0.000000000,"sum":0.000674009}},"set_input":{"duration":{"num":3000,"min":0.000000000.0,"max":0.000000715,"avg":0.000000110,"var":0.000000000,"sum":0.000330687},"relative_timestamp_from_iforward_start":{"num":3000,"min":0.000000238,"max":0.000002146,"avg":0.000000377,"var":0.000000000,"sum":0.001131773}},"get_output":{"duration":{"num":3000,"min":0.000000715,"max":0.000009060,"avg":0.000001153,"var":0.000000001,"sum":0.003457546},"relative_timestamp_from_wait_end":{"num":3000,"min":0.000000000.0,"max":0.000017643,"avg":0.000000155,"var":0.000000001,"sum":0.000466347}}}},"target":{"received from ofi+cxi://0x24054600":{"handler":{"duration":{"num":1000,"min":0.000000238,"max":0.000003338,"avg":0.000000389,"var":0.000000000,"sum":0.000388861}},"ult":{"duration":{"num":1000,"min":0.000116587,"max":0.012927771,"avg":0.000782162,"var":0.000405193,"sum":0.782161951},"relative_timestamp_from_handler_start":{"num":1000,"min":0.000000477,"max":0.000021219,"avg":0.000000706,"var":0.000000001,"sum":0.000705719}},"irespond":{"duration":{"num":1000,"min":0.000001431,"max":0.000027418,"avg":0.000002695,"var":0.000000008,"sum":0.002695322},"relative_timestamp_from_ult_start":{"num":1000,"min":0.000098705,"max":0.012808323,"avg":0.000763925,"var":0.000400664,"sum":0.763925076}},"respond_cb":{"duration":{"num":1000,"min":0.000000000.0,"max":0.000000238,"avg":0.000000078,"var":0.000000000,"sum":0.000077724},"relative_timestamp_from_irespond_start":{"num":1000,"min":0.000014544,"max":0.000118732,"avg":0.000017684,"var":0.000000040,"sum":0.017683983}},"irespond_wait":{"duration":{"num":1000,"min":0.000012875,"max":0.000091314,"avg":0.000015044,"var":0.000000019,"sum":0.015044451},"relative_timestamp_from_irespond_end":{"num":1000,"min":0.000000000.0,"max":0.000000715,"avg":0.000000273,"var":0.000000000,"sum":0.000272751}},"set_output":{"duration":{"num":1000,"min":0.000000238,"max":0.000017405,"avg":0.000001263,"var":0.000000003,"sum":0.001262903},"relative_timestamp_from_irespond_start":{"num":1000,"min":0.000000000.0,"max":0.000000715,"avg":0.000000074,"var":0.000000000,"sum":0.000073910}},"get_input":{"duration":{"num":1000,"min":0.000000000.0,"max":0.000000477,"avg":0.000000126,"var":0.000000000,"sum":0.000125647},"relative_timestamp_from_ult_start":{"num":1000,"min":0.000000000.0,"max":0.000000715,"avg":0.000000119,"var":0.000000000,"sum":0.000119448}}},"received from ofi+cxi://0x24030400":{"handler":{"duration":{"num":1000,"min":0.000000238,"max":0.001904488,"avg":0.000002306,"var":0.000003622,"sum":0.002306461}},"ult":{"duration":{"num":1000,"min":0.000104666,"max":0.014910936,"avg":0.000776003,"var":0.000389647,"sum":0.776002884},"relative_timestamp_from_handler_start":{"num":1000,"min":0.000000477,"max":0.001906872,"avg":0.000002614,"var":0.000003630,"sum":0.002614498}},"irespond":{"duration":{"num":1000,"min":0.000001431,"max":0.000029087,"avg":0.000002857,"var":0.000000006,"sum":0.002857447},"relative_timestamp_from_ult_start":{"num":1000,"min":0.000087023,"max":0.014809132,"avg":0.000756958,"var":0.000385573,