{"address":"","progress_loop":{"progress_with_timeout":{"num":1234,"min":0.000005245,"max":0.104005575,"avg":0.103719959,"var":0.032849048,"sum":127.990429878},"progress_timeout_value_msec":{"num":1234,"min":100.000000000.0,"max":100.000000000.0,"avg":100.000000000.0,"var":0.000000000.0,"sum":123400.000000000.0},"progress_without_timeout":{"num":6327927,"min":0.000000000.0,"max":0.000455618,"avg":0.000000114,"var":0.000000355,"sum":0.721904993},"trigger":{"num":13002,"min":0.000000000.0,"max":0.001976728,"avg":0.000000592,"var":0.000003909,"sum":0.007700205}},"rpcs":{"65535:65535:14048217247822970879:0":{"rpc_id":-4398526825886580737,"provider_id":0,"parent_rpc_id":65535,"parent_provider_id":65535,"name":"get_file_data","origin":{"sent to ofi+cxi://0x24034600":{"iforward":{"duration":{"num":1000,"min":0.000000477,"max":0.000036001,"avg":0.000000737,"var":0.000000001,"sum":0.000737429},"relative_timestamp_from_create":{"num":1000,"min":0.000000000.0,"max":0.000005007,"avg":0.000000118,"var":0.000000000,"sum":0.000117540}},"forward_cb":{"duration":{"num":1000,"min":0.000000000.0,"max":0.000000238,"avg":0.000000078,"var":0.000000000,"sum":0.000077724},"relative_timestamp_from_iforward_start":{"num":1000,"min":0.000541449,"max":0.029863834,"avg":0.001829049,"var":0.000924412,"sum":1.829048872}},"iforward_wait":{"duration":{"num":1000,"min":0.000542402,"max":0.029832840,"avg":0.001829126,"var":0.000922691,"sum":1.829125643},"relative_timestamp_from_iforward_end":{"num":1000,"min":0.000000000.0,"max":0.000000238,"avg":0.000000048,"var":0.000000000,"sum":0.000047922}},"set_input":{"duration":{"num":1000,"min":0.000000000.0,"max":0.000004768,"avg":0.000000154,"var":0.000000000,"sum":0.000154495},"relative_timestamp_from_iforward_start":{"num":1000,"min":0.000000238,"max":0.000022411,"avg":0.000000450,"var":0.000000000,"sum":0.000449896}},"get_output":{"duration":{"num":1000,"min":0.000002623,"max":0.000007629,"avg":0.000003403,"var":0.000000001,"sum":0.003402948},"relative_timestamp_from_wait_end":{"num":1000,"min":0.000000000.0,"max":0.000003338,"avg":0.000000106,"var":0.000000000,"sum":0.000105858}}}},"target":{"received from ofi+cxi://0x24034600":{"handler":{"duration":{"num":1000,"min":0.000000238,"max":0.000007153,"avg":0.000000340,"var":0.000000000,"sum":0.000340223}},"ult":{"duration":{"num":1000,"min":0.000540257,"max":0.029799223,"avg":0.001827686,"var":0.000920837,"sum":1.827686071},"relative_timestamp_from_handler_start":{"num":1000,"min":0.000000477,"max":0.000016451,"avg":0.000000608,"var":0.000000000,"sum":0.000607967}},"irespond":{"duration":{"num":1000,"min":0.000003576,"max":0.000048876,"avg":0.000005746,"var":0.000000055,"sum":0.005745649},"relative_timestamp_from_ult_start":{"num":1000,"min":0.000506401,"max":0.029716015,"avg":0.001820519,"var":0.000915126,"sum":1.820518732}},"respond_cb":{"duration":{"num":1000,"min":0.000000000.0,"max":0.000000238,"avg":0.000000072,"var":0.000000000,"sum":0.000072241},"relative_timestamp_from_irespond_start":{"num":1000,"min":0.000004292,"max":0.000080347,"avg":0.000006310,"var":0.000000065,"sum":0.006309748}},"irespond_wait":{"duration":{"num":1000,"min":0.000000715,"max":0.000036478,"avg":0.000001101,"var":0.000000003,"sum":0.001100540},"relative_timestamp_from_irespond_end":{"num":1000,"min":0.000000000.0,"max":0.000000238,"avg":0.000000049,"var":0.000000000,"sum":0.000048876}},"set_output":{"duration":{"num":1000,"min":0.000003338,"max":0.000040054,"avg":0.000004656,"var":0.000000032,"sum":0.004655838},"relative_timestamp_from_irespond_start":{"num":1000,"min":0.000000000.0,"max":0.000001192,"avg":0.000000095,"var":0.000000000,"sum":0.000095367}},"get_input":{"duration":{"num":1000,"min":0.000000000.0,"max":0.000002146,"avg":0.000000110,"var":0.000000000,"sum":0.000110388},"relative_timestamp_from_ult_start":{"num":1000,"min":0.000000000.0,"max":0.000003815,"avg":0.000000133,"var":0.000000000,"sum":0.000133038}}}}},"14048217247822970879:0:14048217247822970879:0":{"rpc_id":-4398526825886580737,"provider_id":0,"parent_rpc_id":-4398526825886580737,"parent_provider_id":0,"name":"get_file_data","origin":{"sent to ofi+cxi://0x24010400":{"iforward":{"duration":{"num":3000,"min":0.000000954,"max":0.000037909,"avg":0.000001455,"var":0.000000003,"sum":0.004365206},"relative_timestamp_from_create":{"num":3000,"min":0.000000000.0,"max":0.000000477,"avg":0.000000096,"var":0.000000000,"sum":0.000287533}},"forward_cb":{"duration":{"num":3000,"min":0.000000000.0,"max":0.000004530,"avg":0.000000100,"var":0.000000000,"sum":0.000299454},"relative_timestamp_from_iforward_start":{"num":3000,"min":0.000101328,"max":0.029658318,"avg":0.001789429,"var":0.002653386,"sum":5.368288040}},"iforward_wait":{"duration":{"num":3000,"min":0.000100136,"max":0.029648781,"avg":0.001788210,"var":0.002649697,"sum":5.364628792},"relative_timestamp_from_iforward_end":{"num":3000,"min":0.000000000.0,"max":0.000000477,"avg":0.000000176,"var":0.000000000,"sum":0.000526667}},"set_input":{"duration":{"num":3000,"min":0.000000000.0,"max":0.000000715,"avg":0.000000145,"var":0.000000000,"sum":0.000435352},"relative_timestamp_from_iforward_start":{"num":3000,"min":0.000000238,"max":0.000002384,"avg":0.000000376,"var":0.000000000,"sum":0.001126766}},"get_output":{"duration":{"num":3000,"min":0.000003099,"max":0.000033379,"avg":0.000003848,"var":0.000000005,"sum":0.011544943},"relative_timestamp_from_wait_end":{"num":3000,"min":0.000000000.0,"max":0.000005960,"avg":0.000000142,"var":0.000000000,"sum":0.000427008}}}},"target":{"received from ofi+cxi://0x24070400":{"handler":{"duration":{"num":1000,"min":0.000000238,"max":0.000004053,"avg":0.000000386,"var":0.000000000,"sum":0.000386238}},"ult":{"duration":{"num":1000,"min":0.000140667,"max":0.029892921,"avg":0.001818212,"var":0.000955601,"sum":1.818211555},"relative_timestamp_from_handler_start":{"num":1000,"min":0.000000477,"max":0.000007629,"avg":0.000000686,"var":0.000000000,"sum":0.000685692}},"irespond":{"duration":{"num":1000,"min":0.000004053,"max":0.000057220,"avg":0.000005975,"var":0.000000044,"sum":0.005975485},"relative_timestamp_from_ult_start":{"num":1000,"min":0.000118971,"max":0.029690981,"avg":0.001793118,"var":0.000942571,"sum":1.793118238}},"respond_cb":{"duration":{"num":1000,"min":0.000000000.0,"max":0.000000238,"avg":0.000000072,"var":0.000000000,"sum":0.000072002},"relative_timestamp_from_irespond_start":{"num":1000,"min":0.000020266,"max":0.000200510,"avg":0.000024562,"var":0.000000155,"sum":0.024561644}},"irespond_wait":{"duration":{"num":1000,"min":0.000015736,"max":0.000143766,"avg":0.000018649,"var":0.000000050,"sum":0.018649340},"relative_timestamp_from_irespond_end":{"num":1000,"min":0.000000000.0,"max":0.000000477,"avg":0.000000235,"var":0.000000000,"sum":0.000235081}},"set_output":{"duration":{"num":1000,"min":0.000002861,"max":0.000040770,"avg":0.000004363,"var":0.000000025,"sum":0.004363298},"relative_timestamp_from_irespond_start":{"num":1000,"min":0.000000000.0,"max":0.000000477,"avg":0.000000072,"var":0.000000000,"sum":0.000072479}},"get_input":{"duration":{"num":1000,"min":0.000000000.0,"max":0.000000715,"avg":0.000000109,"var":0.000000000,"sum":0.000109434},"relative_timestamp_from_ult_start":{"num":1000,"min":0.000000000.0,"max":0.000000238,"avg":0.000000125,"var":0.000000000,"sum":0.000125408}}},"received from ofi+cxi://0x24014200":{"handler":{"duration":{"num":1000,"min":0.000000238,"max":0.001975536,"avg":0.000002362,"var":0.000003897,"sum":0.002362490}},"ult":{"duration":{"num":1000,"min":0.000131369,"max":0.027382612,"avg":0.001813841,"var":0.000817130,"sum":1.813841343},"relative_timestamp_from_handler_start":{"num":1000,"min":0.000000477,"max":0.001977682,"avg":0.000002640,"var":0.000003905,"sum":0.002639771}},"irespond":{"duration":{"num":1000,"min":0.000004053,"max":0.000058889,"avg":0.000006329,"var":0.000000053,"sum":0.006329060},"relative_timestamp_from_ult_start":{"num":1000,"min":0.000109434,"max":0.027215481,"avg":0.001788230,"var":0.000806240,