{"address":"","progress_loop":{"progress_with_timeout":{"num":3535,"min":0.000000238,"max":0.104010105,"avg":0.074577649,"var":7.754474067,"sum":263.631990433},"progress_timeout_value_msec":{"num":3535,"min":100.000000000.0,"max":100.000000000.0,"avg":100.000000000.0,"var":0.000000000.0,"sum":353500.000000000.0},"progress_without_timeout":{"num":55260204,"min":0.000000000.0,"max":0.000242949,"avg":0.000000112,"var":0.000001901,"sum":6.200115204},"trigger":{"num":5002,"min":0.000000000.0,"max":0.000022650,"avg":0.000000731,"var":0.000000007,"sum":0.003658533}},"rpcs":{"65535:65535:14048217247822970879:0":{"rpc_id":-4398526825886580737,"provider_id":0,"parent_rpc_id":65535,"parent_provider_id":65535,"name":"get_file_data","origin":{"sent to ofi+cxi://0x24096600":{"iforward":{"duration":{"num":1000,"min":0.000000954,"max":0.000025272,"avg":0.000001453,"var":0.000000001,"sum":0.001453161},"relative_timestamp_from_create":{"num":1000,"min":0.000000000.0,"max":0.000019312,"avg":0.000000153,"var":0.000000000,"sum":0.000152826}},"forward_cb":{"duration":{"num":1000,"min":0.000000000.0,"max":0.000000477,"avg":0.000000158,"var":0.000000000,"sum":0.000157595},"relative_timestamp_from_iforward_start":{"num":1000,"min":0.001583338,"max":0.289083719,"avg":0.016180160,"var":0.165352428,"sum":16.180159807}},"iforward_wait":{"duration":{"num":1000,"min":0.001583576,"max":0.289088964,"avg":0.016180376,"var":0.165355005,"sum":16.180375576},"relative_timestamp_from_iforward_end":{"num":1000,"min":0.000000000.0,"max":0.000000238,"avg":0.000000096,"var":0.000000000,"sum":0.000095844}},"set_input":{"duration":{"num":1000,"min":0.000000000.0,"max":0.000004053,"avg":0.000000212,"var":0.000000000,"sum":0.000212193},"relative_timestamp_from_iforward_start":{"num":1000,"min":0.000000715,"max":0.000015497,"avg":0.000001059,"var":0.000000000,"sum":0.001058817}},"get_output":{"duration":{"num":1000,"min":0.000020742,"max":0.000144005,"avg":0.000021758,"var":0.000000016,"sum":0.021757841},"relative_timestamp_from_wait_end":{"num":1000,"min":0.000000000.0,"max":0.000000954,"avg":0.000000225,"var":0.000000000,"sum":0.000225067}}}},"target":{"received from ofi+cxi://0x24096600":{"handler":{"duration":{"num":1000,"min":0.000000477,"max":0.000005960,"avg":0.000000752,"var":0.000000000,"sum":0.000752449}},"ult":{"duration":{"num":1000,"min":0.001581192,"max":0.289084673,"avg":0.016177742,"var":0.165352795,"sum":16.177742481},"relative_timestamp_from_handler_start":{"num":1000,"min":0.000000715,"max":0.000012398,"avg":0.000001136,"var":0.000000000,"sum":0.001136065}},"irespond":{"duration":{"num":1000,"min":0.000195980,"max":0.000367403,"avg":0.000255704,"var":0.000000841,"sum":0.255704403},"relative_timestamp_from_ult_start":{"num":1000,"min":0.001357794,"max":0.288744450,"avg":0.015919102,"var":0.165259389,"sum":15.919102192}},"respond_cb":{"duration":{"num":1000,"min":0.000000000.0,"max":0.000000715,"avg":0.000000141,"var":0.000000000,"sum":0.000141382},"relative_timestamp_from_irespond_start":{"num":1000,"min":0.000197172,"max":0.000368595,"avg":0.000256882,"var":0.000000846,"sum":0.256882191}},"irespond_wait":{"duration":{"num":1000,"min":0.000001192,"max":0.000010252,"avg":0.000002020,"var":0.000000000,"sum":0.002020121},"relative_timestamp_from_irespond_end":{"num":1000,"min":0.000000000.0,"max":0.000000238,"avg":0.000000128,"var":0.000000000,"sum":0.000127554}},"set_output":{"duration":{"num":1000,"min":0.000156403,"max":0.000304461,"avg":0.000203614,"var":0.000000853,"sum":0.203613997},"relative_timestamp_from_irespond_start":{"num":1000,"min":0.000000000.0,"max":0.000002146,"avg":0.000000179,"var":0.000000000,"sum":0.000178576}},"get_input":{"duration":{"num":1000,"min":0.000000000.0,"max":0.000001907,"avg":0.000000302,"var":0.000000000,"sum":0.000301838},"relative_timestamp_from_ult_start":{"num":1000,"min":0.000000000.0,"max":0.000002623,"avg":0.000000344,"var":0.000000000,"sum":0.000344038}}}}},"14048217247822970879:0:14048217247822970879:0":{"rpc_id":-4398526825886580737,"provider_id":0,"parent_rpc_id":-4398526825886580737,"parent_provider_id":0,"name":"get_file_data","origin":{"sent to ofi+cxi://0x24050400":{"iforward":{"duration":{"num":1000,"min":0.000001907,"max":0.000072479,"avg":0.000003988,"var":0.000000034,"sum":0.003988266},"relative_timestamp_from_create":{"num":1000,"min":0.000000000.0,"max":0.000000477,"avg":0.000000241,"var":0.000000000,"sum":0.000241280}},"forward_cb":{"duration":{"num":1000,"min":0.000000000.0,"max":0.000003815,"avg":0.000000142,"var":0.000000000,"sum":0.000142097},"relative_timestamp_from_iforward_start":{"num":1000,"min":0.001305819,"max":0.281531096,"avg":0.015716864,"var":0.120895177,"sum":15.716863632}},"iforward_wait":{"duration":{"num":1000,"min":0.001303434,"max":0.281528473,"avg":0.015713556,"var":0.120891914,"sum":15.713555813},"relative_timestamp_from_iforward_end":{"num":1000,"min":0.000000000.0,"max":0.000000477,"avg":0.000000234,"var":0.000000000,"sum":0.000233889}},"set_input":{"duration":{"num":1000,"min":0.000000000.0,"max":0.000000477,"avg":0.000000193,"var":0.000000000,"sum":0.000193119},"relative_timestamp_from_iforward_start":{"num":1000,"min":0.000000477,"max":0.000002146,"avg":0.000000994,"var":0.000000000,"sum":0.000993729}},"get_output":{"duration":{"num":1000,"min":0.000028372,"max":0.000300407,"avg":0.000039733,"var":0.000001032,"sum":0.039732695},"relative_timestamp_from_wait_end":{"num":1000,"min":0.000000000.0,"max":0.000010967,"avg":0.000000205,"var":0.000000000,"sum":0.000205278}}}}},"65535:65535:8686831390660034559:65535":{"rpc_id":8686831390660034559,"provider_id":65535,"parent_rpc_id":65535,"parent_provider_id":65535,"name":"__shutdown__","target":{"received from ofi+cxi://0x24014401":{"handler":{"duration":{"num":1,"min":0.000011206,"max":0.000011206,"avg":0.000011206,"var":0.000000000.0,"sum":0.000011206}},"ult":{"duration":{"num":1,"min":0.000015974,"max":0.000015974,"avg":0.000015974,"var":0.000000000.0,"sum":0.000015974},"relative_timestamp_from_handler_start":{"num":1,"min":0.000014544,"max":0.000014544,"avg":0.000014544,"var":0.000000000.0,"sum":0.000014544}},"irespond":{"duration":{"num":1,"min":0.000007153,"max":0.000007153,"avg":0.000007153,"var":0.000000000.0,"sum":0.000007153},"relative_timestamp_from_ult_start":{"num":1,"min":0.000001431,"max":0.000001431,"avg":0.000001431,"var":0.000000000.0,"sum":0.000001431}},"respond_cb":{"duration":{"num":1,"min":0.000000477,"max":0.000000477,"avg":0.000000477,"var":0.000000000.0,"sum":0.000000477},"relative_timestamp_from_irespond_start":{"num":1,"min":0.000012398,"max":0.000012398,"avg":0.000012398,"var":0.000000000.0,"sum":0.000012398}},"irespond_wait":{"duration":{"num":1,"min":0.000005960,"max":0.000005960,"avg":0.000005960,"var":0.000000000.0,"sum":0.000005960},"relative_timestamp_from_irespond_end":{"num":1,"min":0.000000000.0,"max":0.000000000.0,"avg":0.000000000.0,"var":0.000000000.0,"sum":0.000000000.0}},"set_output":{"duration":{"num":1,"min":0.000000477,"max":0.000000477,"avg":0.000000477,"var":0.000000000.0,"sum":0.000000477},"relative_timestamp_from_irespond_start":{"num":1,"min":0.000000954,"max":0.000000954,"avg":0.000000954,"var":0.000000000.0,"sum":0.000000954}},"get_input":{"duration":{"num":0,"min":0.000000000.0,"max":0.000000000.0,"avg":0.000000000.0,"var":0.000000000.0,"sum":0.000000000.0},"relative_timestamp_from_ult_start":{"num":0,"min":0.000000000.0,"max":0.000000000.0,"avg":0.000000000.0,"var":0.000000000.0,"sum":0.000000000.0}}}}}}}