{"address":"","progress_loop":{"progress_with_timeout":{"num":1235,"min":0.000004053,"max":0.104009390,"avg":0.103635886,"var":0.043696477,"sum":127.990319252},"progress_timeout_value_msec":{"num":1235,"min":100.000000000.0,"max":100.000000000.0,"avg":100.000000000.0,"var":0.000000000.0,"sum":123500.000000000.0},"progress_without_timeout":{"num":5941871,"min":0.000000000.0,"max":0.000459671,"avg":0.000000117,"var":0.000000377,"sum":0.695912361},"trigger":{"num":29002,"min":0.000000000.0,"max":0.002930403,"avg":0.000000589,"var":0.000012445,"sum":0.017088652}},"rpcs":{"65535:65535:14048217247822970879:0":{"rpc_id":-4398526825886580737,"provider_id":0,"parent_rpc_id":65535,"parent_provider_id":65535,"name":"get_file_data","origin":{"sent to ofi+cxi://0x24010400":{"iforward":{"duration":{"num":1000,"min":0.000000477,"max":0.000026941,"avg":0.000000705,"var":0.000000001,"sum":0.000704527},"relative_timestamp_from_create":{"num":1000,"min":0.000000000.0,"max":0.000004053,"avg":0.000000107,"var":0.000000000,"sum":0.000107050}},"forward_cb":{"duration":{"num":1000,"min":0.000000000.0,"max":0.000000238,"avg":0.000000095,"var":0.000000000,"sum":0.000095367},"relative_timestamp_from_iforward_start":{"num":1000,"min":0.000356674,"max":0.012207508,"avg":0.001773983,"var":0.000282194,"sum":1.773982763}},"iforward_wait":{"duration":{"num":1000,"min":0.000356913,"max":0.012207508,"avg":0.001774338,"var":0.000281803,"sum":1.774338007},"relative_timestamp_from_iforward_end":{"num":1000,"min":0.000000000.0,"max":0.000000238,"avg":0.000000057,"var":0.000000000,"sum":0.000056744}},"set_input":{"duration":{"num":1000,"min":0.000000000.0,"max":0.000003815,"avg":0.000000147,"var":0.000000000,"sum":0.000146866},"relative_timestamp_from_iforward_start":{"num":1000,"min":0.000000238,"max":0.000016689,"avg":0.000000430,"var":0.000000000,"sum":0.000429869}},"get_output":{"duration":{"num":1000,"min":0.000002623,"max":0.000008821,"avg":0.000003082,"var":0.000000000,"sum":0.003081560},"relative_timestamp_from_wait_end":{"num":1000,"min":0.000000000.0,"max":0.000000238,"avg":0.000000103,"var":0.000000000,"sum":0.000102758}}}},"target":{"received from ofi+cxi://0x24010400":{"handler":{"duration":{"num":1000,"min":0.000000238,"max":0.000006199,"avg":0.000000349,"var":0.000000000,"sum":0.000349045}},"ult":{"duration":{"num":1000,"min":0.000355721,"max":0.012206316,"avg":0.001772471,"var":0.000281261,"sum":1.772470713},"relative_timestamp_from_handler_start":{"num":1000,"min":0.000000477,"max":0.000012875,"avg":0.000000667,"var":0.000000000,"sum":0.000666857}},"irespond":{"duration":{"num":1000,"min":0.000003338,"max":0.000051737,"avg":0.000004552,"var":0.000000012,"sum":0.004551649},"relative_timestamp_from_ult_start":{"num":1000,"min":0.000350237,"max":0.012162685,"avg":0.001766398,"var":0.000278612,"sum":1.766397715}},"respond_cb":{"duration":{"num":1000,"min":0.000000000.0,"max":0.000000477,"avg":0.000000081,"var":0.000000000,"sum":0.000080824},"relative_timestamp_from_irespond_start":{"num":1000,"min":0.000003815,"max":0.000052691,"avg":0.000005141,"var":0.000000013,"sum":0.005140543}},"irespond_wait":{"duration":{"num":1000,"min":0.000000715,"max":0.000008345,"avg":0.000001203,"var":0.000000000,"sum":0.001202822},"relative_timestamp_from_irespond_end":{"num":1000,"min":0.000000000.0,"max":0.000000238,"avg":0.000000050,"var":0.000000000,"sum":0.000049829}},"set_output":{"duration":{"num":1000,"min":0.000002861,"max":0.000035286,"avg":0.000003803,"var":0.000000006,"sum":0.003803492},"relative_timestamp_from_irespond_start":{"num":1000,"min":0.000000000.0,"max":0.000000715,"avg":0.000000084,"var":0.000000000,"sum":0.000084400}},"get_input":{"duration":{"num":1000,"min":0.000000000.0,"max":0.000002146,"avg":0.000000113,"var":0.000000000,"sum":0.000113010},"relative_timestamp_from_ult_start":{"num":1000,"min":0.000000000.0,"max":0.000002861,"avg":0.000000129,"var":0.000000000,"sum":0.000129223}}}}},"14048217247822970879:0:14048217247822970879:0":{"rpc_id":-4398526825886580737,"provider_id":0,"parent_rpc_id":-4398526825886580737,"parent_provider_id":0,"name":"get_file_data","origin":{"sent to ofi+cxi://0x24050000":{"iforward":{"duration":{"num":7000,"min":0.000000954,"max":0.000034094,"avg":0.000001317,"var":0.000000003,"sum":0.009218216},"relative_timestamp_from_create":{"num":7000,"min":0.000000000.0,"max":0.000000477,"avg":0.000000085,"var":0.000000000,"sum":0.000597239}},"forward_cb":{"duration":{"num":7000,"min":0.000000000.0,"max":0.000005007,"avg":0.000000105,"var":0.000000000,"sum":0.000735283},"relative_timestamp_from_iforward_start":{"num":7000,"min":0.000066280,"max":0.013551950,"avg":0.001736808,"var":0.001952835,"sum":12.157655478}},"iforward_wait":{"duration":{"num":7000,"min":0.000065327,"max":0.013545036,"avg":0.001735790,"var":0.001949403,"sum":12.150530577},"relative_timestamp_from_iforward_end":{"num":7000,"min":0.000000000.0,"max":0.000000477,"avg":0.000000174,"var":0.000000000,"sum":0.001218796}},"set_input":{"duration":{"num":7000,"min":0.000000000.0,"max":0.000000477,"avg":0.000000141,"var":0.000000000,"sum":0.000988960},"relative_timestamp_from_iforward_start":{"num":7000,"min":0.000000238,"max":0.000001907,"avg":0.000000376,"var":0.000000000,"sum":0.002632618}},"get_output":{"duration":{"num":7000,"min":0.000003099,"max":0.000045300,"avg":0.000003693,"var":0.000000006,"sum":0.025848866},"relative_timestamp_from_wait_end":{"num":7000,"min":0.000000000.0,"max":0.000000715,"avg":0.000000119,"var":0.000000000,"sum":0.000835180}}}},"target":{"received from ofi+cxi://0x24056200":{"handler":{"duration":{"num":3000,"min":0.000000238,"max":0.001963139,"avg":0.000001039,"var":0.000003851,"sum":0.003117323}},"ult":{"duration":{"num":3000,"min":0.000190496,"max":0.013564348,"avg":0.001769942,"var":0.000824856,"sum":5.309825420},"relative_timestamp_from_handler_start":{"num":3000,"min":0.000000477,"max":0.004954338,"avg":0.000004984,"var":0.000057779,"sum":0.014951229}},"irespond":{"duration":{"num":3000,"min":0.000003815,"max":0.000060558,"avg":0.000005109,"var":0.000000052,"sum":0.015326738},"relative_timestamp_from_ult_start":{"num":3000,"min":0.000169277,"max":0.013460875,"avg":0.001745619,"var":0.000814030,"sum":5.236855984}},"respond_cb":{"duration":{"num":3000,"min":0.000000000.0,"max":0.000000238,"avg":0.000000080,"var":0.000000000,"sum":0.000240326},"relative_timestamp_from_irespond_start":{"num":3000,"min":0.000020027,"max":0.001389265,"avg":0.000023697,"var":0.000002434,"sum":0.071091652}},"irespond_wait":{"duration":{"num":3000,"min":0.000015736,"max":0.001384735,"avg":0.000018706,"var":0.000002341,"sum":0.056117296},"relative_timestamp_from_irespond_end":{"num":3000,"min":0.000000000.0,"max":0.000000954,"avg":0.000000262,"var":0.000000000,"sum":0.000786066}},"set_output":{"duration":{"num":3000,"min":0.000002623,"max":0.000038385,"avg":0.000003808,"var":0.000000026,"sum":0.011422873},"relative_timestamp_from_irespond_start":{"num":3000,"min":0.000000000.0,"max":0.000000238,"avg":0.000000075,"var":0.000000000,"sum":0.000225306}},"get_input":{"duration":{"num":3000,"min":0.000000000.0,"max":0.000001192,"avg":0.000000114,"var":0.000000000,"sum":0.000341415},"relative_timestamp_from_ult_start":{"num":3000,"min":0.000000000.0,"max":0.000000954,"avg":0.000000129,"var":0.000000000,"sum":0.000386000}}},"received from ofi+cxi://0x24034600":{"handler":{"duration":{"num":3000,"min":0.000000238,"max":0.002929449,"avg":0.000001359,"var":0.000008577,"sum":0.004076719}},"ult":{"duration":{"num":3000,"min":0.000095844,"max":0.013632298,"avg":0.001768187,"var":0.000878497,"sum":5.304561138},"relative_timestamp_from_handler_start":{"num":3000,"min":0.000000477,"max":0.003049374,"avg":0.000003726,"var":0.000027429,"sum":0.011178017}},"irespond":{"duration":{"num":3000,"min":0.000003576,"max":0.000050783,"avg":0.000005017,"var":0.000000039,"sum":0.015050650},"relative_timestamp_from_ult_start":{"num":3000,"min":0.000073910,"max":0.013563395,"avg":0.001743539,"var":0.000864535,