{"address":"","progress_loop":{"progress_with_timeout":{"num":1206,"min":0.000005960,"max":0.104011536,"avg":0.103879123,"var":0.012034315,"sum":125.278222799},"progress_timeout_value_msec":{"num":1206,"min":100.000000000.0,"max":100.000000000.0,"avg":100.000000000.0,"var":0.000000000.0,"sum":120600.000000000.0},"progress_without_timeout":{"num":15806219,"min":0.000000000.0,"max":0.000457287,"avg":0.000000113,"var":0.000000588,"sum":1.785071373},"trigger":{"num":13002,"min":0.000000000.0,"max":0.001380444,"avg":0.000000578,"var":0.000001910,"sum":0.007517338}},"rpcs":{"65535:65535:14048217247822970879:0":{"rpc_id":-4398526825886580737,"provider_id":0,"parent_rpc_id":65535,"parent_provider_id":65535,"name":"get_file_data","origin":{"sent to ofi+cxi://0x24056200":{"iforward":{"duration":{"num":1000,"min":0.000000477,"max":0.000032187,"avg":0.000000760,"var":0.000000001,"sum":0.000759840},"relative_timestamp_from_create":{"num":1000,"min":0.000000000.0,"max":0.000004053,"avg":0.000000108,"var":0.000000000,"sum":0.000108242}},"forward_cb":{"duration":{"num":1000,"min":0.000000000.0,"max":0.000000238,"avg":0.000000082,"var":0.000000000,"sum":0.000082493},"relative_timestamp_from_iforward_start":{"num":1000,"min":0.001294613,"max":0.026601076,"avg":0.004555492,"var":0.000733521,"sum":4.555491686}},"iforward_wait":{"duration":{"num":1000,"min":0.001294851,"max":0.026590109,"avg":0.004555580,"var":0.000733019,"sum":4.555579901},"relative_timestamp_from_iforward_end":{"num":1000,"min":0.000000000.0,"max":0.000000238,"avg":0.000000045,"var":0.000000000,"sum":0.000044823}},"set_input":{"duration":{"num":1000,"min":0.000000000.0,"max":0.000005007,"avg":0.000000161,"var":0.000000000,"sum":0.000160694},"relative_timestamp_from_iforward_start":{"num":1000,"min":0.000000238,"max":0.000020266,"avg":0.000000466,"var":0.000000000,"sum":0.000466108}},"get_output":{"duration":{"num":1000,"min":0.000005245,"max":0.000036478,"avg":0.000005975,"var":0.000000002,"sum":0.005974770},"relative_timestamp_from_wait_end":{"num":1000,"min":0.000000000.0,"max":0.000000238,"avg":0.000000102,"var":0.000000000,"sum":0.000102043}}}},"target":{"received from ofi+cxi://0x24056200":{"handler":{"duration":{"num":1000,"min":0.000000238,"max":0.000007153,"avg":0.000000347,"var":0.000000000,"sum":0.000347376}},"ult":{"duration":{"num":1000,"min":0.001293659,"max":0.026098490,"avg":0.004553755,"var":0.000711617,"sum":4.553754807},"relative_timestamp_from_handler_start":{"num":1000,"min":0.000000477,"max":0.000475168,"avg":0.000001076,"var":0.000000225,"sum":0.001075745}},"irespond":{"duration":{"num":1000,"min":0.000007153,"max":0.000088930,"avg":0.000022840,"var":0.000000597,"sum":0.022840023},"relative_timestamp_from_ult_start":{"num":1000,"min":0.001214743,"max":0.026001215,"avg":0.004529438,"var":0.000704533,"sum":4.529438019}},"respond_cb":{"duration":{"num":1000,"min":0.000000000.0,"max":0.000000238,"avg":0.000000070,"var":0.000000000,"sum":0.000070333},"relative_timestamp_from_irespond_start":{"num":1000,"min":0.000007629,"max":0.000106573,"avg":0.000023394,"var":0.000000610,"sum":0.023393631}},"irespond_wait":{"duration":{"num":1000,"min":0.000000715,"max":0.000030756,"avg":0.000001107,"var":0.000000003,"sum":0.001106739},"relative_timestamp_from_irespond_end":{"num":1000,"min":0.000000000.0,"max":0.000000238,"avg":0.000000051,"var":0.000000000,"sum":0.000050545}},"set_output":{"duration":{"num":1000,"min":0.000006676,"max":0.000069618,"avg":0.000017182,"var":0.000000285,"sum":0.017182112},"relative_timestamp_from_irespond_start":{"num":1000,"min":0.000000000.0,"max":0.000001192,"avg":0.000000101,"var":0.000000000,"sum":0.000101089}},"get_input":{"duration":{"num":1000,"min":0.000000000.0,"max":0.000002623,"avg":0.000000108,"var":0.000000000,"sum":0.000108480},"relative_timestamp_from_ult_start":{"num":1000,"min":0.000000000.0,"max":0.000006199,"avg":0.000000140,"var":0.000000000,"sum":0.000139713}}}}},"14048217247822970879:0:14048217247822970879:0":{"rpc_id":-4398526825886580737,"provider_id":0,"parent_rpc_id":-4398526825886580737,"parent_provider_id":0,"name":"get_file_data","origin":{"sent to ofi+cxi://0x24010400":{"iforward":{"duration":{"num":3000,"min":0.000000954,"max":0.000033379,"avg":0.000001611,"var":0.000000010,"sum":0.004832029},"relative_timestamp_from_create":{"num":3000,"min":0.000000000.0,"max":0.000000477,"avg":0.000000094,"var":0.000000000,"sum":0.000282049}},"forward_cb":{"duration":{"num":3000,"min":0.000000000.0,"max":0.000001431,"avg":0.000000096,"var":0.000000000,"sum":0.000286579},"relative_timestamp_from_iforward_start":{"num":3000,"min":0.001193762,"max":0.027472258,"avg":0.004435434,"var":0.002175508,"sum":13.306302547}},"iforward_wait":{"duration":{"num":3000,"min":0.001191854,"max":0.027458191,"avg":0.004434069,"var":0.002171448,"sum":13.302205563},"relative_timestamp_from_iforward_end":{"num":3000,"min":0.000000000.0,"max":0.000000477,"avg":0.000000175,"var":0.000000000,"sum":0.000525475}},"set_input":{"duration":{"num":3000,"min":0.000000000.0,"max":0.000000715,"avg":0.000000145,"var":0.000000000,"sum":0.000434160},"relative_timestamp_from_iforward_start":{"num":3000,"min":0.000000238,"max":0.000002384,"avg":0.000000423,"var":0.000000000,"sum":0.001269579}},"get_output":{"duration":{"num":3000,"min":0.000006437,"max":0.000074625,"avg":0.000007664,"var":0.000000052,"sum":0.022991419},"relative_timestamp_from_wait_end":{"num":3000,"min":0.000000000.0,"max":0.000019073,"avg":0.000000230,"var":0.000000002,"sum":0.000690937}}}},"target":{"received from ofi+cxi://0x24054600":{"handler":{"duration":{"num":1000,"min":0.000000238,"max":0.000004768,"avg":0.000000471,"var":0.000000000,"sum":0.000471115}},"ult":{"duration":{"num":1000,"min":0.001357079,"max":0.027767658,"avg":0.004457541,"var":0.000763278,"sum":4.457540751},"relative_timestamp_from_handler_start":{"num":1000,"min":0.000000477,"max":0.000005484,"avg":0.000000707,"var":0.000000000,"sum":0.000706911}},"irespond":{"duration":{"num":1000,"min":0.000007868,"max":0.000102758,"avg":0.000023504,"var":0.000000629,"sum":0.023503542},"relative_timestamp_from_ult_start":{"num":1000,"min":0.001329899,"max":0.027548552,"avg":0.004412777,"var":0.000748569,"sum":4.412777424}},"respond_cb":{"duration":{"num":1000,"min":0.000000000.0,"max":0.000000477,"avg":0.000000086,"var":0.000000000,"sum":0.000086069},"relative_timestamp_from_irespond_start":{"num":1000,"min":0.000025272,"max":0.000217438,"avg":0.000044191,"var":0.000000936,"sum":0.044191360}},"irespond_wait":{"duration":{"num":1000,"min":0.000017166,"max":0.000134468,"avg":0.000020795,"var":0.000000124,"sum":0.020794630},"relative_timestamp_from_irespond_end":{"num":1000,"min":0.000000000.0,"max":0.000000715,"avg":0.000000189,"var":0.000000000,"sum":0.000188589}},"set_output":{"duration":{"num":1000,"min":0.000006676,"max":0.000073671,"avg":0.000016743,"var":0.000000267,"sum":0.016742706},"relative_timestamp_from_irespond_start":{"num":1000,"min":0.000000000.0,"max":0.000000477,"avg":0.000000090,"var":0.000000000,"sum":0.000090122}},"get_input":{"duration":{"num":1000,"min":0.000000000.0,"max":0.000000477,"avg":0.000000127,"var":0.000000000,"sum":0.000127077},"relative_timestamp_from_ult_start":{"num":1000,"min":0.000000000.0,"max":0.000000715,"avg":0.000000137,"var":0.000000000,"sum":0.000137091}}},"received from ofi+cxi://0x24030400":{"handler":{"duration":{"num":1000,"min":0.000000238,"max":0.001379251,"avg":0.000001836,"var":0.000001899,"sum":0.001835585}},"ult":{"duration":{"num":1000,"min":0.001484871,"max":0.027771711,"avg":0.004458492,"var":0.000746589,"sum":4.458492041},"relative_timestamp_from_handler_start":{"num":1000,"min":0.000000477,"max":0.001381397,"avg":0.000002066,"var":0.000001904,"sum":0.002065659}},"irespond":{"duration":{"num":1000,"min":0.000007629,"max":0.000101566,"avg":0.000023247,"var":0.000000601,"sum":0.023247004},"relative_timestamp_from_ult_start":{"num":1000,"min":0.001362562,"max":0.027557850,"avg":0.004412522,"var":0.000732942,