{"address":"","progress_loop":{"progress_with_timeout":{"num":968,"min":0.000000954,"max":0.104006767,"avg":0.102935884,"var":0.103988032,"sum":99.641935587},"progress_timeout_value_msec":{"num":968,"min":100.000000000.0,"max":100.000000000.0,"avg":100.000000000.0,"var":0.000000000.0,"sum":96800.000000000.0},"progress_without_timeout":{"num":137841658,"min":0.000000000.0,"max":0.043492317,"avg":0.000000115,"var":0.018562053,"sum":15.790532351},"trigger":{"num":52,"min":0.000000238,"max":0.000039577,"avg":0.000002714,"var":0.000000002,"sum":0.000141144}},"rpcs":{"65535:65535:14048217247822970879:0":{"rpc_id":-4398526825886580737,"provider_id":0,"parent_rpc_id":65535,"parent_provider_id":65535,"name":"get_file_data","origin":{"sent to ofi+cxi://0x23ed0000":{"iforward":{"duration":{"num":10,"min":0.000002861,"max":0.000025272,"avg":0.000005507,"var":0.000000000,"sum":0.000055075},"relative_timestamp_from_create":{"num":10,"min":0.000000238,"max":0.000003099,"avg":0.000000739,"var":0.000000000,"sum":0.000007391}},"forward_cb":{"duration":{"num":10,"min":0.000000000.0,"max":0.000000238,"avg":0.000000191,"var":0.000000000,"sum":0.000001907},"relative_timestamp_from_iforward_start":{"num":10,"min":3.423462629,"max":4.233969688,"avg":3.974463463,"var":0.573141626,"sum":39.744634628}},"iforward_wait":{"duration":{"num":10,"min":3.423776150,"max":4.234283209,"avg":3.974781823,"var":0.573141904,"sum":39.747818232},"relative_timestamp_from_iforward_end":{"num":10,"min":0.000000000.0,"max":0.000000238,"avg":0.000000167,"var":0.000000000,"sum":0.000001669}},"set_input":{"duration":{"num":10,"min":0.000000238,"max":0.000004053,"avg":0.000000763,"var":0.000000000,"sum":0.000007629},"relative_timestamp_from_iforward_start":{"num":10,"min":0.000002146,"max":0.000015020,"avg":0.000003791,"var":0.000000000,"sum":0.000037909}},"get_output":{"duration":{"num":10,"min":0.044192791,"max":0.044675589,"avg":0.044409299,"var":0.000000255,"sum":0.444092989},"relative_timestamp_from_wait_end":{"num":10,"min":0.000000477,"max":0.000000954,"avg":0.000000596,"var":0.000000000,"sum":0.000005960}}}},"target":{"received from ofi+cxi://0x23ed0000":{"handler":{"duration":{"num":10,"min":0.000000715,"max":0.000006676,"avg":0.000001407,"var":0.000000000,"sum":0.000014067}},"ult":{"duration":{"num":10,"min":3.423749685,"max":4.234277248,"avg":3.974773788,"var":0.573164605,"sum":39.747737885},"relative_timestamp_from_handler_start":{"num":10,"min":0.000001192,"max":0.000013113,"avg":0.000002670,"var":0.000000000,"sum":0.000026703}},"irespond":{"duration":{"num":10,"min":0.048099518,"max":0.048948050,"avg":0.048368144,"var":0.000000705,"sum":0.483681440},"relative_timestamp_from_ult_start":{"num":10,"min":3.375311375,"max":4.185572863,"avg":3.926079988,"var":0.573372939,"sum":39.260799885}},"respond_cb":{"duration":{"num":10,"min":0.000000000.0,"max":0.000000477,"avg":0.000000167,"var":0.000000000,"sum":0.000001669},"relative_timestamp_from_irespond_start":{"num":10,"min":0.048102617,"max":0.048950672,"avg":0.048370862,"var":0.000000705,"sum":0.483708620}},"irespond_wait":{"duration":{"num":10,"min":0.000002861,"max":0.000004292,"avg":0.000003529,"var":0.000000000,"sum":0.000035286},"relative_timestamp_from_irespond_end":{"num":10,"min":0.000000238,"max":0.000000477,"avg":0.000000429,"var":0.000000000,"sum":0.000004292}},"set_output":{"duration":{"num":10,"min":0.046755075,"max":0.047611952,"avg":0.047040319,"var":0.000000704,"sum":0.470403194},"relative_timestamp_from_irespond_start":{"num":10,"min":0.000000477,"max":0.000001192,"avg":0.000000572,"var":0.000000000,"sum":0.000005722}},"get_input":{"duration":{"num":10,"min":0.000000238,"max":0.000001907,"avg":0.000000572,"var":0.000000000,"sum":0.000005722},"relative_timestamp_from_ult_start":{"num":10,"min":0.000000238,"max":0.000002861,"avg":0.000000668,"var":0.000000000,"sum":0.000006676}}}}},"14048217247822970879:0:14048217247822970879:0":{"rpc_id":-4398526825886580737,"provider_id":0,"parent_rpc_id":-4398526825886580737,"parent_provider_id":0,"name":"get_file_data","origin":{"sent to ofi+cxi://0x24016600":{"iforward":{"duration":{"num":10,"min":0.000013113,"max":0.000032187,"avg":0.000016046,"var":0.000000000,"sum":0.000160456},"relative_timestamp_from_create":{"num":10,"min":0.000000000.0,"max":0.000000238,"avg":0.000000072,"var":0.000000000,"sum":0.000000715}},"forward_cb":{"duration":{"num":10,"min":0.000000477,"max":0.000028133,"avg":0.000003457,"var":0.000000001,"sum":0.000034571},"relative_timestamp_from_iforward_start":{"num":10,"min":3.326855898,"max":4.135491848,"avg":3.877481604,"var":0.573507883,"sum":38.774816036}},"iforward_wait":{"duration":{"num":10,"min":3.326829910,"max":4.135479212,"avg":3.877470231,"var":0.573502128,"sum":38.774702311},"relative_timestamp_from_iforward_end":{"num":10,"min":0.000000000.0,"max":0.000000238,"avg":0.000000167,"var":0.000000000,"sum":0.000001669}},"set_input":{"duration":{"num":10,"min":0.000000238,"max":0.000000477,"avg":0.000000262,"var":0.000000000,"sum":0.000002623},"relative_timestamp_from_iforward_start":{"num":10,"min":0.000000715,"max":0.000002146,"avg":0.000000882,"var":0.000000000,"sum":0.000008821}},"get_output":{"duration":{"num":10,"min":0.045155764,"max":0.050058842,"avg":0.048550773,"var":0.000015383,"sum":0.485507727},"relative_timestamp_from_wait_end":{"num":10,"min":0.000000477,"max":0.000000954,"avg":0.000000644,"var":0.000000000,"sum":0.000006437}}}}},"65535:65535:8686831390660034559:65535":{"rpc_id":8686831390660034559,"provider_id":65535,"parent_rpc_id":65535,"parent_provider_id":65535,"name":"__shutdown__","target":{"received from ofi+cxi://0x23e70601":{"handler":{"duration":{"num":1,"min":0.000026941,"max":0.000026941,"avg":0.000026941,"var":0.000000000.0,"sum":0.000026941}},"ult":{"duration":{"num":1,"min":0.000020504,"max":0.000020504,"avg":0.000020504,"var":0.000000000.0,"sum":0.000020504},"relative_timestamp_from_handler_start":{"num":1,"min":0.000031710,"max":0.000031710,"avg":0.000031710,"var":0.000000000.0,"sum":0.000031710}},"irespond":{"duration":{"num":1,"min":0.000010014,"max":0.000010014,"avg":0.000010014,"var":0.000000000.0,"sum":0.000010014},"relative_timestamp_from_ult_start":{"num":1,"min":0.000001192,"max":0.000001192,"avg":0.000001192,"var":0.000000000.0,"sum":0.000001192}},"respond_cb":{"duration":{"num":1,"min":0.000000238,"max":0.000000238,"avg":0.000000238,"var":0.000000000.0,"sum":0.000000238},"relative_timestamp_from_irespond_start":{"num":1,"min":0.000015974,"max":0.000015974,"avg":0.000015974,"var":0.000000000.0,"sum":0.000015974}},"irespond_wait":{"duration":{"num":1,"min":0.000006437,"max":0.000006437,"avg":0.000006437,"var":0.000000000.0,"sum":0.000006437},"relative_timestamp_from_irespond_end":{"num":1,"min":0.000000238,"max":0.000000238,"avg":0.000000238,"var":0.000000000.0,"sum":0.000000238}},"set_output":{"duration":{"num":1,"min":0.000000715,"max":0.000000715,"avg":0.000000715,"var":0.000000000.0,"sum":0.000000715},"relative_timestamp_from_irespond_start":{"num":1,"min":0.000000954,"max":0.000000954,"avg":0.000000954,"var":0.000000000.0,"sum":0.000000954}},"get_input":{"duration":{"num":0,"min":0.000000000.0,"max":0.000000000.0,"avg":0.000000000.0,"var":0.000000000.0,"sum":0.000000000.0},"relative_timestamp_from_ult_start":{"num":0,"min":0.000000000.0,"max":0.000000000.0,"avg":0.000000000.0,"var":0.000000000.0,"sum":0.000000000.0}}}}}}}