{"address":"","rpcs":{"get_file_data:0":{"timestamps":[1717912861.027112484,1717912862.090740204,1717912863.130740881,1717912864.170742273,1717912865.210739851,1717912866.250740051,1717912867.290740252,1717912868.330749750,1717912869.370740652,1717912870.410740137,1717912871.450740337,1717912872.490740299,1717912873.530740023,1717912874.570740938,1717912875.610740900,1717912876.650741339,1717912877.690739632,1717912878.730744600,1717912879.770739794,1717912880.810739756,1717912881.850740671,1717912882.890740633,1717912883.930739880,1717912884.970741987,1717912886.010740519,1717912887.050739527,1717912888.090740204,1717912889.130739927,1717912890.170740366,1717912891.210740328,1717912892.246741295,1717912893.286741257,1717912894.326743603,1717912895.366740704,1717912896.406741619,1717912897.446739912,1717912898.486739635,1717912899.526740313,1717912900.566740036,1717912901.606739998,1717912902.646740198,1717912903.686744690,1717912904.726741314,1717912905.766741037,1717912906.806741238,1717912907.846740723,1717912908.886740685,1717912909.926740646,1717912910.966740131,1717912912.006741285,1717912913.046740294,1717912914.086740732,1717912915.126740694,1717912916.166739941,1717912917.206741333,1717912918.246741772,1717912919.286740780,1717912920.326741219,1717912921.366739750,1717912922.406740665,1717912923.446742296,1717912924.486739635,1717912925.526741982,1717912926.566740274,1717912927.606740952,1717912928.646741390,1717912929.686740160,1717912930.726741552,1717912931.766740561,1717912932.806740522,1717912933.846739531,1717912934.886740446,1717912935.926742077,1717912936.966740370,1717912938.006740808,1717912939.046741009,1717912940.086740494,1717912941.126739740,1717912942.166740179,1717912943.206740141,1717912944.246740580,1717912945.286739826,1717912946.326741457,1717912947.366739511,1717912948.406741381,1717912949.446739912,1717912950.486739635,1717912950.913589239],"count":[1,149,0,0,0,0,0,0,0,0,0,0,0,0,0,0,0,0,0,0,0,0,0,0,0,0,0,0,0,0,0,0,0,0,0,0,0,0,0,0,0,0,0,0,0,0,0,0,0,0,0,0,0,0,0,0,0,0,0,0,0,0,0,0,0,0,0,0,0,0,0,0,0,0,0,0,0,0,0,0,0,0,0,0,0,0,0,0],"bulk_size":[0,0,0,0,0,0,0,0,0,0,0,0,0,0,0,0,0,0,0,0,0,0,0,0,0,0,0,0,0,0,0,0,0,0,0,0,0,0,0,0,0,0,0,0,0,0,0,0,0,0,0,0,0,0,0,0,0,0,0,0,0,0,0,0,0,0,0,0,0,0,0,0,0,0,0,0,0,0,0,0,0,0,0,0,0,0,0,0]},"__shutdown__:65535":{"timestamps":[1717912950.913589239],"count":[1],"bulk_size":[0]}},"pools":{"__primary__":{"timestamps":[1717912861.027112484,1717912862.090740204,1717912863.130740881,1717912864.170742273,1717912865.210739851,1717912866.250740051,1717912867.290740252,1717912868.330749750,1717912869.370740652,1717912870.410740137,1717912871.450740337,1717912872.490740299,1717912873.530740023,1717912874.570740938,1717912875.610740900,1717912876.650741339,1717912877.690739632,1717912878.730744600,1717912879.770739794,1717912880.810739756,1717912881.850740671,1717912882.890740633,1717912883.930739880,1717912884.970741987,1717912886.010740519,1717912887.050739527,1717912888.090740204,1717912889.130739927,1717912890.170740366,1717912891.210740328,1717912892.246741295,1717912893.286741257,1717912894.326743603,1717912895.366740704,1717912896.406741619,1717912897.446739912,1717912898.486739635,1717912899.526740313,1717912900.566740036,1717912901.606739998,1717912902.646740198,1717912903.686744690,1717912904.726741314,1717912905.766741037,1717912906.806741238,1717912907.846740723,1717912908.886740685,1717912909.926740646,1717912910.966740131,1717912912.006741285,1717912913.046740294,1717912914.086740732,1717912915.126740694,1717912916.166739941,1717912917.206741333,1717912918.246741772,1717912919.286740780,1717912920.326741219,1717912921.366739750,1717912922.406740665,1717912923.446742296,1717912924.486739635,1717912925.526741982,1717912926.566740274,1717912927.606740952,1717912928.646741390,1717912929.686740160,1717912930.726741552,1717912931.766740561,1717912932.806740522,1717912933.846739531,1717912934.886740446,1717912935.926742077,1717912936.966740370,1717912938.006740808,1717912939.046741009,1717912940.086740494,1717912941.126739740,1717912942.166740179,1717912943.206740141,1717912944.246740580,1717912945.286739826,1717912946.326741457,1717912947.366739511,1717912948.406741381,1717912949.446739912,1717912950.486739635,1717912950.913589239],"size":[0,0,0,0,0,0,0,0,0,0,0,0,0,0,0,0,0,0,0,0,0,0,0,0,0,0,0,0,0,0,0,0,0,0,0,0,0,0,0,0,0,0,0,0,0,0,0,0,0,0,0,0,0,0,0,0,0,0,0,0,0,0,0,0,0,0,0,0,0,0,0,0,0,0,0,0,0,0,0,0,0,0,0,0,0,0,0,0],"total_size":[2,1,1,1,1,1,1,1,1,1,1,1,1,1,1,1,1,1,1,1,1,1,1,1,1,1,1,1,1,1,1,1,1,1,1,1,1,1,1,1,1,1,1,1,1,1,1,1,1,1,1,1,1,1,1,1,1,1,1,1,1,1,1,1,1,1,1,1,1,1,1,1,1,1,1,1,1,1,1,1,1,1,1,1,1,1,1,0]}}}