{"address":"","progress_loop":{"progress_with_timeout":{"num":873,"min":0.000000000.0,"max":0.104011536,"avg":0.102872558,"var":0.098034768,"sum":89.807743311},"progress_timeout_value_msec":{"num":873,"min":100.000000000.0,"max":100.000000000.0,"avg":100.000000000.0,"var":0.000000000.0,"sum":87300.000000000.0},"progress_without_timeout":{"num":113704,"min":0.000000000.0,"max":0.000069141,"avg":0.000000112,"var":0.000000008,"sum":0.012784243},"trigger":{"num":52,"min":0.000000000.0,"max":0.000019312,"avg":0.000001128,"var":0.000000000,"sum":0.000058651}},"rpcs":{"65535:65535:14048217247822970879:0":{"rpc_id":-4398526825886580737,"provider_id":0,"parent_rpc_id":65535,"parent_provider_id":65535,"name":"get_file_data","origin":{"sent to ofi+cxi://0x23ef6600":{"iforward":{"duration":{"num":10,"min":0.000000477,"max":0.000027180,"avg":0.000003433,"var":0.000000001,"sum":0.000034332},"relative_timestamp_from_create":{"num":10,"min":0.000000000.0,"max":0.000003338,"avg":0.000000477,"var":0.000000000,"sum":0.000004768}},"forward_cb":{"duration":{"num":10,"min":0.000000000.0,"max":0.000000477,"avg":0.000000119,"var":0.000000000,"sum":0.000001192},"relative_timestamp_from_iforward_start":{"num":10,"min":0.000216007,"max":0.018931866,"avg":0.003286386,"var":0.000309217,"sum":0.032863855}},"iforward_wait":{"duration":{"num":10,"min":0.000215769,"max":0.018908501,"avg":0.003283978,"var":0.000308487,"sum":0.032839775},"relative_timestamp_from_iforward_end":{"num":10,"min":0.000000000.0,"max":0.000000238,"avg":0.000000095,"var":0.000000000,"sum":0.000000954}},"set_input":{"duration":{"num":10,"min":0.000000000.0,"max":0.000004530,"avg":0.000000715,"var":0.000000000,"sum":0.000007153},"relative_timestamp_from_iforward_start":{"num":10,"min":0.000000238,"max":0.000016212,"avg":0.000002003,"var":0.000000000,"sum":0.000020027}},"get_output":{"duration":{"num":10,"min":0.000000238,"max":0.000000715,"avg":0.000000405,"var":0.000000000,"sum":0.000004053},"relative_timestamp_from_wait_end":{"num":10,"min":0.000000000.0,"max":0.000000238,"avg":0.000000095,"var":0.000000000,"sum":0.000000954}}}},"target":{"received from ofi+cxi://0x23ef6600":{"handler":{"duration":{"num":10,"min":0.000000238,"max":0.000006437,"avg":0.000000978,"var":0.000000000,"sum":0.000009775}},"ult":{"duration":{"num":10,"min":0.000214577,"max":0.018373489,"avg":0.003228974,"var":0.000292047,"sum":0.032289743},"relative_timestamp_from_handler_start":{"num":10,"min":0.000000477,"max":0.000523329,"avg":0.000052905,"var":0.000000246,"sum":0.000529051}},"irespond":{"duration":{"num":10,"min":0.000012159,"max":0.000018358,"avg":0.000013709,"var":0.000000000,"sum":0.000137091},"relative_timestamp_from_ult_start":{"num":10,"min":0.000200987,"max":0.018351555,"avg":0.003213763,"var":0.000291766,"sum":0.032137632}},"respond_cb":{"duration":{"num":10,"min":0.000000000.0,"max":0.000000238,"avg":0.000000095,"var":0.000000000,"sum":0.000000954},"relative_timestamp_from_irespond_start":{"num":10,"min":0.000012636,"max":0.000019312,"avg":0.000014210,"var":0.000000000,"sum":0.000142097}},"irespond_wait":{"duration":{"num":10,"min":0.000000954,"max":0.000002384,"avg":0.000001121,"var":0.000000000,"sum":0.000011206},"relative_timestamp_from_irespond_end":{"num":10,"min":0.000000000.0,"max":0.000000238,"avg":0.000000048,"var":0.000000000,"sum":0.000000477}},"set_output":{"duration":{"num":10,"min":0.000005007,"max":0.000009537,"avg":0.000006008,"var":0.000000000,"sum":0.000060081},"relative_timestamp_from_irespond_start":{"num":10,"min":0.000000000.0,"max":0.000000954,"avg":0.000000167,"var":0.000000000,"sum":0.000001669}},"get_input":{"duration":{"num":10,"min":0.000000000.0,"max":0.000002384,"avg":0.000000381,"var":0.000000000,"sum":0.000003815},"relative_timestamp_from_ult_start":{"num":10,"min":0.000000000.0,"max":0.000006199,"avg":0.000000763,"var":0.000000000,"sum":0.000007629}}}}},"14048217247822970879:0:14048217247822970879:0":{"rpc_id":-4398526825886580737,"provider_id":0,"parent_rpc_id":-4398526825886580737,"parent_provider_id":0,"name":"get_file_data","origin":{"sent to ofi+cxi://0x23ef2400":{"iforward":{"duration":{"num":10,"min":0.000006914,"max":0.000032425,"avg":0.000010943,"var":0.000000001,"sum":0.000109434},"relative_timestamp_from_create":{"num":10,"min":0.000000000.0,"max":0.000000477,"avg":0.000000048,"var":0.000000000,"sum":0.000000477}},"forward_cb":{"duration":{"num":10,"min":0.000000000.0,"max":0.000000954,"avg":0.000000167,"var":0.000000000,"sum":0.000001669},"relative_timestamp_from_iforward_start":{"num":10,"min":0.000176668,"max":0.018246412,"avg":0.003194857,"var":0.000288893,"sum":0.031948566}},"iforward_wait":{"duration":{"num":10,"min":0.000168562,"max":0.018218040,"avg":0.003184533,"var":0.000288281,"sum":0.031845331},"relative_timestamp_from_iforward_end":{"num":10,"min":0.000000238,"max":0.000000238,"avg":0.000000238,"var":0.000000000.0,"sum":0.000002384}},"set_input":{"duration":{"num":10,"min":0.000000000.0,"max":0.000000477,"avg":0.000000286,"var":0.000000000,"sum":0.000002861},"relative_timestamp_from_iforward_start":{"num":10,"min":0.000000238,"max":0.000002146,"avg":0.000000596,"var":0.000000000,"sum":0.000005960}},"get_output":{"duration":{"num":10,"min":0.000000238,"max":0.000003338,"avg":0.000000930,"var":0.000000000,"sum":0.000009298},"relative_timestamp_from_wait_end":{"num":10,"min":0.000000000.0,"max":0.000017643,"avg":0.000001836,"var":0.000000000,"sum":0.000018358}}}}},"65535:65535:8686831390660034559:65535":{"rpc_id":8686831390660034559,"provider_id":65535,"parent_rpc_id":65535,"parent_provider_id":65535,"name":"__shutdown__","target":{"received from ofi+cxi://0x23e70601":{"handler":{"duration":{"num":1,"min":0.000012398,"max":0.000012398,"avg":0.000012398,"var":0.000000000.0,"sum":0.000012398}},"ult":{"duration":{"num":1,"min":0.000014067,"max":0.000014067,"avg":0.000014067,"var":0.000000000.0,"sum":0.000014067},"relative_timestamp_from_handler_start":{"num":1,"min":0.000015259,"max":0.000015259,"avg":0.000015259,"var":0.000000000.0,"sum":0.000015259}},"irespond":{"duration":{"num":1,"min":0.000005484,"max":0.000005484,"avg":0.000005484,"var":0.000000000.0,"sum":0.000005484},"relative_timestamp_from_ult_start":{"num":1,"min":0.000001431,"max":0.000001431,"avg":0.000001431,"var":0.000000000.0,"sum":0.000001431}},"respond_cb":{"duration":{"num":1,"min":0.000000238,"max":0.000000238,"avg":0.000000238,"var":0.000000000.0,"sum":0.000000238},"relative_timestamp_from_irespond_start":{"num":1,"min":0.000010490,"max":0.000010490,"avg":0.000010490,"var":0.000000000.0,"sum":0.000010490}},"irespond_wait":{"duration":{"num":1,"min":0.000005245,"max":0.000005245,"avg":0.000005245,"var":0.000000000.0,"sum":0.000005245},"relative_timestamp_from_irespond_end":{"num":1,"min":0.000000238,"max":0.000000238,"avg":0.000000238,"var":0.000000000.0,"sum":0.000000238}},"set_output":{"duration":{"num":1,"min":0.000000477,"max":0.000000477,"avg":0.000000477,"var":0.000000000.0,"sum":0.000000477},"relative_timestamp_from_irespond_start":{"num":1,"min":0.000000715,"max":0.000000715,"avg":0.000000715,"var":0.000000000.0,"sum":0.000000715}},"get_input":{"duration":{"num":0,"min":0.000000000.0,"max":0.000000000.0,"avg":0.000000000.0,"var":0.000000000.0,"sum":0.000000000.0},"relative_timestamp_from_ult_start":{"num":0,"min":0.000000000.0,"max":0.000000000.0,"avg":0.000000000.0,"var":0.000000000.0,"sum":0.000000000.0}}}}}}}