{"address":"","progress_loop":{"progress_with_timeout":{"num":1320,"min":0.086181164,"max":0.104010582,"avg":0.103981610,"var":0.000337868,"sum":137.255725384},"progress_timeout_value_msec":{"num":1320,"min":100.000000000.0,"max":100.000000000.0,"avg":100.000000000.0,"var":0.000000000.0,"sum":132000.000000000.0},"progress_without_timeout":{"num":8201695,"min":0.000000000.0,"max":0.003097534,"avg":0.000000114,"var":0.000050941,"sum":0.935258865},"trigger":{"num":132,"min":0.000000238,"max":0.001963139,"avg":0.000016893,"var":0.000003818,"sum":0.002229929}},"rpcs":{"65535:65535:14048217247822970879:0":{"rpc_id":-4398526825886580737,"provider_id":0,"parent_rpc_id":65535,"parent_provider_id":65535,"name":"get_file_data","origin":{"sent to ofi+cxi://0x23ef2400":{"iforward":{"duration":{"num":10,"min":0.000002623,"max":0.000027657,"avg":0.000005293,"var":0.000000001,"sum":0.000052929},"relative_timestamp_from_create":{"num":10,"min":0.000000000.0,"max":0.000003338,"avg":0.000000572,"var":0.000000000,"sum":0.000005722}},"forward_cb":{"duration":{"num":10,"min":0.000000238,"max":0.000000477,"avg":0.000000334,"var":0.000000000,"sum":0.000003338},"relative_timestamp_from_iforward_start":{"num":10,"min":0.219475031,"max":0.292521477,"avg":0.245034099,"var":0.004972603,"sum":2.450340986}},"iforward_wait":{"duration":{"num":10,"min":0.219474792,"max":0.292521238,"avg":0.245043969,"var":0.004971169,"sum":2.450439692},"relative_timestamp_from_iforward_end":{"num":10,"min":0.000000000.0,"max":0.000000238,"avg":0.000000167,"var":0.000000000,"sum":0.000001669}},"set_input":{"duration":{"num":10,"min":0.000000238,"max":0.000004292,"avg":0.000000882,"var":0.000000000,"sum":0.000008821},"relative_timestamp_from_iforward_start":{"num":10,"min":0.000001669,"max":0.000016928,"avg":0.000003409,"var":0.000000000,"sum":0.000034094}},"get_output":{"duration":{"num":10,"min":0.002106667,"max":0.003951550,"avg":0.002651525,"var":0.000002845,"sum":0.026515245},"relative_timestamp_from_wait_end":{"num":10,"min":0.000000238,"max":0.000000477,"avg":0.000000381,"var":0.000000000,"sum":0.000003815}}}},"target":{"received from ofi+cxi://0x23ef2400":{"handler":{"duration":{"num":10,"min":0.000000715,"max":0.000006199,"avg":0.000001526,"var":0.000000000,"sum":0.000015259}},"ult":{"duration":{"num":10,"min":0.219470263,"max":0.292516232,"avg":0.245036530,"var":0.004971098,"sum":2.450365305},"relative_timestamp_from_handler_start":{"num":10,"min":0.000001669,"max":0.000013113,"avg":0.000003195,"var":0.000000000,"sum":0.000031948}},"irespond":{"duration":{"num":10,"min":0.003129959,"max":0.004231930,"avg":0.004007864,"var":0.000001022,"sum":0.040078640},"relative_timestamp_from_ult_start":{"num":10,"min":0.215272903,"max":0.288279057,"avg":0.240743208,"var":0.004979701,"sum":2.407432079}},"respond_cb":{"duration":{"num":10,"min":0.000000238,"max":0.000000477,"avg":0.000000310,"var":0.000000000,"sum":0.000003099},"relative_timestamp_from_irespond_start":{"num":10,"min":0.003132105,"max":0.006621599,"avg":0.004278278,"var":0.000007118,"sum":0.042782784}},"irespond_wait":{"duration":{"num":10,"min":0.000003576,"max":0.002685308,"avg":0.000271869,"var":0.000006472,"sum":0.002718687},"relative_timestamp_from_irespond_end":{"num":10,"min":0.000000000.0,"max":0.000000238,"avg":0.000000095,"var":0.000000000,"sum":0.000000954}},"set_output":{"duration":{"num":10,"min":0.002985954,"max":0.004091263,"avg":0.003863072,"var":0.000001018,"sum":0.038630724},"relative_timestamp_from_irespond_start":{"num":10,"min":0.000000238,"max":0.000001192,"avg":0.000000453,"var":0.000000000,"sum":0.000004530}},"get_input":{"duration":{"num":10,"min":0.000000238,"max":0.000002146,"avg":0.000000572,"var":0.000000000,"sum":0.000005722},"relative_timestamp_from_ult_start":{"num":10,"min":0.000000238,"max":0.000002623,"avg":0.000000668,"var":0.000000000,"sum":0.000006676}}}}},"14048217247822970879:0:14048217247822970879:0":{"rpc_id":-4398526825886580737,"provider_id":0,"parent_rpc_id":-4398526825886580737,"parent_provider_id":0,"name":"get_file_data","origin":{"sent to ofi+cxi://0x23ed6600":{"iforward":{"duration":{"num":30,"min":0.000003815,"max":0.000233650,"avg":0.000092713,"var":0.000000170,"sum":0.002781391},"relative_timestamp_from_create":{"num":30,"min":0.000000000.0,"max":0.000000715,"avg":0.000000223,"var":0.000000000,"sum":0.000006676}},"forward_cb":{"duration":{"num":30,"min":0.000000238,"max":0.000027418,"avg":0.000001359,"var":0.000000001,"sum":0.000040770},"relative_timestamp_from_iforward_start":{"num":30,"min":0.149677753,"max":0.300433874,"avg":0.235288922,"var":0.025061607,"sum":7.058667660}},"iforward_wait":{"duration":{"num":30,"min":0.149675369,"max":0.300422192,"avg":0.235198267,"var":0.025057950,"sum":7.055948019},"relative_timestamp_from_iforward_end":{"num":30,"min":0.000000000.0,"max":0.000000477,"avg":0.000000199,"var":0.000000000,"sum":0.000005960}},"set_input":{"duration":{"num":30,"min":0.000000000.0,"max":0.000000954,"avg":0.000000572,"var":0.000000000,"sum":0.000017166},"relative_timestamp_from_iforward_start":{"num":30,"min":0.000000715,"max":0.000001907,"avg":0.000001359,"var":0.000000000,"sum":0.000040770}},"get_output":{"duration":{"num":30,"min":0.001575232,"max":0.005507946,"avg":0.004050477,"var":0.000034881,"sum":0.121514320},"relative_timestamp_from_wait_end":{"num":30,"min":0.000000238,"max":0.000001192,"avg":0.000000461,"var":0.000000000,"sum":0.000013828}}}},"target":{"received from ofi+cxi://0x23ef6600":{"handler":{"duration":{"num":10,"min":0.000001907,"max":0.000002384,"avg":0.000002050,"var":0.000000000,"sum":0.000020504}},"ult":{"duration":{"num":10,"min":0.194349051,"max":0.285331964,"avg":0.242042017,"var":0.006266627,"sum":2.420420170},"relative_timestamp_from_handler_start":{"num":10,"min":0.000002384,"max":0.000002861,"avg":0.000002575,"var":0.000000000,"sum":0.000025749}},"irespond":{"duration":{"num":10,"min":0.003584623,"max":0.004416227,"avg":0.004161406,"var":0.000000494,"sum":0.041614056},"relative_timestamp_from_ult_start":{"num":10,"min":0.189671278,"max":0.277837992,"avg":0.236764550,"var":0.006009462,"sum":2.367645502}},"respond_cb":{"duration":{"num":10,"min":0.000000000.0,"max":0.000000477,"avg":0.000000262,"var":0.000000000,"sum":0.000002623},"relative_timestamp_from_irespond_start":{"num":10,"min":0.004628897,"max":0.007491589,"avg":0.005275536,"var":0.000009204,"sum":0.052755356}},"irespond_wait":{"duration":{"num":10,"min":0.000543118,"max":0.003417492,"avg":0.001114416,"var":0.000012306,"sum":0.011144161},"relative_timestamp_from_irespond_end":{"num":10,"min":0.000000238,"max":0.000000477,"avg":0.000000334,"var":0.000000000,"sum":0.000003338}},"set_output":{"duration":{"num":10,"min":0.003437042,"max":0.004269123,"avg":0.004015374,"var":0.000000492,"sum":0.040153742},"relative_timestamp_from_irespond_start":{"num":10,"min":0.000000238,"max":0.000000715,"avg":0.000000310,"var":0.000000000,"sum":0.000003099}},"get_input":{"duration":{"num":10,"min":0.000000238,"max":0.000000715,"avg":0.000000501,"var":0.000000000,"sum":0.000005007},"relative_timestamp_from_ult_start":{"num":10,"min":0.000000238,"max":0.000000715,"avg":0.000000548,"var":0.000000000,"sum":0.000005484}}},"received from ofi+cxi://0x23ef0000":{"handler":{"duration":{"num":10,"min":0.000001669,"max":0.001962185,"avg":0.000197935,"var":0.000003458,"sum":0.001979351}},"ult":{"duration":{"num":10,"min":0.156089306,"max":0.313175917,"avg":0.245801950,"var":0.015284621,"sum":2.458019495},"relative_timestamp_from_handler_start":{"num":10,"min":0.000002384,"max":0.001963615,"avg":0.000198627,"var":0.000003461,"sum":0.001986265}},"irespond":{"duration":{"num":10,"min":0.003340006,"max":0.004211426,"avg":0.004050756,"var":0.000000687,"sum":0.040507555},"relative_timestamp_from_ult_start":{"num":10,"min":0.151400089,"max":0.305560112,"avg":0.240622044,"var":0.014866469,"sum":2.406220436}},"respond_cb":{"duration":{"num":10,"min":0.000000000.0,"max":0.000000238,"avg":0.000000143,"var":0.000000000,