{"address":"","rpcs":{"get_file_data:0":{"timestamps":[1717913784.383511066,1717913785.458740950,1717913786.498739719,1717913787.534740686,1717913788.574740887,1717913789.614740372,1717913790.654740095,1717913791.694741011,1717913792.734740496,1717913793.774743795,1717913794.814740181,1717913795.854741096,1717913796.894741535,1717913797.934743404,1717913798.974740744,1717913800.014742613,1717913801.054739714,1717913802.094740391,1717913803.134739876,1717913804.174739838,1717913805.214740992,1717913806.254744530,1717913807.294743061,1717913808.334739923,1717913809.374740124,1717913810.414741755,1717913811.454740286,1717913812.494741917,1717913813.534740925,1717913814.574741840,1717913815.614740849,1717913816.654741287,1717913817.694741488,1717913818.734740973,1717913819.774740934,1717913820.814741611,1717913821.854741573,1717913822.894741774,1717913823.934740067,1717913824.974740028,1717913826.014742136,1717913827.054742098,1717913828.094739676,1717913829.134739876,1717913830.174741268,1717913831.214741468,1717913832.254740477,1717913833.294741154,1717913834.334740400,1717913835.374742031,1717913836.414740801,1717913837.454739809,1717913838.494740009,1717913839.534740448,1717913840.574739456,1717913841.614740372,1717913842.654742002,1717913843.694741964,1717913844.734740019,1717913845.774742365,1717913846.814740419,1717913847.854742527,1717913848.894740105,1717913849.934740305,1717913850.974741936,1717913852.014739513,1717913853.054740429,1717913854.094739676,1717913855.134740591,1717913856.174739838,1717913857.214740276,1717913858.254739761,1717913859.294740438,1717913860.334741116,1717913861.374739647,1717913862.414740324,1717913863.454740286,1717913864.494740248,1717913865.534740448,1717913866.574740887,1717913867.614741087,1717913868.654740095,1717913869.694741011,1717913870.734740734,1717913871.774740934,1717913872.814742565,1717913873.854740381,1717913874.894740820,1717913875.934741259,1717913876.970744610,1717913878.010739565,1717913879.050740957,1717913880.090741158,1717913881.130742073,1717913882.170740604,1717913883.210741520,1717913884.250741482,1717913885.290739775,1717913886.330741167,1717913887.370740652,1717913888.410740376,1717913889.450740576,1717913890.490740299,1717913891.530740261,1717913892.570742130,1717913893.610743284,1717913894.270561218],"count":[1,149,0,0,0,0,0,0,0,0,0,0,0,0,0,0,0,0,0,0,0,0,0,0,0,0,0,0,0,0,0,0,0,0,0,0,0,0,0,0,0,0,0,0,0,0,0,0,0,0,0,0,0,0,0,0,0,0,0,0,0,0,0,0,0,0,0,0,0,0,0,0,0,0,0,0,0,0,0,0,0,0,0,0,0,0,0,0,0,0,0,0,0,0,0,0,0,0,0,0,0,0,0,0,0,0,0],"bulk_size":[0,0,0,0,0,0,0,0,0,0,0,0,0,0,0,0,0,0,0,0,0,0,0,0,0,0,0,0,0,0,0,0,0,0,0,0,0,0,0,0,0,0,0,0,0,0,0,0,0,0,0,0,0,0,0,0,0,0,0,0,0,0,0,0,0,0,0,0,0,0,0,0,0,0,0,0,0,0,0,0,0,0,0,0,0,0,0,0,0,0,0,0,0,0,0,0,0,0,0,0,0,0,0,0,0,0,0]},"__shutdown__:65535":{"timestamps":[1717913894.270561218],"count":[1],"bulk_size":[0]}},"pools":{"__primary__":{"timestamps":[1717913784.383511066,1717913785.458740950,1717913786.498739719,1717913787.534740686,1717913788.574740887,1717913789.614740372,1717913790.654740095,1717913791.694741011,1717913792.734740496,1717913793.774743795,1717913794.814740181,1717913795.854741096,1717913796.894741535,1717913797.934743404,1717913798.974740744,1717913800.014742613,1717913801.054739714,1717913802.094740391,1717913803.134739876,1717913804.174739838,1717913805.214740992,1717913806.254744530,1717913807.294743061,1717913808.334739923,1717913809.374740124,1717913810.414741755,1717913811.454740286,1717913812.494741917,1717913813.534740925,1717913814.574741840,1717913815.614740849,1717913816.654741287,1717913817.694741488,1717913818.734740973,1717913819.774740934,1717913820.814741611,1717913821.854741573,1717913822.894741774,1717913823.934740067,1717913824.974740028,1717913826.014742136,1717913827.054742098,1717913828.094739676,1717913829.134739876,1717913830.174741268,1717913831.214741468,1717913832.254740477,1717913833.294741154,1717913834.334740400,1717913835.374742031,1717913836.414740801,1717913837.454739809,1717913838.494740009,1717913839.534740448,1717913840.574739456,1717913841.614740372,1717913842.654742002,1717913843.694741964,1717913844.734740019,1717913845.774742365,1717913846.814740419,1717913847.854742527,1717913848.894740105,1717913849.934740305,1717913850.974741936,1717913852.014739513,1717913853.054740429,1717913854.094739676,1717913855.134740591,1717913856.174739838,1717913857.214740276,1717913858.254739761,1717913859.294740438,1717913860.334741116,1717913861.374739647,1717913862.414740324,1717913863.454740286,1717913864.494740248,1717913865.534740448,1717913866.574740887,1717913867.614741087,1717913868.654740095,1717913869.694741011,1717913870.734740734,1717913871.774740934,1717913872.814742565,1717913873.854740381,1717913874.894740820,1717913875.934741259,1717913876.970744610,1717913878.010739565,1717913879.050740957,1717913880.090741158,1717913881.130742073,1717913882.170740604,1717913883.210741520,1717913884.250741482,1717913885.290739775,1717913886.330741167,1717913887.370740652,1717913888.410740376,1717913889.450740576,1717913890.490740299,1717913891.530740261,1717913892.570742130,1717913893.610743284,1717913894.270561218],"size":[0,0,0,0,0,0,0,0,0,0,0,0,0,0,0,0,0,0,0,0,0,0,0,0,0,0,0,0,0,0,0,0,0,0,0,0,0,0,0,0,0,0,0,0,0,0,0,0,0,0,0,0,0,0,0,0,0,0,0,0,0,0,0,0,0,0,0,0,0,0,0,0,0,0,0,0,0,0,0,0,0,0,0,0,0,0,0,0,0,0,0,0,0,0,0,0,0,0,0,0,0,0,0,0,0,0,0],"total_size":[2,1,1,1,1,1,1,1,1,1,1,1,1,1,1,1,1,1,1,1,1,1,1,1,1,1,1,1,1,1,1,1,1,1,1,1,1,1,1,1,1,1,1,1,1,1,1,1,1,1,1,1,1,1,1,1,1,1,1,1,1,1,1,1,1,1,1,1,1,1,1,1,1,1,1,1,1,1,1,1,1,1,1,1,1,1,1,1,1,1,1,1,1,1,1,1,1,1,1,1,1,1,1,1,1,1,0]}}}