{"address":"","progress_loop":{"progress_with_timeout":{"num":1341,"min":0.000000715,"max":0.104014874,"avg":0.103246360,"var":0.100653105,"sum":138.453369141},"progress_timeout_value_msec":{"num":1341,"min":100.000000000.0,"max":100.000000000.0,"avg":100.000000000.0,"var":0.000000000.0,"sum":134100.000000000.0},"progress_without_timeout":{"num":4724199,"min":0.000000000.0,"max":0.001676559,"avg":0.000000112,"var":0.000005494,"sum":0.528821707},"trigger":{"num":52,"min":0.000000238,"max":0.000025272,"avg":0.000001866,"var":0.000000001,"sum":0.000097036}},"rpcs":{"65535:65535:14048217247822970879:0":{"rpc_id":-4398526825886580737,"provider_id":0,"parent_rpc_id":65535,"parent_provider_id":65535,"name":"get_file_data","origin":{"sent to ofi+cxi://0x23ef4600":{"iforward":{"duration":{"num":10,"min":0.000002623,"max":0.000027895,"avg":0.000005317,"var":0.000000001,"sum":0.000053167},"relative_timestamp_from_create":{"num":10,"min":0.000000000.0,"max":0.000003338,"avg":0.000000501,"var":0.000000000,"sum":0.000005007}},"forward_cb":{"duration":{"num":10,"min":0.000000000.0,"max":0.000000238,"avg":0.000000167,"var":0.000000000,"sum":0.000001669},"relative_timestamp_from_iforward_start":{"num":10,"min":0.097865105,"max":0.163233995,"avg":0.137318254,"var":0.002455302,"sum":1.373182535}},"iforward_wait":{"duration":{"num":10,"min":0.097944498,"max":0.163233757,"avg":0.137325954,"var":0.002449020,"sum":1.373259544},"relative_timestamp_from_iforward_end":{"num":10,"min":0.000000000.0,"max":0.000000238,"avg":0.000000095,"var":0.000000000,"sum":0.000000954}},"set_input":{"duration":{"num":10,"min":0.000000238,"max":0.000004292,"avg":0.000000787,"var":0.000000000,"sum":0.000007868},"relative_timestamp_from_iforward_start":{"num":10,"min":0.000001669,"max":0.000017405,"avg":0.000003457,"var":0.000000000,"sum":0.000034571}},"get_output":{"duration":{"num":10,"min":0.001530409,"max":0.002469301,"avg":0.001726127,"var":0.000000645,"sum":0.017261267},"relative_timestamp_from_wait_end":{"num":10,"min":0.000000238,"max":0.000000477,"avg":0.000000381,"var":0.000000000,"sum":0.000003815}}}},"target":{"received from ofi+cxi://0x23ef4600":{"handler":{"duration":{"num":10,"min":0.000000954,"max":0.000007391,"avg":0.000001812,"var":0.000000000,"sum":0.000018120}},"ult":{"duration":{"num":10,"min":0.097334862,"max":0.163224220,"avg":0.137260056,"var":0.002496713,"sum":1.372600555},"relative_timestamp_from_handler_start":{"num":10,"min":0.000001669,"max":0.000595808,"avg":0.000061345,"var":0.000000317,"sum":0.000613451}},"irespond":{"duration":{"num":10,"min":0.002331495,"max":0.002423048,"avg":0.002388930,"var":0.000000006,"sum":0.023889303},"relative_timestamp_from_ult_start":{"num":10,"min":0.094826460,"max":0.160847664,"avg":0.134856105,"var":0.002508059,"sum":1.348561049}},"respond_cb":{"duration":{"num":10,"min":0.000000000.0,"max":0.000000477,"avg":0.000000167,"var":0.000000000,"sum":0.000001669},"relative_timestamp_from_irespond_start":{"num":10,"min":0.002333641,"max":0.002425194,"avg":0.002391124,"var":0.000000006,"sum":0.023911238}},"irespond_wait":{"duration":{"num":10,"min":0.000002861,"max":0.000004530,"avg":0.000003481,"var":0.000000000,"sum":0.000034809},"relative_timestamp_from_irespond_end":{"num":10,"min":0.000000000.0,"max":0.000000238,"avg":0.000000167,"var":0.000000000,"sum":0.000001669}},"set_output":{"duration":{"num":10,"min":0.002233505,"max":0.002320766,"avg":0.002287054,"var":0.000000006,"sum":0.022870541},"relative_timestamp_from_irespond_start":{"num":10,"min":0.000000238,"max":0.000001192,"avg":0.000000477,"var":0.000000000,"sum":0.000004768}},"get_input":{"duration":{"num":10,"min":0.000000238,"max":0.000002384,"avg":0.000000644,"var":0.000000000,"sum":0.000006437},"relative_timestamp_from_ult_start":{"num":10,"min":0.000000238,"max":0.000006437,"avg":0.000001097,"var":0.000000000,"sum":0.000010967}}}}},"14048217247822970879:0:14048217247822970879:0":{"rpc_id":-4398526825886580737,"provider_id":0,"parent_rpc_id":-4398526825886580737,"parent_provider_id":0,"name":"get_file_data","origin":{"sent to ofi+cxi://0x23eb6200":{"iforward":{"duration":{"num":10,"min":0.000016451,"max":0.000032425,"avg":0.000019622,"var":0.000000000,"sum":0.000196218},"relative_timestamp_from_create":{"num":10,"min":0.000000000.0,"max":0.000000477,"avg":0.000000238,"var":0.000000000,"sum":0.000002384}},"forward_cb":{"duration":{"num":10,"min":0.000000000.0,"max":0.000001907,"avg":0.000000381,"var":0.000000000,"sum":0.000003815},"relative_timestamp_from_iforward_start":{"num":10,"min":0.091889620,"max":0.157962084,"avg":0.131967759,"var":0.002514553,"sum":1.319677591}},"iforward_wait":{"duration":{"num":10,"min":0.091863632,"max":0.157943010,"avg":0.131951928,"var":0.002514945,"sum":1.319519281},"relative_timestamp_from_iforward_end":{"num":10,"min":0.000000238,"max":0.000000238,"avg":0.000000238,"var":0.000000000.0,"sum":0.000002384}},"set_input":{"duration":{"num":10,"min":0.000000238,"max":0.000000477,"avg":0.000000381,"var":0.000000000,"sum":0.000003815},"relative_timestamp_from_iforward_start":{"num":10,"min":0.000000715,"max":0.000002146,"avg":0.000000858,"var":0.000000000,"sum":0.000008583}},"get_output":{"duration":{"num":10,"min":0.002804279,"max":0.002926826,"avg":0.002853942,"var":0.000000012,"sum":0.028539419},"relative_timestamp_from_wait_end":{"num":10,"min":0.000000238,"max":0.000001192,"avg":0.000000429,"var":0.000000000,"sum":0.000004292}}}}},"65535:65535:8686831390660034559:65535":{"rpc_id":8686831390660034559,"provider_id":65535,"parent_rpc_id":65535,"parent_provider_id":65535,"name":"__shutdown__","target":{"received from ofi+cxi://0x23e70601":{"handler":{"duration":{"num":1,"min":0.000014067,"max":0.000014067,"avg":0.000014067,"var":0.000000000.0,"sum":0.000014067}},"ult":{"duration":{"num":1,"min":0.000015736,"max":0.000015736,"avg":0.000015736,"var":0.000000000.0,"sum":0.000015736},"relative_timestamp_from_handler_start":{"num":1,"min":0.000018120,"max":0.000018120,"avg":0.000018120,"var":0.000000000.0,"sum":0.000018120}},"irespond":{"duration":{"num":1,"min":0.000005960,"max":0.000005960,"avg":0.000005960,"var":0.000000000.0,"sum":0.000005960},"relative_timestamp_from_ult_start":{"num":1,"min":0.000001192,"max":0.000001192,"avg":0.000001192,"var":0.000000000.0,"sum":0.000001192}},"respond_cb":{"duration":{"num":1,"min":0.000000477,"max":0.000000477,"avg":0.000000477,"var":0.000000000.0,"sum":0.000000477},"relative_timestamp_from_irespond_start":{"num":1,"min":0.000011683,"max":0.000011683,"avg":0.000011683,"var":0.000000000.0,"sum":0.000011683}},"irespond_wait":{"duration":{"num":1,"min":0.000006437,"max":0.000006437,"avg":0.000006437,"var":0.000000000.0,"sum":0.000006437},"relative_timestamp_from_irespond_end":{"num":1,"min":0.000000238,"max":0.000000238,"avg":0.000000238,"var":0.000000000.0,"sum":0.000000238}},"set_output":{"duration":{"num":1,"min":0.000000477,"max":0.000000477,"avg":0.000000477,"var":0.000000000.0,"sum":0.000000477},"relative_timestamp_from_irespond_start":{"num":1,"min":0.000000715,"max":0.000000715,"avg":0.000000715,"var":0.000000000.0,"sum":0.000000715}},"get_input":{"duration":{"num":0,"min":0.000000000.0,"max":0.000000000.0,"avg":0.000000000.0,"var":0.000000000.0,"sum":0.000000000.0},"relative_timestamp_from_ult_start":{"num":0,"min":0.000000000.0,"max":0.000000000.0,"avg":0.000000000.0,"var":0.000000000.0,"sum":0.000000000.0}}}}}}}