{"address":"","rpcs":{"get_file_data:0":{"timestamps":[1717912283.956103563,1717912284.965239763,1717912286.005240679,1717912287.045239687,1717912288.085240126,1717912289.125240326,1717912290.165239096,1717912291.205244780,1717912292.245239973,1717912293.285240173,1717912294.325240850,1717912295.365241289,1717912296.405240059,1717912297.445240498,1717912298.485240221,1717912299.525239944,1717912300.565240383,1717912301.605241299,1717912302.645239830,1717912303.685240269,1717912304.725240469,1717912305.765239954,1717912306.805240870,1717912307.845239162,1717912308.885240078,1717912309.921239376,1717912310.961240053,1717912312.001240253,1717912313.041240454,1717912314.081240416,1717912315.121239662,1717912316.161241055,1717912317.201240540,1717912318.241240740,1717912319.281240225,1717912320.321239471,1717912321.361240625,1717912322.401239634,1717912323.441240788,1717912324.481243610,1717912325.521240234,1717912326.561239719,1717912327.601239443,1717912328.641240120,1717912329.681239605,1717912330.721239090,1717912331.761240959,1717912332.801239491,1717912333.841239691,1717912334.881241322,1717912335.921240568,1717912336.961239338,1717912338.001241207,1717912339.041239738,1717912340.081240654,1717912341.121239662,1717912342.161240339,1717912343.201240063,1717912344.241240740,1717912345.281240225,1717912346.321239948,1717912347.361240387,1717912348.401239872,1717912349.441240072,1717912350.481239796,1717912351.521240234,1717912352.561240435,1717912353.601240158,1717912354.641240597,1717912355.681240082,1717912356.721239805,1717912357.761240005,1717912358.801242352,1717912359.841240406,1717912360.881240606,1717912361.921239853,1717912362.961240053,1717912364.001239300,1717912365.041239977,1717912366.081238985,1717912367.121240616,1717912368.161241293,1717912369.201240063,1717912370.241239548,1717912371.281239748,1717912372.321239710,1717912373.361240387,1717912373.756367922],"count":[1,9,0,0,0,0,0,0,0,0,0,0,0,0,0,0,0,0,0,0,0,0,0,0,0,0,0,0,0,0,0,0,0,0,0,0,0,0,0,0,0,0,0,0,0,0,0,0,0,0,0,0,0,0,0,0,0,0,0,0,0,0,0,0,0,0,0,0,0,0,0,0,0,0,0,0,0,0,0,0,0,0,0,0,0,0,0,0],"bulk_size":[0,0,0,0,0,0,0,0,0,0,0,0,0,0,0,0,0,0,0,0,0,0,0,0,0,0,0,0,0,0,0,0,0,0,0,0,0,0,0,0,0,0,0,0,0,0,0,0,0,0,0,0,0,0,0,0,0,0,0,0,0,0,0,0,0,0,0,0,0,0,0,0,0,0,0,0,0,0,0,0,0,0,0,0,0,0,0,0]},"__shutdown__:65535":{"timestamps":[1717912373.756367922],"count":[1],"bulk_size":[0]}},"pools":{"__primary__":{"timestamps":[1717912283.956103563,1717912284.965239763,1717912286.005240679,1717912287.045239687,1717912288.085240126,1717912289.125240326,1717912290.165239096,1717912291.205244780,1717912292.245239973,1717912293.285240173,1717912294.325240850,1717912295.365241289,1717912296.405240059,1717912297.445240498,1717912298.485240221,1717912299.525239944,1717912300.565240383,1717912301.605241299,1717912302.645239830,1717912303.685240269,1717912304.725240469,1717912305.765239954,1717912306.805240870,1717912307.845239162,1717912308.885240078,1717912309.921239376,1717912310.961240053,1717912312.001240253,1717912313.041240454,1717912314.081240416,1717912315.121239662,1717912316.161241055,1717912317.201240540,1717912318.241240740,1717912319.281240225,1717912320.321239471,1717912321.361240625,1717912322.401239634,1717912323.441240788,1717912324.481243610,1717912325.521240234,1717912326.561239719,1717912327.601239443,1717912328.641240120,1717912329.681239605,1717912330.721239090,1717912331.761240959,1717912332.801239491,1717912333.841239691,1717912334.881241322,1717912335.921240568,1717912336.961239338,1717912338.001241207,1717912339.041239738,1717912340.081240654,1717912341.121239662,1717912342.161240339,1717912343.201240063,1717912344.241240740,1717912345.281240225,1717912346.321239948,1717912347.361240387,1717912348.401239872,1717912349.441240072,1717912350.481239796,1717912351.521240234,1717912352.561240435,1717912353.601240158,1717912354.641240597,1717912355.681240082,1717912356.721239805,1717912357.761240005,1717912358.801242352,1717912359.841240406,1717912360.881240606,1717912361.921239853,1717912362.961240053,1717912364.001239300,1717912365.041239977,1717912366.081238985,1717912367.121240616,1717912368.161241293,1717912369.201240063,1717912370.241239548,1717912371.281239748,1717912372.321239710,1717912373.361240387,1717912373.756367922],"size":[0,0,0,0,0,0,0,0,0,0,0,0,0,0,0,0,0,0,0,0,0,0,0,0,0,0,0,0,0,0,0,0,0,0,0,0,0,0,0,0,0,0,0,0,0,0,0,0,0,0,0,0,0,0,0,0,0,0,0,0,0,0,0,0,0,0,0,0,0,0,0,0,0,0,0,0,0,0,0,0,0,0,0,0,0,0,0,0],"total_size":[2,1,1,1,1,1,1,1,1,1,1,1,1,1,1,1,1,1,1,1,1,1,1,1,1,1,1,1,1,1,1,1,1,1,1,1,1,1,1,1,1,1,1,1,1,1,1,1,1,1,1,1,1,1,1,1,1,1,1,1,1,1,1,1,1,1,1,1,1,1,1,1,1,1,1,1,1,1,1,1,1,1,1,1,1,1,1,0]}}}