{"address":"","progress_loop":{"progress_with_timeout":{"num":1341,"min":0.000000954,"max":0.104007244,"avg":0.103264417,"var":0.098660633,"sum":138.477582932},"progress_timeout_value_msec":{"num":1341,"min":100.000000000.0,"max":100.000000000.0,"avg":100.000000000.0,"var":0.000000000.0,"sum":134100.000000000.0},"progress_without_timeout":{"num":4633166,"min":0.000000000.0,"max":0.001587391,"avg":0.000000112,"var":0.000004397,"sum":0.521079779},"trigger":{"num":52,"min":0.000000238,"max":0.000028372,"avg":0.000001848,"var":0.000000001,"sum":0.000096083}},"rpcs":{"65535:65535:14048217247822970879:0":{"rpc_id":-4398526825886580737,"provider_id":0,"parent_rpc_id":65535,"parent_provider_id":65535,"name":"get_file_data","origin":{"sent to ofi+cxi://0x23e90000":{"iforward":{"duration":{"num":10,"min":0.000002384,"max":0.000025511,"avg":0.000004959,"var":0.000000000,"sum":0.000049591},"relative_timestamp_from_create":{"num":10,"min":0.000000000.0,"max":0.000003099,"avg":0.000000429,"var":0.000000000,"sum":0.000004292}},"forward_cb":{"duration":{"num":10,"min":0.000000000.0,"max":0.000000238,"avg":0.000000167,"var":0.000000000,"sum":0.000001669},"relative_timestamp_from_iforward_start":{"num":10,"min":0.065596104,"max":0.160826206,"avg":0.134662199,"var":0.006141100,"sum":1.346621990}},"iforward_wait":{"duration":{"num":10,"min":0.065661669,"max":0.160825729,"avg":0.134668684,"var":0.006132023,"sum":1.346686840},"relative_timestamp_from_iforward_end":{"num":10,"min":0.000000000.0,"max":0.000000238,"avg":0.000000095,"var":0.000000000,"sum":0.000000954}},"set_input":{"duration":{"num":10,"min":0.000000238,"max":0.000004292,"avg":0.000000811,"var":0.000000000,"sum":0.000008106},"relative_timestamp_from_iforward_start":{"num":10,"min":0.000001192,"max":0.000015259,"avg":0.000003052,"var":0.000000000,"sum":0.000030518}},"get_output":{"duration":{"num":10,"min":0.001098394,"max":0.001868725,"avg":0.001604676,"var":0.000000633,"sum":0.016046762},"relative_timestamp_from_wait_end":{"num":10,"min":0.000000238,"max":0.000000715,"avg":0.000000334,"var":0.000000000,"sum":0.000003338}}}},"target":{"received from ofi+cxi://0x23e90000":{"handler":{"duration":{"num":10,"min":0.000000954,"max":0.000005960,"avg":0.000001597,"var":0.000000000,"sum":0.000015974}},"ult":{"duration":{"num":10,"min":0.065637350,"max":0.160817862,"avg":0.134661531,"var":0.006134543,"sum":1.346615314},"relative_timestamp_from_handler_start":{"num":10,"min":0.000001669,"max":0.000012398,"avg":0.000002909,"var":0.000000000,"sum":0.000029087}},"irespond":{"duration":{"num":10,"min":0.001920700,"max":0.002462149,"avg":0.002316952,"var":0.000000327,"sum":0.023169518},"relative_timestamp_from_ult_start":{"num":10,"min":0.063624620,"max":0.158811092,"avg":0.132330704,"var":0.006102765,"sum":1.323307037}},"respond_cb":{"duration":{"num":10,"min":0.000000238,"max":0.000000238,"avg":0.000000238,"var":0.000000000.0,"sum":0.000002384},"relative_timestamp_from_irespond_start":{"num":10,"min":0.001923323,"max":0.002464533,"avg":0.002319336,"var":0.000000327,"sum":0.023193359}},"irespond_wait":{"duration":{"num":10,"min":0.000003338,"max":0.000004053,"avg":0.000003719,"var":0.000000000,"sum":0.000037193},"relative_timestamp_from_irespond_end":{"num":10,"min":0.000000238,"max":0.000000477,"avg":0.000000262,"var":0.000000000,"sum":0.000002623}},"set_output":{"duration":{"num":10,"min":0.001821518,"max":0.002355099,"avg":0.002215290,"var":0.000000316,"sum":0.022152901},"relative_timestamp_from_irespond_start":{"num":10,"min":0.000000238,"max":0.000001192,"avg":0.000000525,"var":0.000000000,"sum":0.000005245}},"get_input":{"duration":{"num":10,"min":0.000000238,"max":0.000002146,"avg":0.000000548,"var":0.000000000,"sum":0.000005484},"relative_timestamp_from_ult_start":{"num":10,"min":0.000000238,"max":0.000003099,"avg":0.000000715,"var":0.000000000,"sum":0.000007153}}}}},"14048217247822970879:0:14048217247822970879:0":{"rpc_id":-4398526825886580737,"provider_id":0,"parent_rpc_id":-4398526825886580737,"parent_provider_id":0,"name":"get_file_data","origin":{"sent to ofi+cxi://0x23ed0400":{"iforward":{"duration":{"num":10,"min":0.000015736,"max":0.000031471,"avg":0.000019598,"var":0.000000000,"sum":0.000195980},"relative_timestamp_from_create":{"num":10,"min":0.000000000.0,"max":0.000000238,"avg":0.000000072,"var":0.000000000,"sum":0.000000715}},"forward_cb":{"duration":{"num":10,"min":0.000000000.0,"max":0.000001192,"avg":0.000000286,"var":0.000000000,"sum":0.000002861},"relative_timestamp_from_iforward_start":{"num":10,"min":0.061307907,"max":0.156370640,"avg":0.129492974,"var":0.006048974,"sum":1.294929743}},"iforward_wait":{"duration":{"num":10,"min":0.061281681,"max":0.156354904,"avg":0.129477406,"var":0.006050321,"sum":1.294774055},"relative_timestamp_from_iforward_end":{"num":10,"min":0.000000000.0,"max":0.000000477,"avg":0.000000262,"var":0.000000000,"sum":0.000002623}},"set_input":{"duration":{"num":10,"min":0.000000238,"max":0.000000715,"avg":0.000000429,"var":0.000000000,"sum":0.000004292},"relative_timestamp_from_iforward_start":{"num":10,"min":0.000000715,"max":0.000001907,"avg":0.000000882,"var":0.000000000,"sum":0.000008821}},"get_output":{"duration":{"num":10,"min":0.002207279,"max":0.002960205,"avg":0.002805901,"var":0.000000647,"sum":0.028059006},"relative_timestamp_from_wait_end":{"num":10,"min":0.000000238,"max":0.000000954,"avg":0.000000453,"var":0.000000000,"sum":0.000004530}}}}},"65535:65535:8686831390660034559:65535":{"rpc_id":8686831390660034559,"provider_id":65535,"parent_rpc_id":65535,"parent_provider_id":65535,"name":"__shutdown__","target":{"received from ofi+cxi://0x23e70601":{"handler":{"duration":{"num":1,"min":0.000015020,"max":0.000015020,"avg":0.000015020,"var":0.000000000.0,"sum":0.000015020}},"ult":{"duration":{"num":1,"min":0.000016928,"max":0.000016928,"avg":0.000016928,"var":0.000000000.0,"sum":0.000016928},"relative_timestamp_from_handler_start":{"num":1,"min":0.000019312,"max":0.000019312,"avg":0.000019312,"var":0.000000000.0,"sum":0.000019312}},"irespond":{"duration":{"num":1,"min":0.000007153,"max":0.000007153,"avg":0.000007153,"var":0.000000000.0,"sum":0.000007153},"relative_timestamp_from_ult_start":{"num":1,"min":0.000001192,"max":0.000001192,"avg":0.000001192,"var":0.000000000.0,"sum":0.000001192}},"respond_cb":{"duration":{"num":1,"min":0.000000477,"max":0.000000477,"avg":0.000000477,"var":0.000000000.0,"sum":0.000000477},"relative_timestamp_from_irespond_start":{"num":1,"min":0.000012875,"max":0.000012875,"avg":0.000012875,"var":0.000000000.0,"sum":0.000012875}},"irespond_wait":{"duration":{"num":1,"min":0.000006437,"max":0.000006437,"avg":0.000006437,"var":0.000000000.0,"sum":0.000006437},"relative_timestamp_from_irespond_end":{"num":1,"min":0.000000238,"max":0.000000238,"avg":0.000000238,"var":0.000000000.0,"sum":0.000000238}},"set_output":{"duration":{"num":1,"min":0.000000477,"max":0.000000477,"avg":0.000000477,"var":0.000000000.0,"sum":0.000000477},"relative_timestamp_from_irespond_start":{"num":1,"min":0.000001192,"max":0.000001192,"avg":0.000001192,"var":0.000000000.0,"sum":0.000001192}},"get_input":{"duration":{"num":0,"min":0.000000000.0,"max":0.000000000.0,"avg":0.000000000.0,"var":0.000000000.0,"sum":0.000000000.0},"relative_timestamp_from_ult_start":{"num":0,"min":0.000000000.0,"max":0.000000000.0,"avg":0.000000000.0,"var":0.000000000.0,"sum":0.000000000.0}}}}}}}