{"address":"","progress_loop":{"progress_with_timeout":{"num":1065,"min":0.000000238,"max":0.104009867,"avg":0.103077643,"var":0.098091901,"sum":109.777689457},"progress_timeout_value_msec":{"num":1065,"min":100.000000000.0,"max":100.000000000.0,"avg":100.000000000.0,"var":0.000000000.0,"sum":106500.000000000.0},"progress_without_timeout":{"num":230123,"min":0.000000000.0,"max":0.000095367,"avg":0.000000120,"var":0.000000023,"sum":0.027586699},"trigger":{"num":52,"min":0.000000000.0,"max":0.000030518,"avg":0.000001495,"var":0.000000001,"sum":0.000077724}},"rpcs":{"65535:65535:14048217247822970879:0":{"rpc_id":-4398526825886580737,"provider_id":0,"parent_rpc_id":65535,"parent_provider_id":65535,"name":"get_file_data","origin":{"sent to ofi+cxi://0x23e94600":{"iforward":{"duration":{"num":10,"min":0.000000715,"max":0.000034809,"avg":0.000004435,"var":0.000000001,"sum":0.000044346},"relative_timestamp_from_create":{"num":10,"min":0.000000000.0,"max":0.000004530,"avg":0.000000572,"var":0.000000000,"sum":0.000005722}},"forward_cb":{"duration":{"num":10,"min":0.000000000.0,"max":0.000000238,"avg":0.000000095,"var":0.000000000,"sum":0.000000954},"relative_timestamp_from_iforward_start":{"num":10,"min":0.001889229,"max":0.024193048,"avg":0.006711602,"var":0.000430440,"sum":0.067116022}},"iforward_wait":{"duration":{"num":10,"min":0.001888990,"max":0.024162531,"avg":0.006708241,"var":0.000429377,"sum":0.067082405},"relative_timestamp_from_iforward_end":{"num":10,"min":0.000000000.0,"max":0.000000477,"avg":0.000000119,"var":0.000000000,"sum":0.000001192}},"set_input":{"duration":{"num":10,"min":0.000000238,"max":0.000004768,"avg":0.000000834,"var":0.000000000,"sum":0.000008345},"relative_timestamp_from_iforward_start":{"num":10,"min":0.000000477,"max":0.000021458,"avg":0.000002646,"var":0.000000000,"sum":0.000026464}},"get_output":{"duration":{"num":10,"min":0.000002861,"max":0.000003099,"avg":0.000002980,"var":0.000000000,"sum":0.000029802},"relative_timestamp_from_wait_end":{"num":10,"min":0.000000000.0,"max":0.000000238,"avg":0.000000119,"var":0.000000000,"sum":0.000001192}}}},"target":{"received from ofi+cxi://0x23e94600":{"handler":{"duration":{"num":10,"min":0.000000238,"max":0.000007391,"avg":0.000001144,"var":0.000000000,"sum":0.000011444}},"ult":{"duration":{"num":10,"min":0.001887560,"max":0.024128914,"avg":0.006703234,"var":0.000428232,"sum":0.067032337},"relative_timestamp_from_handler_start":{"num":10,"min":0.000000477,"max":0.000016451,"avg":0.000002337,"var":0.000000000,"sum":0.000023365}},"irespond":{"duration":{"num":10,"min":0.000042915,"max":0.000057697,"avg":0.000045967,"var":0.000000000,"sum":0.000459671},"relative_timestamp_from_ult_start":{"num":10,"min":0.001843214,"max":0.024068117,"avg":0.006655669,"var":0.000427640,"sum":0.066556692}},"respond_cb":{"duration":{"num":10,"min":0.000000000.0,"max":0.000000238,"avg":0.000000143,"var":0.000000000,"sum":0.000001431},"relative_timestamp_from_irespond_start":{"num":10,"min":0.000043392,"max":0.000058413,"avg":0.000046468,"var":0.000000000,"sum":0.000464678}},"irespond_wait":{"duration":{"num":10,"min":0.000000954,"max":0.000001907,"avg":0.000001144,"var":0.000000000,"sum":0.000011444},"relative_timestamp_from_irespond_end":{"num":10,"min":0.000000000.0,"max":0.000000238,"avg":0.000000095,"var":0.000000000,"sum":0.000000954}},"set_output":{"duration":{"num":10,"min":0.000034094,"max":0.000042915,"avg":0.000036383,"var":0.000000000,"sum":0.000363827},"relative_timestamp_from_irespond_start":{"num":10,"min":0.000000000.0,"max":0.000001192,"avg":0.000000143,"var":0.000000000,"sum":0.000001431}},"get_input":{"duration":{"num":10,"min":0.000000000.0,"max":0.000001907,"avg":0.000000310,"var":0.000000000,"sum":0.000003099},"relative_timestamp_from_ult_start":{"num":10,"min":0.000000000.0,"max":0.000003576,"avg":0.000000501,"var":0.000000000,"sum":0.000005007}}}}},"14048217247822970879:0:14048217247822970879:0":{"rpc_id":-4398526825886580737,"provider_id":0,"parent_rpc_id":-4398526825886580737,"parent_provider_id":0,"name":"get_file_data","origin":{"sent to ofi+cxi://0x23ed2400":{"iforward":{"duration":{"num":10,"min":0.000008106,"max":0.000039816,"avg":0.000012708,"var":0.000000001,"sum":0.000127077},"relative_timestamp_from_create":{"num":10,"min":0.000000000.0,"max":0.000000477,"avg":0.000000119,"var":0.000000000,"sum":0.000001192}},"forward_cb":{"duration":{"num":10,"min":0.000000000.0,"max":0.000001431,"avg":0.000000238,"var":0.000000000,"sum":0.000002384},"relative_timestamp_from_iforward_start":{"num":10,"min":0.001832008,"max":0.023907423,"avg":0.006624556,"var":0.000422210,"sum":0.066245556}},"iforward_wait":{"duration":{"num":10,"min":0.001823187,"max":0.023873091,"avg":0.006612635,"var":0.000421364,"sum":0.066126347},"relative_timestamp_from_iforward_end":{"num":10,"min":0.000000000.0,"max":0.000000238,"avg":0.000000167,"var":0.000000000,"sum":0.000001669}},"set_input":{"duration":{"num":10,"min":0.000000238,"max":0.000000477,"avg":0.000000405,"var":0.000000000,"sum":0.000004053},"relative_timestamp_from_iforward_start":{"num":10,"min":0.000000238,"max":0.000002146,"avg":0.000000691,"var":0.000000000,"sum":0.000006914}},"get_output":{"duration":{"num":10,"min":0.000003338,"max":0.000037432,"avg":0.000009990,"var":0.000000002,"sum":0.000099897},"relative_timestamp_from_wait_end":{"num":10,"min":0.000000000.0,"max":0.000019312,"avg":0.000002098,"var":0.000000000,"sum":0.000020981}}}}},"65535:65535:8686831390660034559:65535":{"rpc_id":8686831390660034559,"provider_id":65535,"parent_rpc_id":65535,"parent_provider_id":65535,"name":"__shutdown__","target":{"received from ofi+cxi://0x23e70601":{"handler":{"duration":{"num":1,"min":0.000015736,"max":0.000015736,"avg":0.000015736,"var":0.000000000.0,"sum":0.000015736}},"ult":{"duration":{"num":1,"min":0.000017405,"max":0.000017405,"avg":0.000017405,"var":0.000000000.0,"sum":0.000017405},"relative_timestamp_from_handler_start":{"num":1,"min":0.000020027,"max":0.000020027,"avg":0.000020027,"var":0.000000000.0,"sum":0.000020027}},"irespond":{"duration":{"num":1,"min":0.000007153,"max":0.000007153,"avg":0.000007153,"var":0.000000000.0,"sum":0.000007153},"relative_timestamp_from_ult_start":{"num":1,"min":0.000001192,"max":0.000001192,"avg":0.000001192,"var":0.000000000.0,"sum":0.000001192}},"respond_cb":{"duration":{"num":1,"min":0.000000715,"max":0.000000715,"avg":0.000000715,"var":0.000000000.0,"sum":0.000000715},"relative_timestamp_from_irespond_start":{"num":1,"min":0.000013113,"max":0.000013113,"avg":0.000013113,"var":0.000000000.0,"sum":0.000013113}},"irespond_wait":{"duration":{"num":1,"min":0.000006914,"max":0.000006914,"avg":0.000006914,"var":0.000000000.0,"sum":0.000006914},"relative_timestamp_from_irespond_end":{"num":1,"min":0.000000238,"max":0.000000238,"avg":0.000000238,"var":0.000000000.0,"sum":0.000000238}},"set_output":{"duration":{"num":1,"min":0.000000477,"max":0.000000477,"avg":0.000000477,"var":0.000000000.0,"sum":0.000000477},"relative_timestamp_from_irespond_start":{"num":1,"min":0.000000954,"max":0.000000954,"avg":0.000000954,"var":0.000000000.0,"sum":0.000000954}},"get_input":{"duration":{"num":0,"min":0.000000000.0,"max":0.000000000.0,"avg":0.000000000.0,"var":0.000000000.0,"sum":0.000000000.0},"relative_timestamp_from_ult_start":{"num":0,"min":0.000000000.0,"max":0.000000000.0,"avg":0.000000000.0,"var":0.000000000.0,"sum":0.000000000.0}}}}}}}