{"address":"","progress_loop":{"progress_with_timeout":{"num":579,"min":0.000000954,"max":0.104005575,"avg":0.102282816,"var":0.098278753,"sum":59.221750736},"progress_timeout_value_msec":{"num":579,"min":100.000000000.0,"max":100.000000000.0,"avg":100.000000000.0,"var":0.000000000.0,"sum":57900.000000000.0},"progress_without_timeout":{"num":277155055,"min":0.000000000.0,"max":0.080647707,"avg":0.000000114,"var":0.063346714,"sum":31.573728800},"trigger":{"num":52,"min":0.000000238,"max":0.000028849,"avg":0.000002549,"var":0.000000001,"sum":0.000132561}},"rpcs":{"65535:65535:14048217247822970879:0":{"rpc_id":-4398526825886580737,"provider_id":0,"parent_rpc_id":65535,"parent_provider_id":65535,"name":"get_file_data","origin":{"sent to ofi+cxi://0x23e96200":{"iforward":{"duration":{"num":10,"min":0.000002861,"max":0.000029325,"avg":0.000006223,"var":0.000000001,"sum":0.000062227},"relative_timestamp_from_create":{"num":10,"min":0.000000238,"max":0.000003815,"avg":0.000000954,"var":0.000000000,"sum":0.000009537}},"forward_cb":{"duration":{"num":10,"min":0.000000000.0,"max":0.000000238,"avg":0.000000191,"var":0.000000000,"sum":0.000001907},"relative_timestamp_from_iforward_start":{"num":10,"min":6.932776213,"max":8.351986408,"avg":7.975800586,"var":1.739224031,"sum":79.758005857}},"iforward_wait":{"duration":{"num":10,"min":6.933389664,"max":8.352622747,"avg":7.976427794,"var":1.739316729,"sum":79.764277935},"relative_timestamp_from_iforward_end":{"num":10,"min":0.000000000.0,"max":0.000000477,"avg":0.000000191,"var":0.000000000,"sum":0.000001907}},"set_input":{"duration":{"num":10,"min":0.000000238,"max":0.000004292,"avg":0.000000811,"var":0.000000000,"sum":0.000008106},"relative_timestamp_from_iforward_start":{"num":10,"min":0.000002146,"max":0.000018120,"avg":0.000004244,"var":0.000000000,"sum":0.000042439}},"get_output":{"duration":{"num":10,"min":0.087878942,"max":0.088545561,"avg":0.088058186,"var":0.000000389,"sum":0.880581856},"relative_timestamp_from_wait_end":{"num":10,"min":0.000000477,"max":0.000000954,"avg":0.000000668,"var":0.000000000,"sum":0.000006676}}}},"target":{"received from ofi+cxi://0x23e96200":{"handler":{"duration":{"num":10,"min":0.000000715,"max":0.000005960,"avg":0.000001407,"var":0.000000000,"sum":0.000014067}},"ult":{"duration":{"num":10,"min":6.933384180,"max":8.352616310,"avg":7.976418757,"var":1.739333393,"sum":79.764187574},"relative_timestamp_from_handler_start":{"num":10,"min":0.000001669,"max":0.000013351,"avg":0.000003052,"var":0.000000000,"sum":0.000030518}},"irespond":{"duration":{"num":10,"min":0.095526695,"max":0.097525835,"avg":0.096288085,"var":0.000003026,"sum":0.962880850},"relative_timestamp_from_ult_start":{"num":10,"min":6.836229086,"max":8.255660772,"avg":7.879495478,"var":1.738849713,"sum":78.794954777}},"respond_cb":{"duration":{"num":10,"min":0.000000000.0,"max":0.000000477,"avg":0.000000238,"var":0.000000000,"sum":0.000002384},"relative_timestamp_from_irespond_start":{"num":10,"min":0.095529795,"max":0.097528696,"avg":0.096290946,"var":0.000003026,"sum":0.962909460}},"irespond_wait":{"duration":{"num":10,"min":0.000003576,"max":0.000004530,"avg":0.000003934,"var":0.000000000,"sum":0.000039339},"relative_timestamp_from_irespond_end":{"num":10,"min":0.000000238,"max":0.000000477,"avg":0.000000334,"var":0.000000000,"sum":0.000003338}},"set_output":{"duration":{"num":10,"min":0.092862368,"max":0.094164848,"avg":0.093282962,"var":0.000001504,"sum":0.932829618},"relative_timestamp_from_irespond_start":{"num":10,"min":0.000000238,"max":0.000001669,"avg":0.000000453,"var":0.000000000,"sum":0.000004530}},"get_input":{"duration":{"num":10,"min":0.000000238,"max":0.000001907,"avg":0.000000596,"var":0.000000000,"sum":0.000005960},"relative_timestamp_from_ult_start":{"num":10,"min":0.000000238,"max":0.000003099,"avg":0.000000882,"var":0.000000000,"sum":0.000008821}}}}},"14048217247822970879:0:14048217247822970879:0":{"rpc_id":-4398526825886580737,"provider_id":0,"parent_rpc_id":-4398526825886580737,"parent_provider_id":0,"name":"get_file_data","origin":{"sent to ofi+cxi://0x23ed6200":{"iforward":{"duration":{"num":10,"min":0.000014305,"max":0.000887156,"avg":0.000362229,"var":0.000001774,"sum":0.003622293},"relative_timestamp_from_create":{"num":10,"min":0.000000000.0,"max":0.000000238,"avg":0.000000119,"var":0.000000000,"sum":0.000001192}},"forward_cb":{"duration":{"num":10,"min":0.000000238,"max":0.000001431,"avg":0.000000548,"var":0.000000000,"sum":0.000005484},"relative_timestamp_from_iforward_start":{"num":10,"min":6.748308659,"max":8.165770769,"avg":7.790903187,"var":1.736564799,"sum":77.909031868}},"iforward_wait":{"duration":{"num":10,"min":6.747462988,"max":8.165758371,"avg":7.790544963,"var":1.737134811,"sum":77.905449629},"relative_timestamp_from_iforward_end":{"num":10,"min":0.000000000.0,"max":0.000000477,"avg":0.000000238,"var":0.000000000,"sum":0.000002384}},"set_input":{"duration":{"num":10,"min":0.000000000.0,"max":0.000000477,"avg":0.000000238,"var":0.000000000,"sum":0.000002384},"relative_timestamp_from_iforward_start":{"num":10,"min":0.000000715,"max":0.000002146,"avg":0.000000858,"var":0.000000000,"sum":0.000008583}},"get_output":{"duration":{"num":10,"min":0.087836504,"max":0.089826107,"avg":0.088524866,"var":0.000002764,"sum":0.885248661},"relative_timestamp_from_wait_end":{"num":10,"min":0.000000477,"max":0.000001192,"avg":0.000000739,"var":0.000000000,"sum":0.000007391}}}}},"65535:65535:8686831390660034559:65535":{"rpc_id":8686831390660034559,"provider_id":65535,"parent_rpc_id":65535,"parent_provider_id":65535,"name":"__shutdown__","target":{"received from ofi+cxi://0x23e70601":{"handler":{"duration":{"num":1,"min":0.000019073,"max":0.000019073,"avg":0.000019073,"var":0.000000000.0,"sum":0.000019073}},"ult":{"duration":{"num":1,"min":0.000014305,"max":0.000014305,"avg":0.000014305,"var":0.000000000.0,"sum":0.000014305},"relative_timestamp_from_handler_start":{"num":1,"min":0.000022411,"max":0.000022411,"avg":0.000022411,"var":0.000000000.0,"sum":0.000022411}},"irespond":{"duration":{"num":1,"min":0.000005960,"max":0.000005960,"avg":0.000005960,"var":0.000000000.0,"sum":0.000005960},"relative_timestamp_from_ult_start":{"num":1,"min":0.000000954,"max":0.000000954,"avg":0.000000954,"var":0.000000000.0,"sum":0.000000954}},"respond_cb":{"duration":{"num":1,"min":0.000000238,"max":0.000000238,"avg":0.000000238,"var":0.000000000.0,"sum":0.000000238},"relative_timestamp_from_irespond_start":{"num":1,"min":0.000010967,"max":0.000010967,"avg":0.000010967,"var":0.000000000.0,"sum":0.000010967}},"irespond_wait":{"duration":{"num":1,"min":0.000005722,"max":0.000005722,"avg":0.000005722,"var":0.000000000.0,"sum":0.000005722},"relative_timestamp_from_irespond_end":{"num":1,"min":0.000000000.0,"max":0.000000000.0,"avg":0.000000000.0,"var":0.000000000.0,"sum":0.000000000.0}},"set_output":{"duration":{"num":1,"min":0.000000477,"max":0.000000477,"avg":0.000000477,"var":0.000000000.0,"sum":0.000000477},"relative_timestamp_from_irespond_start":{"num":1,"min":0.000000715,"max":0.000000715,"avg":0.000000715,"var":0.000000000.0,"sum":0.000000715}},"get_input":{"duration":{"num":0,"min":0.000000000.0,"max":0.000000000.0,"avg":0.000000000.0,"var":0.000000000.0,"sum":0.000000000.0},"relative_timestamp_from_ult_start":{"num":0,"min":0.000000000.0,"max":0.000000000.0,"avg":0.000000000.0,"var":0.000000000.0,"sum":0.000000000.0}}}}}}}