{"address":"","progress_loop":{"progress_with_timeout":{"num":866,"min":0.000012159,"max":0.104007244,"avg":0.103715589,"var":0.022673349,"sum":89.817699909},"progress_timeout_value_msec":{"num":866,"min":100.000000000.0,"max":100.000000000.0,"avg":100.000000000.0,"var":0.000000000.0,"sum":86600.000000000.0},"progress_without_timeout":{"num":101661,"min":0.000000000.0,"max":0.000008821,"avg":0.000000112,"var":0.000000002,"sum":0.011359453},"trigger":{"num":102,"min":0.000000000.0,"max":0.002103567,"avg":0.000021423,"var":0.000004379,"sum":0.002185106}},"rpcs":{"65535:65535:14048217247822970879:0":{"rpc_id":-4398526825886580737,"provider_id":0,"parent_rpc_id":65535,"parent_provider_id":65535,"name":"get_file_data","origin":{"sent to ofi+cxi://0x23ef2400":{"iforward":{"duration":{"num":10,"min":0.000000477,"max":0.000027180,"avg":0.000003433,"var":0.000000001,"sum":0.000034332},"relative_timestamp_from_create":{"num":10,"min":0.000000000.0,"max":0.000003338,"avg":0.000000429,"var":0.000000000,"sum":0.000004292}},"forward_cb":{"duration":{"num":10,"min":0.000000000.0,"max":0.000000238,"avg":0.000000048,"var":0.000000000,"sum":0.000000477},"relative_timestamp_from_iforward_start":{"num":10,"min":0.000042677,"max":0.026985645,"avg":0.003108835,"var":0.000636384,"sum":0.031088352}},"iforward_wait":{"duration":{"num":10,"min":0.000042677,"max":0.026972294,"avg":0.003107595,"var":0.000635746,"sum":0.031075954},"relative_timestamp_from_iforward_end":{"num":10,"min":0.000000000.0,"max":0.000000238,"avg":0.000000095,"var":0.000000000,"sum":0.000000954}},"set_input":{"duration":{"num":10,"min":0.000000000.0,"max":0.000004053,"avg":0.000000572,"var":0.000000000,"sum":0.000005722},"relative_timestamp_from_iforward_start":{"num":10,"min":0.000000238,"max":0.000016928,"avg":0.000002170,"var":0.000000000,"sum":0.000021696}},"get_output":{"duration":{"num":10,"min":0.000000000.0,"max":0.000000238,"avg":0.000000143,"var":0.000000000,"sum":0.000001431},"relative_timestamp_from_wait_end":{"num":10,"min":0.000000000.0,"max":0.000000238,"avg":0.000000072,"var":0.000000000,"sum":0.000000715}}}},"target":{"received from ofi+cxi://0x23ef2400":{"handler":{"duration":{"num":10,"min":0.000000238,"max":0.000006199,"avg":0.000001001,"var":0.000000000,"sum":0.000010014}},"ult":{"duration":{"num":10,"min":0.000041485,"max":0.026937485,"avg":0.003102303,"var":0.000634177,"sum":0.031023026},"relative_timestamp_from_handler_start":{"num":10,"min":0.000000477,"max":0.000012875,"avg":0.000002027,"var":0.000000000,"sum":0.000020266}},"irespond":{"duration":{"num":10,"min":0.000000477,"max":0.000002384,"avg":0.000000763,"var":0.000000000,"sum":0.000007629},"relative_timestamp_from_ult_start":{"num":10,"min":0.000039816,"max":0.026929855,"avg":0.003098416,"var":0.000633951,"sum":0.030984163}},"respond_cb":{"duration":{"num":10,"min":0.000000000.0,"max":0.000000238,"avg":0.000000095,"var":0.000000000,"sum":0.000000954},"relative_timestamp_from_irespond_start":{"num":10,"min":0.000000715,"max":0.000015736,"avg":0.000002789,"var":0.000000000,"sum":0.000027895}},"irespond_wait":{"duration":{"num":10,"min":0.000000715,"max":0.000015736,"avg":0.000002718,"var":0.000000000,"sum":0.000027180},"relative_timestamp_from_irespond_end":{"num":10,"min":0.000000000.0,"max":0.000000238,"avg":0.000000048,"var":0.000000000,"sum":0.000000477}},"set_output":{"duration":{"num":10,"min":0.000000000.0,"max":0.000000715,"avg":0.000000381,"var":0.000000000,"sum":0.000003815},"relative_timestamp_from_irespond_start":{"num":10,"min":0.000000000.0,"max":0.000000715,"avg":0.000000143,"var":0.000000000,"sum":0.000001431}},"get_input":{"duration":{"num":10,"min":0.000000000.0,"max":0.000001907,"avg":0.000000334,"var":0.000000000,"sum":0.000003338},"relative_timestamp_from_ult_start":{"num":10,"min":0.000000000.0,"max":0.000002861,"avg":0.000000381,"var":0.000000000,"sum":0.000003815}}}}},"14048217247822970879:0:14048217247822970879:0":{"rpc_id":-4398526825886580737,"provider_id":0,"parent_rpc_id":-4398526825886580737,"parent_provider_id":0,"name":"get_file_data","origin":{"sent to ofi+cxi://0x23ed6600":{"iforward":{"duration":{"num":30,"min":0.000001192,"max":0.000033617,"avg":0.000008782,"var":0.000000001,"sum":0.000263453},"relative_timestamp_from_create":{"num":30,"min":0.000000000.0,"max":0.000000477,"avg":0.000000079,"var":0.000000000,"sum":0.000002384}},"forward_cb":{"duration":{"num":30,"min":0.000000000.0,"max":0.000001669,"avg":0.000000159,"var":0.000000000,"sum":0.000004768},"relative_timestamp_from_iforward_start":{"num":30,"min":0.000034332,"max":0.026846647,"avg":0.002859545,"var":0.001608165,"sum":0.085786343}},"iforward_wait":{"duration":{"num":30,"min":0.000032663,"max":0.026818514,"avg":0.002851860,"var":0.001607318,"sum":0.085555792},"relative_timestamp_from_iforward_end":{"num":30,"min":0.000000000.0,"max":0.000000238,"avg":0.000000230,"var":0.000000000,"sum":0.000006914}},"set_input":{"duration":{"num":30,"min":0.000000000.0,"max":0.000000477,"avg":0.000000270,"var":0.000000000,"sum":0.000008106},"relative_timestamp_from_iforward_start":{"num":30,"min":0.000000238,"max":0.000001907,"avg":0.000000580,"var":0.000000000,"sum":0.000017405}},"get_output":{"duration":{"num":30,"min":0.000000000.0,"max":0.000000954,"avg":0.000000191,"var":0.000000000,"sum":0.000005722},"relative_timestamp_from_wait_end":{"num":30,"min":0.000000000.0,"max":0.000000954,"avg":0.000000175,"var":0.000000000,"sum":0.000005245}}}},"target":{"received from ofi+cxi://0x23ef0000":{"handler":{"duration":{"num":10,"min":0.000000238,"max":0.000001669,"avg":0.000000572,"var":0.000000000,"sum":0.000005722}},"ult":{"duration":{"num":10,"min":0.000053406,"max":0.024792671,"avg":0.002873683,"var":0.000536706,"sum":0.028736830},"relative_timestamp_from_handler_start":{"num":10,"min":0.000000477,"max":0.000046492,"avg":0.000006080,"var":0.000000002,"sum":0.000060797}},"irespond":{"duration":{"num":10,"min":0.000000238,"max":0.000002384,"avg":0.000000644,"var":0.000000000,"sum":0.000006437},"relative_timestamp_from_ult_start":{"num":10,"min":0.000048161,"max":0.024742365,"avg":0.002863836,"var":0.000534737,"sum":0.028638363}},"respond_cb":{"duration":{"num":10,"min":0.000000000.0,"max":0.000000238,"avg":0.000000095,"var":0.000000000,"sum":0.000000954},"relative_timestamp_from_irespond_start":{"num":10,"min":0.000004530,"max":0.000033617,"avg":0.000007701,"var":0.000000001,"sum":0.000077009}},"irespond_wait":{"duration":{"num":10,"min":0.000004053,"max":0.000046968,"avg":0.000008655,"var":0.000000002,"sum":0.000086546},"relative_timestamp_from_irespond_end":{"num":10,"min":0.000000238,"max":0.000000477,"avg":0.000000262,"var":0.000000000,"sum":0.000002623}},"set_output":{"duration":{"num":10,"min":0.000000000.0,"max":0.000000477,"avg":0.000000191,"var":0.000000000,"sum":0.000001907},"relative_timestamp_from_irespond_start":{"num":10,"min":0.000000000.0,"max":0.000000477,"avg":0.000000119,"var":0.000000000,"sum":0.000001192}},"get_input":{"duration":{"num":10,"min":0.000000000.0,"max":0.000000715,"avg":0.000000286,"var":0.000000000,"sum":0.000002861},"relative_timestamp_from_ult_start":{"num":10,"min":0.000000000.0,"max":0.000000477,"avg":0.000000167,"var":0.000000000,"sum":0.000001669}}},"received from ofi+cxi://0x23ef6600":{"handler":{"duration":{"num":10,"min":0.000000238,"max":0.002102375,"avg":0.000211167,"var":0.000003974,"sum":0.002111673}},"ult":{"duration":{"num":10,"min":0.000045776,"max":0.022636890,"avg":0.002668500,"var":0.000446006,"sum":0.026684999},"relative_timestamp_from_handler_start":{"num":10,"min":0.000000477,"max":0.002104044,"avg":0.000211763,"var":0.000003979,"sum":0.002117634}},"irespond":{"duration":{"num":10,"min":0.000000238,"max":0.000001907,"avg":0.000000644,"var":0.000000000,"sum":0.000006437},"relative_timestamp_from_ult_start":{"num":10,"min":0.000040054,"max":0.022590399,"avg":0.002654028,"var":0.000444527,"sum":0.026540279}},"respond_cb":{"duration":{"num":10,"min":0.000000000.0,"max":0.000000238,