{"address":"","progress_loop":{"progress_with_timeout":{"num":1299,"min":0.072573900,"max":0.104010344,"avg":0.103967002,"var":0.001028473,"sum":135.053135633},"progress_timeout_value_msec":{"num":1299,"min":100.000000000.0,"max":100.000000000.0,"avg":100.000000000.0,"var":0.000000000.0,"sum":129900.000000000.0},"progress_without_timeout":{"num":15339341,"min":0.000000000.0,"max":0.006186485,"avg":0.000000121,"var":0.000667631,"sum":1.852303982},"trigger":{"num":132,"min":0.000000238,"max":0.002135277,"avg":0.000018376,"var":0.000004518,"sum":0.002425671}},"rpcs":{"65535:65535:14048217247822970879:0":{"rpc_id":-4398526825886580737,"provider_id":0,"parent_rpc_id":65535,"parent_provider_id":65535,"name":"get_file_data","origin":{"sent to ofi+cxi://0x23ed2400":{"iforward":{"duration":{"num":10,"min":0.000002384,"max":0.000035286,"avg":0.000006127,"var":0.000000001,"sum":0.000061274},"relative_timestamp_from_create":{"num":10,"min":0.000000000.0,"max":0.000004768,"avg":0.000000763,"var":0.000000000,"sum":0.000007629}},"forward_cb":{"duration":{"num":10,"min":0.000000238,"max":0.000000477,"avg":0.000000286,"var":0.000000000,"sum":0.000002861},"relative_timestamp_from_iforward_start":{"num":10,"min":0.423467159,"max":0.504024982,"avg":0.465263629,"var":0.004733839,"sum":4.652636290}},"iforward_wait":{"duration":{"num":10,"min":0.423467159,"max":0.504024267,"avg":0.465277410,"var":0.004741870,"sum":4.652774096},"relative_timestamp_from_iforward_end":{"num":10,"min":0.000000000.0,"max":0.000000477,"avg":0.000000191,"var":0.000000000,"sum":0.000001907}},"set_input":{"duration":{"num":10,"min":0.000000238,"max":0.000005007,"avg":0.000000834,"var":0.000000000,"sum":0.000008345},"relative_timestamp_from_iforward_start":{"num":10,"min":0.000001669,"max":0.000022650,"avg":0.000004053,"var":0.000000000,"sum":0.000040531}},"get_output":{"duration":{"num":10,"min":0.002800703,"max":0.009111881,"avg":0.003973103,"var":0.000038883,"sum":0.039731026},"relative_timestamp_from_wait_end":{"num":10,"min":0.000000238,"max":0.000000715,"avg":0.000000501,"var":0.000000000,"sum":0.000005007}}}},"target":{"received from ofi+cxi://0x23ed2400":{"handler":{"duration":{"num":10,"min":0.000000715,"max":0.000007391,"avg":0.000001717,"var":0.000000000,"sum":0.000017166}},"ult":{"duration":{"num":10,"min":0.423462629,"max":0.503776550,"avg":0.465245080,"var":0.004721307,"sum":4.652450800},"relative_timestamp_from_handler_start":{"num":10,"min":0.000001669,"max":0.000016451,"avg":0.000003433,"var":0.000000000,"sum":0.000034332}},"irespond":{"duration":{"num":10,"min":0.005262852,"max":0.007894993,"avg":0.006880307,"var":0.000008684,"sum":0.068803072},"relative_timestamp_from_ult_start":{"num":10,"min":0.416001797,"max":0.496971846,"avg":0.458342099,"var":0.004603955,"sum":4.583420992}},"respond_cb":{"duration":{"num":10,"min":0.000000238,"max":0.000000477,"avg":0.000000286,"var":0.000000000,"sum":0.000002861},"relative_timestamp_from_irespond_start":{"num":10,"min":0.005264997,"max":0.007898331,"avg":0.006883121,"var":0.000008686,"sum":0.068831205}},"irespond_wait":{"duration":{"num":10,"min":0.000003576,"max":0.000005960,"avg":0.000004506,"var":0.000000000,"sum":0.000045061},"relative_timestamp_from_irespond_end":{"num":10,"min":0.000000238,"max":0.000000477,"avg":0.000000262,"var":0.000000000,"sum":0.000002623}},"set_output":{"duration":{"num":10,"min":0.005060911,"max":0.007667303,"avg":0.006660771,"var":0.000008546,"sum":0.066607714},"relative_timestamp_from_irespond_start":{"num":10,"min":0.000000477,"max":0.000001669,"avg":0.000000620,"var":0.000000000,"sum":0.000006199}},"get_input":{"duration":{"num":10,"min":0.000000238,"max":0.000002384,"avg":0.000000525,"var":0.000000000,"sum":0.000005245},"relative_timestamp_from_ult_start":{"num":10,"min":0.000000238,"max":0.000003099,"avg":0.000000620,"var":0.000000000,"sum":0.000006199}}}}},"14048217247822970879:0:14048217247822970879:0":{"rpc_id":-4398526825886580737,"provider_id":0,"parent_rpc_id":-4398526825886580737,"parent_provider_id":0,"name":"get_file_data","origin":{"sent to ofi+cxi://0x23e92000":{"iforward":{"duration":{"num":30,"min":0.000002861,"max":0.000311136,"avg":0.000069944,"var":0.000000230,"sum":0.002098322},"relative_timestamp_from_create":{"num":30,"min":0.000000000.0,"max":0.000000715,"avg":0.000000246,"var":0.000000000,"sum":0.000007391}},"forward_cb":{"duration":{"num":30,"min":0.000000238,"max":0.000025034,"avg":0.000001391,"var":0.000000001,"sum":0.000041723},"relative_timestamp_from_iforward_start":{"num":30,"min":0.307440519,"max":0.523495674,"avg":0.446533370,"var":0.054483380,"sum":13.396001101}},"iforward_wait":{"duration":{"num":30,"min":0.307438612,"max":0.523485661,"avg":0.446465786,"var":0.054459605,"sum":13.393973589},"relative_timestamp_from_iforward_end":{"num":30,"min":0.000000000.0,"max":0.000000477,"avg":0.000000199,"var":0.000000000,"sum":0.000005960}},"set_input":{"duration":{"num":30,"min":0.000000238,"max":0.000000715,"avg":0.000000381,"var":0.000000000,"sum":0.000011444},"relative_timestamp_from_iforward_start":{"num":30,"min":0.000000477,"max":0.000002623,"avg":0.000001121,"var":0.000000000,"sum":0.000033617}},"get_output":{"duration":{"num":30,"min":0.002686501,"max":0.010222435,"avg":0.003886469,"var":0.000117201,"sum":0.116594076},"relative_timestamp_from_wait_end":{"num":30,"min":0.000000477,"max":0.000001669,"avg":0.000000850,"var":0.000000000,"sum":0.000025511}}}},"target":{"received from ofi+cxi://0x23e94200":{"handler":{"duration":{"num":10,"min":0.000001907,"max":0.000003576,"avg":0.000002503,"var":0.000000000,"sum":0.000025034}},"ult":{"duration":{"num":10,"min":0.344010115,"max":0.538494349,"avg":0.456929708,"var":0.024022149,"sum":4.569297075},"relative_timestamp_from_handler_start":{"num":10,"min":0.000002623,"max":0.002139330,"avg":0.000216818,"var":0.000004107,"sum":0.002168179}},"irespond":{"duration":{"num":10,"min":0.005473852,"max":0.007483721,"avg":0.007085776,"var":0.000003279,"sum":0.070857763},"relative_timestamp_from_ult_start":{"num":10,"min":0.330497742,"max":0.511105061,"avg":0.445226955,"var":0.021804179,"sum":4.452269554}},"respond_cb":{"duration":{"num":10,"min":0.000000000.0,"max":0.000001192,"avg":0.000000334,"var":0.000000000,"sum":0.000003338},"relative_timestamp_from_irespond_start":{"num":10,"min":0.008139610,"max":0.027385950,"avg":0.011700225,"var":0.000321058,"sum":0.117002249}},"irespond_wait":{"duration":{"num":10,"min":0.000984669,"max":0.020494699,"avg":0.004615116,"var":0.000345849,"sum":0.046151161},"relative_timestamp_from_irespond_end":{"num":10,"min":0.000000238,"max":0.000000715,"avg":0.000000429,"var":0.000000000,"sum":0.000004292}},"set_output":{"duration":{"num":10,"min":0.005265713,"max":0.007250547,"avg":0.006858516,"var":0.000003200,"sum":0.068585157},"relative_timestamp_from_irespond_start":{"num":10,"min":0.000000238,"max":0.000000715,"avg":0.000000429,"var":0.000000000,"sum":0.000004292}},"get_input":{"duration":{"num":10,"min":0.000000238,"max":0.000000715,"avg":0.000000501,"var":0.000000000,"sum":0.000005007},"relative_timestamp_from_ult_start":{"num":10,"min":0.000000477,"max":0.000001907,"avg":0.000000691,"var":0.000000000,"sum":0.000006914}}},"received from ofi+cxi://0x23e94600":{"handler":{"duration":{"num":10,"min":0.000000715,"max":0.002133846,"avg":0.000214577,"var":0.000004093,"sum":0.002145767}},"ult":{"duration":{"num":10,"min":0.318537712,"max":0.545104504,"avg":0.456574225,"var":0.030648554,"sum":4.565742254},"relative_timestamp_from_handler_start":{"num":10,"min":0.000001192,"max":0.002198935,"avg":0.000221467,"var":0.000004345,"sum":0.002214670}},"irespond":{"duration":{"num":10,"min":0.005584478,"max":0.007572889,"avg":0.006810784,"var":0.000002452,"sum":0.068107843},"relative_timestamp_from_ult_start":{"num":10,"min":0.310334921,"max":0.531877518,"avg":0.447804117,"var":0.029764423,"sum":4.478041172}},"respond_cb":{"duration":{"num":10,"min":0.000000000.0,"max":0.000000238,"avg":0.000000191,"var":0.000000000,