{"address":"","rpcs":{"get_file_data:0":{"timestamps":[1717913784.377592564,1717913785.458729506,1717913786.498729229,1717913787.538729429,1717913788.578729153,1717913789.618728876,1717913790.658730268,1717913791.698728800,1717913792.738729000,1717913793.778729677,1717913794.818729639,1717913795.858729601,1717913796.898729086,1717913797.938729286,1717913798.978729248,1717913800.018732786,1717913801.058728933,1717913802.098731279,1717913803.138729811,1717913804.178728819,1717913805.218732834,1717913806.258729458,1717913807.298729420,1717913808.334729671,1717913809.374730587,1717913810.414728642,1717913811.454729795,1717913812.494729996,1717913813.534729242,1717913814.574729681,1717913815.614729166,1717913816.654729366,1717913817.694732428,1717913818.734729290,1717913819.774729013,1717913820.814729929,1717913821.854729652,1717913822.894729614,1717913823.934729815,1717913824.974729776,1717913826.014729977,1717913827.054729700,1717913828.094729662,1717913829.134729862,1717913830.174728632,1717913831.214729786,1717913832.254729748,1717913833.294729710,1717913834.334729910,1717913835.374729633,1717913836.414729118,1717913837.454728603,1717913838.494729519,1717913839.534729958,1717913840.574729204,1717913841.614728928,1717913842.654729843,1717913843.694729805,1717913844.734729290,1717913845.774729729,1717913846.814730883,1717913847.854730129,1717913848.894729614,1717913849.934729099,1717913850.974730253,1717913852.014728546,1717913853.054729223,1717913854.094728947,1717913855.134732246,1717913856.174729347,1717913857.214730263,1717913858.254730940,1717913859.294729710,1717913860.334729195,1717913861.374729395,1717913862.414729118,1717913863.454729319,1717913864.494729280,1717913865.534729481,1717913866.574729204,1717913867.614729404,1717913868.654729605,1717913869.694730043,1717913870.734729290,1717913871.774729490,1717913872.814729452,1717913873.854729176,1717913874.894729376,1717913875.934730053,1717913876.974729300,1717913878.014730215,1717913879.050728559,1717913880.090731144,1717913881.130728722,1717913882.170729637,1717913883.210730076,1717913884.250730276,1717913885.290729046,1717913886.330729723,1717913887.370728493,1717913888.410729647,1717913889.450729132,1717913890.490729570,1717913891.530729294,1717913892.570729733,1717913893.610729218,1717913894.278304338],"count":[1,69,0,0,0,0,0,0,0,0,0,0,0,0,0,0,0,0,0,0,0,0,0,0,0,0,0,0,0,0,0,0,0,0,0,0,0,0,0,0,0,0,0,0,0,0,0,0,0,0,0,0,0,0,0,0,0,0,0,0,0,0,0,0,0,0,0,0,0,0,0,0,0,0,0,0,0,0,0,0,0,0,0,0,0,0,0,0,0,0,0,0,0,0,0,0,0,0,0,0,0,0,0,0,0,0,0],"bulk_size":[0,0,0,0,0,0,0,0,0,0,0,0,0,0,0,0,0,0,0,0,0,0,0,0,0,0,0,0,0,0,0,0,0,0,0,0,0,0,0,0,0,0,0,0,0,0,0,0,0,0,0,0,0,0,0,0,0,0,0,0,0,0,0,0,0,0,0,0,0,0,0,0,0,0,0,0,0,0,0,0,0,0,0,0,0,0,0,0,0,0,0,0,0,0,0,0,0,0,0,0,0,0,0,0,0,0,0]},"__shutdown__:65535":{"timestamps":[1717913894.278304338],"count":[1],"bulk_size":[0]}},"pools":{"__primary__":{"timestamps":[1717913784.377592564,1717913785.458729506,1717913786.498729229,1717913787.538729429,1717913788.578729153,1717913789.618728876,1717913790.658730268,1717913791.698728800,1717913792.738729000,1717913793.778729677,1717913794.818729639,1717913795.858729601,1717913796.898729086,1717913797.938729286,1717913798.978729248,1717913800.018732786,1717913801.058728933,1717913802.098731279,1717913803.138729811,1717913804.178728819,1717913805.218732834,1717913806.258729458,1717913807.298729420,1717913808.334729671,1717913809.374730587,1717913810.414728642,1717913811.454729795,1717913812.494729996,1717913813.534729242,1717913814.574729681,1717913815.614729166,1717913816.654729366,1717913817.694732428,1717913818.734729290,1717913819.774729013,1717913820.814729929,1717913821.854729652,1717913822.894729614,1717913823.934729815,1717913824.974729776,1717913826.014729977,1717913827.054729700,1717913828.094729662,1717913829.134729862,1717913830.174728632,1717913831.214729786,1717913832.254729748,1717913833.294729710,1717913834.334729910,1717913835.374729633,1717913836.414729118,1717913837.454728603,1717913838.494729519,1717913839.534729958,1717913840.574729204,1717913841.614728928,1717913842.654729843,1717913843.694729805,1717913844.734729290,1717913845.774729729,1717913846.814730883,1717913847.854730129,1717913848.894729614,1717913849.934729099,1717913850.974730253,1717913852.014728546,1717913853.054729223,1717913854.094728947,1717913855.134732246,1717913856.174729347,1717913857.214730263,1717913858.254730940,1717913859.294729710,1717913860.334729195,1717913861.374729395,1717913862.414729118,1717913863.454729319,1717913864.494729280,1717913865.534729481,1717913866.574729204,1717913867.614729404,1717913868.654729605,1717913869.694730043,1717913870.734729290,1717913871.774729490,1717913872.814729452,1717913873.854729176,1717913874.894729376,1717913875.934730053,1717913876.974729300,1717913878.014730215,1717913879.050728559,1717913880.090731144,1717913881.130728722,1717913882.170729637,1717913883.210730076,1717913884.250730276,1717913885.290729046,1717913886.330729723,1717913887.370728493,1717913888.410729647,1717913889.450729132,1717913890.490729570,1717913891.530729294,1717913892.570729733,1717913893.610729218,1717913894.278304338],"size":[0,0,0,0,0,0,0,0,0,0,0,0,0,0,0,0,0,0,0,0,0,0,0,0,0,0,0,0,0,0,0,0,0,0,0,0,0,0,0,0,0,0,0,0,0,0,0,0,0,0,0,0,0,0,0,0,0,0,0,0,0,0,0,0,0,0,0,0,0,0,0,0,0,0,0,0,0,0,0,0,0,0,0,0,0,0,0,0,0,0,0,0,0,0,0,0,0,0,0,0,0,0,0,0,0,0,0],"total_size":[2,1,1,1,1,1,1,1,1,1,1,1,1,1,1,1,1,1,1,1,1,1,1,1,1,1,1,1,1,1,1,1,1,1,1,1,1,1,1,1,1,1,1,1,1,1,1,1,1,1,1,1,1,1,1,1,1,1,1,1,1,1,1,1,1,1,1,1,1,1,1,1,1,1,1,1,1,1,1,1,1,1,1,1,1,1,1,1,1,1,1,1,1,1,1,1,1,1,1,1,1,1,1,1,1,1,0]}}}