{"address":"","progress_loop":{"progress_with_timeout":{"num":1029,"min":0.000000477,"max":0.104007006,"avg":0.087298881,"var":1.495209645,"sum":89.830548763},"progress_timeout_value_msec":{"num":1029,"min":100.000000000.0,"max":100.000000000.0,"avg":100.000000000.0,"var":0.000000000.0,"sum":102900.000000000.0},"progress_without_timeout":{"num":2648,"min":0.000000000.0,"max":0.000026703,"avg":0.000000193,"var":0.000000002,"sum":0.000511408},"trigger":{"num":602,"min":0.000000000.0,"max":0.002748013,"avg":0.000027168,"var":0.000037458,"sum":0.016355276}},"rpcs":{"14048217247822970879:0:14048217247822970879:0":{"rpc_id":-4398526825886580737,"provider_id":0,"parent_rpc_id":-4398526825886580737,"parent_provider_id":0,"name":"get_file_data","target":{"received from ofi+cxi://0x23e96600":{"handler":{"duration":{"num":150,"min":0.000000238,"max":0.002267838,"avg":0.000015597,"var":0.000005107,"sum":0.002339602}},"ult":{"duration":{"num":150,"min":0.000006437,"max":0.005313635,"avg":0.000262033,"var":0.000139868,"sum":0.039304972},"relative_timestamp_from_handler_start":{"num":150,"min":0.000000477,"max":0.005098581,"avg":0.000342116,"var":0.000182639,"sum":0.051317453}},"irespond":{"duration":{"num":150,"min":0.000000238,"max":0.000035286,"avg":0.000000990,"var":0.000000001,"sum":0.000148535},"relative_timestamp_from_ult_start":{"num":150,"min":0.000001431,"max":0.000024080,"avg":0.000002036,"var":0.000000001,"sum":0.000305414}},"respond_cb":{"duration":{"num":150,"min":0.000000000.0,"max":0.000000954,"avg":0.000000118,"var":0.000000000,"sum":0.000017643},"relative_timestamp_from_irespond_start":{"num":150,"min":0.000004530,"max":0.005302191,"avg":0.000255782,"var":0.000137017,"sum":0.038367271}},"irespond_wait":{"duration":{"num":150,"min":0.000004053,"max":0.005308151,"avg":0.000258582,"var":0.000139553,"sum":0.038787365},"relative_timestamp_from_irespond_end":{"num":150,"min":0.000000000.0,"max":0.000000477,"avg":0.000000191,"var":0.000000000,"sum":0.000028610}},"set_output":{"duration":{"num":150,"min":0.000000000.0,"max":0.000002623,"avg":0.000000226,"var":0.000000000,"sum":0.000033855},"relative_timestamp_from_irespond_start":{"num":150,"min":0.000000000.0,"max":0.000002146,"avg":0.000000084,"var":0.000000000,"sum":0.000012636}},"get_input":{"duration":{"num":150,"min":0.000000000.0,"max":0.000005245,"avg":0.000000170,"var":0.000000000,"sum":0.000025511},"relative_timestamp_from_ult_start":{"num":150,"min":0.000000000.0,"max":0.000009060,"avg":0.000000250,"var":0.000000000,"sum":0.000037432}}},"received from ofi+cxi://0x23ef4200":{"handler":{"duration":{"num":150,"min":0.000000238,"max":0.002747059,"avg":0.000092115,"var":0.000031453,"sum":0.013817310}},"ult":{"duration":{"num":150,"min":0.000006437,"max":0.005309105,"avg":0.000555871,"var":0.000240220,"sum":0.083380699},"relative_timestamp_from_handler_start":{"num":150,"min":0.000000477,"max":0.005103111,"avg":0.000618857,"var":0.000296167,"sum":0.092828512}},"irespond":{"duration":{"num":150,"min":0.000000238,"max":0.000013113,"avg":0.000001922,"var":0.000000001,"sum":0.000288248},"relative_timestamp_from_ult_start":{"num":150,"min":0.000001192,"max":0.000008583,"avg":0.000001995,"var":0.000000000,"sum":0.000299215}},"respond_cb":{"duration":{"num":150,"min":0.000000000.0,"max":0.000000715,"avg":0.000000130,"var":0.000000000,"sum":0.000019550},"relative_timestamp_from_irespond_start":{"num":150,"min":0.000004530,"max":0.005297899,"avg":0.000542542,"var":0.000234029,"sum":0.081381321}},"irespond_wait":{"duration":{"num":150,"min":0.000004053,"max":0.005292177,"avg":0.000551486,"var":0.000239056,"sum":0.082722902},"relative_timestamp_from_irespond_end":{"num":150,"min":0.000000000.0,"max":0.000000477,"avg":0.000000207,"var":0.000000000,"sum":0.000030994}},"set_output":{"duration":{"num":150,"min":0.000000000.0,"max":0.000000715,"avg":0.000000240,"var":0.000000000,"sum":0.000036001},"relative_timestamp_from_irespond_start":{"num":150,"min":0.000000000.0,"max":0.000000477,"avg":0.000000075,"var":0.000000000,"sum":0.000011206}},"get_input":{"duration":{"num":150,"min":0.000000000.0,"max":0.000000715,"avg":0.000000175,"var":0.000000000,"sum":0.000026226},"relative_timestamp_from_ult_start":{"num":150,"min":0.000000000.0,"max":0.000000715,"avg":0.000000188,"var":0.000000000,"sum":0.000028133}}}}},"65535:65535:8686831390660034559:65535":{"rpc_id":8686831390660034559,"provider_id":65535,"parent_rpc_id":65535,"parent_provider_id":65535,"name":"__shutdown__","target":{"received from ofi+cxi://0x23e70601":{"handler":{"duration":{"num":1,"min":0.000014782,"max":0.000014782,"avg":0.000014782,"var":0.000000000.0,"sum":0.000014782}},"ult":{"duration":{"num":1,"min":0.000015259,"max":0.000015259,"avg":0.000015259,"var":0.000000000.0,"sum":0.000015259},"relative_timestamp_from_handler_start":{"num":1,"min":0.000018597,"max":0.000018597,"avg":0.000018597,"var":0.000000000.0,"sum":0.000018597}},"irespond":{"duration":{"num":1,"min":0.000004768,"max":0.000004768,"avg":0.000004768,"var":0.000000000.0,"sum":0.000004768},"relative_timestamp_from_ult_start":{"num":1,"min":0.000000715,"max":0.000000715,"avg":0.000000715,"var":0.000000000.0,"sum":0.000000715}},"respond_cb":{"duration":{"num":1,"min":0.000000715,"max":0.000000715,"avg":0.000000715,"var":0.000000000.0,"sum":0.000000715},"relative_timestamp_from_irespond_start":{"num":1,"min":0.000010967,"max":0.000010967,"avg":0.000010967,"var":0.000000000.0,"sum":0.000010967}},"irespond_wait":{"duration":{"num":1,"min":0.000007629,"max":0.000007629,"avg":0.000007629,"var":0.000000000.0,"sum":0.000007629},"relative_timestamp_from_irespond_end":{"num":1,"min":0.000000000.0,"max":0.000000000.0,"avg":0.000000000.0,"var":0.000000000.0,"sum":0.000000000.0}},"set_output":{"duration":{"num":1,"min":0.000000477,"max":0.000000477,"avg":0.000000477,"var":0.000000000.0,"sum":0.000000477},"relative_timestamp_from_irespond_start":{"num":1,"min":0.000000715,"max":0.000000715,"avg":0.000000715,"var":0.000000000.0,"sum":0.000000715}},"get_input":{"duration":{"num":0,"min":0.000000000.0,"max":0.000000000.0,"avg":0.000000000.0,"var":0.000000000.0,"sum":0.000000000.0},"relative_timestamp_from_ult_start":{"num":0,"min":0.000000000.0,"max":0.000000000.0,"avg":0.000000000.0,"var":0.000000000.0,"sum":0.000000000.0}}}}}}}