{"address":"","rpcs":{"get_file_data:0":{"timestamps":[1717913553.487294436,1717913554.555291891,1717913555.595290899,1717913556.635291815,1717913557.675292015,1717913558.715295315,1717913559.755291700,1717913560.795291424,1717913561.835292101,1717913562.875292063,1717913563.915291786,1717913564.955292463,1717913565.995291471,1717913567.035290956,1717913568.075292349,1717913569.115292549,1717913570.155291319,1717913571.195291042,1717913572.235291719,1717913573.275292873,1717913574.315295696,1717913575.355292082,1717913576.395291805,1717913577.435292244,1717913578.475292206,1717913579.515291214,1717913580.555291414,1717913581.595290899,1717913582.635293007,1717913583.675291538,1717913584.715292215,1717913585.755291462,1717913586.795293808,1717913587.835292101,1717913588.875291586,1717913589.915291309,1717913590.955291986,1717913591.995292664,1717913593.035291672,1717913594.075295448,1717913595.115291834,1717913596.151291370,1717913597.191292763,1717913598.231292725,1717913599.271291494,1717913600.311291933,1717913601.351291895,1717913602.391292095,1717913603.431291819,1717913604.471291780,1717913605.511291981,1717913606.551291466,1717913607.591291904,1717913608.631291389,1717913609.671292543,1717913610.711291790,1717913611.751291513,1717913612.791290998,1717913613.831292152,1717913614.871291876,1717913615.911291599,1717913616.951292515,1717913617.991292000,1717913619.031292677,1717913620.071291924,1717913621.111292124,1717913622.151292086,1717913623.191292524,1717913624.231292009,1717913625.271292448,1717913626.311292410,1717913627.351292133,1717913628.391291618,1717913629.431292534,1717913630.471291542,1717913631.511292458,1717913632.551291704,1717913633.591292381,1717913634.631292105,1717913635.671292543,1717913636.711292744,1717913637.751292467,1717913638.791292429,1717913639.831292629,1717913640.871291637,1717913641.911291122,1717913642.951292515,1717913643.394838572],"count":[1,29,0,0,0,0,0,0,0,0,0,0,0,0,0,0,0,0,0,0,0,0,0,0,0,0,0,0,0,0,0,0,0,0,0,0,0,0,0,0,0,0,0,0,0,0,0,0,0,0,0,0,0,0,0,0,0,0,0,0,0,0,0,0,0,0,0,0,0,0,0,0,0,0,0,0,0,0,0,0,0,0,0,0,0,0,0,0],"bulk_size":[0,0,0,0,0,0,0,0,0,0,0,0,0,0,0,0,0,0,0,0,0,0,0,0,0,0,0,0,0,0,0,0,0,0,0,0,0,0,0,0,0,0,0,0,0,0,0,0,0,0,0,0,0,0,0,0,0,0,0,0,0,0,0,0,0,0,0,0,0,0,0,0,0,0,0,0,0,0,0,0,0,0,0,0,0,0,0,0]},"__shutdown__:65535":{"timestamps":[1717913643.394838572],"count":[1],"bulk_size":[0]}},"pools":{"__primary__":{"timestamps":[1717913553.487294436,1717913554.555291891,1717913555.595290899,1717913556.635291815,1717913557.675292015,1717913558.715295315,1717913559.755291700,1717913560.795291424,1717913561.835292101,1717913562.875292063,1717913563.915291786,1717913564.955292463,1717913565.995291471,1717913567.035290956,1717913568.075292349,1717913569.115292549,1717913570.155291319,1717913571.195291042,1717913572.235291719,1717913573.275292873,1717913574.315295696,1717913575.355292082,1717913576.395291805,1717913577.435292244,1717913578.475292206,1717913579.515291214,1717913580.555291414,1717913581.595290899,1717913582.635293007,1717913583.675291538,1717913584.715292215,1717913585.755291462,1717913586.795293808,1717913587.835292101,1717913588.875291586,1717913589.915291309,1717913590.955291986,1717913591.995292664,1717913593.035291672,1717913594.075295448,1717913595.115291834,1717913596.151291370,1717913597.191292763,1717913598.231292725,1717913599.271291494,1717913600.311291933,1717913601.351291895,1717913602.391292095,1717913603.431291819,1717913604.471291780,1717913605.511291981,1717913606.551291466,1717913607.591291904,1717913608.631291389,1717913609.671292543,1717913610.711291790,1717913611.751291513,1717913612.791290998,1717913613.831292152,1717913614.871291876,1717913615.911291599,1717913616.951292515,1717913617.991292000,1717913619.031292677,1717913620.071291924,1717913621.111292124,1717913622.151292086,1717913623.191292524,1717913624.231292009,1717913625.271292448,1717913626.311292410,1717913627.351292133,1717913628.391291618,1717913629.431292534,1717913630.471291542,1717913631.511292458,1717913632.551291704,1717913633.591292381,1717913634.631292105,1717913635.671292543,1717913636.711292744,1717913637.751292467,1717913638.791292429,1717913639.831292629,1717913640.871291637,1717913641.911291122,1717913642.951292515,1717913643.394838572],"size":[0,0,0,0,0,0,0,0,0,0,0,0,0,0,0,0,0,0,0,0,0,0,0,0,0,0,0,0,0,0,0,0,0,0,0,0,0,0,0,0,0,0,0,0,0,0,0,0,0,0,0,0,0,0,0,0,0,0,0,0,0,0,0,0,0,0,0,0,0,0,0,0,0,0,0,0,0,0,0,0,0,0,0,0,0,0,0,0],"total_size":[2,1,1,1,1,1,1,1,1,1,1,1,1,1,1,1,1,1,1,1,1,1,1,1,1,1,1,1,1,1,1,1,1,1,1,1,1,1,1,1,1,1,1,1,1,1,1,1,1,1,1,1,1,1,1,1,1,1,1,1,1,1,1,1,1,1,1,1,1,1,1,1,1,1,1,1,1,1,1,1,1,1,1,1,1,1,1,0]}}}