{"address":"","progress_loop":{"progress_with_timeout":{"num":866,"min":0.000020027,"max":0.104041100,"avg":0.103706049,"var":0.023316668,"sum":89.809438229},"progress_timeout_value_msec":{"num":866,"min":100.000000000.0,"max":100.000000000.0,"avg":100.000000000.0,"var":0.000000000.0,"sum":86600.000000000.0},"progress_without_timeout":{"num":24765,"min":0.000000000.0,"max":0.000010490,"avg":0.000000113,"var":0.000000001,"sum":0.002804041},"trigger":{"num":102,"min":0.000000000.0,"max":0.001843214,"avg":0.000018959,"var":0.000003362,"sum":0.001933813}},"rpcs":{"65535:65535:14048217247822970879:0":{"rpc_id":-4398526825886580737,"provider_id":0,"parent_rpc_id":65535,"parent_provider_id":65535,"name":"get_file_data","origin":{"sent to ofi+cxi://0x23ef2000":{"iforward":{"duration":{"num":10,"min":0.000000715,"max":0.000031948,"avg":0.000004029,"var":0.000000001,"sum":0.000040293},"relative_timestamp_from_create":{"num":10,"min":0.000000000.0,"max":0.000004292,"avg":0.000000477,"var":0.000000000,"sum":0.000004768}},"forward_cb":{"duration":{"num":10,"min":0.000000000.0,"max":0.000000238,"avg":0.000000095,"var":0.000000000,"sum":0.000000954},"relative_timestamp_from_iforward_start":{"num":10,"min":0.000048399,"max":0.008296013,"avg":0.000933456,"var":0.000060427,"sum":0.009334564}},"iforward_wait":{"duration":{"num":10,"min":0.000048399,"max":0.008268356,"avg":0.000937605,"var":0.000059903,"sum":0.009376049},"relative_timestamp_from_iforward_end":{"num":10,"min":0.000000000.0,"max":0.000000238,"avg":0.000000024,"var":0.000000000,"sum":0.000000238}},"set_input":{"duration":{"num":10,"min":0.000000000.0,"max":0.000004292,"avg":0.000000691,"var":0.000000000,"sum":0.000006914},"relative_timestamp_from_iforward_start":{"num":10,"min":0.000000238,"max":0.000019789,"avg":0.000002408,"var":0.000000000,"sum":0.000024080}},"get_output":{"duration":{"num":10,"min":0.000000000.0,"max":0.000000477,"avg":0.000000167,"var":0.000000000,"sum":0.000001669},"relative_timestamp_from_wait_end":{"num":10,"min":0.000000000.0,"max":0.000000238,"avg":0.000000119,"var":0.000000000,"sum":0.000001192}}}},"target":{"received from ofi+cxi://0x23ef2000":{"handler":{"duration":{"num":10,"min":0.000000238,"max":0.000008821,"avg":0.000001192,"var":0.000000000,"sum":0.000011921}},"ult":{"duration":{"num":10,"min":0.000045538,"max":0.008235693,"avg":0.000925469,"var":0.000059573,"sum":0.009254694},"relative_timestamp_from_handler_start":{"num":10,"min":0.000000477,"max":0.000017643,"avg":0.000002527,"var":0.000000000,"sum":0.000025272}},"irespond":{"duration":{"num":10,"min":0.000000477,"max":0.000003099,"avg":0.000000763,"var":0.000000000,"sum":0.000007629},"relative_timestamp_from_ult_start":{"num":10,"min":0.000043869,"max":0.008223295,"avg":0.000922227,"var":0.000059425,"sum":0.009222269}},"respond_cb":{"duration":{"num":10,"min":0.000000000.0,"max":0.000000477,"avg":0.000000095,"var":0.000000000,"sum":0.000000954},"relative_timestamp_from_irespond_start":{"num":10,"min":0.000000715,"max":0.000010014,"avg":0.000002050,"var":0.000000000,"sum":0.000020504}},"irespond_wait":{"duration":{"num":10,"min":0.000000954,"max":0.000008106,"avg":0.000002170,"var":0.000000000,"sum":0.000021696},"relative_timestamp_from_irespond_end":{"num":10,"min":0.000000000.0,"max":0.000000238,"avg":0.000000024,"var":0.000000000,"sum":0.000000238}},"set_output":{"duration":{"num":10,"min":0.000000000.0,"max":0.000000477,"avg":0.000000262,"var":0.000000000,"sum":0.000002623},"relative_timestamp_from_irespond_start":{"num":10,"min":0.000000000.0,"max":0.000001431,"avg":0.000000238,"var":0.000000000,"sum":0.000002384}},"get_input":{"duration":{"num":10,"min":0.000000000.0,"max":0.000001907,"avg":0.000000286,"var":0.000000000,"sum":0.000002861},"relative_timestamp_from_ult_start":{"num":10,"min":0.000000000.0,"max":0.000003338,"avg":0.000000477,"var":0.000000000,"sum":0.000004768}}}}},"14048217247822970879:0:14048217247822970879:0":{"rpc_id":-4398526825886580737,"provider_id":0,"parent_rpc_id":-4398526825886580737,"parent_provider_id":0,"name":"get_file_data","origin":{"sent to ofi+cxi://0x23eb4600":{"iforward":{"duration":{"num":30,"min":0.000001431,"max":0.000036240,"avg":0.000008663,"var":0.000000001,"sum":0.000259876},"relative_timestamp_from_create":{"num":30,"min":0.000000000.0,"max":0.000000477,"avg":0.000000072,"var":0.000000000,"sum":0.000002146}},"forward_cb":{"duration":{"num":30,"min":0.000000000.0,"max":0.000001907,"avg":0.000000199,"var":0.000000000,"sum":0.000005960},"relative_timestamp_from_iforward_start":{"num":30,"min":0.000030994,"max":0.008117676,"avg":0.000511750,"var":0.000070255,"sum":0.015352488}},"iforward_wait":{"duration":{"num":30,"min":0.000029325,"max":0.008087873,"avg":0.000506258,"var":0.000069954,"sum":0.015187740},"relative_timestamp_from_iforward_end":{"num":30,"min":0.000000000.0,"max":0.000000477,"avg":0.000000167,"var":0.000000000,"sum":0.000005007}},"set_input":{"duration":{"num":30,"min":0.000000000.0,"max":0.000000715,"avg":0.000000302,"var":0.000000000,"sum":0.000009060},"relative_timestamp_from_iforward_start":{"num":30,"min":0.000000238,"max":0.000001907,"avg":0.000000588,"var":0.000000000,"sum":0.000017643}},"get_output":{"duration":{"num":30,"min":0.000000000.0,"max":0.000000954,"avg":0.000000207,"var":0.000000000,"sum":0.000006199},"relative_timestamp_from_wait_end":{"num":30,"min":0.000000000.0,"max":0.000000954,"avg":0.000000135,"var":0.000000000,"sum":0.000004053}}}},"target":{"received from ofi+cxi://0x23eb2400":{"handler":{"duration":{"num":10,"min":0.000000238,"max":0.000005245,"avg":0.000001407,"var":0.000000000,"sum":0.000014067}},"ult":{"duration":{"num":10,"min":0.000059605,"max":0.003092289,"avg":0.000564075,"var":0.000009211,"sum":0.005640745},"relative_timestamp_from_handler_start":{"num":10,"min":0.000000477,"max":0.000015736,"avg":0.000002861,"var":0.000000000,"sum":0.000028610}},"irespond":{"duration":{"num":10,"min":0.000000238,"max":0.000002384,"avg":0.000000691,"var":0.000000000,"sum":0.000006914},"relative_timestamp_from_ult_start":{"num":10,"min":0.000053883,"max":0.003041983,"avg":0.000400639,"var":0.000007917,"sum":0.004006386}},"respond_cb":{"duration":{"num":10,"min":0.000000000.0,"max":0.000000477,"avg":0.000000167,"var":0.000000000,"sum":0.000001669},"relative_timestamp_from_irespond_start":{"num":10,"min":0.000004768,"max":0.001510382,"avg":0.000158596,"var":0.000002031,"sum":0.001585960}},"irespond_wait":{"duration":{"num":10,"min":0.000004053,"max":0.001537561,"avg":0.000162315,"var":0.000002103,"sum":0.001623154},"relative_timestamp_from_irespond_end":{"num":10,"min":0.000000000.0,"max":0.000000477,"avg":0.000000167,"var":0.000000000,"sum":0.000001669}},"set_output":{"duration":{"num":10,"min":0.000000000.0,"max":0.000000715,"avg":0.000000191,"var":0.000000000,"sum":0.000001907},"relative_timestamp_from_irespond_start":{"num":10,"min":0.000000000.0,"max":0.000000238,"avg":0.000000119,"var":0.000000000,"sum":0.000001192}},"get_input":{"duration":{"num":10,"min":0.000000000.0,"max":0.000000715,"avg":0.000000238,"var":0.000000000,"sum":0.000002384},"relative_timestamp_from_ult_start":{"num":10,"min":0.000000000.0,"max":0.000000715,"avg":0.000000215,"var":0.000000000,"sum":0.000002146}}},"received from ofi+cxi://0x23ef0400":{"handler":{"duration":{"num":10,"min":0.000000238,"max":0.001842022,"avg":0.000184631,"var":0.000003052,"sum":0.001846313}},"ult":{"duration":{"num":10,"min":0.000039101,"max":0.001576185,"avg":0.000266004,"var":0.000002213,"sum":0.002660036},"relative_timestamp_from_handler_start":{"num":10,"min":0.000000715,"max":0.001843929,"avg":0.000185847,"var":0.000003055,"sum":0.001858473}},"irespond":{"duration":{"num":10,"min":0.000000238,"max":0.000002623,"avg":0.000000715,"var":0.000000000,"sum":0.000007153},"relative_timestamp_from_ult_start":{"num":10,"min":0.000035048,"max":0.001551867,"avg":0.000255966,"var":0.000002148,"sum":0.002559662}},"respond_cb":{"duration":{"num":10,"min":0.000000000.0,"max":0.000000238,