{"address":"","progress_loop":{"progress_with_timeout":{"num":1337,"min":0.057353258,"max":0.104011059,"avg":0.103960773,"var":0.002192341,"sum":138.995553493},"progress_timeout_value_msec":{"num":1337,"min":100.000000000.0,"max":100.000000000.0,"avg":100.000000000.0,"var":0.000000000.0,"sum":133700.000000000.0},"progress_without_timeout":{"num":2515778,"min":0.000000000.0,"max":0.000995874,"avg":0.000000122,"var":0.000013800,"sum":0.308040619},"trigger":{"num":292,"min":0.000000238,"max":0.002840281,"avg":0.000017722,"var":0.000011601,"sum":0.005174875}},"rpcs":{"65535:65535:14048217247822970879:0":{"rpc_id":-4398526825886580737,"provider_id":0,"parent_rpc_id":65535,"parent_provider_id":65535,"name":"get_file_data","origin":{"sent to ofi+cxi://0x23e92000":{"iforward":{"duration":{"num":10,"min":0.000002146,"max":0.000029087,"avg":0.000005293,"var":0.000000001,"sum":0.000052929},"relative_timestamp_from_create":{"num":10,"min":0.000000000.0,"max":0.000003576,"avg":0.000000572,"var":0.000000000,"sum":0.000005722}},"forward_cb":{"duration":{"num":10,"min":0.000000238,"max":0.000000477,"avg":0.000000310,"var":0.000000000,"sum":0.000003099},"relative_timestamp_from_iforward_start":{"num":10,"min":0.065686941,"max":0.092522144,"avg":0.081022620,"var":0.000650713,"sum":0.810226202}},"iforward_wait":{"duration":{"num":10,"min":0.065686703,"max":0.092602730,"avg":0.081030416,"var":0.000652573,"sum":0.810304165},"relative_timestamp_from_iforward_end":{"num":10,"min":0.000000000.0,"max":0.000000477,"avg":0.000000215,"var":0.000000000,"sum":0.000002146}},"set_input":{"duration":{"num":10,"min":0.000000238,"max":0.000004530,"avg":0.000000858,"var":0.000000000,"sum":0.000008583},"relative_timestamp_from_iforward_start":{"num":10,"min":0.000001192,"max":0.000018120,"avg":0.000003338,"var":0.000000000,"sum":0.000033379}},"get_output":{"duration":{"num":10,"min":0.000236273,"max":0.001015663,"avg":0.000361586,"var":0.000000492,"sum":0.003615856},"relative_timestamp_from_wait_end":{"num":10,"min":0.000000238,"max":0.000000477,"avg":0.000000334,"var":0.000000000,"sum":0.000003338}}}},"target":{"received from ofi+cxi://0x23e92000":{"handler":{"duration":{"num":10,"min":0.000000715,"max":0.000006199,"avg":0.000001526,"var":0.000000000,"sum":0.000015259}},"ult":{"duration":{"num":10,"min":0.065682411,"max":0.092574596,"avg":0.081014132,"var":0.000649802,"sum":0.810141325},"relative_timestamp_from_handler_start":{"num":10,"min":0.000001431,"max":0.000013590,"avg":0.000002742,"var":0.000000000,"sum":0.000027418}},"irespond":{"duration":{"num":10,"min":0.000171900,"max":0.001254559,"avg":0.000968552,"var":0.000001664,"sum":0.009685516},"relative_timestamp_from_ult_start":{"num":10,"min":0.065500021,"max":0.091209888,"avg":0.080030560,"var":0.000595320,"sum":0.800305605}},"respond_cb":{"duration":{"num":10,"min":0.000000000.0,"max":0.000000477,"avg":0.000000238,"var":0.000000000,"sum":0.000002384},"relative_timestamp_from_irespond_start":{"num":10,"min":0.000173569,"max":0.001257420,"avg":0.000970650,"var":0.000001666,"sum":0.009706497}},"irespond_wait":{"duration":{"num":10,"min":0.000002861,"max":0.000004768,"avg":0.000003433,"var":0.000000000,"sum":0.000034332},"relative_timestamp_from_irespond_end":{"num":10,"min":0.000000000.0,"max":0.000000238,"avg":0.000000095,"var":0.000000000,"sum":0.000000954}},"set_output":{"duration":{"num":10,"min":0.000168085,"max":0.001164913,"avg":0.000895190,"var":0.000001455,"sum":0.008951902},"relative_timestamp_from_irespond_start":{"num":10,"min":0.000000000.0,"max":0.000001669,"avg":0.000000453,"var":0.000000000,"sum":0.000004530}},"get_input":{"duration":{"num":10,"min":0.000000238,"max":0.000002146,"avg":0.000000477,"var":0.000000000,"sum":0.000004768},"relative_timestamp_from_ult_start":{"num":10,"min":0.000000238,"max":0.000003338,"avg":0.000000620,"var":0.000000000,"sum":0.000006199}}}}},"14048217247822970879:0:14048217247822970879:0":{"rpc_id":-4398526825886580737,"provider_id":0,"parent_rpc_id":-4398526825886580737,"parent_provider_id":0,"name":"get_file_data","origin":{"sent to ofi+cxi://0x23ef4200":{"iforward":{"duration":{"num":70,"min":0.000002146,"max":0.000170231,"avg":0.000027670,"var":0.000000136,"sum":0.001936913},"relative_timestamp_from_create":{"num":70,"min":0.000000000.0,"max":0.000000477,"avg":0.000000204,"var":0.000000000,"sum":0.000014305}},"forward_cb":{"duration":{"num":70,"min":0.000000238,"max":0.000019073,"avg":0.000000586,"var":0.000000000,"sum":0.000041008},"relative_timestamp_from_iforward_start":{"num":70,"min":0.048794270,"max":0.116396427,"avg":0.077294319,"var":0.007983638,"sum":5.410602331}},"iforward_wait":{"duration":{"num":70,"min":0.048791885,"max":0.116384506,"avg":0.077267718,"var":0.007969964,"sum":5.408740282},"relative_timestamp_from_iforward_end":{"num":70,"min":0.000000000.0,"max":0.000000715,"avg":0.000000242,"var":0.000000000,"sum":0.000016928}},"set_input":{"duration":{"num":70,"min":0.000000000.0,"max":0.000000715,"avg":0.000000341,"var":0.000000000,"sum":0.000023842},"relative_timestamp_from_iforward_start":{"num":70,"min":0.000000477,"max":0.000002384,"avg":0.000001001,"var":0.000000000,"sum":0.000070095}},"get_output":{"duration":{"num":70,"min":0.000227451,"max":0.001392603,"avg":0.000319038,"var":0.000003820,"sum":0.022332668},"relative_timestamp_from_wait_end":{"num":70,"min":0.000000238,"max":0.000000954,"avg":0.000000525,"var":0.000000000,"sum":0.000036716}}}},"target":{"received from ofi+cxi://0x23ed2400":{"handler":{"duration":{"num":30,"min":0.000000477,"max":0.000004053,"avg":0.000001423,"var":0.000000000,"sum":0.000042677}},"ult":{"duration":{"num":30,"min":0.054605961,"max":0.102601290,"avg":0.079236952,"var":0.002927381,"sum":2.377108574},"relative_timestamp_from_handler_start":{"num":30,"min":0.000000715,"max":0.000049829,"avg":0.000005174,"var":0.000000003,"sum":0.000155210}},"irespond":{"duration":{"num":30,"min":0.000798941,"max":0.001669884,"avg":0.001146849,"var":0.000000844,"sum":0.034405470},"relative_timestamp_from_ult_start":{"num":30,"min":0.051910400,"max":0.101202250,"avg":0.077347390,"var":0.003154477,"sum":2.320421696}},"respond_cb":{"duration":{"num":30,"min":0.000000000.0,"max":0.000000477,"avg":0.000000270,"var":0.000000000,"sum":0.000008106},"relative_timestamp_from_irespond_start":{"num":30,"min":0.001290798,"max":0.003529787,"avg":0.001887949,"var":0.000010015,"sum":0.056638479}},"irespond_wait":{"duration":{"num":30,"min":0.000181913,"max":0.002359152,"avg":0.000741188,"var":0.000008415,"sum":0.022235632},"relative_timestamp_from_irespond_end":{"num":30,"min":0.000000238,"max":0.000000715,"avg":0.000000556,"var":0.000000000,"sum":0.000016689}},"set_output":{"duration":{"num":30,"min":0.000726700,"max":0.001194715,"avg":0.001029348,"var":0.000000607,"sum":0.030880451},"relative_timestamp_from_irespond_start":{"num":30,"min":0.000000000.0,"max":0.000000715,"avg":0.000000310,"var":0.000000000,"sum":0.000009298}},"get_input":{"duration":{"num":30,"min":0.000000000.0,"max":0.000000477,"avg":0.000000334,"var":0.000000000,"sum":0.000010014},"relative_timestamp_from_ult_start":{"num":30,"min":0.000000000.0,"max":0.000000715,"avg":0.000000389,"var":0.000000000,"sum":0.000011683}}},"received from ofi+cxi://0x23eb6600":{"handler":{"duration":{"num":30,"min":0.000000715,"max":0.002839088,"avg":0.000159645,"var":0.000010916,"sum":0.004789352}},"ult":{"duration":{"num":30,"min":0.050603867,"max":0.117906570,"avg":0.078732355,"var":0.004291351,"sum":2.361970663},"relative_timestamp_from_handler_start":{"num":30,"min":0.000000954,"max":0.002840996,"avg":0.000162077,"var":0.000010911,"sum":0.004862309}},"irespond":{"duration":{"num":30,"min":0.000173092,"max":0.001332521,"avg":0.001057847,"var":0.000002150,"sum":0.031735420},"relative_timestamp_from_ult_start":{"num":30,"min":0.049056530,"max":0.116655588,"avg":0.077134442,"var":0.004263788,"sum":2.314033270}},"respond_cb":{"duration":{"num":30,"min":0.000000000.0,"max":0.000000477,"avg":0.000000199,