{"address":"","rpcs":{"get_file_data:0":{"timestamps":[1717914461.481507301,1717914462.514729023,1717914463.554729223,1717914464.594729185,1717914465.634729147,1717914466.674729109,1717914467.714729071,1717914468.754728556,1717914469.794728994,1717914470.834729195,1717914471.874729156,1717914472.914729834,1717914473.954730034,1717914474.994729757,1717914476.034729719,1717914477.074728966,1717914478.114730358,1717914479.154729128,1717914480.194729090,1717914481.234729767,1717914482.274729013,1717914483.314728260,1717914484.354728699,1717914485.394734383,1717914486.434729815,1717914487.474728584,1717914488.514728546,1717914489.554731607,1717914490.594728947,1717914491.634729147,1717914492.674729347,1717914493.714729071,1717914494.754728556,1717914495.794729710,1717914496.834729671,1717914497.874728441,1717914498.914729595,1717914499.954730511,1717914500.994728804,1717914502.034732819,1717914503.074729919,1717914504.114728451,1717914505.154729128,1717914506.194729567,1717914507.234728575,1717914508.274729729,1717914509.314729691,1717914510.354728937,1717914511.394730330,1717914512.434728622,1717914513.474729300,1717914514.514729023,1717914515.554729223,1717914516.594728470,1717914517.634728193,1717914518.670729160,1717914519.710729361,1717914520.750729561,1717914521.790728569,1717914522.830728531,1717914523.870729685,1717914524.910729647,1717914525.950730324,1717914526.990729570,1717914528.030729055,1717914529.070729256,1717914530.110730171,1717914531.150729179,1717914532.190729141,1717914533.230729580,1717914534.270729542,1717914535.310729980,1717914536.350729227,1717914537.390729189,1717914538.430729628,1717914539.470729113,1717914540.510733128,1717914541.550729513,1717914542.590729237,1717914543.630729675,1717914544.670729160,1717914545.710728645,1717914546.750730276,1717914547.790728569,1717914548.830729246,1717914549.870729208,1717914550.910728455,1717914551.950730085,1717914552.990729332,1717914554.030729055,1717914555.070728779,1717914556.110730410,1717914557.150730133,1717914558.190728903,1717914559.230729580,1717914560.270729065,1717914561.310728788,1717914562.350728989,1717914563.390728474,1717914564.430729628,1717914565.470729828,1717914566.510729313,1717914567.550729990,1717914568.590728998,1717914569.630729437,1717914570.670729876,1717914571.375430346],"count":[1,69,0,0,0,0,0,0,0,0,0,0,0,0,0,0,0,0,0,0,0,0,0,0,0,0,0,0,0,0,0,0,0,0,0,0,0,0,0,0,0,0,0,0,0,0,0,0,0,0,0,0,0,0,0,0,0,0,0,0,0,0,0,0,0,0,0,0,0,0,0,0,0,0,0,0,0,0,0,0,0,0,0,0,0,0,0,0,0,0,0,0,0,0,0,0,0,0,0,0,0,0,0,0,0,0,0],"bulk_size":[0,0,0,0,0,0,0,0,0,0,0,0,0,0,0,0,0,0,0,0,0,0,0,0,0,0,0,0,0,0,0,0,0,0,0,0,0,0,0,0,0,0,0,0,0,0,0,0,0,0,0,0,0,0,0,0,0,0,0,0,0,0,0,0,0,0,0,0,0,0,0,0,0,0,0,0,0,0,0,0,0,0,0,0,0,0,0,0,0,0,0,0,0,0,0,0,0,0,0,0,0,0,0,0,0,0,0]},"__shutdown__:65535":{"timestamps":[1717914571.375430346],"count":[1],"bulk_size":[0]}},"pools":{"__primary__":{"timestamps":[1717914461.481507301,1717914462.514729023,1717914463.554729223,1717914464.594729185,1717914465.634729147,1717914466.674729109,1717914467.714729071,1717914468.754728556,1717914469.794728994,1717914470.834729195,1717914471.874729156,1717914472.914729834,1717914473.954730034,1717914474.994729757,1717914476.034729719,1717914477.074728966,1717914478.114730358,1717914479.154729128,1717914480.194729090,1717914481.234729767,1717914482.274729013,1717914483.314728260,1717914484.354728699,1717914485.394734383,1717914486.434729815,1717914487.474728584,1717914488.514728546,1717914489.554731607,1717914490.594728947,1717914491.634729147,1717914492.674729347,1717914493.714729071,1717914494.754728556,1717914495.794729710,1717914496.834729671,1717914497.874728441,1717914498.914729595,1717914499.954730511,1717914500.994728804,1717914502.034732819,1717914503.074729919,1717914504.114728451,1717914505.154729128,1717914506.194729567,1717914507.234728575,1717914508.274729729,1717914509.314729691,1717914510.354728937,1717914511.394730330,1717914512.434728622,1717914513.474729300,1717914514.514729023,1717914515.554729223,1717914516.594728470,1717914517.634728193,1717914518.670729160,1717914519.710729361,1717914520.750729561,1717914521.790728569,1717914522.830728531,1717914523.870729685,1717914524.910729647,1717914525.950730324,1717914526.990729570,1717914528.030729055,1717914529.070729256,1717914530.110730171,1717914531.150729179,1717914532.190729141,1717914533.230729580,1717914534.270729542,1717914535.310729980,1717914536.350729227,1717914537.390729189,1717914538.430729628,1717914539.470729113,1717914540.510733128,1717914541.550729513,1717914542.590729237,1717914543.630729675,1717914544.670729160,1717914545.710728645,1717914546.750730276,1717914547.790728569,1717914548.830729246,1717914549.870729208,1717914550.910728455,1717914551.950730085,1717914552.990729332,1717914554.030729055,1717914555.070728779,1717914556.110730410,1717914557.150730133,1717914558.190728903,1717914559.230729580,1717914560.270729065,1717914561.310728788,1717914562.350728989,1717914563.390728474,1717914564.430729628,1717914565.470729828,1717914566.510729313,1717914567.550729990,1717914568.590728998,1717914569.630729437,1717914570.670729876,1717914571.375430346],"size":[0,0,0,0,0,0,0,0,0,0,0,0,0,0,0,0,0,0,0,0,0,0,0,0,0,0,0,0,0,0,0,0,0,0,0,0,0,0,0,0,0,0,0,0,0,0,0,0,0,0,0,0,0,0,0,0,0,0,0,0,0,0,0,0,0,0,0,0,0,0,0,0,0,0,0,0,0,0,0,0,0,0,0,0,0,0,0,0,0,0,0,0,0,0,0,0,0,0,0,0,0,0,0,0,0,0,0],"total_size":[2,1,1,1,1,1,1,1,1,1,1,1,1,1,1,1,1,1,1,1,1,1,1,1,1,1,1,1,1,1,1,1,1,1,1,1,1,1,1,1,1,1,1,1,1,1,1,1,1,1,1,1,1,1,1,1,1,1,1,1,1,1,1,1,1,1,1,1,1,1,1,1,1,1,1,1,1,1,1,1,1,1,1,1,1,1,1,1,1,1,1,1,1,1,1,1,1,1,1,1,1,1,1,1,1,1,0]}}}