{"address":"","rpcs":{"get_file_data:0":{"timestamps":[1717913438.065361977,1717913439.113629580,1717913440.153629065,1717913441.193629980,1717913442.233629942,1717913443.273629904,1717913444.313629150,1717913445.353629827,1717913446.393641949,1717913447.433629751,1717913448.473629951,1717913449.513628721,1717913450.553630590,1717913451.593629360,1717913452.633631229,1717913453.673635006,1717913454.713630199,1717913455.753629446,1717913456.793633461,1717913457.833630323,1717913458.873630047,1717913459.913629293,1717913460.953629017,1717913461.993630171,1717913463.033630371,1717913464.073628902,1717913465.113630295,1717913466.153633118,1717913467.193631887,1717913468.233630657,1717913469.273630619,1717913470.313628912,1717913471.353630304,1717913472.393628597,1717913473.433629751,1717913474.473628998,1717913475.513630152,1717913476.553629875,1717913477.593629360,1717913478.633629560,1717913479.673629761,1717913480.713629007,1717913481.753629208,1717913482.793631554,1717913483.833630800,1717913484.873634815,1717913485.913630724,1717913486.953630447,1717913487.993629217,1717913489.033629179,1717913490.073631048,1717913491.113629818,1717913492.153630257,1717913493.193628550,1717913494.233628988,1717913495.273631811,1717913496.313629866,1717913497.353630781,1717913498.393630266,1717913499.433629513,1717913500.473629475,1717913501.513629198,1717913502.553630114,1717913503.593629599,1717913504.633631706,1717913505.673630238,1717913506.713629723,1717913507.753629208,1717913508.793629885,1717913509.833634138,1717913510.869630337,1717913511.909630060,1717913512.949630260,1717913513.989630222,1717913515.029630899,1717913516.069630146,1717913517.109632254,1717913518.149630308,1717913519.189629555,1717913520.229630470,1717913521.269629240,1717913522.309629440,1717913523.349629164,1717913524.389633656,1717913525.429630041,1717913526.469630241,1717913527.509631157,1717913527.956572533],"count":[1,29,0,0,0,0,0,0,0,0,0,0,0,0,0,0,0,0,0,0,0,0,0,0,0,0,0,0,0,0,0,0,0,0,0,0,0,0,0,0,0,0,0,0,0,0,0,0,0,0,0,0,0,0,0,0,0,0,0,0,0,0,0,0,0,0,0,0,0,0,0,0,0,0,0,0,0,0,0,0,0,0,0,0,0,0,0,0],"bulk_size":[0,0,0,0,0,0,0,0,0,0,0,0,0,0,0,0,0,0,0,0,0,0,0,0,0,0,0,0,0,0,0,0,0,0,0,0,0,0,0,0,0,0,0,0,0,0,0,0,0,0,0,0,0,0,0,0,0,0,0,0,0,0,0,0,0,0,0,0,0,0,0,0,0,0,0,0,0,0,0,0,0,0,0,0,0,0,0,0]},"__shutdown__:65535":{"timestamps":[1717913527.956572533],"count":[1],"bulk_size":[0]}},"pools":{"__primary__":{"timestamps":[1717913438.065361977,1717913439.113629580,1717913440.153629065,1717913441.193629980,1717913442.233629942,1717913443.273629904,1717913444.313629150,1717913445.353629827,1717913446.393641949,1717913447.433629751,1717913448.473629951,1717913449.513628721,1717913450.553630590,1717913451.593629360,1717913452.633631229,1717913453.673635006,1717913454.713630199,1717913455.753629446,1717913456.793633461,1717913457.833630323,1717913458.873630047,1717913459.913629293,1717913460.953629017,1717913461.993630171,1717913463.033630371,1717913464.073628902,1717913465.113630295,1717913466.153633118,1717913467.193631887,1717913468.233630657,1717913469.273630619,1717913470.313628912,1717913471.353630304,1717913472.393628597,1717913473.433629751,1717913474.473628998,1717913475.513630152,1717913476.553629875,1717913477.593629360,1717913478.633629560,1717913479.673629761,1717913480.713629007,1717913481.753629208,1717913482.793631554,1717913483.833630800,1717913484.873634815,1717913485.913630724,1717913486.953630447,1717913487.993629217,1717913489.033629179,1717913490.073631048,1717913491.113629818,1717913492.153630257,1717913493.193628550,1717913494.233628988,1717913495.273631811,1717913496.313629866,1717913497.353630781,1717913498.393630266,1717913499.433629513,1717913500.473629475,1717913501.513629198,1717913502.553630114,1717913503.593629599,1717913504.633631706,1717913505.673630238,1717913506.713629723,1717913507.753629208,1717913508.793629885,1717913509.833634138,1717913510.869630337,1717913511.909630060,1717913512.949630260,1717913513.989630222,1717913515.029630899,1717913516.069630146,1717913517.109632254,1717913518.149630308,1717913519.189629555,1717913520.229630470,1717913521.269629240,1717913522.309629440,1717913523.349629164,1717913524.389633656,1717913525.429630041,1717913526.469630241,1717913527.509631157,1717913527.956572533],"size":[0,0,0,0,0,0,0,0,0,0,0,0,0,0,0,0,0,0,0,0,0,0,0,0,0,0,0,0,0,0,0,0,0,0,0,0,0,0,0,0,0,0,0,0,0,0,0,0,0,0,0,0,0,0,0,0,0,0,0,0,0,0,0,0,0,0,0,0,0,0,0,0,0,0,0,0,0,0,0,0,0,0,0,0,0,0,0,0],"total_size":[2,1,1,1,1,1,1,1,1,1,1,1,1,1,1,1,1,1,1,1,1,1,1,1,1,1,1,1,1,1,1,1,1,1,1,1,1,1,1,1,1,1,1,1,1,1,1,1,1,1,1,1,1,1,1,1,1,1,1,1,1,1,1,1,1,1,1,1,1,1,1,1,1,1,1,1,1,1,1,1,1,1,1,1,1,1,1,0]}}}