{"address":"","rpcs":{"get_file_data:0":{"timestamps":[1717912976.419006348,1717912977.464716434,1717912978.504716158,1717912979.544716358,1717912980.584716797,1717912981.624716043,1717912982.664717197,1717912983.704717159,1717912984.744717360,1717912985.784717321,1717912986.824717522,1717912987.864715815,1717912988.904715776,1717912989.944716215,1717912990.984715700,1717912992.024717331,1717912993.064716816,1717912994.104715824,1717912995.144716263,1717912996.184716940,1717912997.224717140,1717912998.264715910,1717912999.304716587,1717913000.344717026,1717913001.384716511,1717913002.424715757,1717913003.464717150,1717913004.504716635,1717913005.544715881,1717913006.584717512,1717913007.620717287,1717913008.660716534,1717913009.700718403,1717913010.740717411,1717913011.780716181,1717913012.820717096,1717913013.860717058,1717913014.900716543,1717913015.940717220,1717913016.980715513,1717913018.020716190,1717913019.060716629,1717913020.100716829,1717913021.140717268,1717913022.180715561,1717913023.220715761,1717913024.260716438,1717913025.300716639,1717913026.340720177,1717913027.380717516,1717913028.420715570,1717913029.460716963,1717913030.500715494,1717913031.540715694,1717913032.580716133,1717913033.620715857,1717913034.660715818,1717913035.700716019,1717913036.740716219,1717913037.780716181,1717913038.820716143,1717913039.860715866,1717913040.900716066,1717913041.940715790,1717913042.980716705,1717913044.020715952,1717913045.060716391,1717913046.100715876,1717913047.140716314,1717913048.180716991,1717913049.220717430,1717913050.260715723,1717913051.300716639,1717913052.340716124,1717913053.380716801,1717913054.420716763,1717913055.460716963,1717913056.500715971,1717913057.540715456,1717913058.580716133,1717913059.620716333,1717913060.660716057,1717913061.700715780,1717913062.740717649,1717913063.780716181,1717913064.820717335,1717913065.860719442,1717913066.315674782],"count":[1,9,0,0,0,0,0,0,0,0,0,0,0,0,0,0,0,0,0,0,0,0,0,0,0,0,0,0,0,0,0,0,0,0,0,0,0,0,0,0,0,0,0,0,0,0,0,0,0,0,0,0,0,0,0,0,0,0,0,0,0,0,0,0,0,0,0,0,0,0,0,0,0,0,0,0,0,0,0,0,0,0,0,0,0,0,0,0],"bulk_size":[0,0,0,0,0,0,0,0,0,0,0,0,0,0,0,0,0,0,0,0,0,0,0,0,0,0,0,0,0,0,0,0,0,0,0,0,0,0,0,0,0,0,0,0,0,0,0,0,0,0,0,0,0,0,0,0,0,0,0,0,0,0,0,0,0,0,0,0,0,0,0,0,0,0,0,0,0,0,0,0,0,0,0,0,0,0,0,0]},"__shutdown__:65535":{"timestamps":[1717913066.315674782],"count":[1],"bulk_size":[0]}},"pools":{"__primary__":{"timestamps":[1717912976.419006348,1717912977.464716434,1717912978.504716158,1717912979.544716358,1717912980.584716797,1717912981.624716043,1717912982.664717197,1717912983.704717159,1717912984.744717360,1717912985.784717321,1717912986.824717522,1717912987.864715815,1717912988.904715776,1717912989.944716215,1717912990.984715700,1717912992.024717331,1717912993.064716816,1717912994.104715824,1717912995.144716263,1717912996.184716940,1717912997.224717140,1717912998.264715910,1717912999.304716587,1717913000.344717026,1717913001.384716511,1717913002.424715757,1717913003.464717150,1717913004.504716635,1717913005.544715881,1717913006.584717512,1717913007.620717287,1717913008.660716534,1717913009.700718403,1717913010.740717411,1717913011.780716181,1717913012.820717096,1717913013.860717058,1717913014.900716543,1717913015.940717220,1717913016.980715513,1717913018.020716190,1717913019.060716629,1717913020.100716829,1717913021.140717268,1717913022.180715561,1717913023.220715761,1717913024.260716438,1717913025.300716639,1717913026.340720177,1717913027.380717516,1717913028.420715570,1717913029.460716963,1717913030.500715494,1717913031.540715694,1717913032.580716133,1717913033.620715857,1717913034.660715818,1717913035.700716019,1717913036.740716219,1717913037.780716181,1717913038.820716143,1717913039.860715866,1717913040.900716066,1717913041.940715790,1717913042.980716705,1717913044.020715952,1717913045.060716391,1717913046.100715876,1717913047.140716314,1717913048.180716991,1717913049.220717430,1717913050.260715723,1717913051.300716639,1717913052.340716124,1717913053.380716801,1717913054.420716763,1717913055.460716963,1717913056.500715971,1717913057.540715456,1717913058.580716133,1717913059.620716333,1717913060.660716057,1717913061.700715780,1717913062.740717649,1717913063.780716181,1717913064.820717335,1717913065.860719442,1717913066.315674782],"size":[0,0,0,0,0,0,0,0,0,0,0,0,0,0,0,0,0,0,0,0,0,0,0,0,0,0,0,0,0,0,0,0,0,0,0,0,0,0,0,0,0,0,0,0,0,0,0,0,0,0,0,0,0,0,0,0,0,0,0,0,0,0,0,0,0,0,0,0,0,0,0,0,0,0,0,0,0,0,0,0,0,0,0,0,0,0,0,0],"total_size":[2,1,1,1,1,1,1,1,1,1,1,1,1,1,1,1,1,1,1,1,1,1,1,1,1,1,1,1,1,1,1,1,1,1,1,1,1,1,1,1,1,1,1,1,1,1,1,1,1,1,1,1,1,1,1,1,1,1,1,1,1,1,1,1,1,1,1,1,1,1,1,1,1,1,1,1,1,1,1,1,1,1,1,1,1,1,1,0]}}}