{"address":"","progress_loop":{"progress_with_timeout":{"num":618,"min":0.000000715,"max":0.104004383,"avg":0.102410970,"var":0.097272285,"sum":63.289979696},"progress_timeout_value_msec":{"num":618,"min":100.000000000.0,"max":100.000000000.0,"avg":100.000000000.0,"var":0.000000000.0,"sum":61800.000000000.0},"progress_without_timeout":{"num":261973412,"min":0.000000000.0,"max":0.080390692,"avg":0.000000115,"var":0.062944987,"sum":30.007582426},"trigger":{"num":52,"min":0.000000477,"max":0.000023842,"avg":0.000002210,"var":0.000000001,"sum":0.000114918}},"rpcs":{"65535:65535:14048217247822970879:0":{"rpc_id":-4398526825886580737,"provider_id":0,"parent_rpc_id":65535,"parent_provider_id":65535,"name":"get_file_data","origin":{"sent to ofi+cxi://0x23ef4600":{"iforward":{"duration":{"num":10,"min":0.000002623,"max":0.000024557,"avg":0.000005269,"var":0.000000000,"sum":0.000052691},"relative_timestamp_from_create":{"num":10,"min":0.000000238,"max":0.000003099,"avg":0.000000691,"var":0.000000000,"sum":0.000006914}},"forward_cb":{"duration":{"num":10,"min":0.000000238,"max":0.000000477,"avg":0.000000334,"var":0.000000000,"sum":0.000003338},"relative_timestamp_from_iforward_start":{"num":10,"min":2.408145189,"max":8.391370773,"avg":7.568884277,"var":29.989795591,"sum":75.688842773}},"iforward_wait":{"duration":{"num":10,"min":2.408697128,"max":8.391966343,"avg":7.569471717,"var":29.990206809,"sum":75.694717169},"relative_timestamp_from_iforward_end":{"num":10,"min":0.000000000.0,"max":0.000000238,"avg":0.000000143,"var":0.000000000,"sum":0.000001431}},"set_input":{"duration":{"num":10,"min":0.000000238,"max":0.000004292,"avg":0.000000858,"var":0.000000000,"sum":0.000008583},"relative_timestamp_from_iforward_start":{"num":10,"min":0.000001907,"max":0.000014544,"avg":0.000003576,"var":0.000000000,"sum":0.000035763}},"get_output":{"duration":{"num":10,"min":0.088011265,"max":0.089137316,"avg":0.088354540,"var":0.000001005,"sum":0.883545399},"relative_timestamp_from_wait_end":{"num":10,"min":0.000000238,"max":0.000000477,"avg":0.000000405,"var":0.000000000,"sum":0.000004053}}}},"target":{"received from ofi+cxi://0x23ef4600":{"handler":{"duration":{"num":10,"min":0.000000477,"max":0.000006437,"avg":0.000001311,"var":0.000000000,"sum":0.000013113}},"ult":{"duration":{"num":10,"min":2.408195734,"max":8.391960859,"avg":7.569415545,"var":29.995312381,"sum":75.694155455},"relative_timestamp_from_handler_start":{"num":10,"min":0.000001431,"max":0.000487804,"avg":0.000050259,"var":0.000000213,"sum":0.000502586}},"irespond":{"duration":{"num":10,"min":0.095499992,"max":0.097301722,"avg":0.096249723,"var":0.000002718,"sum":0.962497234},"relative_timestamp_from_ult_start":{"num":10,"min":2.312118769,"max":8.294717073,"avg":7.472571325,"var":29.986872695,"sum":74.725713253}},"respond_cb":{"duration":{"num":10,"min":0.000000000.0,"max":0.000000238,"avg":0.000000215,"var":0.000000000,"sum":0.000002146},"relative_timestamp_from_irespond_start":{"num":10,"min":0.095503092,"max":0.097304106,"avg":0.096252465,"var":0.000002716,"sum":0.962524652}},"irespond_wait":{"duration":{"num":10,"min":0.000003338,"max":0.000005245,"avg":0.000004053,"var":0.000000000,"sum":0.000040531},"relative_timestamp_from_irespond_end":{"num":10,"min":0.000000238,"max":0.000000477,"avg":0.000000358,"var":0.000000000,"sum":0.000003576}},"set_output":{"duration":{"num":10,"min":0.092771292,"max":0.093942404,"avg":0.093280983,"var":0.000001295,"sum":0.932809830},"relative_timestamp_from_irespond_start":{"num":10,"min":0.000000238,"max":0.000001192,"avg":0.000000501,"var":0.000000000,"sum":0.000005007}},"get_input":{"duration":{"num":10,"min":0.000000238,"max":0.000002384,"avg":0.000000501,"var":0.000000000,"sum":0.000005007},"relative_timestamp_from_ult_start":{"num":10,"min":0.000000238,"max":0.000005007,"avg":0.000000930,"var":0.000000000,"sum":0.000009298}}}}},"14048217247822970879:0:14048217247822970879:0":{"rpc_id":-4398526825886580737,"provider_id":0,"parent_rpc_id":-4398526825886580737,"parent_provider_id":0,"name":"get_file_data","origin":{"sent to ofi+cxi://0x23eb6200":{"iforward":{"duration":{"num":10,"min":0.000013828,"max":0.000883341,"avg":0.000352716,"var":0.000001679,"sum":0.003527164},"relative_timestamp_from_create":{"num":10,"min":0.000000000.0,"max":0.000000477,"avg":0.000000143,"var":0.000000000,"sum":0.000001431}},"forward_cb":{"duration":{"num":10,"min":0.000000238,"max":0.000019789,"avg":0.000002480,"var":0.000000000,"sum":0.000024796},"relative_timestamp_from_iforward_start":{"num":10,"min":2.223478794,"max":8.205910683,"avg":7.383974171,"var":29.986819648,"sum":73.839741707}},"iforward_wait":{"duration":{"num":10,"min":2.223452568,"max":8.205070734,"avg":7.383624911,"var":29.982862561,"sum":73.836249113},"relative_timestamp_from_iforward_end":{"num":10,"min":0.000000000.0,"max":0.000000477,"avg":0.000000310,"var":0.000000000,"sum":0.000003099}},"set_input":{"duration":{"num":10,"min":0.000000238,"max":0.000000477,"avg":0.000000310,"var":0.000000000,"sum":0.000003099},"relative_timestamp_from_iforward_start":{"num":10,"min":0.000000715,"max":0.000002146,"avg":0.000000954,"var":0.000000000,"sum":0.000009537}},"get_output":{"duration":{"num":10,"min":0.088130713,"max":0.088799477,"avg":0.088533521,"var":0.000000413,"sum":0.885335207},"relative_timestamp_from_wait_end":{"num":10,"min":0.000000238,"max":0.000000954,"avg":0.000000572,"var":0.000000000,"sum":0.000005722}}}}},"65535:65535:8686831390660034559:65535":{"rpc_id":8686831390660034559,"provider_id":65535,"parent_rpc_id":65535,"parent_provider_id":65535,"name":"__shutdown__","target":{"received from ofi+cxi://0x23e70601":{"handler":{"duration":{"num":1,"min":0.000015497,"max":0.000015497,"avg":0.000015497,"var":0.000000000.0,"sum":0.000015497}},"ult":{"duration":{"num":1,"min":0.000013113,"max":0.000013113,"avg":0.000013113,"var":0.000000000.0,"sum":0.000013113},"relative_timestamp_from_handler_start":{"num":1,"min":0.000018120,"max":0.000018120,"avg":0.000018120,"var":0.000000000.0,"sum":0.000018120}},"irespond":{"duration":{"num":1,"min":0.000003815,"max":0.000003815,"avg":0.000003815,"var":0.000000000.0,"sum":0.000003815},"relative_timestamp_from_ult_start":{"num":1,"min":0.000000715,"max":0.000000715,"avg":0.000000715,"var":0.000000000.0,"sum":0.000000715}},"respond_cb":{"duration":{"num":1,"min":0.000000238,"max":0.000000238,"avg":0.000000238,"var":0.000000000.0,"sum":0.000000238},"relative_timestamp_from_irespond_start":{"num":1,"min":0.000009775,"max":0.000009775,"avg":0.000009775,"var":0.000000000.0,"sum":0.000009775}},"irespond_wait":{"duration":{"num":1,"min":0.000006437,"max":0.000006437,"avg":0.000006437,"var":0.000000000.0,"sum":0.000006437},"relative_timestamp_from_irespond_end":{"num":1,"min":0.000000238,"max":0.000000238,"avg":0.000000238,"var":0.000000000.0,"sum":0.000000238}},"set_output":{"duration":{"num":1,"min":0.000000477,"max":0.000000477,"avg":0.000000477,"var":0.000000000.0,"sum":0.000000477},"relative_timestamp_from_irespond_start":{"num":1,"min":0.000000477,"max":0.000000477,"avg":0.000000477,"var":0.000000000.0,"sum":0.000000477}},"get_input":{"duration":{"num":0,"min":0.000000000.0,"max":0.000000000.0,"avg":0.000000000.0,"var":0.000000000.0,"sum":0.000000000.0},"relative_timestamp_from_ult_start":{"num":0,"min":0.000000000.0,"max":0.000000000.0,"avg":0.000000000.0,"var":0.000000000.0,"sum":0.000000000.0}}}}}}}