{"address":"","progress_loop":{"progress_with_timeout":{"num":1301,"min":0.066009045,"max":0.104008913,"avg":0.103961678,"var":0.001486631,"sum":135.254143476},"progress_timeout_value_msec":{"num":1301,"min":100.000000000.0,"max":100.000000000.0,"avg":100.000000000.0,"var":0.000000000.0,"sum":130100.000000000.0},"progress_without_timeout":{"num":14588453,"min":0.000000000.0,"max":0.006305933,"avg":0.000000121,"var":0.000668528,"sum":1.770634413},"trigger":{"num":132,"min":0.000000238,"max":0.001882553,"avg":0.000016393,"var":0.000003511,"sum":0.002163887}},"rpcs":{"65535:65535:14048217247822970879:0":{"rpc_id":-4398526825886580737,"provider_id":0,"parent_rpc_id":65535,"parent_provider_id":65535,"name":"get_file_data","origin":{"sent to ofi+cxi://0x23ef2000":{"iforward":{"duration":{"num":10,"min":0.000002861,"max":0.000030994,"avg":0.000005913,"var":0.000000001,"sum":0.000059128},"relative_timestamp_from_create":{"num":10,"min":0.000000000.0,"max":0.000003815,"avg":0.000000668,"var":0.000000000,"sum":0.000006676}},"forward_cb":{"duration":{"num":10,"min":0.000000238,"max":0.000000477,"avg":0.000000310,"var":0.000000000,"sum":0.000003099},"relative_timestamp_from_iforward_start":{"num":10,"min":0.231980085,"max":0.532735825,"avg":0.442533159,"var":0.060276288,"sum":4.425331593}},"iforward_wait":{"duration":{"num":10,"min":0.232127666,"max":0.532736778,"avg":0.442547798,"var":0.060214244,"sum":4.425477982},"relative_timestamp_from_iforward_end":{"num":10,"min":0.000000000.0,"max":0.000000238,"avg":0.000000143,"var":0.000000000,"sum":0.000001431}},"set_input":{"duration":{"num":10,"min":0.000000238,"max":0.000004768,"avg":0.000000882,"var":0.000000000,"sum":0.000008821},"relative_timestamp_from_iforward_start":{"num":10,"min":0.000001907,"max":0.000018120,"avg":0.000003719,"var":0.000000000,"sum":0.000037193}},"get_output":{"duration":{"num":10,"min":0.003016949,"max":0.008160353,"avg":0.004191732,"var":0.000027841,"sum":0.041917324},"relative_timestamp_from_wait_end":{"num":10,"min":0.000000238,"max":0.000001192,"avg":0.000000525,"var":0.000000000,"sum":0.000005245}}}},"target":{"received from ofi+cxi://0x23ef2000":{"handler":{"duration":{"num":10,"min":0.000001192,"max":0.000006676,"avg":0.000002050,"var":0.000000000,"sum":0.000020504}},"ult":{"duration":{"num":10,"min":0.232095718,"max":0.527276516,"avg":0.441993022,"var":0.059267207,"sum":4.419930220},"relative_timestamp_from_handler_start":{"num":10,"min":0.000002146,"max":0.000014782,"avg":0.000004292,"var":0.000000000,"sum":0.000042915}},"irespond":{"duration":{"num":10,"min":0.006296635,"max":0.007822990,"avg":0.007091165,"var":0.000003042,"sum":0.070911646},"relative_timestamp_from_ult_start":{"num":10,"min":0.220051765,"max":0.520057917,"avg":0.433830380,"var":0.060530704,"sum":4.338303804}},"respond_cb":{"duration":{"num":10,"min":0.000000238,"max":0.000000715,"avg":0.000000334,"var":0.000000000,"sum":0.000003338},"relative_timestamp_from_irespond_start":{"num":10,"min":0.006375313,"max":0.012002468,"avg":0.008142066,"var":0.000038312,"sum":0.081420660}},"irespond_wait":{"duration":{"num":10,"min":0.000003815,"max":0.005708218,"avg":0.001052761,"var":0.000044407,"sum":0.010527611},"relative_timestamp_from_irespond_end":{"num":10,"min":0.000000000.0,"max":0.000000477,"avg":0.000000262,"var":0.000000000,"sum":0.000002623}},"set_output":{"duration":{"num":10,"min":0.006068230,"max":0.007456779,"avg":0.006842756,"var":0.000002715,"sum":0.068427563},"relative_timestamp_from_irespond_start":{"num":10,"min":0.000000238,"max":0.000001431,"avg":0.000000596,"var":0.000000000,"sum":0.000005960}},"get_input":{"duration":{"num":10,"min":0.000000238,"max":0.000001907,"avg":0.000000453,"var":0.000000000,"sum":0.000004530},"relative_timestamp_from_ult_start":{"num":10,"min":0.000000238,"max":0.000003338,"avg":0.000000787,"var":0.000000000,"sum":0.000007868}}}}},"14048217247822970879:0:14048217247822970879:0":{"rpc_id":-4398526825886580737,"provider_id":0,"parent_rpc_id":-4398526825886580737,"parent_provider_id":0,"name":"get_file_data","origin":{"sent to ofi+cxi://0x23eb4600":{"iforward":{"duration":{"num":30,"min":0.000003099,"max":0.000346899,"avg":0.000074442,"var":0.000000318,"sum":0.002233267},"relative_timestamp_from_create":{"num":30,"min":0.000000000.0,"max":0.000000715,"avg":0.000000326,"var":0.000000000,"sum":0.000009775}},"forward_cb":{"duration":{"num":30,"min":0.000000238,"max":0.000002146,"avg":0.000000612,"var":0.000000000,"sum":0.000018358},"relative_timestamp_from_iforward_start":{"num":30,"min":0.210803509,"max":0.512575388,"avg":0.424510908,"var":0.148292781,"sum":12.735327244}},"iforward_wait":{"duration":{"num":30,"min":0.210775614,"max":0.512558699,"avg":0.424438127,"var":0.148216734,"sum":12.733143806},"relative_timestamp_from_iforward_end":{"num":30,"min":0.000000000.0,"max":0.000000715,"avg":0.000000286,"var":0.000000000,"sum":0.000008583}},"set_input":{"duration":{"num":30,"min":0.000000238,"max":0.000000715,"avg":0.000000501,"var":0.000000000,"sum":0.000015020},"relative_timestamp_from_iforward_start":{"num":30,"min":0.000000954,"max":0.000002861,"avg":0.000001287,"var":0.000000000,"sum":0.000038624}},"get_output":{"duration":{"num":30,"min":0.002673626,"max":0.009135962,"avg":0.003821254,"var":0.000073900,"sum":0.114637613},"relative_timestamp_from_wait_end":{"num":30,"min":0.000000477,"max":0.000001431,"avg":0.000000842,"var":0.000000000,"sum":0.000025272}}}},"target":{"received from ofi+cxi://0x23eb2400":{"handler":{"duration":{"num":10,"min":0.000001669,"max":0.000003099,"avg":0.000002527,"var":0.000000000,"sum":0.000025272}},"ult":{"duration":{"num":10,"min":0.267920017,"max":0.522395611,"avg":0.436855674,"var":0.043034668,"sum":4.368556738},"relative_timestamp_from_handler_start":{"num":10,"min":0.000002861,"max":0.001886368,"avg":0.000191474,"var":0.000003192,"sum":0.001914740}},"irespond":{"duration":{"num":10,"min":0.006163836,"max":0.007541180,"avg":0.006947851,"var":0.000002102,"sum":0.069478512},"relative_timestamp_from_ult_start":{"num":10,"min":0.241963863,"max":0.503121853,"avg":0.424539709,"var":0.045972057,"sum":4.245397091}},"respond_cb":{"duration":{"num":10,"min":0.000000000.0,"max":0.000000715,"avg":0.000000358,"var":0.000000000,"sum":0.000003576},"relative_timestamp_from_irespond_start":{"num":10,"min":0.007122993,"max":0.025953293,"avg":0.012313700,"var":0.000458046,"sum":0.123136997}},"irespond_wait":{"duration":{"num":10,"min":0.000959396,"max":0.019653082,"avg":0.005366254,"var":0.000477159,"sum":0.053662539},"relative_timestamp_from_irespond_end":{"num":10,"min":0.000000238,"max":0.000000715,"avg":0.000000525,"var":0.000000000,"sum":0.000005245}},"set_output":{"duration":{"num":10,"min":0.005938530,"max":0.007302046,"avg":0.006714892,"var":0.000002055,"sum":0.067148924},"relative_timestamp_from_irespond_start":{"num":10,"min":0.000000238,"max":0.000000954,"avg":0.000000453,"var":0.000000000,"sum":0.000004530}},"get_input":{"duration":{"num":10,"min":0.000000238,"max":0.000000715,"avg":0.000000477,"var":0.000000000,"sum":0.000004768},"relative_timestamp_from_ult_start":{"num":10,"min":0.000000477,"max":0.000001192,"avg":0.000000668,"var":0.000000000,"sum":0.000006676}}},"received from ofi+cxi://0x23ef0400":{"handler":{"duration":{"num":10,"min":0.000000477,"max":0.001881599,"avg":0.000188804,"var":0.000003184,"sum":0.001888037}},"ult":{"duration":{"num":10,"min":0.274171352,"max":0.512687683,"avg":0.435490441,"var":0.037738645,"sum":4.354904413},"relative_timestamp_from_handler_start":{"num":10,"min":0.000000954,"max":0.001940012,"avg":0.000195169,"var":0.000003383,"sum":0.001951694}},"irespond":{"duration":{"num":10,"min":0.005788088,"max":0.007223129,"avg":0.006661320,"var":0.000001473,"sum":0.066613197},"relative_timestamp_from_ult_start":{"num":10,"min":0.261537313,"max":0.499294281,"avg":0.426741505,"var":0.038491682,"sum":4.267415047}},"respond_cb":{"duration":{"num":10,"min":0.000000000.0,"max":0.000000238,"avg":0.000000215,"var":0.000000000,