{"address":"","rpcs":{"get_file_data:0":{"timestamps":[1717914326.040442467,1717914327.102867126,1717914328.142866611,1717914329.182866573,1717914330.222867489,1717914331.262867212,1717914332.302866697,1717914333.342866659,1717914334.382867098,1717914335.422867298,1717914336.462867260,1717914337.502866745,1717914338.542866230,1717914339.582866192,1717914340.622867346,1717914341.662866592,1717914342.702866554,1717914343.742866039,1717914344.782866955,1717914345.822866678,1717914346.862867594,1717914347.902865887,1717914348.942866802,1717914349.982866526,1717914351.022868872,1717914352.062866688,1717914353.102867126,1717914354.142865658,1717914355.182866335,1717914356.222866774,1717914357.262866020,1717914358.302865982,1717914359.342866421,1717914360.382865906,1717914361.422866344,1717914362.462866783,1717914363.502865791,1717914364.542866945,1717914365.582867146,1717914366.622866631,1717914367.662866831,1717914368.698867083,1717914369.738867044,1717914370.778867006,1717914371.818866253,1717914372.858866453,1717914373.898866653,1717914374.938866377,1717914375.978867531,1717914377.018866301,1717914378.058866978,1717914379.098870277,1717914380.138866186,1717914381.178866386,1717914382.218867302,1717914383.258867741,1717914384.298866987,1717914385.338867188,1717914386.378866434,1717914387.418867588,1717914388.458865881,1717914389.498867273,1717914390.538866758,1717914391.578866720,1717914392.618867636,1717914393.658874512,1717914394.698866129,1717914395.738868713,1717914396.778865814,1717914397.818866730,1717914398.858866215,1717914399.898866415,1717914400.938866377,1717914401.978866339,1717914403.018865585,1717914404.058868170,1717914405.098866701,1717914406.138867855,1717914407.178866148,1717914408.218871593,1717914409.258867502,1717914410.298865795,1717914411.338866711,1717914412.378866673,1717914413.418866634,1717914414.458866596,1717914415.498867035,1717914416.538867950,1717914417.578866720,1717914418.618867636,1717914419.658866405,1717914420.698866129,1717914421.738866806,1717914422.778866053,1717914423.818866253,1717914424.858867645,1717914425.898866653,1717914426.938868284,1717914427.978866577,1717914429.018870354,1717914430.058869123,1717914431.098867416,1717914432.138866663,1717914433.178866386,1717914434.218866825,1717914435.258867025,1717914435.950515985],"count":[1,9,0,0,0,0,0,0,0,0,0,0,0,0,0,0,0,0,0,0,0,0,0,0,0,0,0,0,0,0,0,0,0,0,0,0,0,0,0,0,0,0,0,0,0,0,0,0,0,0,0,0,0,0,0,0,0,0,0,0,0,0,0,0,0,0,0,0,0,0,0,0,0,0,0,0,0,0,0,0,0,0,0,0,0,0,0,0,0,0,0,0,0,0,0,0,0,0,0,0,0,0,0,0,0,0,0],"bulk_size":[0,0,0,0,0,0,0,0,0,0,0,0,0,0,0,0,0,0,0,0,0,0,0,0,0,0,0,0,0,0,0,0,0,0,0,0,0,0,0,0,0,0,0,0,0,0,0,0,0,0,0,0,0,0,0,0,0,0,0,0,0,0,0,0,0,0,0,0,0,0,0,0,0,0,0,0,0,0,0,0,0,0,0,0,0,0,0,0,0,0,0,0,0,0,0,0,0,0,0,0,0,0,0,0,0,0,0]},"__shutdown__:65535":{"timestamps":[1717914435.950515985],"count":[1],"bulk_size":[0]}},"pools":{"__primary__":{"timestamps":[1717914326.040442467,1717914327.102867126,1717914328.142866611,1717914329.182866573,1717914330.222867489,1717914331.262867212,1717914332.302866697,1717914333.342866659,1717914334.382867098,1717914335.422867298,1717914336.462867260,1717914337.502866745,1717914338.542866230,1717914339.582866192,1717914340.622867346,1717914341.662866592,1717914342.702866554,1717914343.742866039,1717914344.782866955,1717914345.822866678,1717914346.862867594,1717914347.902865887,1717914348.942866802,1717914349.982866526,1717914351.022868872,1717914352.062866688,1717914353.102867126,1717914354.142865658,1717914355.182866335,1717914356.222866774,1717914357.262866020,1717914358.302865982,1717914359.342866421,1717914360.382865906,1717914361.422866344,1717914362.462866783,1717914363.502865791,1717914364.542866945,1717914365.582867146,1717914366.622866631,1717914367.662866831,1717914368.698867083,1717914369.738867044,1717914370.778867006,1717914371.818866253,1717914372.858866453,1717914373.898866653,1717914374.938866377,1717914375.978867531,1717914377.018866301,1717914378.058866978,1717914379.098870277,1717914380.138866186,1717914381.178866386,1717914382.218867302,1717914383.258867741,1717914384.298866987,1717914385.338867188,1717914386.378866434,1717914387.418867588,1717914388.458865881,1717914389.498867273,1717914390.538866758,1717914391.578866720,1717914392.618867636,1717914393.658874512,1717914394.698866129,1717914395.738868713,1717914396.778865814,1717914397.818866730,1717914398.858866215,1717914399.898866415,1717914400.938866377,1717914401.978866339,1717914403.018865585,1717914404.058868170,1717914405.098866701,1717914406.138867855,1717914407.178866148,1717914408.218871593,1717914409.258867502,1717914410.298865795,1717914411.338866711,1717914412.378866673,1717914413.418866634,1717914414.458866596,1717914415.498867035,1717914416.538867950,1717914417.578866720,1717914418.618867636,1717914419.658866405,1717914420.698866129,1717914421.738866806,1717914422.778866053,1717914423.818866253,1717914424.858867645,1717914425.898866653,1717914426.938868284,1717914427.978866577,1717914429.018870354,1717914430.058869123,1717914431.098867416,1717914432.138866663,1717914433.178866386,1717914434.218866825,1717914435.258867025,1717914435.950515985],"size":[0,0,0,0,0,0,0,0,0,0,0,0,0,0,0,0,0,0,0,0,0,0,0,0,0,0,0,0,0,0,0,0,0,0,0,0,0,0,0,0,0,0,0,0,0,0,0,0,0,0,0,0,0,0,0,0,0,0,0,0,0,0,0,0,0,0,0,0,0,0,0,0,0,0,0,0,0,0,0,0,0,0,0,0,0,0,0,0,0,0,0,0,0,0,0,0,0,0,0,0,0,0,0,0,0,0,0],"total_size":[2,1,1,1,1,1,1,1,1,1,1,1,1,1,1,1,1,1,1,1,1,1,1,1,1,1,1,1,1,1,1,1,1,1,1,1,1,1,1,1,1,1,1,1,1,1,1,1,1,1,1,1,1,1,1,1,1,1,1,1,1,1,1,1,1,1,1,1,1,1,1,1,1,1,1,1,1,1,1,1,1,1,1,1,1,1,1,1,1,1,1,1,1,1,1,1,1,1,1,1,1,1,1,1,1,1,0]}}}