{"address":"","progress_loop":{"progress_with_timeout":{"num":1059,"min":0.000011921,"max":0.104008913,"avg":0.103680290,"var":0.032574259,"sum":109.797426701},"progress_timeout_value_msec":{"num":1059,"min":100.000000000.0,"max":100.000000000.0,"avg":100.000000000.0,"var":0.000000000.0,"sum":105900.000000000.0},"progress_without_timeout":{"num":117968,"min":0.000000000.0,"max":0.000096798,"avg":0.000000118,"var":0.000000026,"sum":0.013959646},"trigger":{"num":292,"min":0.000000000.0,"max":0.003658772,"avg":0.000021753,"var":0.000019276,"sum":0.006351948}},"rpcs":{"65535:65535:14048217247822970879:0":{"rpc_id":-4398526825886580737,"provider_id":0,"parent_rpc_id":65535,"parent_provider_id":65535,"name":"get_file_data","origin":{"sent to ofi+cxi://0x23ed6600":{"iforward":{"duration":{"num":10,"min":0.000000477,"max":0.000036001,"avg":0.000004458,"var":0.000000001,"sum":0.000044584},"relative_timestamp_from_create":{"num":10,"min":0.000000000.0,"max":0.000005007,"avg":0.000000668,"var":0.000000000,"sum":0.000006676}},"forward_cb":{"duration":{"num":10,"min":0.000000000.0,"max":0.000000715,"avg":0.000000095,"var":0.000000000,"sum":0.000000954},"relative_timestamp_from_iforward_start":{"num":10,"min":0.000450850,"max":0.014424801,"avg":0.004072404,"var":0.000201533,"sum":0.040724039}},"iforward_wait":{"duration":{"num":10,"min":0.000450611,"max":0.014429569,"avg":0.004072642,"var":0.000201619,"sum":0.040726423},"relative_timestamp_from_iforward_end":{"num":10,"min":0.000000000.0,"max":0.000000238,"avg":0.000000119,"var":0.000000000,"sum":0.000001192}},"set_input":{"duration":{"num":10,"min":0.000000000.0,"max":0.000005245,"avg":0.000000763,"var":0.000000000,"sum":0.000007629},"relative_timestamp_from_iforward_start":{"num":10,"min":0.000000238,"max":0.000022411,"avg":0.000002742,"var":0.000000000,"sum":0.000027418}},"get_output":{"duration":{"num":10,"min":0.000000715,"max":0.000010014,"avg":0.000001764,"var":0.000000000,"sum":0.000017643},"relative_timestamp_from_wait_end":{"num":10,"min":0.000000000.0,"max":0.000000477,"avg":0.000000143,"var":0.000000000,"sum":0.000001431}}}},"target":{"received from ofi+cxi://0x23ed6600":{"handler":{"duration":{"num":10,"min":0.000000238,"max":0.000007868,"avg":0.000001168,"var":0.000000000,"sum":0.000011683}},"ult":{"duration":{"num":10,"min":0.000449181,"max":0.014360428,"avg":0.004064274,"var":0.000200203,"sum":0.040642738},"relative_timestamp_from_handler_start":{"num":10,"min":0.000000477,"max":0.000016451,"avg":0.000002289,"var":0.000000000,"sum":0.000022888}},"irespond":{"duration":{"num":10,"min":0.000002146,"max":0.000026226,"avg":0.000012779,"var":0.000000001,"sum":0.000127792},"relative_timestamp_from_ult_start":{"num":10,"min":0.000445843,"max":0.014328480,"avg":0.004049349,"var":0.000199872,"sum":0.040493488}},"respond_cb":{"duration":{"num":10,"min":0.000000000.0,"max":0.000000238,"avg":0.000000119,"var":0.000000000,"sum":0.000001192},"relative_timestamp_from_irespond_start":{"num":10,"min":0.000002384,"max":0.000027657,"avg":0.000013733,"var":0.000000001,"sum":0.000137329}},"irespond_wait":{"duration":{"num":10,"min":0.000000954,"max":0.000003576,"avg":0.000001693,"var":0.000000000,"sum":0.000016928},"relative_timestamp_from_irespond_end":{"num":10,"min":0.000000000.0,"max":0.000000477,"avg":0.000000072,"var":0.000000000,"sum":0.000000715}},"set_output":{"duration":{"num":10,"min":0.000000715,"max":0.000016689,"avg":0.000006747,"var":0.000000000,"sum":0.000067472},"relative_timestamp_from_irespond_start":{"num":10,"min":0.000000000.0,"max":0.000001431,"avg":0.000000215,"var":0.000000000,"sum":0.000002146}},"get_input":{"duration":{"num":10,"min":0.000000000.0,"max":0.000002384,"avg":0.000000358,"var":0.000000000,"sum":0.000003576},"relative_timestamp_from_ult_start":{"num":10,"min":0.000000000.0,"max":0.000003815,"avg":0.000000525,"var":0.000000000,"sum":0.000005245}}}}},"14048217247822970879:0:14048217247822970879:0":{"rpc_id":-4398526825886580737,"provider_id":0,"parent_rpc_id":-4398526825886580737,"parent_provider_id":0,"name":"get_file_data","origin":{"sent to ofi+cxi://0x23ef4200":{"iforward":{"duration":{"num":70,"min":0.000000954,"max":0.000044107,"avg":0.000005845,"var":0.000000003,"sum":0.000409126},"relative_timestamp_from_create":{"num":70,"min":0.000000000.0,"max":0.000000477,"avg":0.000000109,"var":0.000000000,"sum":0.000007629}},"forward_cb":{"duration":{"num":70,"min":0.000000000.0,"max":0.000001907,"avg":0.000000177,"var":0.000000000,"sum":0.000012398},"relative_timestamp_from_iforward_start":{"num":70,"min":0.000053406,"max":0.019048214,"avg":0.003765195,"var":0.001691696,"sum":0.263563633}},"iforward_wait":{"duration":{"num":70,"min":0.000051737,"max":0.019039392,"avg":0.003761077,"var":0.001688966,"sum":0.263275385},"relative_timestamp_from_iforward_end":{"num":70,"min":0.000000000.0,"max":0.000000715,"avg":0.000000238,"var":0.000000000,"sum":0.000016689}},"set_input":{"duration":{"num":70,"min":0.000000000.0,"max":0.000000954,"avg":0.000000330,"var":0.000000000,"sum":0.000023127},"relative_timestamp_from_iforward_start":{"num":70,"min":0.000000238,"max":0.000002861,"avg":0.000000593,"var":0.000000000,"sum":0.000041485}},"get_output":{"duration":{"num":70,"min":0.000000954,"max":0.000014067,"avg":0.000001809,"var":0.000000000,"sum":0.000126600},"relative_timestamp_from_wait_end":{"num":70,"min":0.000000000.0,"max":0.000004768,"avg":0.000000208,"var":0.000000000,"sum":0.000014544}}}},"target":{"received from ofi+cxi://0x23ed6200":{"handler":{"duration":{"num":30,"min":0.000000238,"max":0.002453089,"avg":0.000082223,"var":0.000005815,"sum":0.002466679}},"ult":{"duration":{"num":30,"min":0.000077724,"max":0.019108772,"avg":0.003893574,"var":0.000709692,"sum":0.116807222},"relative_timestamp_from_handler_start":{"num":30,"min":0.000000477,"max":0.002532482,"avg":0.000167394,"var":0.000011669,"sum":0.005021811}},"irespond":{"duration":{"num":30,"min":0.000002623,"max":0.000030041,"avg":0.000016920,"var":0.000000002,"sum":0.000507593},"relative_timestamp_from_ult_start":{"num":30,"min":0.000060320,"max":0.019068003,"avg":0.003844094,"var":0.000708388,"sum":0.115322828}},"respond_cb":{"duration":{"num":30,"min":0.000000000.0,"max":0.000000238,"avg":0.000000079,"var":0.000000000,"sum":0.000002384},"relative_timestamp_from_irespond_start":{"num":30,"min":0.000015736,"max":0.000121832,"avg":0.000048399,"var":0.000000024,"sum":0.001451969}},"irespond_wait":{"duration":{"num":30,"min":0.000013113,"max":0.000109673,"avg":0.000031964,"var":0.000000018,"sum":0.000958920},"relative_timestamp_from_irespond_end":{"num":30,"min":0.000000000.0,"max":0.000000715,"avg":0.000000342,"var":0.000000000,"sum":0.000010252}},"set_output":{"duration":{"num":30,"min":0.000001192,"max":0.000016451,"avg":0.000009084,"var":0.000000001,"sum":0.000272512},"relative_timestamp_from_irespond_start":{"num":30,"min":0.000000000.0,"max":0.000000477,"avg":0.000000095,"var":0.000000000,"sum":0.000002861}},"get_input":{"duration":{"num":30,"min":0.000000000.0,"max":0.000000715,"avg":0.000000175,"var":0.000000000,"sum":0.000005245},"relative_timestamp_from_ult_start":{"num":30,"min":0.000000000.0,"max":0.000000715,"avg":0.000000183,"var":0.000000000,"sum":0.000005484}}},"received from ofi+cxi://0x23ef2400":{"handler":{"duration":{"num":30,"min":0.000000238,"max":0.003657818,"avg":0.000122746,"var":0.000012928,"sum":0.003682375}},"ult":{"duration":{"num":30,"min":0.000077963,"max":0.019138813,"avg":0.003713910,"var":0.000784903,"sum":0.111417294},"relative_timestamp_from_handler_start":{"num":30,"min":0.000000477,"max":0.003659964,"avg":0.000130900,"var":0.000012903,"sum":0.003926992}},"irespond":{"duration":{"num":30,"min":0.000002384,"max":0.000028610,"avg":0.000016435,"var":0.000000002,"sum":0.000493050},"relative_timestamp_from_ult_start":{"num":30,"min":0.000059366,"max":0.019021749,"avg":0.003623176,"var":0.000786187,"sum":0.108695269}},"respond_cb":{"duration":{"num":30,"min":0.000000000.0,"max":0.000000238,