{"address":"","rpcs":{"get_file_data:0":{"timestamps":[1717912976.408756256,1717912977.468304634,1717912978.508303881,1717912979.548304081,1717912980.584305525,1717912981.624304533,1717912982.664305210,1717912983.704304457,1717912984.744306326,1717912985.784304857,1717912986.824305773,1717912987.864305019,1717912988.904306412,1717912989.944304705,1717912990.984305859,1717912992.024303913,1717912993.064305544,1717912994.104308605,1717912995.144305468,1717912996.184307098,1717912997.224305868,1717912998.264304876,1717912999.304306507,1717913000.344304562,1717913001.384304523,1717913002.424304008,1717913003.464304686,1717913004.504306555,1717913005.544304132,1717913006.584304571,1717913007.624305487,1717913008.664304018,1717913009.704305410,1717913010.744304895,1717913011.784304619,1717913012.824305058,1717913013.864304066,1717913014.904304981,1717913015.944304943,1717913016.984306574,1717913018.024305105,1717913019.064304590,1717913020.104305029,1717913021.144304752,1717913022.184306145,1717913023.224304438,1717913024.264311075,1717913025.304305077,1717913026.344308138,1717913027.384305000,1717913028.424304008,1717913029.464304447,1717913030.504305840,1717913031.544304848,1717913032.584306002,1717913033.624304295,1717913034.664305449,1717913035.704304934,1717913036.744306087,1717913037.784304380,1717913038.824304819,1717913039.864306211,1717913040.904305696,1717913041.944304228,1717913042.984306574,1717913044.024304867,1717913045.064304113,1717913046.104304075,1717913047.144306183,1717913048.184303999,1717913049.224304914,1717913050.264305830,1717913051.304305792,1717913052.344305038,1717913053.384305716,1717913054.424305677,1717913055.464306593,1717913056.504304647,1717913057.544305801,1717913058.584306002,1717913059.624304771,1717913060.664304733,1717913061.704305410,1717913062.744306087,1717913063.784309149,1717913064.824305058,1717913065.864305973,1717913066.319441319],"count":[1,9,0,0,0,0,0,0,0,0,0,0,0,0,0,0,0,0,0,0,0,0,0,0,0,0,0,0,0,0,0,0,0,0,0,0,0,0,0,0,0,0,0,0,0,0,0,0,0,0,0,0,0,0,0,0,0,0,0,0,0,0,0,0,0,0,0,0,0,0,0,0,0,0,0,0,0,0,0,0,0,0,0,0,0,0,0,0],"bulk_size":[0,0,0,0,0,0,0,0,0,0,0,0,0,0,0,0,0,0,0,0,0,0,0,0,0,0,0,0,0,0,0,0,0,0,0,0,0,0,0,0,0,0,0,0,0,0,0,0,0,0,0,0,0,0,0,0,0,0,0,0,0,0,0,0,0,0,0,0,0,0,0,0,0,0,0,0,0,0,0,0,0,0,0,0,0,0,0,0]},"__shutdown__:65535":{"timestamps":[1717913066.319441319],"count":[1],"bulk_size":[0]}},"pools":{"__primary__":{"timestamps":[1717912976.408756256,1717912977.468304634,1717912978.508303881,1717912979.548304081,1717912980.584305525,1717912981.624304533,1717912982.664305210,1717912983.704304457,1717912984.744306326,1717912985.784304857,1717912986.824305773,1717912987.864305019,1717912988.904306412,1717912989.944304705,1717912990.984305859,1717912992.024303913,1717912993.064305544,1717912994.104308605,1717912995.144305468,1717912996.184307098,1717912997.224305868,1717912998.264304876,1717912999.304306507,1717913000.344304562,1717913001.384304523,1717913002.424304008,1717913003.464304686,1717913004.504306555,1717913005.544304132,1717913006.584304571,1717913007.624305487,1717913008.664304018,1717913009.704305410,1717913010.744304895,1717913011.784304619,1717913012.824305058,1717913013.864304066,1717913014.904304981,1717913015.944304943,1717913016.984306574,1717913018.024305105,1717913019.064304590,1717913020.104305029,1717913021.144304752,1717913022.184306145,1717913023.224304438,1717913024.264311075,1717913025.304305077,1717913026.344308138,1717913027.384305000,1717913028.424304008,1717913029.464304447,1717913030.504305840,1717913031.544304848,1717913032.584306002,1717913033.624304295,1717913034.664305449,1717913035.704304934,1717913036.744306087,1717913037.784304380,1717913038.824304819,1717913039.864306211,1717913040.904305696,1717913041.944304228,1717913042.984306574,1717913044.024304867,1717913045.064304113,1717913046.104304075,1717913047.144306183,1717913048.184303999,1717913049.224304914,1717913050.264305830,1717913051.304305792,1717913052.344305038,1717913053.384305716,1717913054.424305677,1717913055.464306593,1717913056.504304647,1717913057.544305801,1717913058.584306002,1717913059.624304771,1717913060.664304733,1717913061.704305410,1717913062.744306087,1717913063.784309149,1717913064.824305058,1717913065.864305973,1717913066.319441319],"size":[0,0,0,0,0,0,0,0,0,0,0,0,0,0,0,0,0,0,0,0,0,0,0,0,0,0,0,0,0,0,0,0,0,0,0,0,0,0,0,0,0,0,0,0,0,0,0,0,0,0,0,0,0,0,0,0,0,0,0,0,0,0,0,0,0,0,0,0,0,0,0,0,0,0,0,0,0,0,0,0,0,0,0,0,0,0,0,0],"total_size":[2,1,1,1,1,1,1,1,1,1,1,1,1,1,1,1,1,1,1,1,1,1,1,1,1,1,1,1,1,1,1,1,1,1,1,1,1,1,1,1,1,1,1,1,1,1,1,1,1,1,1,1,1,1,1,1,1,1,1,1,1,1,1,1,1,1,1,1,1,1,1,1,1,1,1,1,1,1,1,1,1,1,1,1,1,1,1,0]}}}