{"address":"","rpcs":{"get_file_data:0":{"timestamps":[1717913091.838319302,1717913092.918712139,1717913093.958710909,1717913094.998710394,1717913096.038711309,1717913097.078711987,1717913098.118710279,1717913099.158711910,1717913100.198709965,1717913101.238711834,1717913102.278712988,1717913103.318710327,1717913104.358710527,1717913105.398711443,1717913106.438709736,1717913107.478711128,1717913108.518712759,1717913109.558710575,1717913110.598709583,1717913111.638709784,1717913112.678709745,1717913113.718711615,1717913114.758710384,1717913115.798711300,1717913116.838710785,1717913117.878710985,1717913118.918710709,1717913119.958712578,1717913120.998711348,1717913122.038711309,1717913123.078711033,1717913124.118711472,1717913125.158710003,1717913126.198710442,1717913127.238709688,1717913128.278715372,1717913129.318709850,1717913130.358711481,1717913131.398711920,1717913132.438711882,1717913133.478710413,1717913134.518711329,1717913135.558710575,1717913136.598709822,1717913137.638712168,1717913138.678712130,1717913139.718710184,1717913140.758711100,1717913141.798710346,1717913142.838711262,1717913143.878710508,1717913144.918710709,1717913145.958712101,1717913146.998711109,1717913148.038710833,1717913149.078712225,1717913150.118710279,1717913151.158710957,1717913152.198709965,1717913153.238710165,1717913154.278709650,1717913155.318722010,1717913156.358710289,1717913157.398709774,1717913158.438709736,1717913159.478712082,1717913160.518711090,1717913161.558710337,1717913162.598710299,1717913163.638711691,1717913164.678711653,1717913165.718711615,1717913166.758712292,1717913167.798711777,1717913168.838709593,1717913169.878710270,1717913170.918710470,1717913171.958711624,1717913172.998711348,1717913174.038712025,1717913175.074711800,1717913176.114710808,1717913177.154710770,1717913178.194712162,1717913179.234710693,1717913180.274710655,1717913181.314713955,1717913181.745773554],"count":[1,9,0,0,0,0,0,0,0,0,0,0,0,0,0,0,0,0,0,0,0,0,0,0,0,0,0,0,0,0,0,0,0,0,0,0,0,0,0,0,0,0,0,0,0,0,0,0,0,0,0,0,0,0,0,0,0,0,0,0,0,0,0,0,0,0,0,0,0,0,0,0,0,0,0,0,0,0,0,0,0,0,0,0,0,0,0,0],"bulk_size":[0,0,0,0,0,0,0,0,0,0,0,0,0,0,0,0,0,0,0,0,0,0,0,0,0,0,0,0,0,0,0,0,0,0,0,0,0,0,0,0,0,0,0,0,0,0,0,0,0,0,0,0,0,0,0,0,0,0,0,0,0,0,0,0,0,0,0,0,0,0,0,0,0,0,0,0,0,0,0,0,0,0,0,0,0,0,0,0]},"__shutdown__:65535":{"timestamps":[1717913181.745773554],"count":[1],"bulk_size":[0]}},"pools":{"__primary__":{"timestamps":[1717913091.838319302,1717913092.918712139,1717913093.958710909,1717913094.998710394,1717913096.038711309,1717913097.078711987,1717913098.118710279,1717913099.158711910,1717913100.198709965,1717913101.238711834,1717913102.278712988,1717913103.318710327,1717913104.358710527,1717913105.398711443,1717913106.438709736,1717913107.478711128,1717913108.518712759,1717913109.558710575,1717913110.598709583,1717913111.638709784,1717913112.678709745,1717913113.718711615,1717913114.758710384,1717913115.798711300,1717913116.838710785,1717913117.878710985,1717913118.918710709,1717913119.958712578,1717913120.998711348,1717913122.038711309,1717913123.078711033,1717913124.118711472,1717913125.158710003,1717913126.198710442,1717913127.238709688,1717913128.278715372,1717913129.318709850,1717913130.358711481,1717913131.398711920,1717913132.438711882,1717913133.478710413,1717913134.518711329,1717913135.558710575,1717913136.598709822,1717913137.638712168,1717913138.678712130,1717913139.718710184,1717913140.758711100,1717913141.798710346,1717913142.838711262,1717913143.878710508,1717913144.918710709,1717913145.958712101,1717913146.998711109,1717913148.038710833,1717913149.078712225,1717913150.118710279,1717913151.158710957,1717913152.198709965,1717913153.238710165,1717913154.278709650,1717913155.318722010,1717913156.358710289,1717913157.398709774,1717913158.438709736,1717913159.478712082,1717913160.518711090,1717913161.558710337,1717913162.598710299,1717913163.638711691,1717913164.678711653,1717913165.718711615,1717913166.758712292,1717913167.798711777,1717913168.838709593,1717913169.878710270,1717913170.918710470,1717913171.958711624,1717913172.998711348,1717913174.038712025,1717913175.074711800,1717913176.114710808,1717913177.154710770,1717913178.194712162,1717913179.234710693,1717913180.274710655,1717913181.314713955,1717913181.745773554],"size":[0,0,0,0,0,0,0,0,0,0,0,0,0,0,0,0,0,0,0,0,0,0,0,0,0,0,0,0,0,0,0,0,0,0,0,0,0,0,0,0,0,0,0,0,0,0,0,0,0,0,0,0,0,0,0,0,0,0,0,0,0,0,0,0,0,0,0,0,0,0,0,0,0,0,0,0,0,0,0,0,0,0,0,0,0,0,0,0],"total_size":[2,1,1,1,1,1,1,1,1,1,1,1,1,1,1,1,1,1,1,1,1,1,1,1,1,1,1,1,1,1,1,1,1,1,1,1,1,1,1,1,1,1,1,1,1,1,1,1,1,1,1,1,1,1,1,1,1,1,1,1,1,1,1,1,1,1,1,1,1,1,1,1,1,1,1,1,1,1,1,1,1,1,1,1,1,1,1,0]}}}