{"address":"","progress_loop":{"progress_with_timeout":{"num":1321,"min":0.006468534,"max":0.104009867,"avg":0.103922682,"var":0.009520650,"sum":137.281863213},"progress_timeout_value_msec":{"num":1321,"min":100.000000000.0,"max":100.000000000.0,"avg":100.000000000.0,"var":0.000000000.0,"sum":132100.000000000.0},"progress_without_timeout":{"num":7283749,"min":0.000000000.0,"max":0.003318071,"avg":0.000000130,"var":0.000293001,"sum":0.944627285},"trigger":{"num":292,"min":0.000000238,"max":0.003055334,"avg":0.000017596,"var":0.000011606,"sum":0.005138159}},"rpcs":{"65535:65535:14048217247822970879:0":{"rpc_id":-4398526825886580737,"provider_id":0,"parent_rpc_id":65535,"parent_provider_id":65535,"name":"get_file_data","origin":{"sent to ofi+cxi://0x23eb4600":{"iforward":{"duration":{"num":10,"min":0.000002384,"max":0.000030756,"avg":0.000005960,"var":0.000000001,"sum":0.000059605},"relative_timestamp_from_create":{"num":10,"min":0.000000000.0,"max":0.000004292,"avg":0.000000668,"var":0.000000000,"sum":0.000006676}},"forward_cb":{"duration":{"num":10,"min":0.000000238,"max":0.000000477,"avg":0.000000358,"var":0.000000000,"sum":0.000003576},"relative_timestamp_from_iforward_start":{"num":10,"min":0.100158453,"max":0.290457726,"avg":0.229120684,"var":0.023805391,"sum":2.291206837}},"iforward_wait":{"duration":{"num":10,"min":0.100273371,"max":0.290456057,"avg":0.229131532,"var":0.023775499,"sum":2.291315317},"relative_timestamp_from_iforward_end":{"num":10,"min":0.000000000.0,"max":0.000000477,"avg":0.000000238,"var":0.000000000,"sum":0.000002384}},"set_input":{"duration":{"num":10,"min":0.000000477,"max":0.000005007,"avg":0.000001025,"var":0.000000000,"sum":0.000010252},"relative_timestamp_from_iforward_start":{"num":10,"min":0.000001431,"max":0.000018597,"avg":0.000003886,"var":0.000000000,"sum":0.000038862}},"get_output":{"duration":{"num":10,"min":0.001193047,"max":0.003854275,"avg":0.001822567,"var":0.000006754,"sum":0.018225670},"relative_timestamp_from_wait_end":{"num":10,"min":0.000000238,"max":0.000000715,"avg":0.000000405,"var":0.000000000,"sum":0.000004053}}}},"target":{"received from ofi+cxi://0x23eb4600":{"handler":{"duration":{"num":10,"min":0.000000954,"max":0.000007153,"avg":0.000001717,"var":0.000000000,"sum":0.000017166}},"ult":{"duration":{"num":10,"min":0.099729300,"max":0.290450096,"avg":0.229072714,"var":0.023914574,"sum":2.290727139},"relative_timestamp_from_handler_start":{"num":10,"min":0.000001669,"max":0.000527143,"avg":0.000054407,"var":0.000000248,"sum":0.000544071}},"irespond":{"duration":{"num":10,"min":0.002046108,"max":0.004017115,"avg":0.003292155,"var":0.000005268,"sum":0.032921553},"relative_timestamp_from_ult_start":{"num":10,"min":0.095661640,"max":0.286572695,"avg":0.225761247,"var":0.023957786,"sum":2.257612467}},"respond_cb":{"duration":{"num":10,"min":0.000000238,"max":0.000000477,"avg":0.000000334,"var":0.000000000,"sum":0.000003338},"relative_timestamp_from_irespond_start":{"num":10,"min":0.002048731,"max":0.004019737,"avg":0.003294778,"var":0.000005269,"sum":0.032947779}},"irespond_wait":{"duration":{"num":10,"min":0.000003338,"max":0.000005245,"avg":0.000003934,"var":0.000000000,"sum":0.000039339},"relative_timestamp_from_irespond_end":{"num":10,"min":0.000000238,"max":0.000000477,"avg":0.000000358,"var":0.000000000,"sum":0.000003576}},"set_output":{"duration":{"num":10,"min":0.002041340,"max":0.003864765,"avg":0.003160191,"var":0.000004868,"sum":0.031601906},"relative_timestamp_from_irespond_start":{"num":10,"min":0.000000238,"max":0.000001669,"avg":0.000000572,"var":0.000000000,"sum":0.000005722}},"get_input":{"duration":{"num":10,"min":0.000000238,"max":0.000002623,"avg":0.000000620,"var":0.000000000,"sum":0.000006199},"relative_timestamp_from_ult_start":{"num":10,"min":0.000000238,"max":0.000007391,"avg":0.000001121,"var":0.000000000,"sum":0.000011206}}}}},"14048217247822970879:0:14048217247822970879:0":{"rpc_id":-4398526825886580737,"provider_id":0,"parent_rpc_id":-4398526825886580737,"parent_provider_id":0,"name":"get_file_data","origin":{"sent to ofi+cxi://0x23e96600":{"iforward":{"duration":{"num":70,"min":0.000002384,"max":0.000241041,"avg":0.000037851,"var":0.000000297,"sum":0.002649546},"relative_timestamp_from_create":{"num":70,"min":0.000000000.0,"max":0.000000477,"avg":0.000000262,"var":0.000000000,"sum":0.000018358}},"forward_cb":{"duration":{"num":70,"min":0.000000238,"max":0.000022411,"avg":0.000000889,"var":0.000000000,"sum":0.000062227},"relative_timestamp_from_iforward_start":{"num":70,"min":0.090710163,"max":0.285144567,"avg":0.224199084,"var":0.080864053,"sum":15.693935871}},"iforward_wait":{"duration":{"num":70,"min":0.090679169,"max":0.285127163,"avg":0.224163086,"var":0.080794804,"sum":15.691416025},"relative_timestamp_from_iforward_end":{"num":70,"min":0.000000000.0,"max":0.000000954,"avg":0.000000272,"var":0.000000000,"sum":0.000019073}},"set_input":{"duration":{"num":70,"min":0.000000000.0,"max":0.000000954,"avg":0.000000562,"var":0.000000000,"sum":0.000039339},"relative_timestamp_from_iforward_start":{"num":70,"min":0.000000477,"max":0.000002623,"avg":0.000001250,"var":0.000000000,"sum":0.000087500}},"get_output":{"duration":{"num":70,"min":0.001107931,"max":0.004844189,"avg":0.001548665,"var":0.000041986,"sum":0.108406544},"relative_timestamp_from_wait_end":{"num":70,"min":0.000000238,"max":0.000001192,"avg":0.000000708,"var":0.000000000,"sum":0.000049591}}}},"target":{"received from ofi+cxi://0x23ef2000":{"handler":{"duration":{"num":30,"min":0.000000477,"max":0.000006676,"avg":0.000001733,"var":0.000000000,"sum":0.000051975}},"ult":{"duration":{"num":30,"min":0.146857977,"max":0.279679537,"avg":0.232349062,"var":0.028101645,"sum":6.970471859},"relative_timestamp_from_handler_start":{"num":30,"min":0.000000954,"max":0.001546860,"avg":0.000057228,"var":0.000002306,"sum":0.001716852}},"irespond":{"duration":{"num":30,"min":0.002580404,"max":0.004057884,"avg":0.003509617,"var":0.000005567,"sum":0.105288506},"relative_timestamp_from_ult_start":{"num":30,"min":0.139676094,"max":0.272320986,"avg":0.225607896,"var":0.027755530,"sum":6.768236876}},"respond_cb":{"duration":{"num":30,"min":0.000000000.0,"max":0.000000715,"avg":0.000000334,"var":0.000000000,"sum":0.000010014},"relative_timestamp_from_irespond_start":{"num":30,"min":0.003911018,"max":0.013164997,"avg":0.006739299,"var":0.000071002,"sum":0.202178955}},"irespond_wait":{"duration":{"num":30,"min":0.000370502,"max":0.009446621,"avg":0.003229984,"var":0.000070544,"sum":0.096899509},"relative_timestamp_from_irespond_end":{"num":30,"min":0.000000238,"max":0.000000715,"avg":0.000000485,"var":0.000000000,"sum":0.000014544}},"set_output":{"duration":{"num":30,"min":0.002442837,"max":0.003880501,"avg":0.003318961,"var":0.000005334,"sum":0.099568844},"relative_timestamp_from_irespond_start":{"num":30,"min":0.000000238,"max":0.000000715,"avg":0.000000469,"var":0.000000000,"sum":0.000014067}},"get_input":{"duration":{"num":30,"min":0.000000238,"max":0.000001431,"avg":0.000000461,"var":0.000000000,"sum":0.000013828},"relative_timestamp_from_ult_start":{"num":30,"min":0.000000000.0,"max":0.000001192,"avg":0.000000445,"var":0.000000000,"sum":0.000013351}}},"received from ofi+cxi://0x23ed0400":{"handler":{"duration":{"num":30,"min":0.000000715,"max":0.003053904,"avg":0.000154821,"var":0.000010963,"sum":0.004644632}},"ult":{"duration":{"num":30,"min":0.156774998,"max":0.285537243,"avg":0.231383952,"var":0.024726922,"sum":6.941518545},"relative_timestamp_from_handler_start":{"num":30,"min":0.000001669,"max":0.003055573,"avg":0.000163611,"var":0.000011150,"sum":0.004908323}},"irespond":{"duration":{"num":30,"min":0.002588511,"max":0.004096746,"avg":0.003602767,"var":0.000004862,"sum":0.108083010},"relative_timestamp_from_ult_start":{"num":30,"min":0.148511410,"max":0.281122923,"avg":0.225966771,"var":0.027208130,"sum":6.779003143}},"respond_cb":{"duration":{"num":30,"min":0.000000000.0,"max":0.000000477,"avg":0.000000199,"var":0.000000000,