{"address":"","rpcs":{"get_file_data:0":{"timestamps":[1717914055.231684923,1717914056.319327354,1717914057.359327078,1717914058.399326563,1717914059.439328194,1717914060.479327440,1717914061.519326448,1717914062.559327602,1717914063.599327087,1717914064.639327049,1717914065.679327250,1717914066.719326019,1717914067.759326696,1717914068.799326897,1717914069.839327812,1717914070.879327059,1717914071.919327021,1717914072.959327936,1717914073.999327660,1717914075.039326429,1717914076.079326391,1717914077.119326591,1717914078.159326315,1717914079.199328899,1717914080.239326000,1717914081.279327869,1717914082.319328070,1717914083.359327793,1717914084.399326563,1717914085.439326286,1717914086.479326487,1717914087.519327164,1717914088.559327602,1717914089.599327564,1717914090.639326811,1717914091.679327250,1717914092.719326019,1717914093.759331703,1717914094.799326420,1717914095.839326382,1717914096.879328012,1717914097.919327259,1717914098.959327698,1717914099.999328852,1717914101.039327145,1717914102.079327106,1717914103.119326353,1717914104.159328461,1717914105.199326038,1717914106.239327192,1717914107.279327631,1717914108.319327116,1717914109.359327555,1717914110.399326563,1717914111.439326286,1717914112.479327202,1717914113.519327879,1717914114.559327126,1717914115.599327564,1717914116.639326811,1717914117.679326534,1717914118.719326735,1717914119.759327412,1717914120.799328804,1717914121.839328527,1717914122.879326582,1717914123.919327974,1717914124.959326744,1717914125.999327183,1717914127.039327383,1717914128.079327583,1717914129.119327784,1717914130.159326553,1717914131.195327759,1717914132.235327244,1717914133.275326967,1717914134.315327168,1717914135.355327368,1717914136.395327091,1717914137.435328007,1717914138.475327015,1717914139.515327692,1717914140.555327654,1717914141.595328569,1717914142.635327339,1717914143.675326109,1717914144.715326786,1717914145.755337238,1717914146.795327425,1717914147.835326672,1717914148.875327826,1717914149.915328026,1717914150.955327272,1717914151.995327711,1717914153.035326719,1717914154.075327396,1717914155.115326881,1717914156.155327559,1717914157.195326328,1717914158.235326052,1717914159.275326967,1717914160.315327168,1717914161.355327606,1717914162.395328283,1717914163.435326815,1717914164.475326300,1717914165.138401270],"count":[1,9,0,0,0,0,0,0,0,0,0,0,0,0,0,0,0,0,0,0,0,0,0,0,0,0,0,0,0,0,0,0,0,0,0,0,0,0,0,0,0,0,0,0,0,0,0,0,0,0,0,0,0,0,0,0,0,0,0,0,0,0,0,0,0,0,0,0,0,0,0,0,0,0,0,0,0,0,0,0,0,0,0,0,0,0,0,0,0,0,0,0,0,0,0,0,0,0,0,0,0,0,0,0,0,0,0],"bulk_size":[0,0,0,0,0,0,0,0,0,0,0,0,0,0,0,0,0,0,0,0,0,0,0,0,0,0,0,0,0,0,0,0,0,0,0,0,0,0,0,0,0,0,0,0,0,0,0,0,0,0,0,0,0,0,0,0,0,0,0,0,0,0,0,0,0,0,0,0,0,0,0,0,0,0,0,0,0,0,0,0,0,0,0,0,0,0,0,0,0,0,0,0,0,0,0,0,0,0,0,0,0,0,0,0,0,0,0]},"__shutdown__:65535":{"timestamps":[1717914165.138401270],"count":[1],"bulk_size":[0]}},"pools":{"__primary__":{"timestamps":[1717914055.231684923,1717914056.319327354,1717914057.359327078,1717914058.399326563,1717914059.439328194,1717914060.479327440,1717914061.519326448,1717914062.559327602,1717914063.599327087,1717914064.639327049,1717914065.679327250,1717914066.719326019,1717914067.759326696,1717914068.799326897,1717914069.839327812,1717914070.879327059,1717914071.919327021,1717914072.959327936,1717914073.999327660,1717914075.039326429,1717914076.079326391,1717914077.119326591,1717914078.159326315,1717914079.199328899,1717914080.239326000,1717914081.279327869,1717914082.319328070,1717914083.359327793,1717914084.399326563,1717914085.439326286,1717914086.479326487,1717914087.519327164,1717914088.559327602,1717914089.599327564,1717914090.639326811,1717914091.679327250,1717914092.719326019,1717914093.759331703,1717914094.799326420,1717914095.839326382,1717914096.879328012,1717914097.919327259,1717914098.959327698,1717914099.999328852,1717914101.039327145,1717914102.079327106,1717914103.119326353,1717914104.159328461,1717914105.199326038,1717914106.239327192,1717914107.279327631,1717914108.319327116,1717914109.359327555,1717914110.399326563,1717914111.439326286,1717914112.479327202,1717914113.519327879,1717914114.559327126,1717914115.599327564,1717914116.639326811,1717914117.679326534,1717914118.719326735,1717914119.759327412,1717914120.799328804,1717914121.839328527,1717914122.879326582,1717914123.919327974,1717914124.959326744,1717914125.999327183,1717914127.039327383,1717914128.079327583,1717914129.119327784,1717914130.159326553,1717914131.195327759,1717914132.235327244,1717914133.275326967,1717914134.315327168,1717914135.355327368,1717914136.395327091,1717914137.435328007,1717914138.475327015,1717914139.515327692,1717914140.555327654,1717914141.595328569,1717914142.635327339,1717914143.675326109,1717914144.715326786,1717914145.755337238,1717914146.795327425,1717914147.835326672,1717914148.875327826,1717914149.915328026,1717914150.955327272,1717914151.995327711,1717914153.035326719,1717914154.075327396,1717914155.115326881,1717914156.155327559,1717914157.195326328,1717914158.235326052,1717914159.275326967,1717914160.315327168,1717914161.355327606,1717914162.395328283,1717914163.435326815,1717914164.475326300,1717914165.138401270],"size":[0,0,0,0,0,0,0,0,0,0,0,0,0,0,0,0,0,0,0,0,0,0,0,0,0,0,0,0,0,0,0,0,0,0,0,0,0,0,0,0,0,0,0,0,0,0,0,0,0,0,0,0,0,0,0,0,0,0,0,0,0,0,0,0,0,0,0,0,0,0,0,0,0,0,0,0,0,0,0,0,0,0,0,0,0,0,0,0,0,0,0,0,0,0,0,0,0,0,0,0,0,0,0,0,0,0,0],"total_size":[2,1,1,1,1,1,1,1,1,1,1,1,1,1,1,1,1,1,1,1,1,1,1,1,1,1,1,1,1,1,1,1,1,1,1,1,1,1,1,1,1,1,1,1,1,1,1,1,1,1,1,1,1,1,1,1,1,1,1,1,1,1,1,1,1,1,1,1,1,1,1,1,1,1,1,1,1,1,1,1,1,1,1,1,1,1,1,1,1,1,1,1,1,1,1,1,1,1,1,1,1,1,1,1,1,1,0]}}}