{"address":"","rpcs":{"get_file_data:0":{"timestamps":[1717913438.065668344,1717913439.126730680,1717913440.166729450,1717913441.206728697,1717913442.246728420,1717913443.286730051,1717913444.326728582,1717913445.366729736,1717913446.406731844,1717913447.446729183,1717913448.486730337,1717913449.526731014,1717913450.566729069,1717913451.606729031,1717913452.646729231,1717913453.682729721,1717913454.722729206,1717913455.762729883,1717913456.802728653,1717913457.842729092,1717913458.882729292,1717913459.922729254,1717913460.962729692,1717913462.002728939,1717913463.042728424,1717913464.082729578,1717913465.122729301,1717913466.162729740,1717913467.202729225,1717913468.242729187,1717913469.282728910,1717913470.322728872,1717913471.362729788,1717913472.402729034,1717913473.442729712,1717913474.482729197,1717913475.522729635,1717913476.562731743,1717913477.602729321,1717913478.642728806,1717913479.682729006,1717913480.722728968,1717913481.762729645,1717913482.802731037,1717913483.842730522,1717913484.882729769,1717913485.922729254,1717913486.962729216,1717913488.002729654,1717913489.042728662,1717913490.082729816,1717913491.122729778,1717913492.162729502,1717913493.202729225,1717913494.242728949,1717913495.282729387,1717913496.322729111,1717913497.362729073,1717913498.402729273,1717913499.442729473,1717913500.482728481,1717913501.522729158,1717913502.562729597,1717913503.602729082,1717913504.642729521,1717913505.682729244,1717913506.722729445,1717913507.762728453,1717913508.802729607,1717913509.842730522,1717913510.882730007,1717913511.922729731,1717913512.962728500,1717913514.002729893,1717913515.042729855,1717913516.082732677,1717913517.122728586,1717913518.162730694,1717913519.202728748,1717913520.242728949,1717913521.282728434,1717913522.322729111,1717913523.362728596,1717913524.398729086,1717913525.438729763,1717913526.478729725,1717913527.518728733,1717913527.961988211],"count":[1,69,0,0,0,0,0,0,0,0,0,0,0,0,0,0,0,0,0,0,0,0,0,0,0,0,0,0,0,0,0,0,0,0,0,0,0,0,0,0,0,0,0,0,0,0,0,0,0,0,0,0,0,0,0,0,0,0,0,0,0,0,0,0,0,0,0,0,0,0,0,0,0,0,0,0,0,0,0,0,0,0,0,0,0,0,0,0],"bulk_size":[0,0,0,0,0,0,0,0,0,0,0,0,0,0,0,0,0,0,0,0,0,0,0,0,0,0,0,0,0,0,0,0,0,0,0,0,0,0,0,0,0,0,0,0,0,0,0,0,0,0,0,0,0,0,0,0,0,0,0,0,0,0,0,0,0,0,0,0,0,0,0,0,0,0,0,0,0,0,0,0,0,0,0,0,0,0,0,0]},"__shutdown__:65535":{"timestamps":[1717913527.961988211],"count":[1],"bulk_size":[0]}},"pools":{"__primary__":{"timestamps":[1717913438.065668344,1717913439.126730680,1717913440.166729450,1717913441.206728697,1717913442.246728420,1717913443.286730051,1717913444.326728582,1717913445.366729736,1717913446.406731844,1717913447.446729183,1717913448.486730337,1717913449.526731014,1717913450.566729069,1717913451.606729031,1717913452.646729231,1717913453.682729721,1717913454.722729206,1717913455.762729883,1717913456.802728653,1717913457.842729092,1717913458.882729292,1717913459.922729254,1717913460.962729692,1717913462.002728939,1717913463.042728424,1717913464.082729578,1717913465.122729301,1717913466.162729740,1717913467.202729225,1717913468.242729187,1717913469.282728910,1717913470.322728872,1717913471.362729788,1717913472.402729034,1717913473.442729712,1717913474.482729197,1717913475.522729635,1717913476.562731743,1717913477.602729321,1717913478.642728806,1717913479.682729006,1717913480.722728968,1717913481.762729645,1717913482.802731037,1717913483.842730522,1717913484.882729769,1717913485.922729254,1717913486.962729216,1717913488.002729654,1717913489.042728662,1717913490.082729816,1717913491.122729778,1717913492.162729502,1717913493.202729225,1717913494.242728949,1717913495.282729387,1717913496.322729111,1717913497.362729073,1717913498.402729273,1717913499.442729473,1717913500.482728481,1717913501.522729158,1717913502.562729597,1717913503.602729082,1717913504.642729521,1717913505.682729244,1717913506.722729445,1717913507.762728453,1717913508.802729607,1717913509.842730522,1717913510.882730007,1717913511.922729731,1717913512.962728500,1717913514.002729893,1717913515.042729855,1717913516.082732677,1717913517.122728586,1717913518.162730694,1717913519.202728748,1717913520.242728949,1717913521.282728434,1717913522.322729111,1717913523.362728596,1717913524.398729086,1717913525.438729763,1717913526.478729725,1717913527.518728733,1717913527.961988211],"size":[0,0,0,0,0,0,0,0,0,0,0,0,0,0,0,0,0,0,0,0,0,0,0,0,0,0,0,0,0,0,0,0,0,0,0,0,0,0,0,0,0,0,0,0,0,0,0,0,0,0,0,0,0,0,0,0,0,0,0,0,0,0,0,0,0,0,0,0,0,0,0,0,0,0,0,0,0,0,0,0,0,0,0,0,0,0,0,0],"total_size":[2,1,1,1,1,1,1,1,1,1,1,1,1,1,1,1,1,1,1,1,1,1,1,1,1,1,1,1,1,1,1,1,1,1,1,1,1,1,1,1,1,1,1,1,1,1,1,1,1,1,1,1,1,1,1,1,1,1,1,1,1,1,1,1,1,1,1,1,1,1,1,1,1,1,1,1,1,1,1,1,1,1,1,1,1,1,1,0]}}}