{"address":"","progress_loop":{"progress_with_timeout":{"num":587,"min":0.000000954,"max":0.104003906,"avg":0.102275773,"var":0.100775183,"sum":60.035878658},"progress_timeout_value_msec":{"num":587,"min":100.000000000.0,"max":100.000000000.0,"avg":100.000000000.0,"var":0.000000000.0,"sum":58700.000000000.0},"progress_without_timeout":{"num":273099979,"min":0.000000000.0,"max":0.082532167,"avg":0.000000115,"var":0.062002612,"sum":31.434324503},"trigger":{"num":52,"min":0.000000477,"max":0.000033617,"avg":0.000002627,"var":0.000000002,"sum":0.000136614}},"rpcs":{"65535:65535:14048217247822970879:0":{"rpc_id":-4398526825886580737,"provider_id":0,"parent_rpc_id":65535,"parent_provider_id":65535,"name":"get_file_data","origin":{"sent to ofi+cxi://0x23e94600":{"iforward":{"duration":{"num":10,"min":0.000002861,"max":0.000032902,"avg":0.000006294,"var":0.000000001,"sum":0.000062943},"relative_timestamp_from_create":{"num":10,"min":0.000000477,"max":0.000003815,"avg":0.000000858,"var":0.000000000,"sum":0.000008583}},"forward_cb":{"duration":{"num":10,"min":0.000000238,"max":0.000000477,"avg":0.000000262,"var":0.000000000,"sum":0.000002623},"relative_timestamp_from_iforward_start":{"num":10,"min":6.490642309,"max":8.622812748,"avg":7.893637180,"var":3.374982117,"sum":78.936371803}},"iforward_wait":{"duration":{"num":10,"min":6.491309643,"max":8.623445988,"avg":7.894293427,"var":3.374940214,"sum":78.942934275},"relative_timestamp_from_iforward_end":{"num":10,"min":0.000000000.0,"max":0.000000238,"avg":0.000000143,"var":0.000000000,"sum":0.000001431}},"set_input":{"duration":{"num":10,"min":0.000000238,"max":0.000004530,"avg":0.000000858,"var":0.000000000,"sum":0.000008583},"relative_timestamp_from_iforward_start":{"num":10,"min":0.000001907,"max":0.000020742,"avg":0.000004315,"var":0.000000000,"sum":0.000043154}},"get_output":{"duration":{"num":10,"min":0.087874889,"max":0.090283155,"avg":0.089121914,"var":0.000010712,"sum":0.891219139},"relative_timestamp_from_wait_end":{"num":10,"min":0.000000238,"max":0.000000715,"avg":0.000000453,"var":0.000000000,"sum":0.000004530}}}},"target":{"received from ofi+cxi://0x23e94600":{"handler":{"duration":{"num":10,"min":0.000000954,"max":0.000007391,"avg":0.000001645,"var":0.000000000,"sum":0.000016451}},"ult":{"duration":{"num":10,"min":6.491277933,"max":8.623440266,"avg":7.894284534,"var":3.375012095,"sum":78.942845345},"relative_timestamp_from_handler_start":{"num":10,"min":0.000001669,"max":0.000015020,"avg":0.000003195,"var":0.000000000,"sum":0.000031948}},"irespond":{"duration":{"num":10,"min":0.096166611,"max":0.097609758,"avg":0.097035003,"var":0.000002648,"sum":0.970350027},"relative_timestamp_from_ult_start":{"num":10,"min":6.393436909,"max":8.525508165,"avg":7.796585536,"var":3.375436258,"sum":77.965855360}},"respond_cb":{"duration":{"num":10,"min":0.000000238,"max":0.000000477,"avg":0.000000310,"var":0.000000000,"sum":0.000003099},"relative_timestamp_from_irespond_start":{"num":10,"min":0.096168995,"max":0.097612858,"avg":0.097037292,"var":0.000002650,"sum":0.970372915}},"irespond_wait":{"duration":{"num":10,"min":0.000002861,"max":0.000004530,"avg":0.000003576,"var":0.000000000,"sum":0.000035763},"relative_timestamp_from_irespond_end":{"num":10,"min":0.000000000.0,"max":0.000000477,"avg":0.000000238,"var":0.000000000,"sum":0.000002384}},"set_output":{"duration":{"num":10,"min":0.092811823,"max":0.094891310,"avg":0.093994403,"var":0.000005971,"sum":0.939944029},"relative_timestamp_from_irespond_start":{"num":10,"min":0.000000238,"max":0.000001192,"avg":0.000000525,"var":0.000000000,"sum":0.000005245}},"get_input":{"duration":{"num":10,"min":0.000000238,"max":0.000001907,"avg":0.000000596,"var":0.000000000,"sum":0.000005960},"relative_timestamp_from_ult_start":{"num":10,"min":0.000000238,"max":0.000003576,"avg":0.000000882,"var":0.000000000,"sum":0.000008821}}}}},"14048217247822970879:0:14048217247822970879:0":{"rpc_id":-4398526825886580737,"provider_id":0,"parent_rpc_id":-4398526825886580737,"parent_provider_id":0,"name":"get_file_data","origin":{"sent to ofi+cxi://0x23ed2400":{"iforward":{"duration":{"num":10,"min":0.000014305,"max":0.000898361,"avg":0.000366282,"var":0.000001810,"sum":0.003662825},"relative_timestamp_from_create":{"num":10,"min":0.000000000.0,"max":0.000000238,"avg":0.000000143,"var":0.000000000,"sum":0.000001431}},"forward_cb":{"duration":{"num":10,"min":0.000000238,"max":0.000019073,"avg":0.000002360,"var":0.000000000,"sum":0.000023603},"relative_timestamp_from_iforward_start":{"num":10,"min":6.302707911,"max":8.437189579,"avg":7.706409788,"var":3.375700129,"sum":77.064097881}},"iforward_wait":{"duration":{"num":10,"min":6.302680969,"max":8.437172413,"avg":7.706047177,"var":3.375822461,"sum":77.060471773},"relative_timestamp_from_iforward_end":{"num":10,"min":0.000000238,"max":0.000000477,"avg":0.000000286,"var":0.000000000,"sum":0.000002861}},"set_input":{"duration":{"num":10,"min":0.000000238,"max":0.000000715,"avg":0.000000381,"var":0.000000000,"sum":0.000003815},"relative_timestamp_from_iforward_start":{"num":10,"min":0.000000477,"max":0.000002623,"avg":0.000000834,"var":0.000000000,"sum":0.000008345}},"get_output":{"duration":{"num":10,"min":0.087775230,"max":0.096756697,"avg":0.090110207,"var":0.000063934,"sum":0.901102066},"relative_timestamp_from_wait_end":{"num":10,"min":0.000000477,"max":0.000001431,"avg":0.000000715,"var":0.000000000,"sum":0.000007153}}}}},"65535:65535:8686831390660034559:65535":{"rpc_id":8686831390660034559,"provider_id":65535,"parent_rpc_id":65535,"parent_provider_id":65535,"name":"__shutdown__","target":{"received from ofi+cxi://0x23e70601":{"handler":{"duration":{"num":1,"min":0.000022888,"max":0.000022888,"avg":0.000022888,"var":0.000000000.0,"sum":0.000022888}},"ult":{"duration":{"num":1,"min":0.000015974,"max":0.000015974,"avg":0.000015974,"var":0.000000000.0,"sum":0.000015974},"relative_timestamp_from_handler_start":{"num":1,"min":0.000026941,"max":0.000026941,"avg":0.000026941,"var":0.000000000.0,"sum":0.000026941}},"irespond":{"duration":{"num":1,"min":0.000006437,"max":0.000006437,"avg":0.000006437,"var":0.000000000.0,"sum":0.000006437},"relative_timestamp_from_ult_start":{"num":1,"min":0.000000954,"max":0.000000954,"avg":0.000000954,"var":0.000000000.0,"sum":0.000000954}},"respond_cb":{"duration":{"num":1,"min":0.000000477,"max":0.000000477,"avg":0.000000477,"var":0.000000000.0,"sum":0.000000477},"relative_timestamp_from_irespond_start":{"num":1,"min":0.000012398,"max":0.000012398,"avg":0.000012398,"var":0.000000000.0,"sum":0.000012398}},"irespond_wait":{"duration":{"num":1,"min":0.000006437,"max":0.000006437,"avg":0.000006437,"var":0.000000000.0,"sum":0.000006437},"relative_timestamp_from_irespond_end":{"num":1,"min":0.000000238,"max":0.000000238,"avg":0.000000238,"var":0.000000000.0,"sum":0.000000238}},"set_output":{"duration":{"num":1,"min":0.000000477,"max":0.000000477,"avg":0.000000477,"var":0.000000000.0,"sum":0.000000477},"relative_timestamp_from_irespond_start":{"num":1,"min":0.000000954,"max":0.000000954,"avg":0.000000954,"var":0.000000000.0,"sum":0.000000954}},"get_input":{"duration":{"num":0,"min":0.000000000.0,"max":0.000000000.0,"avg":0.000000000.0,"var":0.000000000.0,"sum":0.000000000.0},"relative_timestamp_from_ult_start":{"num":0,"min":0.000000000.0,"max":0.000000000.0,"avg":0.000000000.0,"var":0.000000000.0,"sum":0.000000000.0}}}}}}}