{"address":"","progress_loop":{"progress_with_timeout":{"num":1321,"min":0.000030756,"max":0.104008913,"avg":0.103912118,"var":0.010865774,"sum":137.267908096},"progress_timeout_value_msec":{"num":1321,"min":100.000000000.0,"max":100.000000000.0,"avg":100.000000000.0,"var":0.000000000.0,"sum":132100.000000000.0},"progress_without_timeout":{"num":2460,"min":0.000000000.0,"max":0.000058413,"avg":0.000000429,"var":0.000000024,"sum":0.001055241},"trigger":{"num":602,"min":0.000000238,"max":0.002774715,"avg":0.000050465,"var":0.000063182,"sum":0.030379772}},"rpcs":{"14048217247822970879:0:14048217247822970879:0":{"rpc_id":-4398526825886580737,"provider_id":0,"parent_rpc_id":-4398526825886580737,"parent_provider_id":0,"name":"get_file_data","target":{"received from ofi+cxi://0x23e96600":{"handler":{"duration":{"num":150,"min":0.000000238,"max":0.002309561,"avg":0.000067876,"var":0.000020184,"sum":0.010181427}},"ult":{"duration":{"num":150,"min":0.008549452,"max":0.504798412,"avg":0.327348599,"var":1.370793797,"sum":49.102289915},"relative_timestamp_from_handler_start":{"num":150,"min":0.000006914,"max":0.143892765,"avg":0.030686779,"var":0.107233112,"sum":4.603016853}},"irespond":{"duration":{"num":150,"min":0.002948999,"max":0.006731272,"avg":0.003279796,"var":0.000035064,"sum":0.491969347},"relative_timestamp_from_ult_start":{"num":150,"min":0.003217220,"max":0.006357908,"avg":0.005220197,"var":0.000299860,"sum":0.783029556}},"respond_cb":{"duration":{"num":150,"min":0.000000000.0,"max":0.000002861,"avg":0.000000404,"var":0.000000000,"sum":0.000060558},"relative_timestamp_from_irespond_start":{"num":150,"min":0.005199671,"max":0.489591122,"avg":0.312983982,"var":1.212665674,"sum":46.947597265}},"irespond_wait":{"duration":{"num":150,"min":0.002049685,"max":0.495678186,"avg":0.318838008,"var":1.377449130,"sum":47.825701237},"relative_timestamp_from_irespond_end":{"num":150,"min":0.000000000.0,"max":0.000000477,"avg":0.000000232,"var":0.000000000,"sum":0.000034809}},"set_output":{"duration":{"num":150,"min":0.002644062,"max":0.003322363,"avg":0.003062690,"var":0.000001306,"sum":0.459403515},"relative_timestamp_from_irespond_start":{"num":150,"min":0.000000238,"max":0.000003338,"avg":0.000000412,"var":0.000000000,"sum":0.000061750}},"get_input":{"duration":{"num":150,"min":0.000000238,"max":0.000004530,"avg":0.000000426,"var":0.000000000,"sum":0.000063896},"relative_timestamp_from_ult_start":{"num":150,"min":0.000000238,"max":0.000007153,"avg":0.000000550,"var":0.000000000,"sum":0.000082493}}},"received from ofi+cxi://0x23ef4200":{"handler":{"duration":{"num":150,"min":0.000000238,"max":0.002773285,"avg":0.000131799,"var":0.000041146,"sum":0.019769907}},"ult":{"duration":{"num":150,"min":0.014398098,"max":0.467197418,"avg":0.312441330,"var":1.392200703,"sum":46.866199493},"relative_timestamp_from_handler_start":{"num":150,"min":0.000006199,"max":0.095153809,"avg":0.029236205,"var":0.075263854,"sum":4.385430813}},"irespond":{"duration":{"num":150,"min":0.003123760,"max":0.006828547,"avg":0.003329391,"var":0.000061526,"sum":0.499408722},"relative_timestamp_from_ult_start":{"num":150,"min":0.003221035,"max":0.006361961,"avg":0.004990323,"var":0.000323996,"sum":0.748548508}},"respond_cb":{"duration":{"num":150,"min":0.000000000.0,"max":0.000000715,"avg":0.000000348,"var":0.000000000,"sum":0.000052214},"relative_timestamp_from_irespond_start":{"num":150,"min":0.010917902,"max":0.450597286,"avg":0.299847655,"var":1.228114675,"sum":44.977148294}},"irespond_wait":{"duration":{"num":150,"min":0.007843494,"max":0.457377672,"avg":0.304111141,"var":1.392636534,"sum":45.616671085},"relative_timestamp_from_irespond_end":{"num":150,"min":0.000000000.0,"max":0.000000477,"avg":0.000000230,"var":0.000000000,"sum":0.000034571}},"set_output":{"duration":{"num":150,"min":0.002633572,"max":0.003257513,"avg":0.003066255,"var":0.000000780,"sum":0.459938288},"relative_timestamp_from_irespond_start":{"num":150,"min":0.000000238,"max":0.000000715,"avg":0.000000361,"var":0.000000000,"sum":0.000054121}},"get_input":{"duration":{"num":150,"min":0.000000238,"max":0.000000715,"avg":0.000000410,"var":0.000000000,"sum":0.000061512},"relative_timestamp_from_ult_start":{"num":150,"min":0.000000238,"max":0.000000954,"avg":0.000000501,"var":0.000000000,"sum":0.000075102}}}}},"65535:65535:8686831390660034559:65535":{"rpc_id":8686831390660034559,"provider_id":65535,"parent_rpc_id":65535,"parent_provider_id":65535,"name":"__shutdown__","target":{"received from ofi+cxi://0x23e70601":{"handler":{"duration":{"num":1,"min":0.000038862,"max":0.000038862,"avg":0.000038862,"var":0.000000000.0,"sum":0.000038862}},"ult":{"duration":{"num":1,"min":0.000016451,"max":0.000016451,"avg":0.000016451,"var":0.000000000.0,"sum":0.000016451},"relative_timestamp_from_handler_start":{"num":1,"min":0.000042915,"max":0.000042915,"avg":0.000042915,"var":0.000000000.0,"sum":0.000042915}},"irespond":{"duration":{"num":1,"min":0.000006199,"max":0.000006199,"avg":0.000006199,"var":0.000000000.0,"sum":0.000006199},"relative_timestamp_from_ult_start":{"num":1,"min":0.000000954,"max":0.000000954,"avg":0.000000954,"var":0.000000000.0,"sum":0.000000954}},"respond_cb":{"duration":{"num":1,"min":0.000000238,"max":0.000000238,"avg":0.000000238,"var":0.000000000.0,"sum":0.000000238},"relative_timestamp_from_irespond_start":{"num":1,"min":0.000012398,"max":0.000012398,"avg":0.000012398,"var":0.000000000.0,"sum":0.000012398}},"irespond_wait":{"duration":{"num":1,"min":0.000006914,"max":0.000006914,"avg":0.000006914,"var":0.000000000.0,"sum":0.000006914},"relative_timestamp_from_irespond_end":{"num":1,"min":0.000000000.0,"max":0.000000000.0,"avg":0.000000000.0,"var":0.000000000.0,"sum":0.000000000.0}},"set_output":{"duration":{"num":1,"min":0.000000477,"max":0.000000477,"avg":0.000000477,"var":0.000000000.0,"sum":0.000000477},"relative_timestamp_from_irespond_start":{"num":1,"min":0.000001192,"max":0.000001192,"avg":0.000001192,"var":0.000000000.0,"sum":0.000001192}},"get_input":{"duration":{"num":0,"min":0.000000000.0,"max":0.000000000.0,"avg":0.000000000.0,"var":0.000000000.0,"sum":0.000000000.0},"relative_timestamp_from_ult_start":{"num":0,"min":0.000000000.0,"max":0.000000000.0,"avg":0.000000000.0,"var":0.000000000.0,"sum":0.000000000.0}}}}}}}