{"address":"","rpcs":{"get_file_data:0":{"timestamps":[1717913553.485608339,1717913554.557935953,1717913555.597937584,1717913556.637940168,1717913557.677937984,1717913558.717936516,1717913559.757936478,1717913560.797936678,1717913561.837938070,1717913562.877937555,1717913563.917937756,1717913564.957939625,1717913565.997937202,1717913567.037937164,1717913568.077936411,1717913569.117939472,1717913570.157936811,1717913571.197935820,1717913572.237936974,1717913573.277935505,1717913574.317937613,1717913575.357936382,1717913576.397938251,1717913577.437937021,1717913578.477937460,1717913579.517936945,1717913580.557938337,1717913581.597939491,1717913582.637936592,1717913583.677936316,1717913584.717937231,1717913585.757935524,1717913586.797938108,1717913587.837936401,1717913588.877936840,1717913589.917935610,1717913590.957936525,1717913591.997941256,1717913593.037936211,1717913594.073937893,1717913595.113936901,1717913596.153935909,1717913597.193936348,1717913598.233935833,1717913599.273936033,1717913600.313935280,1717913601.353937864,1717913602.393936396,1717913603.433936119,1717913604.473936319,1717913605.513936281,1717913606.553936005,1717913607.593937397,1717913608.633935928,1717913609.673938036,1717913610.713935375,1717913611.753936768,1717913612.793935537,1717913613.833937407,1717913614.873936415,1717913615.913937330,1717913616.953936338,1717913617.993939638,1717913619.033936024,1717913620.073938608,1717913621.113935709,1717913622.153941154,1717913623.193935871,1717913624.233935595,1717913625.273936749,1717913626.313936949,1717913627.353935242,1717913628.393938541,1717913629.433935404,1717913630.473936319,1717913631.513936996,1717913632.553937912,1717913633.593935490,1717913634.633935690,1717913635.673935652,1717913636.713938475,1717913637.753936052,1717913638.793936729,1717913639.833937168,1717913640.873935938,1717913641.913935900,1717913642.953936100,1717913643.376518965],"count":[1,9,0,0,0,0,0,0,0,0,0,0,0,0,0,0,0,0,0,0,0,0,0,0,0,0,0,0,0,0,0,0,0,0,0,0,0,0,0,0,0,0,0,0,0,0,0,0,0,0,0,0,0,0,0,0,0,0,0,0,0,0,0,0,0,0,0,0,0,0,0,0,0,0,0,0,0,0,0,0,0,0,0,0,0,0,0,0],"bulk_size":[0,0,0,0,0,0,0,0,0,0,0,0,0,0,0,0,0,0,0,0,0,0,0,0,0,0,0,0,0,0,0,0,0,0,0,0,0,0,0,0,0,0,0,0,0,0,0,0,0,0,0,0,0,0,0,0,0,0,0,0,0,0,0,0,0,0,0,0,0,0,0,0,0,0,0,0,0,0,0,0,0,0,0,0,0,0,0,0]},"__shutdown__:65535":{"timestamps":[1717913643.376518965],"count":[1],"bulk_size":[0]}},"pools":{"__primary__":{"timestamps":[1717913553.485608339,1717913554.557935953,1717913555.597937584,1717913556.637940168,1717913557.677937984,1717913558.717936516,1717913559.757936478,1717913560.797936678,1717913561.837938070,1717913562.877937555,1717913563.917937756,1717913564.957939625,1717913565.997937202,1717913567.037937164,1717913568.077936411,1717913569.117939472,1717913570.157936811,1717913571.197935820,1717913572.237936974,1717913573.277935505,1717913574.317937613,1717913575.357936382,1717913576.397938251,1717913577.437937021,1717913578.477937460,1717913579.517936945,1717913580.557938337,1717913581.597939491,1717913582.637936592,1717913583.677936316,1717913584.717937231,1717913585.757935524,1717913586.797938108,1717913587.837936401,1717913588.877936840,1717913589.917935610,1717913590.957936525,1717913591.997941256,1717913593.037936211,1717913594.073937893,1717913595.113936901,1717913596.153935909,1717913597.193936348,1717913598.233935833,1717913599.273936033,1717913600.313935280,1717913601.353937864,1717913602.393936396,1717913603.433936119,1717913604.473936319,1717913605.513936281,1717913606.553936005,1717913607.593937397,1717913608.633935928,1717913609.673938036,1717913610.713935375,1717913611.753936768,1717913612.793935537,1717913613.833937407,1717913614.873936415,1717913615.913937330,1717913616.953936338,1717913617.993939638,1717913619.033936024,1717913620.073938608,1717913621.113935709,1717913622.153941154,1717913623.193935871,1717913624.233935595,1717913625.273936749,1717913626.313936949,1717913627.353935242,1717913628.393938541,1717913629.433935404,1717913630.473936319,1717913631.513936996,1717913632.553937912,1717913633.593935490,1717913634.633935690,1717913635.673935652,1717913636.713938475,1717913637.753936052,1717913638.793936729,1717913639.833937168,1717913640.873935938,1717913641.913935900,1717913642.953936100,1717913643.376518965],"size":[0,0,0,0,0,0,0,0,0,0,0,0,0,0,0,0,0,0,0,0,0,0,0,0,0,0,0,0,0,0,0,0,0,0,0,0,0,0,0,0,0,0,0,0,0,0,0,0,0,0,0,0,0,0,0,0,0,0,0,0,0,0,0,0,0,0,0,0,0,0,0,0,0,0,0,0,0,0,0,0,0,0,0,0,0,0,0,0],"total_size":[2,1,1,1,1,1,1,1,1,1,1,1,1,1,1,1,1,1,1,1,1,1,1,1,1,1,1,1,1,1,1,1,1,1,1,1,1,1,1,1,1,1,1,1,1,1,1,1,1,1,1,1,1,1,1,1,1,1,1,1,1,1,1,1,1,1,1,1,1,1,1,1,1,1,1,1,1,1,1,1,1,1,1,1,1,1,1,0]}}}