{"address":"","rpcs":{"get_file_data:0":{"timestamps":[1717912745.581806898,1717912746.652101278,1717912747.692102432,1717912748.732102156,1717912749.768100977,1717912750.808101892,1717912751.848101139,1717912752.888102293,1717912753.928101301,1717912754.968101501,1717912756.008102417,1717912757.048102140,1717912758.088100672,1717912759.128100872,1717912760.168101311,1717912761.208101511,1717912762.248101473,1717912763.288100958,1717912764.328101635,1717912765.368100405,1717912766.408101559,1717912767.448101997,1717912768.488101244,1717912769.528101444,1717912770.568100691,1717912771.608101130,1717912772.648100615,1717912773.688101768,1717912774.728101254,1717912775.768100739,1717912776.808102846,1717912777.848102331,1717912778.888100624,1717912779.928102493,1717912780.968101263,1717912782.008101225,1717912783.048101187,1717912784.088100910,1717912785.128101110,1717912786.168101311,1717912787.208100557,1717912788.248101711,1717912789.288101196,1717912790.328100920,1717912791.368101358,1717912792.408102512,1717912793.448100567,1717912794.488101244,1717912795.528102875,1717912796.568100691,1717912797.608101130,1717912798.648102283,1717912799.688105822,1717912800.728101015,1717912801.768100739,1717912802.808102369,1717912803.848101139,1717912804.888100624,1717912805.928100586,1717912806.968101025,1717912808.008100986,1717912809.048101187,1717912810.088101625,1717912811.128101587,1717912812.168100595,1717912813.208101988,1717912814.248100758,1717912815.288101196,1717912816.328101873,1717912817.368101835,1717912818.408101797,1717912819.448101044,1717912820.488101006,1717912821.528100967,1717912822.568101406,1717912823.608101845,1717912824.648101330,1717912825.688100815,1717912826.728101730,1717912827.768101931,1717912828.808101654,1717912829.848102808,1717912830.884101629,1717912831.924101830,1717912832.964101315,1717912834.004102468,1717912835.044101477,1717912835.498253345],"count":[1,9,0,0,0,0,0,0,0,0,0,0,0,0,0,0,0,0,0,0,0,0,0,0,0,0,0,0,0,0,0,0,0,0,0,0,0,0,0,0,0,0,0,0,0,0,0,0,0,0,0,0,0,0,0,0,0,0,0,0,0,0,0,0,0,0,0,0,0,0,0,0,0,0,0,0,0,0,0,0,0,0,0,0,0,0,0,0],"bulk_size":[0,0,0,0,0,0,0,0,0,0,0,0,0,0,0,0,0,0,0,0,0,0,0,0,0,0,0,0,0,0,0,0,0,0,0,0,0,0,0,0,0,0,0,0,0,0,0,0,0,0,0,0,0,0,0,0,0,0,0,0,0,0,0,0,0,0,0,0,0,0,0,0,0,0,0,0,0,0,0,0,0,0,0,0,0,0,0,0]},"__shutdown__:65535":{"timestamps":[1717912835.498253345],"count":[1],"bulk_size":[0]}},"pools":{"__primary__":{"timestamps":[1717912745.581806898,1717912746.652101278,1717912747.692102432,1717912748.732102156,1717912749.768100977,1717912750.808101892,1717912751.848101139,1717912752.888102293,1717912753.928101301,1717912754.968101501,1717912756.008102417,1717912757.048102140,1717912758.088100672,1717912759.128100872,1717912760.168101311,1717912761.208101511,1717912762.248101473,1717912763.288100958,1717912764.328101635,1717912765.368100405,1717912766.408101559,1717912767.448101997,1717912768.488101244,1717912769.528101444,1717912770.568100691,1717912771.608101130,1717912772.648100615,1717912773.688101768,1717912774.728101254,1717912775.768100739,1717912776.808102846,1717912777.848102331,1717912778.888100624,1717912779.928102493,1717912780.968101263,1717912782.008101225,1717912783.048101187,1717912784.088100910,1717912785.128101110,1717912786.168101311,1717912787.208100557,1717912788.248101711,1717912789.288101196,1717912790.328100920,1717912791.368101358,1717912792.408102512,1717912793.448100567,1717912794.488101244,1717912795.528102875,1717912796.568100691,1717912797.608101130,1717912798.648102283,1717912799.688105822,1717912800.728101015,1717912801.768100739,1717912802.808102369,1717912803.848101139,1717912804.888100624,1717912805.928100586,1717912806.968101025,1717912808.008100986,1717912809.048101187,1717912810.088101625,1717912811.128101587,1717912812.168100595,1717912813.208101988,1717912814.248100758,1717912815.288101196,1717912816.328101873,1717912817.368101835,1717912818.408101797,1717912819.448101044,1717912820.488101006,1717912821.528100967,1717912822.568101406,1717912823.608101845,1717912824.648101330,1717912825.688100815,1717912826.728101730,1717912827.768101931,1717912828.808101654,1717912829.848102808,1717912830.884101629,1717912831.924101830,1717912832.964101315,1717912834.004102468,1717912835.044101477,1717912835.498253345],"size":[0,0,0,0,0,0,0,0,0,0,0,0,0,0,0,0,0,0,0,0,0,0,0,0,0,0,0,0,0,0,0,0,0,0,0,0,0,0,0,0,0,0,0,0,0,0,0,0,0,0,0,0,0,0,0,0,0,0,0,0,0,0,0,0,0,0,0,0,0,0,0,0,0,0,0,0,0,0,0,0,0,0,0,0,0,0,0,0],"total_size":[2,1,1,1,1,1,1,1,1,1,1,1,1,1,1,1,1,1,1,1,1,1,1,1,1,1,1,1,1,1,1,1,1,1,1,1,1,1,1,1,1,1,1,1,1,1,1,1,1,1,1,1,1,1,1,1,1,1,1,1,1,1,1,1,1,1,1,1,1,1,1,1,1,1,1,1,1,1,1,1,1,1,1,1,1,1,1,0]}}}