{"address":"","rpcs":{"get_file_data:0":{"timestamps":[1717913091.858045578,1717913092.918819189,1717913093.958817244,1717913094.998818636,1717913096.038818598,1717913097.078818083,1717913098.118817329,1717913099.158819437,1717913100.198820829,1717913101.238818884,1717913102.278816700,1717913103.318817377,1717913104.358816624,1717913105.398818493,1717913106.438817739,1717913107.478820324,1717913108.518818378,1717913109.558817625,1717913110.598816872,1717913111.638818264,1717913112.678817511,1717913113.718817472,1717913114.758817434,1717913115.798819065,1717913116.838817358,1717913117.878818750,1717913118.918817997,1717913119.958818674,1717913120.998817682,1717913122.038817644,1717913123.078817129,1717913124.118817568,1717913125.158817530,1717913126.198818445,1717913127.238817930,1717913128.278817654,1717913129.318817616,1717913130.358818531,1717913131.398818493,1717913132.438819170,1717913133.478818417,1717913134.514817953,1717913135.554817438,1717913136.594817877,1717913137.634817123,1717913138.674817562,1717913139.714817286,1717913140.754817486,1717913141.794822216,1717913142.834823608,1717913143.874818087,1717913144.914817810,1717913145.954817295,1717913146.994817734,1717913148.034817219,1717913149.074817181,1717913150.114819765,1717913151.154816866,1717913152.194817305,1717913153.234817266,1717913154.274819613,1717913155.314817190,1717913156.354817152,1717913157.394817591,1717913158.434817076,1717913159.474817514,1717913160.514817476,1717913161.554817677,1717913162.594817162,1717913163.634817600,1717913164.674817324,1717913165.714817762,1717913166.754818678,1717913167.794816732,1717913168.834817648,1717913169.874817371,1717913170.914817333,1717913171.954817533,1717913172.994817257,1717913174.034819126,1717913175.074817181,1717913176.114817619,1717913177.154817581,1717913178.194817066,1717913179.234816790,1717913180.274816513,1717913181.314816952,1717913181.745570660],"count":[1,9,0,0,0,0,0,0,0,0,0,0,0,0,0,0,0,0,0,0,0,0,0,0,0,0,0,0,0,0,0,0,0,0,0,0,0,0,0,0,0,0,0,0,0,0,0,0,0,0,0,0,0,0,0,0,0,0,0,0,0,0,0,0,0,0,0,0,0,0,0,0,0,0,0,0,0,0,0,0,0,0,0,0,0,0,0,0],"bulk_size":[0,0,0,0,0,0,0,0,0,0,0,0,0,0,0,0,0,0,0,0,0,0,0,0,0,0,0,0,0,0,0,0,0,0,0,0,0,0,0,0,0,0,0,0,0,0,0,0,0,0,0,0,0,0,0,0,0,0,0,0,0,0,0,0,0,0,0,0,0,0,0,0,0,0,0,0,0,0,0,0,0,0,0,0,0,0,0,0]},"__shutdown__:65535":{"timestamps":[1717913181.745570660],"count":[1],"bulk_size":[0]}},"pools":{"__primary__":{"timestamps":[1717913091.858045578,1717913092.918819189,1717913093.958817244,1717913094.998818636,1717913096.038818598,1717913097.078818083,1717913098.118817329,1717913099.158819437,1717913100.198820829,1717913101.238818884,1717913102.278816700,1717913103.318817377,1717913104.358816624,1717913105.398818493,1717913106.438817739,1717913107.478820324,1717913108.518818378,1717913109.558817625,1717913110.598816872,1717913111.638818264,1717913112.678817511,1717913113.718817472,1717913114.758817434,1717913115.798819065,1717913116.838817358,1717913117.878818750,1717913118.918817997,1717913119.958818674,1717913120.998817682,1717913122.038817644,1717913123.078817129,1717913124.118817568,1717913125.158817530,1717913126.198818445,1717913127.238817930,1717913128.278817654,1717913129.318817616,1717913130.358818531,1717913131.398818493,1717913132.438819170,1717913133.478818417,1717913134.514817953,1717913135.554817438,1717913136.594817877,1717913137.634817123,1717913138.674817562,1717913139.714817286,1717913140.754817486,1717913141.794822216,1717913142.834823608,1717913143.874818087,1717913144.914817810,1717913145.954817295,1717913146.994817734,1717913148.034817219,1717913149.074817181,1717913150.114819765,1717913151.154816866,1717913152.194817305,1717913153.234817266,1717913154.274819613,1717913155.314817190,1717913156.354817152,1717913157.394817591,1717913158.434817076,1717913159.474817514,1717913160.514817476,1717913161.554817677,1717913162.594817162,1717913163.634817600,1717913164.674817324,1717913165.714817762,1717913166.754818678,1717913167.794816732,1717913168.834817648,1717913169.874817371,1717913170.914817333,1717913171.954817533,1717913172.994817257,1717913174.034819126,1717913175.074817181,1717913176.114817619,1717913177.154817581,1717913178.194817066,1717913179.234816790,1717913180.274816513,1717913181.314816952,1717913181.745570660],"size":[0,0,0,0,0,0,0,0,0,0,0,0,0,0,0,0,0,0,0,0,0,0,0,0,0,0,0,0,0,0,0,0,0,0,0,0,0,0,0,0,0,0,0,0,0,0,0,0,0,0,0,0,0,0,0,0,0,0,0,0,0,0,0,0,0,0,0,0,0,0,0,0,0,0,0,0,0,0,0,0,0,0,0,0,0,0,0,0],"total_size":[2,1,1,1,1,1,1,1,1,1,1,1,1,1,1,1,1,1,1,1,1,1,1,1,1,1,1,1,1,1,1,1,1,1,1,1,1,1,1,1,1,1,1,1,1,1,1,1,1,1,1,1,1,1,1,1,1,1,1,1,1,1,1,1,1,1,1,1,1,1,1,1,1,1,1,1,1,1,1,1,1,1,1,1,1,1,1,0]}}}