{"address":"","progress_loop":{"progress_with_timeout":{"num":1332,"min":0.047891140,"max":0.104005337,"avg":0.103949666,"var":0.003184134,"sum":138.460955381},"progress_timeout_value_msec":{"num":1332,"min":100.000000000.0,"max":100.000000000.0,"avg":100.000000000.0,"var":0.000000000.0,"sum":133200.000000000.0},"progress_without_timeout":{"num":4407128,"min":0.000000000.0,"max":0.001749277,"avg":0.000000120,"var":0.000052079,"sum":0.530137539},"trigger":{"num":132,"min":0.000000238,"max":0.002045155,"avg":0.000017753,"var":0.000004144,"sum":0.002343416}},"rpcs":{"65535:65535:14048217247822970879:0":{"rpc_id":-4398526825886580737,"provider_id":0,"parent_rpc_id":65535,"parent_provider_id":65535,"name":"get_file_data","origin":{"sent to ofi+cxi://0x23eb6200":{"iforward":{"duration":{"num":10,"min":0.000002623,"max":0.000031948,"avg":0.000005960,"var":0.000000001,"sum":0.000059605},"relative_timestamp_from_create":{"num":10,"min":0.000000238,"max":0.000004053,"avg":0.000000644,"var":0.000000000,"sum":0.000006437}},"forward_cb":{"duration":{"num":10,"min":0.000000000.0,"max":0.000000477,"avg":0.000000167,"var":0.000000000,"sum":0.000001669},"relative_timestamp_from_iforward_start":{"num":10,"min":0.070214748,"max":0.159607887,"avg":0.132088041,"var":0.005016958,"sum":1.320880413}},"iforward_wait":{"duration":{"num":10,"min":0.070303440,"max":0.159607172,"avg":0.132096481,"var":0.005005917,"sum":1.320964813},"relative_timestamp_from_iforward_end":{"num":10,"min":0.000000000.0,"max":0.000000238,"avg":0.000000191,"var":0.000000000,"sum":0.000001907}},"set_input":{"duration":{"num":10,"min":0.000000238,"max":0.000004530,"avg":0.000000906,"var":0.000000000,"sum":0.000009060},"relative_timestamp_from_iforward_start":{"num":10,"min":0.000001669,"max":0.000020027,"avg":0.000003862,"var":0.000000000,"sum":0.000038624}},"get_output":{"duration":{"num":10,"min":0.000735283,"max":0.001813650,"avg":0.000878167,"var":0.000000979,"sum":0.008781672},"relative_timestamp_from_wait_end":{"num":10,"min":0.000000238,"max":0.000000715,"avg":0.000000429,"var":0.000000000,"sum":0.000004292}}}},"target":{"received from ofi+cxi://0x23eb6200":{"handler":{"duration":{"num":10,"min":0.000000954,"max":0.000006914,"avg":0.000001764,"var":0.000000000,"sum":0.000017643}},"ult":{"duration":{"num":10,"min":0.070270061,"max":0.159595966,"avg":0.132087922,"var":0.005009068,"sum":1.320879221},"relative_timestamp_from_handler_start":{"num":10,"min":0.000001907,"max":0.000015020,"avg":0.000003672,"var":0.000000000,"sum":0.000036716}},"irespond":{"duration":{"num":10,"min":0.001738071,"max":0.002257586,"avg":0.002127504,"var":0.000000277,"sum":0.021275043},"relative_timestamp_from_ult_start":{"num":10,"min":0.066842794,"max":0.157571316,"avg":0.129821348,"var":0.005167804,"sum":1.298213482}},"respond_cb":{"duration":{"num":10,"min":0.000000238,"max":0.000000477,"avg":0.000000334,"var":0.000000000,"sum":0.000003338},"relative_timestamp_from_irespond_start":{"num":10,"min":0.001740694,"max":0.003310204,"avg":0.002252316,"var":0.000001519,"sum":0.022523165}},"irespond_wait":{"duration":{"num":10,"min":0.000003576,"max":0.001226187,"avg":0.000126100,"var":0.000001345,"sum":0.001260996},"relative_timestamp_from_irespond_end":{"num":10,"min":0.000000238,"max":0.000000477,"avg":0.000000334,"var":0.000000000,"sum":0.000003338}},"set_output":{"duration":{"num":10,"min":0.001635551,"max":0.002143383,"avg":0.002019477,"var":0.000000268,"sum":0.020194769},"relative_timestamp_from_irespond_start":{"num":10,"min":0.000000238,"max":0.000001669,"avg":0.000000525,"var":0.000000000,"sum":0.000005245}},"get_input":{"duration":{"num":10,"min":0.000000238,"max":0.000002146,"avg":0.000000525,"var":0.000000000,"sum":0.000005245},"relative_timestamp_from_ult_start":{"num":10,"min":0.000000238,"max":0.000003338,"avg":0.000000715,"var":0.000000000,"sum":0.000007153}}}}},"14048217247822970879:0:14048217247822970879:0":{"rpc_id":-4398526825886580737,"provider_id":0,"parent_rpc_id":-4398526825886580737,"parent_provider_id":0,"name":"get_file_data","origin":{"sent to ofi+cxi://0x23e90400":{"iforward":{"duration":{"num":30,"min":0.000003099,"max":0.000313520,"avg":0.000064397,"var":0.000000213,"sum":0.001931906},"relative_timestamp_from_create":{"num":30,"min":0.000000000.0,"max":0.000000477,"avg":0.000000238,"var":0.000000000,"sum":0.000007153}},"forward_cb":{"duration":{"num":30,"min":0.000000477,"max":0.000028372,"avg":0.000001534,"var":0.000000001,"sum":0.000046015},"relative_timestamp_from_iforward_start":{"num":30,"min":0.064218044,"max":0.157219648,"avg":0.127584481,"var":0.013731795,"sum":3.827534437}},"iforward_wait":{"duration":{"num":30,"min":0.064184189,"max":0.156907797,"avg":0.127522596,"var":0.013704948,"sum":3.825677872},"relative_timestamp_from_iforward_end":{"num":30,"min":0.000000000.0,"max":0.000000477,"avg":0.000000246,"var":0.000000000,"sum":0.000007391}},"set_input":{"duration":{"num":30,"min":0.000000238,"max":0.000000954,"avg":0.000000556,"var":0.000000000,"sum":0.000016689},"relative_timestamp_from_iforward_start":{"num":30,"min":0.000000715,"max":0.000002146,"avg":0.000001248,"var":0.000000000,"sum":0.000037432}},"get_output":{"duration":{"num":30,"min":0.000641108,"max":0.002513170,"avg":0.000849541,"var":0.000006321,"sum":0.025486231},"relative_timestamp_from_wait_end":{"num":30,"min":0.000000477,"max":0.000001192,"avg":0.000000827,"var":0.000000000,"sum":0.000024796}}}},"target":{"received from ofi+cxi://0x23ed4200":{"handler":{"duration":{"num":10,"min":0.000001907,"max":0.000003099,"avg":0.000002503,"var":0.000000000,"sum":0.000025034}},"ult":{"duration":{"num":10,"min":0.078900576,"max":0.160187006,"avg":0.130990720,"var":0.003855811,"sum":1.309907198},"relative_timestamp_from_handler_start":{"num":10,"min":0.000002623,"max":0.002048969,"avg":0.000207782,"var":0.000003767,"sum":0.002077818}},"irespond":{"duration":{"num":10,"min":0.001899242,"max":0.002409458,"avg":0.002205944,"var":0.000000192,"sum":0.022059441},"relative_timestamp_from_ult_start":{"num":10,"min":0.070734978,"max":0.157958746,"avg":0.127607059,"var":0.004458503,"sum":1.276070595}},"respond_cb":{"duration":{"num":10,"min":0.000000000.0,"max":0.000000477,"avg":0.000000215,"var":0.000000000,"sum":0.000002146},"relative_timestamp_from_irespond_start":{"num":10,"min":0.002226353,"max":0.008162737,"avg":0.003381515,"var":0.000028770,"sum":0.033815145}},"irespond_wait":{"duration":{"num":10,"min":0.000324965,"max":0.006150246,"avg":0.001175761,"var":0.000030194,"sum":0.011757612},"relative_timestamp_from_irespond_end":{"num":10,"min":0.000000477,"max":0.000000954,"avg":0.000000644,"var":0.000000000,"sum":0.000006437}},"set_output":{"duration":{"num":10,"min":0.001799107,"max":0.002283573,"avg":0.002093267,"var":0.000000179,"sum":0.020932674},"relative_timestamp_from_irespond_start":{"num":10,"min":0.000000238,"max":0.000000715,"avg":0.000000334,"var":0.000000000,"sum":0.000003338}},"get_input":{"duration":{"num":10,"min":0.000000477,"max":0.000000715,"avg":0.000000525,"var":0.000000000,"sum":0.000005245},"relative_timestamp_from_ult_start":{"num":10,"min":0.000000238,"max":0.000001192,"avg":0.000000596,"var":0.000000000,"sum":0.000005960}}},"received from ofi+cxi://0x23ef4600":{"handler":{"duration":{"num":10,"min":0.000000954,"max":0.002043962,"avg":0.000205374,"var":0.000003756,"sum":0.002053738}},"ult":{"duration":{"num":10,"min":0.080707550,"max":0.157938242,"avg":0.130830312,"var":0.003520894,"sum":1.308303118},"relative_timestamp_from_handler_start":{"num":10,"min":0.000001431,"max":0.002105474,"avg":0.000212193,"var":0.000003983,"sum":0.002121925}},"irespond":{"duration":{"num":10,"min":0.001960993,"max":0.002478361,"avg":0.002225161,"var":0.000000202,"sum":0.022251606},"relative_timestamp_from_ult_start":{"num":10,"min":0.076720238,"max":0.155581951,"avg":0.127983785,"var":0.003642476,"sum":1.279837847}},"respond_cb":{"duration":{"num":10,"min":0.000000238,"max":0.000000238,"avg":0.000000238,"var":0.000000000.0,