{"address":"","progress_loop":{"progress_with_timeout":{"num":954,"min":0.033062220,"max":0.104007483,"avg":0.103920135,"var":0.005043270,"sum":99.139808893},"progress_timeout_value_msec":{"num":954,"min":100.000000000.0,"max":100.000000000.0,"avg":100.000000000.0,"var":0.000000000.0,"sum":95400.000000000.0},"progress_without_timeout":{"num":74397630,"min":0.000000000.0,"max":0.046124458,"avg":0.000000181,"var":0.176973825,"sum":13.430399656},"trigger":{"num":612,"min":0.000000238,"max":0.002937317,"avg":0.000016893,"var":0.000021869,"sum":0.010338545}},"rpcs":{"65535:65535:14048217247822970879:0":{"rpc_id":-4398526825886580737,"provider_id":0,"parent_rpc_id":65535,"parent_provider_id":65535,"name":"get_file_data","origin":{"sent to ofi+cxi://0x23ef4200":{"iforward":{"duration":{"num":10,"min":0.000003099,"max":0.000026226,"avg":0.000006008,"var":0.000000000,"sum":0.000060081},"relative_timestamp_from_create":{"num":10,"min":0.000000477,"max":0.000003576,"avg":0.000001121,"var":0.000000000,"sum":0.000011206}},"forward_cb":{"duration":{"num":10,"min":0.000000238,"max":0.000000715,"avg":0.000000405,"var":0.000000000,"sum":0.000004053},"relative_timestamp_from_iforward_start":{"num":10,"min":0.969300032,"max":3.890484571,"avg":3.438332415,"var":6.862121636,"sum":34.383324146}},"iforward_wait":{"duration":{"num":10,"min":0.969627142,"max":3.891193867,"avg":3.438782287,"var":6.862919643,"sum":34.387822866},"relative_timestamp_from_iforward_end":{"num":10,"min":0.000000000.0,"max":0.000000238,"avg":0.000000215,"var":0.000000000,"sum":0.000002146}},"set_input":{"duration":{"num":10,"min":0.000000238,"max":0.000004053,"avg":0.000000834,"var":0.000000000,"sum":0.000008345},"relative_timestamp_from_iforward_start":{"num":10,"min":0.000002146,"max":0.000015974,"avg":0.000004077,"var":0.000000000,"sum":0.000040770}},"get_output":{"duration":{"num":10,"min":0.044207335,"max":0.045661449,"avg":0.045151186,"var":0.000001881,"sum":0.451511860},"relative_timestamp_from_wait_end":{"num":10,"min":0.000000477,"max":0.000000715,"avg":0.000000644,"var":0.000000000,"sum":0.000006437}}}},"target":{"received from ofi+cxi://0x23ef4200":{"handler":{"duration":{"num":10,"min":0.000000715,"max":0.000006199,"avg":0.000001645,"var":0.000000000,"sum":0.000016451}},"ult":{"duration":{"num":10,"min":0.969108820,"max":3.890793800,"avg":3.435291457,"var":6.853415682,"sum":34.352914572},"relative_timestamp_from_handler_start":{"num":10,"min":0.000001431,"max":0.000504971,"avg":0.000052762,"var":0.000000227,"sum":0.000527620}},"irespond":{"duration":{"num":10,"min":0.048829317,"max":0.049696445,"avg":0.049151468,"var":0.000000925,"sum":0.491514683},"relative_timestamp_from_ult_start":{"num":10,"min":0.919908047,"max":3.841641426,"avg":3.379444504,"var":6.817840497,"sum":33.794445038}},"respond_cb":{"duration":{"num":10,"min":0.000000238,"max":0.000000477,"avg":0.000000334,"var":0.000000000,"sum":0.000003338},"relative_timestamp_from_irespond_start":{"num":10,"min":0.048832655,"max":0.081447124,"avg":0.055528903,"var":0.001668516,"sum":0.555289030}},"irespond_wait":{"duration":{"num":10,"min":0.000004053,"max":0.031999350,"avg":0.006380010,"var":0.001625125,"sum":0.063800097},"relative_timestamp_from_irespond_end":{"num":10,"min":0.000000238,"max":0.000000477,"avg":0.000000358,"var":0.000000000,"sum":0.000003576}},"set_output":{"duration":{"num":10,"min":0.046857595,"max":0.048360348,"avg":0.047587276,"var":0.000001695,"sum":0.475872755},"relative_timestamp_from_irespond_start":{"num":10,"min":0.000000238,"max":0.000001192,"avg":0.000000453,"var":0.000000000,"sum":0.000004530}},"get_input":{"duration":{"num":10,"min":0.000000238,"max":0.000002384,"avg":0.000000668,"var":0.000000000,"sum":0.000006676},"relative_timestamp_from_ult_start":{"num":10,"min":0.000000238,"max":0.000005245,"avg":0.000001049,"var":0.000000000,"sum":0.000010490}}}}},"14048217247822970879:0:14048217247822970879:0":{"rpc_id":-4398526825886580737,"provider_id":0,"parent_rpc_id":-4398526825886580737,"parent_provider_id":0,"name":"get_file_data","origin":{"sent to ofi+cxi://0x23e70400":{"iforward":{"duration":{"num":150,"min":0.000002146,"max":0.004339933,"avg":0.000199116,"var":0.000055620,"sum":0.029867411},"relative_timestamp_from_create":{"num":150,"min":0.000000000.0,"max":0.000001192,"avg":0.000000323,"var":0.000000000,"sum":0.000048399}},"forward_cb":{"duration":{"num":150,"min":0.000000238,"max":0.000021935,"avg":0.000001162,"var":0.000000001,"sum":0.000174284},"relative_timestamp_from_iforward_start":{"num":150,"min":0.870418072,"max":3.796488762,"avg":3.421429803,"var":37.158930811,"sum":513.214470387}},"iforward_wait":{"duration":{"num":150,"min":0.870392084,"max":3.796486378,"avg":3.421232646,"var":37.153341893,"sum":513.184896946},"relative_timestamp_from_iforward_end":{"num":150,"min":0.000000000.0,"max":0.000000715,"avg":0.000000251,"var":0.000000000,"sum":0.000037670}},"set_input":{"duration":{"num":150,"min":0.000000000.0,"max":0.000000954,"avg":0.000000423,"var":0.000000000,"sum":0.000063419},"relative_timestamp_from_iforward_start":{"num":150,"min":0.000000238,"max":0.000002861,"avg":0.000001445,"var":0.000000000,"sum":0.000216722}},"get_output":{"duration":{"num":150,"min":0.043821573,"max":0.050248384,"avg":0.045358996,"var":0.000322749,"sum":6.803849459},"relative_timestamp_from_wait_end":{"num":150,"min":0.000000238,"max":0.000001431,"avg":0.000000757,"var":0.000000000,"sum":0.000113487}}}},"target":{"received from ofi+cxi://0x23e92000":{"handler":{"duration":{"num":70,"min":0.000000477,"max":0.002935886,"avg":0.000098797,"var":0.000015725,"sum":0.006915808}},"ult":{"duration":{"num":70,"min":1.489655495,"max":3.987195492,"avg":3.571049809,"var":19.367459476,"sum":249.973486662},"relative_timestamp_from_handler_start":{"num":70,"min":0.000001431,"max":0.004477024,"avg":0.000396759,"var":0.000066597,"sum":0.027773142}},"irespond":{"duration":{"num":70,"min":0.047877550,"max":0.051440477,"avg":0.049266185,"var":0.000026001,"sum":3.448632956},"relative_timestamp_from_ult_start":{"num":70,"min":1.307872295,"max":3.775644064,"avg":3.449167810,"var":19.258636949,"sum":241.441746712}},"respond_cb":{"duration":{"num":70,"min":0.000000000.0,"max":0.000000715,"avg":0.000000364,"var":0.000000000,"sum":0.000025511},"relative_timestamp_from_irespond_start":{"num":70,"min":0.086444139,"max":0.213108540,"avg":0.121556347,"var":0.159075894,"sum":8.508944273}},"irespond_wait":{"duration":{"num":70,"min":0.037199974,"max":0.163493156,"avg":0.072299583,"var":0.159311071,"sum":5.060970783},"relative_timestamp_from_irespond_end":{"num":70,"min":0.000000000.0,"max":0.000000477,"avg":0.000000324,"var":0.000000000,"sum":0.000022650}},"set_output":{"duration":{"num":70,"min":0.046652794,"max":0.050163746,"avg":0.047544067,"var":0.000012515,"sum":3.328084707},"relative_timestamp_from_irespond_start":{"num":70,"min":0.000000000.0,"max":0.000001669,"avg":0.000000351,"var":0.000000000,"sum":0.000024557}},"get_input":{"duration":{"num":70,"min":0.000000238,"max":0.000001192,"avg":0.000000531,"var":0.000000000,"sum":0.000037193},"relative_timestamp_from_ult_start":{"num":70,"min":0.000000238,"max":0.000001431,"avg":0.000000538,"var":0.000000000,"sum":0.000037670}}},"received from ofi+cxi://0x23ed6600":{"handler":{"duration":{"num":70,"min":0.000000477,"max":0.002367973,"avg":0.000035497,"var":0.000005519,"sum":0.002484798}},"ult":{"duration":{"num":70,"min":1.759128571,"max":3.996907711,"avg":3.655574015,"var":10.911229852,"sum":255.890181065},"relative_timestamp_from_handler_start":{"num":70,"min":0.000001192,"max":0.003021240,"avg":0.000100851,"var":0.000014429,"sum":0.007059574}},"irespond":{"duration":{"num":70,"min":0.047864676,"max":0.051041842,"avg":0.049110522,"var":0.000022619,"sum":3.437736511},"relative_timestamp_from_ult_start":{"num":70,"min":1.575983524,"max":3.839971066,"avg":3.498177794,"var":10.927981920,"sum":244.872445583}},"respond_cb":{"duration":{"num":70,"min":0.000000000.0,"max":0.000000954,