{"address":"","progress_loop":{"progress_with_timeout":{"num":1065,"min":0.000000000.0,"max":0.104007483,"avg":0.103076973,"var":0.097828444,"sum":109.776976347},"progress_timeout_value_msec":{"num":1065,"min":100.000000000.0,"max":100.000000000.0,"avg":100.000000000.0,"var":0.000000000.0,"sum":106500.000000000.0},"progress_without_timeout":{"num":175930,"min":0.000000000.0,"max":0.000091314,"avg":0.000000115,"var":0.000000021,"sum":0.020186901},"trigger":{"num":52,"min":0.000000000.0,"max":0.000031948,"avg":0.000001458,"var":0.000000001,"sum":0.000075817}},"rpcs":{"65535:65535:14048217247822970879:0":{"rpc_id":-4398526825886580737,"provider_id":0,"parent_rpc_id":65535,"parent_provider_id":65535,"name":"get_file_data","origin":{"sent to ofi+cxi://0x23eb0000":{"iforward":{"duration":{"num":10,"min":0.000000715,"max":0.000032902,"avg":0.000004220,"var":0.000000001,"sum":0.000042200},"relative_timestamp_from_create":{"num":10,"min":0.000000000.0,"max":0.000004053,"avg":0.000000548,"var":0.000000000,"sum":0.000005484}},"forward_cb":{"duration":{"num":10,"min":0.000000000.0,"max":0.000000238,"avg":0.000000167,"var":0.000000000,"sum":0.000001669},"relative_timestamp_from_iforward_start":{"num":10,"min":0.001762390,"max":0.012605667,"avg":0.005056691,"var":0.000150312,"sum":0.050566912}},"iforward_wait":{"duration":{"num":10,"min":0.001762152,"max":0.012605190,"avg":0.005053782,"var":0.000149937,"sum":0.050537825},"relative_timestamp_from_iforward_end":{"num":10,"min":0.000000000.0,"max":0.000000238,"avg":0.000000095,"var":0.000000000,"sum":0.000000954}},"set_input":{"duration":{"num":10,"min":0.000000238,"max":0.000005245,"avg":0.000000834,"var":0.000000000,"sum":0.000008345},"relative_timestamp_from_iforward_start":{"num":10,"min":0.000000477,"max":0.000019789,"avg":0.000002480,"var":0.000000000,"sum":0.000024796}},"get_output":{"duration":{"num":10,"min":0.000002861,"max":0.000003338,"avg":0.000002956,"var":0.000000000,"sum":0.000029564},"relative_timestamp_from_wait_end":{"num":10,"min":0.000000000.0,"max":0.000000000.0,"avg":0.000000000.0,"var":0.000000000.0,"sum":0.000000000.0}}}},"target":{"received from ofi+cxi://0x23eb0000":{"handler":{"duration":{"num":10,"min":0.000000238,"max":0.000006914,"avg":0.000001097,"var":0.000000000,"sum":0.000010967}},"ult":{"duration":{"num":10,"min":0.001760721,"max":0.012600660,"avg":0.005049109,"var":0.000149511,"sum":0.050491095},"relative_timestamp_from_handler_start":{"num":10,"min":0.000000477,"max":0.000015020,"avg":0.000002146,"var":0.000000000,"sum":0.000021458}},"irespond":{"duration":{"num":10,"min":0.000041008,"max":0.000051260,"avg":0.000043797,"var":0.000000000,"sum":0.000437975},"relative_timestamp_from_ult_start":{"num":10,"min":0.001711845,"max":0.012555599,"avg":0.005003643,"var":0.000149382,"sum":0.050036430}},"respond_cb":{"duration":{"num":10,"min":0.000000000.0,"max":0.000000238,"avg":0.000000072,"var":0.000000000,"sum":0.000000715},"relative_timestamp_from_irespond_start":{"num":10,"min":0.000041485,"max":0.000051975,"avg":0.000044298,"var":0.000000000,"sum":0.000442982}},"irespond_wait":{"duration":{"num":10,"min":0.000000954,"max":0.000001907,"avg":0.000001097,"var":0.000000000,"sum":0.000010967},"relative_timestamp_from_irespond_end":{"num":10,"min":0.000000000.0,"max":0.000000238,"avg":0.000000072,"var":0.000000000,"sum":0.000000715}},"set_output":{"duration":{"num":10,"min":0.000032663,"max":0.000038385,"avg":0.000034404,"var":0.000000000,"sum":0.000344038},"relative_timestamp_from_irespond_start":{"num":10,"min":0.000000000.0,"max":0.000000954,"avg":0.000000119,"var":0.000000000,"sum":0.000001192}},"get_input":{"duration":{"num":10,"min":0.000000000.0,"max":0.000002146,"avg":0.000000358,"var":0.000000000,"sum":0.000003576},"relative_timestamp_from_ult_start":{"num":10,"min":0.000000000.0,"max":0.000003815,"avg":0.000000525,"var":0.000000000,"sum":0.000005245}}}}},"14048217247822970879:0:14048217247822970879:0":{"rpc_id":-4398526825886580737,"provider_id":0,"parent_rpc_id":-4398526825886580737,"parent_provider_id":0,"name":"get_file_data","origin":{"sent to ofi+cxi://0x23eb6600":{"iforward":{"duration":{"num":10,"min":0.000007868,"max":0.000038862,"avg":0.000011826,"var":0.000000001,"sum":0.000118256},"relative_timestamp_from_create":{"num":10,"min":0.000000000.0,"max":0.000000477,"avg":0.000000167,"var":0.000000000,"sum":0.000001669}},"forward_cb":{"duration":{"num":10,"min":0.000000000.0,"max":0.000001192,"avg":0.000000191,"var":0.000000000,"sum":0.000001907},"relative_timestamp_from_iforward_start":{"num":10,"min":0.001683474,"max":0.012511015,"avg":0.004974079,"var":0.000147186,"sum":0.049740791}},"iforward_wait":{"duration":{"num":10,"min":0.001675129,"max":0.012501717,"avg":0.004962921,"var":0.000146846,"sum":0.049629211},"relative_timestamp_from_iforward_end":{"num":10,"min":0.000000000.0,"max":0.000000238,"avg":0.000000191,"var":0.000000000,"sum":0.000001907}},"set_input":{"duration":{"num":10,"min":0.000000000.0,"max":0.000000477,"avg":0.000000381,"var":0.000000000,"sum":0.000003815},"relative_timestamp_from_iforward_start":{"num":10,"min":0.000000238,"max":0.000001907,"avg":0.000000548,"var":0.000000000,"sum":0.000005484}},"get_output":{"duration":{"num":10,"min":0.000003338,"max":0.000035048,"avg":0.000009537,"var":0.000000001,"sum":0.000095367},"relative_timestamp_from_wait_end":{"num":10,"min":0.000000000.0,"max":0.000018358,"avg":0.000001979,"var":0.000000000,"sum":0.000019789}}}}},"65535:65535:8686831390660034559:65535":{"rpc_id":8686831390660034559,"provider_id":65535,"parent_rpc_id":65535,"parent_provider_id":65535,"name":"__shutdown__","target":{"received from ofi+cxi://0x23e70601":{"handler":{"duration":{"num":1,"min":0.000016928,"max":0.000016928,"avg":0.000016928,"var":0.000000000.0,"sum":0.000016928}},"ult":{"duration":{"num":1,"min":0.000020742,"max":0.000020742,"avg":0.000020742,"var":0.000000000.0,"sum":0.000020742},"relative_timestamp_from_handler_start":{"num":1,"min":0.000021458,"max":0.000021458,"avg":0.000021458,"var":0.000000000.0,"sum":0.000021458}},"irespond":{"duration":{"num":1,"min":0.000009537,"max":0.000009537,"avg":0.000009537,"var":0.000000000.0,"sum":0.000009537},"relative_timestamp_from_ult_start":{"num":1,"min":0.000001431,"max":0.000001431,"avg":0.000001431,"var":0.000000000.0,"sum":0.000001431}},"respond_cb":{"duration":{"num":1,"min":0.000000715,"max":0.000000715,"avg":0.000000715,"var":0.000000000.0,"sum":0.000000715},"relative_timestamp_from_irespond_start":{"num":1,"min":0.000015974,"max":0.000015974,"avg":0.000015974,"var":0.000000000.0,"sum":0.000015974}},"irespond_wait":{"duration":{"num":1,"min":0.000007391,"max":0.000007391,"avg":0.000007391,"var":0.000000000.0,"sum":0.000007391},"relative_timestamp_from_irespond_end":{"num":1,"min":0.000000238,"max":0.000000238,"avg":0.000000238,"var":0.000000000.0,"sum":0.000000238}},"set_output":{"duration":{"num":1,"min":0.000000477,"max":0.000000477,"avg":0.000000477,"var":0.000000000.0,"sum":0.000000477},"relative_timestamp_from_irespond_start":{"num":1,"min":0.000001192,"max":0.000001192,"avg":0.000001192,"var":0.000000000.0,"sum":0.000001192}},"get_input":{"duration":{"num":0,"min":0.000000000.0,"max":0.000000000.0,"avg":0.000000000.0,"var":0.000000000.0,"sum":0.000000000.0},"relative_timestamp_from_ult_start":{"num":0,"min":0.000000000.0,"max":0.000000000.0,"avg":0.000000000.0,"var":0.000000000.0,"sum":0.000000000.0}}}}}}}