{"address":"","rpcs":{"get_file_data:0":{"timestamps":[1717913438.058152437,1717913439.118711948,1717913440.158710003,1717913441.198711872,1717913442.238710165,1717913443.278710604,1717913444.318710566,1717913445.358711958,1717913446.398711205,1717913447.438712358,1717913448.478711605,1717913449.518710136,1717913450.558710098,1717913451.598711967,1717913452.638711929,1717913453.678710699,1717913454.718710184,1717913455.758710623,1717913456.798709869,1717913457.838710546,1717913458.878710508,1717913459.918710232,1717913460.958710909,1717913461.998710394,1717913463.038709879,1717913464.078711510,1717913465.118711948,1717913466.158711672,1717913467.198710442,1717913468.238709927,1717913469.278710842,1717913470.318712473,1717913471.358710766,1717913472.398709774,1717913473.438709736,1717913474.478712082,1717913475.518710375,1717913476.558711052,1717913477.598711014,1717913478.638711691,1717913479.678709745,1717913480.718711615,1717913481.758709669,1717913482.798712015,1717913483.838709593,1717913484.878711939,1717913485.918709993,1717913486.958710432,1717913487.998710871,1717913489.038711548,1717913490.078712463,1717913491.118710041,1717913492.158710003,1717913493.198709965,1717913494.238711357,1717913495.278711796,1717913496.318710566,1717913497.358711004,1717913498.398710728,1717913499.438711882,1717913500.478709936,1717913501.518709898,1717913502.558711052,1717913503.598712206,1717913504.638710499,1717913505.674710512,1717913506.714710712,1717913507.754710913,1717913508.794710875,1717913509.834709883,1717913510.874710083,1717913511.914711237,1717913512.954710960,1717913513.994712591,1717913515.034709692,1717913516.074709654,1717913517.114712238,1717913518.154710293,1717913519.194710255,1717913520.234709740,1717913521.274712801,1717913522.314710617,1717913523.354710579,1717913524.394711971,1717913525.434710026,1717913526.474710941,1717913527.514713287,1717913527.969781876],"count":[1,9,0,0,0,0,0,0,0,0,0,0,0,0,0,0,0,0,0,0,0,0,0,0,0,0,0,0,0,0,0,0,0,0,0,0,0,0,0,0,0,0,0,0,0,0,0,0,0,0,0,0,0,0,0,0,0,0,0,0,0,0,0,0,0,0,0,0,0,0,0,0,0,0,0,0,0,0,0,0,0,0,0,0,0,0,0,0],"bulk_size":[0,0,0,0,0,0,0,0,0,0,0,0,0,0,0,0,0,0,0,0,0,0,0,0,0,0,0,0,0,0,0,0,0,0,0,0,0,0,0,0,0,0,0,0,0,0,0,0,0,0,0,0,0,0,0,0,0,0,0,0,0,0,0,0,0,0,0,0,0,0,0,0,0,0,0,0,0,0,0,0,0,0,0,0,0,0,0,0]},"__shutdown__:65535":{"timestamps":[1717913527.969781876],"count":[1],"bulk_size":[0]}},"pools":{"__primary__":{"timestamps":[1717913438.058152437,1717913439.118711948,1717913440.158710003,1717913441.198711872,1717913442.238710165,1717913443.278710604,1717913444.318710566,1717913445.358711958,1717913446.398711205,1717913447.438712358,1717913448.478711605,1717913449.518710136,1717913450.558710098,1717913451.598711967,1717913452.638711929,1717913453.678710699,1717913454.718710184,1717913455.758710623,1717913456.798709869,1717913457.838710546,1717913458.878710508,1717913459.918710232,1717913460.958710909,1717913461.998710394,1717913463.038709879,1717913464.078711510,1717913465.118711948,1717913466.158711672,1717913467.198710442,1717913468.238709927,1717913469.278710842,1717913470.318712473,1717913471.358710766,1717913472.398709774,1717913473.438709736,1717913474.478712082,1717913475.518710375,1717913476.558711052,1717913477.598711014,1717913478.638711691,1717913479.678709745,1717913480.718711615,1717913481.758709669,1717913482.798712015,1717913483.838709593,1717913484.878711939,1717913485.918709993,1717913486.958710432,1717913487.998710871,1717913489.038711548,1717913490.078712463,1717913491.118710041,1717913492.158710003,1717913493.198709965,1717913494.238711357,1717913495.278711796,1717913496.318710566,1717913497.358711004,1717913498.398710728,1717913499.438711882,1717913500.478709936,1717913501.518709898,1717913502.558711052,1717913503.598712206,1717913504.638710499,1717913505.674710512,1717913506.714710712,1717913507.754710913,1717913508.794710875,1717913509.834709883,1717913510.874710083,1717913511.914711237,1717913512.954710960,1717913513.994712591,1717913515.034709692,1717913516.074709654,1717913517.114712238,1717913518.154710293,1717913519.194710255,1717913520.234709740,1717913521.274712801,1717913522.314710617,1717913523.354710579,1717913524.394711971,1717913525.434710026,1717913526.474710941,1717913527.514713287,1717913527.969781876],"size":[0,0,0,0,0,0,0,0,0,0,0,0,0,0,0,0,0,0,0,0,0,0,0,0,0,0,0,0,0,0,0,0,0,0,0,0,0,0,0,0,0,0,0,0,0,0,0,0,0,0,0,0,0,0,0,0,0,0,0,0,0,0,0,0,0,0,0,0,0,0,0,0,0,0,0,0,0,0,0,0,0,0,0,0,0,0,0,0],"total_size":[2,1,1,1,1,1,1,1,1,1,1,1,1,1,1,1,1,1,1,1,1,1,1,1,1,1,1,1,1,1,1,1,1,1,1,1,1,1,1,1,1,1,1,1,1,1,1,1,1,1,1,1,1,1,1,1,1,1,1,1,1,1,1,1,1,1,1,1,1,1,1,1,1,1,1,1,1,1,1,1,1,1,1,1,1,1,1,0]}}}