{"address":"","progress_loop":{"progress_with_timeout":{"num":1064,"min":0.000000238,"max":0.104008913,"avg":0.103041225,"var":0.102288741,"sum":109.635863304},"progress_timeout_value_msec":{"num":1064,"min":100.000000000.0,"max":100.000000000.0,"avg":100.000000000.0,"var":0.000000000.0,"sum":106400.000000000.0},"progress_without_timeout":{"num":686708,"min":0.000000000.0,"max":0.000267506,"avg":0.000000113,"var":0.000000127,"sum":0.077592611},"trigger":{"num":52,"min":0.000000238,"max":0.000030518,"avg":0.000001655,"var":0.000000001,"sum":0.000086069}},"rpcs":{"65535:65535:14048217247822970879:0":{"rpc_id":-4398526825886580737,"provider_id":0,"parent_rpc_id":65535,"parent_provider_id":65535,"name":"get_file_data","origin":{"sent to ofi+cxi://0x23eb0400":{"iforward":{"duration":{"num":10,"min":0.000001192,"max":0.000030279,"avg":0.000004554,"var":0.000000001,"sum":0.000045538},"relative_timestamp_from_create":{"num":10,"min":0.000000000.0,"max":0.000004292,"avg":0.000000620,"var":0.000000000,"sum":0.000006199}},"forward_cb":{"duration":{"num":10,"min":0.000000000.0,"max":0.000000238,"avg":0.000000119,"var":0.000000000,"sum":0.000001192},"relative_timestamp_from_iforward_start":{"num":10,"min":0.009507895,"max":0.038233995,"avg":0.019845986,"var":0.000676491,"sum":0.198459864}},"iforward_wait":{"duration":{"num":10,"min":0.009507656,"max":0.038235188,"avg":0.019846129,"var":0.000676540,"sum":0.198461294},"relative_timestamp_from_iforward_end":{"num":10,"min":0.000000000.0,"max":0.000000238,"avg":0.000000072,"var":0.000000000,"sum":0.000000715}},"set_input":{"duration":{"num":10,"min":0.000000238,"max":0.000004292,"avg":0.000000691,"var":0.000000000,"sum":0.000006914},"relative_timestamp_from_iforward_start":{"num":10,"min":0.000000715,"max":0.000019312,"avg":0.000002980,"var":0.000000000,"sum":0.000029802}},"get_output":{"duration":{"num":10,"min":0.000021458,"max":0.000142336,"avg":0.000034237,"var":0.000000013,"sum":0.000342369},"relative_timestamp_from_wait_end":{"num":10,"min":0.000000238,"max":0.000000477,"avg":0.000000262,"var":0.000000000,"sum":0.000002623}}}},"target":{"received from ofi+cxi://0x23eb0400":{"handler":{"duration":{"num":10,"min":0.000000477,"max":0.000006676,"avg":0.000001359,"var":0.000000000,"sum":0.000013590}},"ult":{"duration":{"num":10,"min":0.009505749,"max":0.038205385,"avg":0.019840717,"var":0.000675443,"sum":0.198407173},"relative_timestamp_from_handler_start":{"num":10,"min":0.000000954,"max":0.000014544,"avg":0.000002456,"var":0.000000000,"sum":0.000024557}},"irespond":{"duration":{"num":10,"min":0.000285149,"max":0.000301838,"avg":0.000294685,"var":0.000000000,"sum":0.002946854},"relative_timestamp_from_ult_start":{"num":10,"min":0.009201288,"max":0.037882805,"avg":0.019540167,"var":0.000675049,"sum":0.195401669}},"respond_cb":{"duration":{"num":10,"min":0.000000000.0,"max":0.000000477,"avg":0.000000215,"var":0.000000000,"sum":0.000002146},"relative_timestamp_from_irespond_start":{"num":10,"min":0.000287056,"max":0.000302792,"avg":0.000295949,"var":0.000000000,"sum":0.002959490}},"irespond_wait":{"duration":{"num":10,"min":0.000001669,"max":0.000002861,"avg":0.000002050,"var":0.000000000,"sum":0.000020504},"relative_timestamp_from_irespond_end":{"num":10,"min":0.000000000.0,"max":0.000000477,"avg":0.000000215,"var":0.000000000,"sum":0.000002146}},"set_output":{"duration":{"num":10,"min":0.000260830,"max":0.000276327,"avg":0.000269651,"var":0.000000000,"sum":0.002696514},"relative_timestamp_from_irespond_start":{"num":10,"min":0.000000000.0,"max":0.000000954,"avg":0.000000262,"var":0.000000000,"sum":0.000002623}},"get_input":{"duration":{"num":10,"min":0.000000238,"max":0.000001907,"avg":0.000000453,"var":0.000000000,"sum":0.000004530},"relative_timestamp_from_ult_start":{"num":10,"min":0.000000238,"max":0.000003576,"avg":0.000000644,"var":0.000000000,"sum":0.000006437}}}}},"14048217247822970879:0:14048217247822970879:0":{"rpc_id":-4398526825886580737,"provider_id":0,"parent_rpc_id":-4398526825886580737,"parent_provider_id":0,"name":"get_file_data","origin":{"sent to ofi+cxi://0x23eb6600":{"iforward":{"duration":{"num":10,"min":0.000010967,"max":0.000034094,"avg":0.000014257,"var":0.000000000,"sum":0.000142574},"relative_timestamp_from_create":{"num":10,"min":0.000000000.0,"max":0.000000238,"avg":0.000000119,"var":0.000000000,"sum":0.000001192}},"forward_cb":{"duration":{"num":10,"min":0.000000000.0,"max":0.000001431,"avg":0.000000334,"var":0.000000000,"sum":0.000003338},"relative_timestamp_from_iforward_start":{"num":10,"min":0.008886814,"max":0.037487507,"avg":0.019234872,"var":0.000671990,"sum":0.192348719}},"iforward_wait":{"duration":{"num":10,"min":0.008896828,"max":0.037458897,"avg":0.019223690,"var":0.000670937,"sum":0.192236900},"relative_timestamp_from_iforward_end":{"num":10,"min":0.000000000.0,"max":0.000000238,"avg":0.000000191,"var":0.000000000,"sum":0.000001907}},"set_input":{"duration":{"num":10,"min":0.000000238,"max":0.000000715,"avg":0.000000453,"var":0.000000000,"sum":0.000004530},"relative_timestamp_from_iforward_start":{"num":10,"min":0.000000477,"max":0.000002146,"avg":0.000000715,"var":0.000000000,"sum":0.000007153}},"get_output":{"duration":{"num":10,"min":0.000271797,"max":0.000286341,"avg":0.000280452,"var":0.000000000,"sum":0.002804518},"relative_timestamp_from_wait_end":{"num":10,"min":0.000000238,"max":0.000000715,"avg":0.000000310,"var":0.000000000,"sum":0.000003099}}}}},"65535:65535:8686831390660034559:65535":{"rpc_id":8686831390660034559,"provider_id":65535,"parent_rpc_id":65535,"parent_provider_id":65535,"name":"__shutdown__","target":{"received from ofi+cxi://0x23e70601":{"handler":{"duration":{"num":1,"min":0.000015974,"max":0.000015974,"avg":0.000015974,"var":0.000000000.0,"sum":0.000015974}},"ult":{"duration":{"num":1,"min":0.000017881,"max":0.000017881,"avg":0.000017881,"var":0.000000000.0,"sum":0.000017881},"relative_timestamp_from_handler_start":{"num":1,"min":0.000021219,"max":0.000021219,"avg":0.000021219,"var":0.000000000.0,"sum":0.000021219}},"irespond":{"duration":{"num":1,"min":0.000007629,"max":0.000007629,"avg":0.000007629,"var":0.000000000.0,"sum":0.000007629},"relative_timestamp_from_ult_start":{"num":1,"min":0.000001431,"max":0.000001431,"avg":0.000001431,"var":0.000000000.0,"sum":0.000001431}},"respond_cb":{"duration":{"num":1,"min":0.000000477,"max":0.000000477,"avg":0.000000477,"var":0.000000000.0,"sum":0.000000477},"relative_timestamp_from_irespond_start":{"num":1,"min":0.000013351,"max":0.000013351,"avg":0.000013351,"var":0.000000000.0,"sum":0.000013351}},"irespond_wait":{"duration":{"num":1,"min":0.000006437,"max":0.000006437,"avg":0.000006437,"var":0.000000000.0,"sum":0.000006437},"relative_timestamp_from_irespond_end":{"num":1,"min":0.000000238,"max":0.000000238,"avg":0.000000238,"var":0.000000000.0,"sum":0.000000238}},"set_output":{"duration":{"num":1,"min":0.000000477,"max":0.000000477,"avg":0.000000477,"var":0.000000000.0,"sum":0.000000477},"relative_timestamp_from_irespond_start":{"num":1,"min":0.000001431,"max":0.000001431,"avg":0.000001431,"var":0.000000000.0,"sum":0.000001431}},"get_input":{"duration":{"num":0,"min":0.000000000.0,"max":0.000000000.0,"avg":0.000000000.0,"var":0.000000000.0,"sum":0.000000000.0},"relative_timestamp_from_ult_start":{"num":0,"min":0.000000000.0,"max":0.000000000.0,"avg":0.000000000.0,"var":0.000000000.0,"sum":0.000000000.0}}}}}}}