{"address":"","rpcs":{"get_file_data:0":{"timestamps":[1717912630.162335634,1717912631.225239754,1717912632.265239239,1717912633.305240154,1717912634.345239639,1717912635.385241508,1717912636.425240040,1717912637.465239286,1717912638.505241871,1717912639.545240402,1717912640.585239649,1717912641.625240088,1717912642.665241003,1717912643.701239824,1717912644.741239548,1717912645.781240225,1717912646.821240187,1717912647.861240625,1717912648.901241302,1717912649.941239595,1717912650.981240988,1717912652.021240234,1717912653.061239958,1717912654.101241112,1717912655.141240120,1717912656.181240320,1717912657.221243620,1717912658.261239290,1717912659.301239014,1717912660.341239452,1717912661.381239414,1717912662.421239614,1717912663.461241245,1717912664.501239777,1717912665.541239023,1717912666.581239939,1717912667.621243477,1717912668.661239862,1717912669.701241732,1717912670.741239071,1717912671.781242847,1717912672.821239710,1717912673.861239672,1717912674.901239157,1717912675.941240072,1717912676.981239796,1717912678.021239996,1717912679.061241627,1717912680.101242781,1717912681.141240358,1717912682.181240082,1717912683.221241236,1717912684.261241674,1717912685.301240444,1717912686.341239452,1717912687.381240606,1717912688.421240568,1717912689.461240292,1717912690.501240015,1717912691.541241169,1717912692.581239700,1717912693.621240616,1717912694.661242008,1717912695.701239586,1717912696.741240025,1717912697.781239748,1717912698.821240902,1717912699.861240625,1717912700.901239634,1717912701.941239834,1717912702.981240273,1717912704.021240473,1717912705.061240911,1717912706.101239443,1717912707.141240358,1717912708.181240320,1717912709.221240997,1717912710.261240244,1717912711.301239967,1717912712.341240168,1717912713.381239891,1717912714.421240091,1717912715.461239815,1717912716.501241207,1717912717.541239500,1717912718.581239700,1717912719.621241331,1717912720.075946093],"count":[1,9,0,0,0,0,0,0,0,0,0,0,0,0,0,0,0,0,0,0,0,0,0,0,0,0,0,0,0,0,0,0,0,0,0,0,0,0,0,0,0,0,0,0,0,0,0,0,0,0,0,0,0,0,0,0,0,0,0,0,0,0,0,0,0,0,0,0,0,0,0,0,0,0,0,0,0,0,0,0,0,0,0,0,0,0,0,0],"bulk_size":[0,0,0,0,0,0,0,0,0,0,0,0,0,0,0,0,0,0,0,0,0,0,0,0,0,0,0,0,0,0,0,0,0,0,0,0,0,0,0,0,0,0,0,0,0,0,0,0,0,0,0,0,0,0,0,0,0,0,0,0,0,0,0,0,0,0,0,0,0,0,0,0,0,0,0,0,0,0,0,0,0,0,0,0,0,0,0,0]},"__shutdown__:65535":{"timestamps":[1717912720.075946093],"count":[1],"bulk_size":[0]}},"pools":{"__primary__":{"timestamps":[1717912630.162335634,1717912631.225239754,1717912632.265239239,1717912633.305240154,1717912634.345239639,1717912635.385241508,1717912636.425240040,1717912637.465239286,1717912638.505241871,1717912639.545240402,1717912640.585239649,1717912641.625240088,1717912642.665241003,1717912643.701239824,1717912644.741239548,1717912645.781240225,1717912646.821240187,1717912647.861240625,1717912648.901241302,1717912649.941239595,1717912650.981240988,1717912652.021240234,1717912653.061239958,1717912654.101241112,1717912655.141240120,1717912656.181240320,1717912657.221243620,1717912658.261239290,1717912659.301239014,1717912660.341239452,1717912661.381239414,1717912662.421239614,1717912663.461241245,1717912664.501239777,1717912665.541239023,1717912666.581239939,1717912667.621243477,1717912668.661239862,1717912669.701241732,1717912670.741239071,1717912671.781242847,1717912672.821239710,1717912673.861239672,1717912674.901239157,1717912675.941240072,1717912676.981239796,1717912678.021239996,1717912679.061241627,1717912680.101242781,1717912681.141240358,1717912682.181240082,1717912683.221241236,1717912684.261241674,1717912685.301240444,1717912686.341239452,1717912687.381240606,1717912688.421240568,1717912689.461240292,1717912690.501240015,1717912691.541241169,1717912692.581239700,1717912693.621240616,1717912694.661242008,1717912695.701239586,1717912696.741240025,1717912697.781239748,1717912698.821240902,1717912699.861240625,1717912700.901239634,1717912701.941239834,1717912702.981240273,1717912704.021240473,1717912705.061240911,1717912706.101239443,1717912707.141240358,1717912708.181240320,1717912709.221240997,1717912710.261240244,1717912711.301239967,1717912712.341240168,1717912713.381239891,1717912714.421240091,1717912715.461239815,1717912716.501241207,1717912717.541239500,1717912718.581239700,1717912719.621241331,1717912720.075946093],"size":[0,0,0,0,0,0,0,0,0,0,0,0,0,0,0,0,0,0,0,0,0,0,0,0,0,0,0,0,0,0,0,0,0,0,0,0,0,0,0,0,0,0,0,0,0,0,0,0,0,0,0,0,0,0,0,0,0,0,0,0,0,0,0,0,0,0,0,0,0,0,0,0,0,0,0,0,0,0,0,0,0,0,0,0,0,0,0,0],"total_size":[2,1,1,1,1,1,1,1,1,1,1,1,1,1,1,1,1,1,1,1,1,1,1,1,1,1,1,1,1,1,1,1,1,1,1,1,1,1,1,1,1,1,1,1,1,1,1,1,1,1,1,1,1,1,1,1,1,1,1,1,1,1,1,1,1,1,1,1,1,1,1,1,1,1,1,1,1,1,1,1,1,1,1,1,1,1,1,0]}}}