{"address":"","progress_loop":{"progress_with_timeout":{"num":865,"min":0.000005484,"max":0.104011297,"avg":0.103825161,"var":0.012146829,"sum":89.808764458},"progress_timeout_value_msec":{"num":865,"min":100.000000000.0,"max":100.000000000.0,"avg":100.000000000.0,"var":0.000000000.0,"sum":86500.000000000.0},"progress_without_timeout":{"num":97518,"min":0.000000000.0,"max":0.000067949,"avg":0.000000115,"var":0.000000012,"sum":0.011240482},"trigger":{"num":132,"min":0.000000000.0,"max":0.001832724,"avg":0.000014896,"var":0.000003331,"sum":0.001966238}},"rpcs":{"65535:65535:14048217247822970879:0":{"rpc_id":-4398526825886580737,"provider_id":0,"parent_rpc_id":65535,"parent_provider_id":65535,"name":"get_file_data","origin":{"sent to ofi+cxi://0x23ed2400":{"iforward":{"duration":{"num":10,"min":0.000000715,"max":0.000033617,"avg":0.000004315,"var":0.000000001,"sum":0.000043154},"relative_timestamp_from_create":{"num":10,"min":0.000000000.0,"max":0.000004053,"avg":0.000000501,"var":0.000000000,"sum":0.000005007}},"forward_cb":{"duration":{"num":10,"min":0.000000000.0,"max":0.000000238,"avg":0.000000143,"var":0.000000000,"sum":0.000001431},"relative_timestamp_from_iforward_start":{"num":10,"min":0.000152588,"max":0.012882710,"avg":0.003027177,"var":0.000216719,"sum":0.030271769}},"iforward_wait":{"duration":{"num":10,"min":0.000152588,"max":0.012881517,"avg":0.003026676,"var":0.000216110,"sum":0.030266762},"relative_timestamp_from_iforward_end":{"num":10,"min":0.000000000.0,"max":0.000000238,"avg":0.000000072,"var":0.000000000,"sum":0.000000715}},"set_input":{"duration":{"num":10,"min":0.000000238,"max":0.000004768,"avg":0.000000715,"var":0.000000000,"sum":0.000007153},"relative_timestamp_from_iforward_start":{"num":10,"min":0.000000477,"max":0.000021219,"avg":0.000002694,"var":0.000000000,"sum":0.000026941}},"get_output":{"duration":{"num":10,"min":0.000000238,"max":0.000000715,"avg":0.000000477,"var":0.000000000,"sum":0.000004768},"relative_timestamp_from_wait_end":{"num":10,"min":0.000000000.0,"max":0.000000477,"avg":0.000000143,"var":0.000000000,"sum":0.000001431}}}},"target":{"received from ofi+cxi://0x23ed2400":{"handler":{"duration":{"num":10,"min":0.000000238,"max":0.000007153,"avg":0.000001025,"var":0.000000000,"sum":0.000010252}},"ult":{"duration":{"num":10,"min":0.000150681,"max":0.012876034,"avg":0.003018999,"var":0.000215607,"sum":0.030189991},"relative_timestamp_from_handler_start":{"num":10,"min":0.000000477,"max":0.000015497,"avg":0.000002456,"var":0.000000000,"sum":0.000024557}},"irespond":{"duration":{"num":10,"min":0.000001669,"max":0.000022411,"avg":0.000012946,"var":0.000000000,"sum":0.000129461},"relative_timestamp_from_ult_start":{"num":10,"min":0.000125885,"max":0.012859821,"avg":0.002998972,"var":0.000214938,"sum":0.029989719}},"respond_cb":{"duration":{"num":10,"min":0.000000000.0,"max":0.000000477,"avg":0.000000191,"var":0.000000000,"sum":0.000001907},"relative_timestamp_from_irespond_start":{"num":10,"min":0.000002146,"max":0.000050545,"avg":0.000018692,"var":0.000000002,"sum":0.000186920}},"irespond_wait":{"duration":{"num":10,"min":0.000000954,"max":0.000029325,"avg":0.000006604,"var":0.000000001,"sum":0.000066042},"relative_timestamp_from_irespond_end":{"num":10,"min":0.000000000.0,"max":0.000000477,"avg":0.000000143,"var":0.000000000,"sum":0.000001431}},"set_output":{"duration":{"num":10,"min":0.000000477,"max":0.000011206,"avg":0.000006104,"var":0.000000000,"sum":0.000061035},"relative_timestamp_from_irespond_start":{"num":10,"min":0.000000000.0,"max":0.000000715,"avg":0.000000143,"var":0.000000000,"sum":0.000001431}},"get_input":{"duration":{"num":10,"min":0.000000000.0,"max":0.000001907,"avg":0.000000334,"var":0.000000000,"sum":0.000003338},"relative_timestamp_from_ult_start":{"num":10,"min":0.000000000.0,"max":0.000003338,"avg":0.000000453,"var":0.000000000,"sum":0.000004530}}}}},"14048217247822970879:0:14048217247822970879:0":{"rpc_id":-4398526825886580737,"provider_id":0,"parent_rpc_id":-4398526825886580737,"parent_provider_id":0,"name":"get_file_data","origin":{"sent to ofi+cxi://0x23e92000":{"iforward":{"duration":{"num":30,"min":0.000001431,"max":0.000039101,"avg":0.000008726,"var":0.000000001,"sum":0.000261784},"relative_timestamp_from_create":{"num":30,"min":0.000000000.0,"max":0.000000238,"avg":0.000000087,"var":0.000000000,"sum":0.000002623}},"forward_cb":{"duration":{"num":30,"min":0.000000000.0,"max":0.000001907,"avg":0.000000215,"var":0.000000000,"sum":0.000006437},"relative_timestamp_from_iforward_start":{"num":30,"min":0.000102520,"max":0.012851477,"avg":0.002906752,"var":0.000571272,"sum":0.087202549}},"iforward_wait":{"duration":{"num":30,"min":0.000099421,"max":0.012842894,"avg":0.002899623,"var":0.000570651,"sum":0.086988688},"relative_timestamp_from_iforward_end":{"num":30,"min":0.000000000.0,"max":0.000000477,"avg":0.000000191,"var":0.000000000,"sum":0.000005722}},"set_input":{"duration":{"num":30,"min":0.000000000.0,"max":0.000000715,"avg":0.000000334,"var":0.000000000,"sum":0.000010014},"relative_timestamp_from_iforward_start":{"num":30,"min":0.000000238,"max":0.000002623,"avg":0.000000564,"var":0.000000000,"sum":0.000016928}},"get_output":{"duration":{"num":30,"min":0.000000477,"max":0.000016928,"avg":0.000001733,"var":0.000000000,"sum":0.000051975},"relative_timestamp_from_wait_end":{"num":30,"min":0.000000000.0,"max":0.000000715,"avg":0.000000151,"var":0.000000000,"sum":0.000004530}}}},"target":{"received from ofi+cxi://0x23e94600":{"handler":{"duration":{"num":10,"min":0.000000238,"max":0.000004768,"avg":0.000001144,"var":0.000000000,"sum":0.000011444}},"ult":{"duration":{"num":10,"min":0.000167847,"max":0.012751818,"avg":0.002936339,"var":0.000180160,"sum":0.029363394},"relative_timestamp_from_handler_start":{"num":10,"min":0.000000477,"max":0.001837969,"avg":0.000184965,"var":0.000003036,"sum":0.001849651}},"irespond":{"duration":{"num":10,"min":0.000014067,"max":0.000022888,"avg":0.000017619,"var":0.000000000,"sum":0.000176191},"relative_timestamp_from_ult_start":{"num":10,"min":0.000117064,"max":0.012704372,"avg":0.002882457,"var":0.000179453,"sum":0.028824568}},"respond_cb":{"duration":{"num":10,"min":0.000000000.0,"max":0.000000238,"avg":0.000000143,"var":0.000000000,"sum":0.000001431},"relative_timestamp_from_irespond_start":{"num":10,"min":0.000040293,"max":0.000102520,"avg":0.000053120,"var":0.000000003,"sum":0.000531197}},"irespond_wait":{"duration":{"num":10,"min":0.000026226,"max":0.000079393,"avg":0.000035524,"var":0.000000003,"sum":0.000355244},"relative_timestamp_from_irespond_end":{"num":10,"min":0.000000238,"max":0.000000477,"avg":0.000000405,"var":0.000000000,"sum":0.000004053}},"set_output":{"duration":{"num":10,"min":0.000006199,"max":0.000011683,"avg":0.000007987,"var":0.000000000,"sum":0.000079870},"relative_timestamp_from_irespond_start":{"num":10,"min":0.000000000.0,"max":0.000000477,"avg":0.000000143,"var":0.000000000,"sum":0.000001431}},"get_input":{"duration":{"num":10,"min":0.000000000.0,"max":0.000000477,"avg":0.000000119,"var":0.000000000,"sum":0.000001192},"relative_timestamp_from_ult_start":{"num":10,"min":0.000000000.0,"max":0.000001907,"avg":0.000000405,"var":0.000000000,"sum":0.000004053}}},"received from ofi+cxi://0x23e94200":{"handler":{"duration":{"num":10,"min":0.000000238,"max":0.001831770,"avg":0.000183535,"var":0.000003019,"sum":0.001835346}},"ult":{"duration":{"num":10,"min":0.000187635,"max":0.012762785,"avg":0.002936006,"var":0.000179915,"sum":0.029360056},"relative_timestamp_from_handler_start":{"num":10,"min":0.000000477,"max":0.001889706,"avg":0.000189638,"var":0.000003211,"sum":0.001896381}},"irespond":{"duration":{"num":10,"min":0.000013590,"max":0.000020981,"avg":0.000015140,"var":0.000000000,"sum":0.000151396},"relative_timestamp_from_ult_start":{"num":10,"min":0.000132084,"max":0.012709618,"avg":0.002882576,"var":0.000179051,"sum":0.028825760}},"respond_cb":{"duration":{"num":10,"min":0.000000000.0,"max":0.000000238,"avg":0.000000095,