{"address":"","progress_loop":{"progress_with_timeout":{"num":873,"min":0.000000000.0,"max":0.104007006,"avg":0.102886358,"var":0.097462329,"sum":89.819790125},"progress_timeout_value_msec":{"num":873,"min":100.000000000.0,"max":100.000000000.0,"avg":100.000000000.0,"var":0.000000000.0,"sum":87300.000000000.0},"progress_without_timeout":{"num":122177,"min":0.000000000.0,"max":0.000009775,"avg":0.000000114,"var":0.000000002,"sum":0.013940096},"trigger":{"num":42,"min":0.000000000.0,"max":0.000034094,"avg":0.000001391,"var":0.000000001,"sum":0.000058413}},"rpcs":{"65535:65535:14048217247822970879:0":{"rpc_id":-4398526825886580737,"provider_id":0,"parent_rpc_id":65535,"parent_provider_id":65535,"name":"get_file_data","origin":{"sent to ofi+cxi://0x23e96200":{"iforward":{"duration":{"num":10,"min":0.000000715,"max":0.000026941,"avg":0.000003529,"var":0.000000001,"sum":0.000035286},"relative_timestamp_from_create":{"num":10,"min":0.000000000.0,"max":0.000003338,"avg":0.000000405,"var":0.000000000,"sum":0.000004053}},"forward_cb":{"duration":{"num":10,"min":0.000000000.0,"max":0.000000238,"avg":0.000000095,"var":0.000000000,"sum":0.000000954},"relative_timestamp_from_iforward_start":{"num":10,"min":0.000091076,"max":0.024859667,"avg":0.003466749,"var":0.000525321,"sum":0.034667492}},"iforward_wait":{"duration":{"num":10,"min":0.000090837,"max":0.024835825,"avg":0.003464222,"var":0.000524309,"sum":0.034642220},"relative_timestamp_from_iforward_end":{"num":10,"min":0.000000000.0,"max":0.000000477,"avg":0.000000048,"var":0.000000000,"sum":0.000000477}},"set_input":{"duration":{"num":10,"min":0.000000000.0,"max":0.000004292,"avg":0.000000644,"var":0.000000000,"sum":0.000006437},"relative_timestamp_from_iforward_start":{"num":10,"min":0.000000238,"max":0.000016451,"avg":0.000002050,"var":0.000000000,"sum":0.000020504}},"get_output":{"duration":{"num":10,"min":0.000000238,"max":0.000000715,"avg":0.000000334,"var":0.000000000,"sum":0.000003338},"relative_timestamp_from_wait_end":{"num":10,"min":0.000000000.0,"max":0.000000238,"avg":0.000000095,"var":0.000000000,"sum":0.000000954}}}},"target":{"received from ofi+cxi://0x23e96200":{"handler":{"duration":{"num":10,"min":0.000000238,"max":0.000005960,"avg":0.000000978,"var":0.000000000,"sum":0.000009775}},"ult":{"duration":{"num":10,"min":0.000089645,"max":0.024810791,"avg":0.003460288,"var":0.000523306,"sum":0.034602880},"relative_timestamp_from_handler_start":{"num":10,"min":0.000000477,"max":0.000013113,"avg":0.000001884,"var":0.000000000,"sum":0.000018835}},"irespond":{"duration":{"num":10,"min":0.000000715,"max":0.000002623,"avg":0.000001001,"var":0.000000000,"sum":0.000010014},"relative_timestamp_from_ult_start":{"num":10,"min":0.000087738,"max":0.024805307,"avg":0.003457832,"var":0.000523163,"sum":0.034578323}},"respond_cb":{"duration":{"num":10,"min":0.000000000.0,"max":0.000000238,"avg":0.000000095,"var":0.000000000,"sum":0.000000954},"relative_timestamp_from_irespond_start":{"num":10,"min":0.000001192,"max":0.000003338,"avg":0.000001502,"var":0.000000000,"sum":0.000015020}},"irespond_wait":{"duration":{"num":10,"min":0.000000715,"max":0.000001431,"avg":0.000000978,"var":0.000000000,"sum":0.000009775},"relative_timestamp_from_irespond_end":{"num":10,"min":0.000000000.0,"max":0.000000238,"avg":0.000000119,"var":0.000000000,"sum":0.000001192}},"set_output":{"duration":{"num":10,"min":0.000000477,"max":0.000001192,"avg":0.000000691,"var":0.000000000,"sum":0.000006914},"relative_timestamp_from_irespond_start":{"num":10,"min":0.000000000.0,"max":0.000000715,"avg":0.000000143,"var":0.000000000,"sum":0.000001431}},"get_input":{"duration":{"num":10,"min":0.000000000.0,"max":0.000002146,"avg":0.000000358,"var":0.000000000,"sum":0.000003576},"relative_timestamp_from_ult_start":{"num":10,"min":0.000000000.0,"max":0.000002861,"avg":0.000000429,"var":0.000000000,"sum":0.000004292}}}}},"14048217247822970879:0:14048217247822970879:0":{"rpc_id":-4398526825886580737,"provider_id":0,"parent_rpc_id":-4398526825886580737,"parent_provider_id":0,"name":"get_file_data","origin":{"sent to ofi+cxi://0x23ed6200":{"iforward":{"duration":{"num":10,"min":0.000007391,"max":0.000033140,"avg":0.000010324,"var":0.000000001,"sum":0.000103235},"relative_timestamp_from_create":{"num":10,"min":0.000000000.0,"max":0.000000238,"avg":0.000000048,"var":0.000000000,"sum":0.000000477}},"forward_cb":{"duration":{"num":10,"min":0.000000000.0,"max":0.000001192,"avg":0.000000167,"var":0.000000000,"sum":0.000001669},"relative_timestamp_from_iforward_start":{"num":10,"min":0.000081301,"max":0.024705887,"avg":0.003441525,"var":0.000519225,"sum":0.034415245}},"iforward_wait":{"duration":{"num":10,"min":0.000073910,"max":0.024677038,"avg":0.003431821,"var":0.000518322,"sum":0.034318209},"relative_timestamp_from_iforward_end":{"num":10,"min":0.000000000.0,"max":0.000000238,"avg":0.000000191,"var":0.000000000,"sum":0.000001907}},"set_input":{"duration":{"num":10,"min":0.000000000.0,"max":0.000000477,"avg":0.000000215,"var":0.000000000,"sum":0.000002146},"relative_timestamp_from_iforward_start":{"num":10,"min":0.000000238,"max":0.000001669,"avg":0.000000572,"var":0.000000000,"sum":0.000005722}},"get_output":{"duration":{"num":10,"min":0.000000238,"max":0.000003576,"avg":0.000000858,"var":0.000000000,"sum":0.000008583},"relative_timestamp_from_wait_end":{"num":10,"min":0.000000000.0,"max":0.000000715,"avg":0.000000167,"var":0.000000000,"sum":0.000001669}}}}},"65535:65535:8686831390660034559:65535":{"rpc_id":8686831390660034559,"provider_id":65535,"parent_rpc_id":65535,"parent_provider_id":65535,"name":"__shutdown__","target":{"received from ofi+cxi://0x23e70601":{"handler":{"duration":{"num":1,"min":0.000023842,"max":0.000023842,"avg":0.000023842,"var":0.000000000.0,"sum":0.000023842}},"ult":{"duration":{"num":1,"min":0.000015736,"max":0.000015736,"avg":0.000015736,"var":0.000000000.0,"sum":0.000015736},"relative_timestamp_from_handler_start":{"num":1,"min":0.000027418,"max":0.000027418,"avg":0.000027418,"var":0.000000000.0,"sum":0.000027418}},"irespond":{"duration":{"num":1,"min":0.000006437,"max":0.000006437,"avg":0.000006437,"var":0.000000000.0,"sum":0.000006437},"relative_timestamp_from_ult_start":{"num":1,"min":0.000000954,"max":0.000000954,"avg":0.000000954,"var":0.000000000.0,"sum":0.000000954}},"respond_cb":{"duration":{"num":1,"min":0.000000477,"max":0.000000477,"avg":0.000000477,"var":0.000000000.0,"sum":0.000000477},"relative_timestamp_from_irespond_start":{"num":1,"min":0.000011921,"max":0.000011921,"avg":0.000011921,"var":0.000000000.0,"sum":0.000011921}},"irespond_wait":{"duration":{"num":1,"min":0.000006199,"max":0.000006199,"avg":0.000006199,"var":0.000000000.0,"sum":0.000006199},"relative_timestamp_from_irespond_end":{"num":1,"min":0.000000238,"max":0.000000238,"avg":0.000000238,"var":0.000000000.0,"sum":0.000000238}},"set_output":{"duration":{"num":1,"min":0.000000477,"max":0.000000477,"avg":0.000000477,"var":0.000000000.0,"sum":0.000000477},"relative_timestamp_from_irespond_start":{"num":1,"min":0.000001192,"max":0.000001192,"avg":0.000001192,"var":0.000000000.0,"sum":0.000001192}},"get_input":{"duration":{"num":0,"min":0.000000000.0,"max":0.000000000.0,"avg":0.000000000.0,"var":0.000000000.0,"sum":0.000000000.0},"relative_timestamp_from_ult_start":{"num":0,"min":0.000000000.0,"max":0.000000000.0,"avg":0.000000000.0,"var":0.000000000.0,"sum":0.000000000.0}}}}}}}