{"address":"","progress_loop":{"progress_with_timeout":{"num":1256,"min":0.000000954,"max":0.104007244,"avg":0.103199390,"var":0.100353493,"sum":129.618433475},"progress_timeout_value_msec":{"num":1256,"min":100.000000000.0,"max":100.000000000.0,"avg":100.000000000.0,"var":0.000000000.0,"sum":125600.000000000.0},"progress_without_timeout":{"num":34539953,"min":0.000000000.0,"max":0.011758089,"avg":0.000000114,"var":0.000637591,"sum":3.942306042},"trigger":{"num":52,"min":0.000000477,"max":0.000037670,"avg":0.000003246,"var":0.000000003,"sum":0.000168800}},"rpcs":{"65535:65535:14048217247822970879:0":{"rpc_id":-4398526825886580737,"provider_id":0,"parent_rpc_id":65535,"parent_provider_id":65535,"name":"get_file_data","origin":{"sent to ofi+cxi://0x23ed0000":{"iforward":{"duration":{"num":10,"min":0.000003576,"max":0.000038862,"avg":0.000007677,"var":0.000000001,"sum":0.000076771},"relative_timestamp_from_create":{"num":10,"min":0.000000000.0,"max":0.000005245,"avg":0.000000787,"var":0.000000000,"sum":0.000007868}},"forward_cb":{"duration":{"num":10,"min":0.000000238,"max":0.000000715,"avg":0.000000453,"var":0.000000000,"sum":0.000004530},"relative_timestamp_from_iforward_start":{"num":10,"min":0.566785336,"max":1.104418039,"avg":1.005858660,"var":0.220777291,"sum":10.058586597}},"iforward_wait":{"duration":{"num":10,"min":0.566929579,"max":1.104585886,"avg":1.006023169,"var":0.220798411,"sum":10.060231686},"relative_timestamp_from_iforward_end":{"num":10,"min":0.000000000.0,"max":0.000000477,"avg":0.000000215,"var":0.000000000,"sum":0.000002146}},"set_input":{"duration":{"num":10,"min":0.000000238,"max":0.000005960,"avg":0.000001001,"var":0.000000000,"sum":0.000010014},"relative_timestamp_from_iforward_start":{"num":10,"min":0.000002623,"max":0.000024319,"avg":0.000005317,"var":0.000000000,"sum":0.000053167}},"get_output":{"duration":{"num":10,"min":0.015165091,"max":0.016852379,"avg":0.015831971,"var":0.000001696,"sum":0.158319712},"relative_timestamp_from_wait_end":{"num":10,"min":0.000000477,"max":0.000000715,"avg":0.000000620,"var":0.000000000,"sum":0.000006199}}}},"target":{"received from ofi+cxi://0x23ed0000":{"handler":{"duration":{"num":10,"min":0.000001192,"max":0.000006199,"avg":0.000001836,"var":0.000000000,"sum":0.000018358}},"ult":{"duration":{"num":10,"min":0.566895008,"max":1.104579926,"avg":1.006013823,"var":0.220823112,"sum":10.060138226},"relative_timestamp_from_handler_start":{"num":10,"min":0.000001907,"max":0.000015736,"avg":0.000003529,"var":0.000000000,"sum":0.000035286}},"irespond":{"duration":{"num":10,"min":0.013873577,"max":0.014650822,"avg":0.014283919,"var":0.000000524,"sum":0.142839193},"relative_timestamp_from_ult_start":{"num":10,"min":0.552779436,"max":1.089980364,"avg":0.991555429,"var":0.220439049,"sum":9.915554285}},"respond_cb":{"duration":{"num":10,"min":0.000000238,"max":0.000000715,"avg":0.000000334,"var":0.000000000,"sum":0.000003338},"relative_timestamp_from_irespond_start":{"num":10,"min":0.013876677,"max":0.014652729,"avg":0.014286518,"var":0.000000523,"sum":0.142865181}},"irespond_wait":{"duration":{"num":10,"min":0.000003815,"max":0.000005484,"avg":0.000004387,"var":0.000000000,"sum":0.000043869},"relative_timestamp_from_irespond_end":{"num":10,"min":0.000000000.0,"max":0.000000477,"avg":0.000000191,"var":0.000000000,"sum":0.000001907}},"set_output":{"duration":{"num":10,"min":0.013486385,"max":0.014249086,"avg":0.013886452,"var":0.000000509,"sum":0.138864517},"relative_timestamp_from_irespond_start":{"num":10,"min":0.000000238,"max":0.000001669,"avg":0.000000572,"var":0.000000000,"sum":0.000005722}},"get_input":{"duration":{"num":10,"min":0.000000238,"max":0.000002384,"avg":0.000000668,"var":0.000000000,"sum":0.000006676},"relative_timestamp_from_ult_start":{"num":10,"min":0.000000238,"max":0.000004530,"avg":0.000000954,"var":0.000000000,"sum":0.000009537}}}}},"14048217247822970879:0:14048217247822970879:0":{"rpc_id":-4398526825886580737,"provider_id":0,"parent_rpc_id":-4398526825886580737,"parent_provider_id":0,"name":"get_file_data","origin":{"sent to ofi+cxi://0x24016600":{"iforward":{"duration":{"num":10,"min":0.000016212,"max":0.000038147,"avg":0.000019479,"var":0.000000000,"sum":0.000194788},"relative_timestamp_from_create":{"num":10,"min":0.000000000.0,"max":0.000000477,"avg":0.000000262,"var":0.000000000,"sum":0.000002623}},"forward_cb":{"duration":{"num":10,"min":0.000000477,"max":0.000034809,"avg":0.000004148,"var":0.000000001,"sum":0.000041485},"relative_timestamp_from_iforward_start":{"num":10,"min":0.533436060,"max":1.070502520,"avg":0.972161388,"var":0.220368307,"sum":9.721613884}},"iforward_wait":{"duration":{"num":10,"min":0.533406496,"max":1.070482254,"avg":0.972147346,"var":0.220381002,"sum":9.721473455},"relative_timestamp_from_iforward_end":{"num":10,"min":0.000000000.0,"max":0.000000238,"avg":0.000000191,"var":0.000000000,"sum":0.000001907}},"set_input":{"duration":{"num":10,"min":0.000000238,"max":0.000000715,"avg":0.000000477,"var":0.000000000,"sum":0.000004768},"relative_timestamp_from_iforward_start":{"num":10,"min":0.000000715,"max":0.000002146,"avg":0.000001001,"var":0.000000000,"sum":0.000010014}},"get_output":{"duration":{"num":10,"min":0.018932819,"max":0.019518614,"avg":0.019346261,"var":0.000000309,"sum":0.193462610},"relative_timestamp_from_wait_end":{"num":10,"min":0.000000477,"max":0.000001907,"avg":0.000000858,"var":0.000000000,"sum":0.000008583}}}}},"65535:65535:8686831390660034559:65535":{"rpc_id":8686831390660034559,"provider_id":65535,"parent_rpc_id":65535,"parent_provider_id":65535,"name":"__shutdown__","target":{"received from ofi+cxi://0x23e70601":{"handler":{"duration":{"num":1,"min":0.000026226,"max":0.000026226,"avg":0.000026226,"var":0.000000000.0,"sum":0.000026226}},"ult":{"duration":{"num":1,"min":0.000019312,"max":0.000019312,"avg":0.000019312,"var":0.000000000.0,"sum":0.000019312},"relative_timestamp_from_handler_start":{"num":1,"min":0.000030518,"max":0.000030518,"avg":0.000030518,"var":0.000000000.0,"sum":0.000030518}},"irespond":{"duration":{"num":1,"min":0.000009060,"max":0.000009060,"avg":0.000009060,"var":0.000000000.0,"sum":0.000009060},"relative_timestamp_from_ult_start":{"num":1,"min":0.000001431,"max":0.000001431,"avg":0.000001431,"var":0.000000000.0,"sum":0.000001431}},"respond_cb":{"duration":{"num":1,"min":0.000000238,"max":0.000000238,"avg":0.000000238,"var":0.000000000.0,"sum":0.000000238},"relative_timestamp_from_irespond_start":{"num":1,"min":0.000015259,"max":0.000015259,"avg":0.000015259,"var":0.000000000.0,"sum":0.000015259}},"irespond_wait":{"duration":{"num":1,"min":0.000006676,"max":0.000006676,"avg":0.000006676,"var":0.000000000.0,"sum":0.000006676},"relative_timestamp_from_irespond_end":{"num":1,"min":0.000000238,"max":0.000000238,"avg":0.000000238,"var":0.000000000.0,"sum":0.000000238}},"set_output":{"duration":{"num":1,"min":0.000000954,"max":0.000000954,"avg":0.000000954,"var":0.000000000.0,"sum":0.000000954},"relative_timestamp_from_irespond_start":{"num":1,"min":0.000000715,"max":0.000000715,"avg":0.000000715,"var":0.000000000.0,"sum":0.000000715}},"get_input":{"duration":{"num":0,"min":0.000000000.0,"max":0.000000000.0,"avg":0.000000000.0,"var":0.000000000.0,"sum":0.000000000.0},"relative_timestamp_from_ult_start":{"num":0,"min":0.000000000.0,"max":0.000000000.0,"avg":0.000000000.0,"var":0.000000000.0,"sum":0.000000000.0}}}}}}}