{"address":"","progress_loop":{"progress_with_timeout":{"num":864,"min":0.065546989,"max":0.104006052,"avg":0.103949611,"var":0.001493321,"sum":89.812463999},"progress_timeout_value_msec":{"num":864,"min":100.000000000.0,"max":100.000000000.0,"avg":100.000000000.0,"var":0.000000000.0,"sum":86400.000000000.0},"progress_without_timeout":{"num":106279,"min":0.000000000.0,"max":0.000010729,"avg":0.000000112,"var":0.000000002,"sum":0.011902094},"trigger":{"num":102,"min":0.000000000.0,"max":0.001385212,"avg":0.000014511,"var":0.000001899,"sum":0.001480103}},"rpcs":{"65535:65535:14048217247822970879:0":{"rpc_id":-4398526825886580737,"provider_id":0,"parent_rpc_id":65535,"parent_provider_id":65535,"name":"get_file_data","origin":{"sent to ofi+cxi://0x23eb6600":{"iforward":{"duration":{"num":10,"min":0.000000715,"max":0.000033379,"avg":0.000004268,"var":0.000000001,"sum":0.000042677},"relative_timestamp_from_create":{"num":10,"min":0.000000000.0,"max":0.000004530,"avg":0.000000548,"var":0.000000000,"sum":0.000005484}},"forward_cb":{"duration":{"num":10,"min":0.000000000.0,"max":0.000000477,"avg":0.000000119,"var":0.000000000,"sum":0.000001192},"relative_timestamp_from_iforward_start":{"num":10,"min":0.000058413,"max":0.018854618,"avg":0.003209853,"var":0.000367334,"sum":0.032098532}},"iforward_wait":{"duration":{"num":10,"min":0.000058174,"max":0.018832207,"avg":0.003207326,"var":0.000366650,"sum":0.032073259},"relative_timestamp_from_iforward_end":{"num":10,"min":0.000000000.0,"max":0.000000238,"avg":0.000000072,"var":0.000000000,"sum":0.000000715}},"set_input":{"duration":{"num":10,"min":0.000000238,"max":0.000005007,"avg":0.000000834,"var":0.000000000,"sum":0.000008345},"relative_timestamp_from_iforward_start":{"num":10,"min":0.000000238,"max":0.000020742,"avg":0.000002599,"var":0.000000000,"sum":0.000025988}},"get_output":{"duration":{"num":10,"min":0.000000000.0,"max":0.000000477,"avg":0.000000191,"var":0.000000000,"sum":0.000001907},"relative_timestamp_from_wait_end":{"num":10,"min":0.000000000.0,"max":0.000000477,"avg":0.000000119,"var":0.000000000,"sum":0.000001192}}}},"target":{"received from ofi+cxi://0x23eb6600":{"handler":{"duration":{"num":10,"min":0.000000238,"max":0.000004768,"avg":0.000000882,"var":0.000000000,"sum":0.000008821}},"ult":{"duration":{"num":10,"min":0.000056982,"max":0.018334627,"avg":0.003156185,"var":0.000351372,"sum":0.031561852},"relative_timestamp_from_handler_start":{"num":10,"min":0.000000477,"max":0.000475407,"avg":0.000048232,"var":0.000000203,"sum":0.000482321}},"irespond":{"duration":{"num":10,"min":0.000000238,"max":0.000003338,"avg":0.000000834,"var":0.000000000,"sum":0.000008345},"relative_timestamp_from_ult_start":{"num":10,"min":0.000054836,"max":0.018325806,"avg":0.003153563,"var":0.000351170,"sum":0.031535625}},"respond_cb":{"duration":{"num":10,"min":0.000000000.0,"max":0.000000238,"avg":0.000000048,"var":0.000000000,"sum":0.000000477},"relative_timestamp_from_irespond_start":{"num":10,"min":0.000000954,"max":0.000005245,"avg":0.000001574,"var":0.000000000,"sum":0.000015736}},"irespond_wait":{"duration":{"num":10,"min":0.000000715,"max":0.000004292,"avg":0.000001383,"var":0.000000000,"sum":0.000013828},"relative_timestamp_from_irespond_end":{"num":10,"min":0.000000000.0,"max":0.000000238,"avg":0.000000072,"var":0.000000000,"sum":0.000000715}},"set_output":{"duration":{"num":10,"min":0.000000238,"max":0.000000715,"avg":0.000000381,"var":0.000000000,"sum":0.000003815},"relative_timestamp_from_irespond_start":{"num":10,"min":0.000000000.0,"max":0.000001192,"avg":0.000000191,"var":0.000000000,"sum":0.000001907}},"get_input":{"duration":{"num":10,"min":0.000000000.0,"max":0.000002384,"avg":0.000000358,"var":0.000000000,"sum":0.000003576},"relative_timestamp_from_ult_start":{"num":10,"min":0.000000000.0,"max":0.000007629,"avg":0.000000858,"var":0.000000000,"sum":0.000008583}}}}},"14048217247822970879:0:14048217247822970879:0":{"rpc_id":-4398526825886580737,"provider_id":0,"parent_rpc_id":-4398526825886580737,"parent_provider_id":0,"name":"get_file_data","origin":{"sent to ofi+cxi://0x23e92000":{"iforward":{"duration":{"num":30,"min":0.000001192,"max":0.000037909,"avg":0.000009187,"var":0.000000001,"sum":0.000275612},"relative_timestamp_from_create":{"num":30,"min":0.000000000.0,"max":0.000000238,"avg":0.000000087,"var":0.000000000,"sum":0.000002623}},"forward_cb":{"duration":{"num":30,"min":0.000000000.0,"max":0.000003099,"avg":0.000000207,"var":0.000000000,"sum":0.000006199},"relative_timestamp_from_iforward_start":{"num":30,"min":0.000038147,"max":0.018205643,"avg":0.002952592,"var":0.000828900,"sum":0.088577747}},"iforward_wait":{"duration":{"num":30,"min":0.000036716,"max":0.018175364,"avg":0.002945336,"var":0.000827981,"sum":0.088360071},"relative_timestamp_from_iforward_end":{"num":30,"min":0.000000000.0,"max":0.000000238,"avg":0.000000175,"var":0.000000000,"sum":0.000005245}},"set_input":{"duration":{"num":30,"min":0.000000000.0,"max":0.000000715,"avg":0.000000366,"var":0.000000000,"sum":0.000010967},"relative_timestamp_from_iforward_start":{"num":30,"min":0.000000238,"max":0.000002384,"avg":0.000000596,"var":0.000000000,"sum":0.000017881}},"get_output":{"duration":{"num":30,"min":0.000000000.0,"max":0.000001192,"avg":0.000000215,"var":0.000000000,"sum":0.000006437},"relative_timestamp_from_wait_end":{"num":30,"min":0.000000000.0,"max":0.000001192,"avg":0.000000175,"var":0.000000000,"sum":0.000005245}}}},"target":{"received from ofi+cxi://0x23eb0000":{"handler":{"duration":{"num":10,"min":0.000000238,"max":0.000005245,"avg":0.000001097,"var":0.000000000,"sum":0.000010967}},"ult":{"duration":{"num":10,"min":0.000047922,"max":0.017863512,"avg":0.003105497,"var":0.000313927,"sum":0.031054974},"relative_timestamp_from_handler_start":{"num":10,"min":0.000000477,"max":0.000007629,"avg":0.000001645,"var":0.000000000,"sum":0.000016451}},"irespond":{"duration":{"num":10,"min":0.000000238,"max":0.000002623,"avg":0.000000620,"var":0.000000000,"sum":0.000006199},"relative_timestamp_from_ult_start":{"num":10,"min":0.000042915,"max":0.017817259,"avg":0.003094172,"var":0.000312771,"sum":0.030941725}},"respond_cb":{"duration":{"num":10,"min":0.000000000.0,"max":0.000000238,"avg":0.000000048,"var":0.000000000,"sum":0.000000477},"relative_timestamp_from_irespond_start":{"num":10,"min":0.000003576,"max":0.000028849,"avg":0.000008917,"var":0.000000001,"sum":0.000089169}},"irespond_wait":{"duration":{"num":10,"min":0.000003338,"max":0.000043154,"avg":0.000010252,"var":0.000000002,"sum":0.000102520},"relative_timestamp_from_irespond_end":{"num":10,"min":0.000000000.0,"max":0.000000238,"avg":0.000000191,"var":0.000000000,"sum":0.000001907}},"set_output":{"duration":{"num":10,"min":0.000000000.0,"max":0.000000715,"avg":0.000000119,"var":0.000000000,"sum":0.000001192},"relative_timestamp_from_irespond_start":{"num":10,"min":0.000000000.0,"max":0.000000477,"avg":0.000000143,"var":0.000000000,"sum":0.000001431}},"get_input":{"duration":{"num":10,"min":0.000000000.0,"max":0.000001431,"avg":0.000000310,"var":0.000000000,"sum":0.000003099},"relative_timestamp_from_ult_start":{"num":10,"min":0.000000000.0,"max":0.000000954,"avg":0.000000238,"var":0.000000000,"sum":0.000002384}}},"received from ofi+cxi://0x23eb0400":{"handler":{"duration":{"num":10,"min":0.000000238,"max":0.001384020,"avg":0.000138760,"var":0.000001723,"sum":0.001387596}},"ult":{"duration":{"num":10,"min":0.000058889,"max":0.012025356,"avg":0.002658701,"var":0.000167532,"sum":0.026587009},"relative_timestamp_from_handler_start":{"num":10,"min":0.000000477,"max":0.001386404,"avg":0.000139236,"var":0.000001728,"sum":0.001392365}},"irespond":{"duration":{"num":10,"min":0.000000238,"max":0.000001669,"avg":0.000000620,"var":0.000000000,"sum":0.000006199},"relative_timestamp_from_ult_start":{"num":10,"min":0.000054598,"max":0.012018681,"avg":0.002651715,"var":0.000167589,"sum":0.026517153}},"respond_cb":{"duration":{"num":10,"min":0.000000000.0,"max":0.000000238,