{"address":"","progress_loop":{"progress_with_timeout":{"num":866,"min":0.000015497,"max":0.104005575,"avg":0.103730169,"var":0.022024603,"sum":89.830326319},"progress_timeout_value_msec":{"num":866,"min":100.000000000.0,"max":100.000000000.0,"avg":100.000000000.0,"var":0.000000000.0,"sum":86600.000000000.0},"progress_without_timeout":{"num":35826,"min":0.000000000.0,"max":0.000015259,"avg":0.000000113,"var":0.000000001,"sum":0.004064083},"trigger":{"num":102,"min":0.000000000.0,"max":0.001426220,"avg":0.000014602,"var":0.000002013,"sum":0.001489401}},"rpcs":{"65535:65535:14048217247822970879:0":{"rpc_id":-4398526825886580737,"provider_id":0,"parent_rpc_id":65535,"parent_provider_id":65535,"name":"get_file_data","origin":{"sent to ofi+cxi://0x23ef2000":{"iforward":{"duration":{"num":10,"min":0.000000715,"max":0.000034332,"avg":0.000004387,"var":0.000000001,"sum":0.000043869},"relative_timestamp_from_create":{"num":10,"min":0.000000000.0,"max":0.000004053,"avg":0.000000453,"var":0.000000000,"sum":0.000004530}},"forward_cb":{"duration":{"num":10,"min":0.000000000.0,"max":0.000000477,"avg":0.000000072,"var":0.000000000,"sum":0.000000715},"relative_timestamp_from_iforward_start":{"num":10,"min":0.000071526,"max":0.004751921,"avg":0.001258540,"var":0.000034594,"sum":0.012585402}},"iforward_wait":{"duration":{"num":10,"min":0.000071526,"max":0.004750729,"avg":0.001258349,"var":0.000034457,"sum":0.012583494},"relative_timestamp_from_iforward_end":{"num":10,"min":0.000000000.0,"max":0.000000238,"avg":0.000000048,"var":0.000000000,"sum":0.000000477}},"set_input":{"duration":{"num":10,"min":0.000000000.0,"max":0.000005245,"avg":0.000000858,"var":0.000000000,"sum":0.000008583},"relative_timestamp_from_iforward_start":{"num":10,"min":0.000000477,"max":0.000020981,"avg":0.000002599,"var":0.000000000,"sum":0.000025988}},"get_output":{"duration":{"num":10,"min":0.000000238,"max":0.000000715,"avg":0.000000334,"var":0.000000000,"sum":0.000003338},"relative_timestamp_from_wait_end":{"num":10,"min":0.000000000.0,"max":0.000000477,"avg":0.000000119,"var":0.000000000,"sum":0.000001192}}}},"target":{"received from ofi+cxi://0x23ef2000":{"handler":{"duration":{"num":10,"min":0.000000238,"max":0.000007391,"avg":0.000001073,"var":0.000000000,"sum":0.000010729}},"ult":{"duration":{"num":10,"min":0.000069141,"max":0.004748583,"avg":0.001202941,"var":0.000033721,"sum":0.012029409},"relative_timestamp_from_handler_start":{"num":10,"min":0.000000477,"max":0.000491381,"avg":0.000049829,"var":0.000000217,"sum":0.000498295}},"irespond":{"duration":{"num":10,"min":0.000000477,"max":0.000003815,"avg":0.000001097,"var":0.000000000,"sum":0.000010967},"relative_timestamp_from_ult_start":{"num":10,"min":0.000066519,"max":0.004746199,"avg":0.001200032,"var":0.000033718,"sum":0.012000322}},"respond_cb":{"duration":{"num":10,"min":0.000000000.0,"max":0.000000238,"avg":0.000000119,"var":0.000000000,"sum":0.000001192},"relative_timestamp_from_irespond_start":{"num":10,"min":0.000000954,"max":0.000004530,"avg":0.000001717,"var":0.000000000,"sum":0.000017166}},"irespond_wait":{"duration":{"num":10,"min":0.000000715,"max":0.000002623,"avg":0.000001383,"var":0.000000000,"sum":0.000013828},"relative_timestamp_from_irespond_end":{"num":10,"min":0.000000000.0,"max":0.000000238,"avg":0.000000095,"var":0.000000000,"sum":0.000000954}},"set_output":{"duration":{"num":10,"min":0.000000000.0,"max":0.000000954,"avg":0.000000596,"var":0.000000000,"sum":0.000005960},"relative_timestamp_from_irespond_start":{"num":10,"min":0.000000000.0,"max":0.000001431,"avg":0.000000238,"var":0.000000000,"sum":0.000002384}},"get_input":{"duration":{"num":10,"min":0.000000000.0,"max":0.000002384,"avg":0.000000310,"var":0.000000000,"sum":0.000003099},"relative_timestamp_from_ult_start":{"num":10,"min":0.000000000.0,"max":0.000009298,"avg":0.000001121,"var":0.000000000,"sum":0.000011206}}}}},"14048217247822970879:0:14048217247822970879:0":{"rpc_id":-4398526825886580737,"provider_id":0,"parent_rpc_id":-4398526825886580737,"parent_provider_id":0,"name":"get_file_data","origin":{"sent to ofi+cxi://0x23eb4600":{"iforward":{"duration":{"num":30,"min":0.000001431,"max":0.000037432,"avg":0.000008392,"var":0.000000001,"sum":0.000251770},"relative_timestamp_from_create":{"num":30,"min":0.000000000.0,"max":0.000000477,"avg":0.000000087,"var":0.000000000,"sum":0.000002623}},"forward_cb":{"duration":{"num":30,"min":0.000000000.0,"max":0.000002146,"avg":0.000000207,"var":0.000000000,"sum":0.000006199},"relative_timestamp_from_iforward_start":{"num":30,"min":0.000041485,"max":0.004866362,"avg":0.001160034,"var":0.000092378,"sum":0.034801006}},"iforward_wait":{"duration":{"num":30,"min":0.000038147,"max":0.004853725,"avg":0.001152865,"var":0.000092203,"sum":0.034585953},"relative_timestamp_from_iforward_end":{"num":30,"min":0.000000000.0,"max":0.000000477,"avg":0.000000183,"var":0.000000000,"sum":0.000005484}},"set_input":{"duration":{"num":30,"min":0.000000000.0,"max":0.000000715,"avg":0.000000302,"var":0.000000000,"sum":0.000009060},"relative_timestamp_from_iforward_start":{"num":30,"min":0.000000238,"max":0.000002146,"avg":0.000000564,"var":0.000000000,"sum":0.000016928}},"get_output":{"duration":{"num":30,"min":0.000000238,"max":0.000004530,"avg":0.000000723,"var":0.000000000,"sum":0.000021696},"relative_timestamp_from_wait_end":{"num":30,"min":0.000000000.0,"max":0.000000954,"avg":0.000000135,"var":0.000000000,"sum":0.000004053}}}},"target":{"received from ofi+cxi://0x23eb2400":{"handler":{"duration":{"num":10,"min":0.000000238,"max":0.000003815,"avg":0.000000811,"var":0.000000000,"sum":0.000008106}},"ult":{"duration":{"num":10,"min":0.000057220,"max":0.004931688,"avg":0.001174855,"var":0.000024528,"sum":0.011748552},"relative_timestamp_from_handler_start":{"num":10,"min":0.000000477,"max":0.001432419,"avg":0.000144815,"var":0.000001842,"sum":0.001448154}},"irespond":{"duration":{"num":10,"min":0.000000477,"max":0.000010014,"avg":0.000001645,"var":0.000000000,"sum":0.000016451},"relative_timestamp_from_ult_start":{"num":10,"min":0.000050783,"max":0.004913568,"avg":0.001163721,"var":0.000024512,"sum":0.011637211}},"respond_cb":{"duration":{"num":10,"min":0.000000000.0,"max":0.000000238,"avg":0.000000072,"var":0.000000000,"sum":0.000000715},"relative_timestamp_from_irespond_start":{"num":10,"min":0.000005960,"max":0.000019550,"avg":0.000008750,"var":0.000000000,"sum":0.000087500}},"irespond_wait":{"duration":{"num":10,"min":0.000005245,"max":0.000021458,"avg":0.000009060,"var":0.000000000,"sum":0.000090599},"relative_timestamp_from_irespond_end":{"num":10,"min":0.000000000.0,"max":0.000000238,"avg":0.000000215,"var":0.000000000,"sum":0.000002146}},"set_output":{"duration":{"num":10,"min":0.000000238,"max":0.000000954,"avg":0.000000358,"var":0.000000000,"sum":0.000003576},"relative_timestamp_from_irespond_start":{"num":10,"min":0.000000000.0,"max":0.000000238,"avg":0.000000167,"var":0.000000000,"sum":0.000001669}},"get_input":{"duration":{"num":10,"min":0.000000000.0,"max":0.000000715,"avg":0.000000215,"var":0.000000000,"sum":0.000002146},"relative_timestamp_from_ult_start":{"num":10,"min":0.000000000.0,"max":0.000001669,"avg":0.000000238,"var":0.000000000,"sum":0.000002384}}},"received from ofi+cxi://0x23ef0400":{"handler":{"duration":{"num":10,"min":0.000000238,"max":0.001425266,"avg":0.000142908,"var":0.000001827,"sum":0.001429081}},"ult":{"duration":{"num":10,"min":0.000052929,"max":0.004908562,"avg":0.001168275,"var":0.000034669,"sum":0.011682749},"relative_timestamp_from_handler_start":{"num":10,"min":0.000000477,"max":0.001488924,"avg":0.000150895,"var":0.000001989,"sum":0.001508951}},"irespond":{"duration":{"num":10,"min":0.000000477,"max":0.000008345,"avg":0.000001788,"var":0.000000000,"sum":0.000017881},"relative_timestamp_from_ult_start":{"num":10,"min":0.000046968,"max":0.004873991,"avg":0.001155901,"var":0.000034530,"sum":0.011559010}},"respond_cb":{"duration":{"num":10,"min":0.000000000.0,"max":0.000000238,"avg":0.000000215,