{"address":"","progress_loop":{"progress_with_timeout":{"num":1058,"min":0.000000238,"max":0.104010582,"avg":0.103627166,"var":0.038157540,"sum":109.637541771},"progress_timeout_value_msec":{"num":1058,"min":100.000000000.0,"max":100.000000000.0,"avg":100.000000000.0,"var":0.000000000.0,"sum":105800.000000000.0},"progress_without_timeout":{"num":640102,"min":0.000000000.0,"max":0.000223875,"avg":0.000000122,"var":0.000000848,"sum":0.078127146},"trigger":{"num":292,"min":0.000000000.0,"max":0.002722502,"avg":0.000016562,"var":0.000010696,"sum":0.004836082}},"rpcs":{"65535:65535:14048217247822970879:0":{"rpc_id":-4398526825886580737,"provider_id":0,"parent_rpc_id":65535,"parent_provider_id":65535,"name":"get_file_data","origin":{"sent to ofi+cxi://0x23e90400":{"iforward":{"duration":{"num":10,"min":0.000000954,"max":0.000025034,"avg":0.000003815,"var":0.000000001,"sum":0.000038147},"relative_timestamp_from_create":{"num":10,"min":0.000000000.0,"max":0.000003099,"avg":0.000000453,"var":0.000000000,"sum":0.000004530}},"forward_cb":{"duration":{"num":10,"min":0.000000000.0,"max":0.000000238,"avg":0.000000215,"var":0.000000000,"sum":0.000002146},"relative_timestamp_from_iforward_start":{"num":10,"min":0.001700401,"max":0.030139446,"avg":0.015373445,"var":0.000991201,"sum":0.153734446}},"iforward_wait":{"duration":{"num":10,"min":0.001699924,"max":0.030139446,"avg":0.015373635,"var":0.000991177,"sum":0.153736353},"relative_timestamp_from_iforward_end":{"num":10,"min":0.000000000.0,"max":0.000000238,"avg":0.000000095,"var":0.000000000,"sum":0.000000954}},"set_input":{"duration":{"num":10,"min":0.000000000.0,"max":0.000004292,"avg":0.000000620,"var":0.000000000,"sum":0.000006199},"relative_timestamp_from_iforward_start":{"num":10,"min":0.000000715,"max":0.000015020,"avg":0.000002456,"var":0.000000000,"sum":0.000024557}},"get_output":{"duration":{"num":10,"min":0.000020981,"max":0.000141859,"avg":0.000033832,"var":0.000000013,"sum":0.000338316},"relative_timestamp_from_wait_end":{"num":10,"min":0.000000238,"max":0.000000477,"avg":0.000000310,"var":0.000000000,"sum":0.000003099}}}},"target":{"received from ofi+cxi://0x23e90400":{"handler":{"duration":{"num":10,"min":0.000000477,"max":0.000005960,"avg":0.000001121,"var":0.000000000,"sum":0.000011206}},"ult":{"duration":{"num":10,"min":0.001694679,"max":0.030136108,"avg":0.015368795,"var":0.000991723,"sum":0.153687954},"relative_timestamp_from_handler_start":{"num":10,"min":0.000000715,"max":0.000012636,"avg":0.000002217,"var":0.000000000,"sum":0.000022173}},"irespond":{"duration":{"num":10,"min":0.000173569,"max":0.000274658,"avg":0.000240612,"var":0.000000017,"sum":0.002406120},"relative_timestamp_from_ult_start":{"num":10,"min":0.001423597,"max":0.029873371,"avg":0.015123200,"var":0.000994624,"sum":0.151232004}},"respond_cb":{"duration":{"num":10,"min":0.000000000.0,"max":0.000000238,"avg":0.000000215,"var":0.000000000,"sum":0.000002146},"relative_timestamp_from_irespond_start":{"num":10,"min":0.000174284,"max":0.000276327,"avg":0.000241542,"var":0.000000017,"sum":0.002415419}},"irespond_wait":{"duration":{"num":10,"min":0.000001431,"max":0.000003815,"avg":0.000002003,"var":0.000000000,"sum":0.000020027},"relative_timestamp_from_irespond_end":{"num":10,"min":0.000000000.0,"max":0.000000238,"avg":0.000000072,"var":0.000000000,"sum":0.000000715}},"set_output":{"duration":{"num":10,"min":0.000151873,"max":0.000249147,"avg":0.000217509,"var":0.000000017,"sum":0.002175093},"relative_timestamp_from_irespond_start":{"num":10,"min":0.000000238,"max":0.000000715,"avg":0.000000286,"var":0.000000000,"sum":0.000002861}},"get_input":{"duration":{"num":10,"min":0.000000000.0,"max":0.000001907,"avg":0.000000381,"var":0.000000000,"sum":0.000003815},"relative_timestamp_from_ult_start":{"num":10,"min":0.000000000.0,"max":0.000002861,"avg":0.000000501,"var":0.000000000,"sum":0.000005007}}}}},"14048217247822970879:0:14048217247822970879:0":{"rpc_id":-4398526825886580737,"provider_id":0,"parent_rpc_id":-4398526825886580737,"parent_provider_id":0,"name":"get_file_data","origin":{"sent to ofi+cxi://0x23e96600":{"iforward":{"duration":{"num":70,"min":0.000001431,"max":0.000091791,"avg":0.000013253,"var":0.000000023,"sum":0.000927687},"relative_timestamp_from_create":{"num":70,"min":0.000000000.0,"max":0.000000238,"avg":0.000000157,"var":0.000000000,"sum":0.000010967}},"forward_cb":{"duration":{"num":70,"min":0.000000000.0,"max":0.000000954,"avg":0.000000245,"var":0.000000000,"sum":0.000017166},"relative_timestamp_from_iforward_start":{"num":70,"min":0.001152754,"max":0.029911757,"avg":0.017604252,"var":0.003270550,"sum":1.232297659}},"iforward_wait":{"duration":{"num":70,"min":0.001141548,"max":0.029876471,"avg":0.017591953,"var":0.003265678,"sum":1.231436729},"relative_timestamp_from_iforward_end":{"num":70,"min":0.000000000.0,"max":0.000000715,"avg":0.000000198,"var":0.000000000,"sum":0.000013828}},"set_input":{"duration":{"num":70,"min":0.000000000.0,"max":0.000000477,"avg":0.000000242,"var":0.000000000,"sum":0.000016928},"relative_timestamp_from_iforward_start":{"num":70,"min":0.000000238,"max":0.000001907,"avg":0.000000651,"var":0.000000000,"sum":0.000045538}},"get_output":{"duration":{"num":70,"min":0.000026226,"max":0.000266790,"avg":0.000058835,"var":0.000000333,"sum":0.004118443},"relative_timestamp_from_wait_end":{"num":70,"min":0.000000000.0,"max":0.000000715,"avg":0.000000300,"var":0.000000000,"sum":0.000020981}}}},"target":{"received from ofi+cxi://0x23eb6200":{"handler":{"duration":{"num":30,"min":0.000000477,"max":0.002721786,"avg":0.000152938,"var":0.000010066,"sum":0.004588127}},"ult":{"duration":{"num":30,"min":0.008995771,"max":0.030375719,"avg":0.018466536,"var":0.001326980,"sum":0.553996086},"relative_timestamp_from_handler_start":{"num":30,"min":0.000000715,"max":0.002722979,"avg":0.000153406,"var":0.000010074,"sum":0.004602194}},"irespond":{"duration":{"num":30,"min":0.000175953,"max":0.000296354,"avg":0.000250761,"var":0.000000052,"sum":0.007522821},"relative_timestamp_from_ult_start":{"num":30,"min":0.008575678,"max":0.030039310,"avg":0.018040371,"var":0.001341208,"sum":0.541211128}},"respond_cb":{"duration":{"num":30,"min":0.000000000.0,"max":0.000000238,"avg":0.000000119,"var":0.000000000,"sum":0.000003576},"relative_timestamp_from_irespond_start":{"num":30,"min":0.000254631,"max":0.000811338,"avg":0.000425124,"var":0.000000322,"sum":0.012753725}},"irespond_wait":{"duration":{"num":30,"min":0.000059605,"max":0.000544071,"avg":0.000174395,"var":0.000000265,"sum":0.005231857},"relative_timestamp_from_irespond_end":{"num":30,"min":0.000000000.0,"max":0.000000715,"avg":0.000000374,"var":0.000000000,"sum":0.000011206}},"set_output":{"duration":{"num":30,"min":0.000153065,"max":0.000255108,"avg":0.000221356,"var":0.000000045,"sum":0.006640673},"relative_timestamp_from_irespond_start":{"num":30,"min":0.000000000.0,"max":0.000000477,"avg":0.000000143,"var":0.000000000,"sum":0.000004292}},"get_input":{"duration":{"num":30,"min":0.000000000.0,"max":0.000000477,"avg":0.000000278,"var":0.000000000,"sum":0.000008345},"relative_timestamp_from_ult_start":{"num":30,"min":0.000000000.0,"max":0.000000715,"avg":0.000000223,"var":0.000000000,"sum":0.000006676}}},"received from ofi+cxi://0x24016600":{"handler":{"duration":{"num":30,"min":0.000000477,"max":0.000002384,"avg":0.000001057,"var":0.000000000,"sum":0.000031710}},"ult":{"duration":{"num":30,"min":0.012208700,"max":0.029554129,"avg":0.018508800,"var":0.000840207,"sum":0.555263996},"relative_timestamp_from_handler_start":{"num":30,"min":0.000000715,"max":0.000011683,"avg":0.000001740,"var":0.000000000,"sum":0.000052214}},"irespond":{"duration":{"num":30,"min":0.000053883,"max":0.000296116,"avg":0.000230567,"var":0.000000105,"sum":0.006917000},"relative_timestamp_from_ult_start":{"num":30,"min":0.011779785,"max":0.029185057,"avg":0.018165445,"var":0.000846396,"sum":0.544963360}},"respond_cb":{"duration":{"num":30,"min":0.000000000.0,"max":0.000000238,"avg":0.000000103,