{"address":"","progress_loop":{"progress_with_timeout":{"num":988,"min":0.000000477,"max":0.104009628,"avg":0.090919067,"var":1.170106168,"sum":89.828037739},"progress_timeout_value_msec":{"num":988,"min":100.000000000.0,"max":100.000000000.0,"avg":100.000000000.0,"var":0.000000000.0,"sum":98800.000000000.0},"progress_without_timeout":{"num":1649,"min":0.000000000.0,"max":0.000020266,"avg":0.000000228,"var":0.000000001,"sum":0.000376225},"trigger":{"num":602,"min":0.000000000.0,"max":0.002845526,"avg":0.000028461,"var":0.000040580,"sum":0.017133474}},"rpcs":{"14048217247822970879:0:14048217247822970879:0":{"rpc_id":-4398526825886580737,"provider_id":0,"parent_rpc_id":-4398526825886580737,"parent_provider_id":0,"name":"get_file_data","target":{"received from ofi+cxi://0x23e96600":{"handler":{"duration":{"num":150,"min":0.000000238,"max":0.002842188,"avg":0.000047855,"var":0.000016925,"sum":0.007178307}},"ult":{"duration":{"num":150,"min":0.000005245,"max":0.007583380,"avg":0.000574301,"var":0.000516240,"sum":0.086145163},"relative_timestamp_from_handler_start":{"num":150,"min":0.000000477,"max":0.005241156,"avg":0.000325826,"var":0.000141579,"sum":0.048873901}},"irespond":{"duration":{"num":150,"min":0.000000238,"max":0.000009537,"avg":0.000000555,"var":0.000000000,"sum":0.000083208},"relative_timestamp_from_ult_start":{"num":150,"min":0.000001192,"max":0.000015259,"avg":0.000001796,"var":0.000000000,"sum":0.000269413}},"respond_cb":{"duration":{"num":150,"min":0.000000000.0,"max":0.000001192,"avg":0.000000116,"var":0.000000000,"sum":0.000017405},"relative_timestamp_from_irespond_start":{"num":150,"min":0.000003338,"max":0.007571697,"avg":0.000568070,"var":0.000514016,"sum":0.085210562}},"irespond_wait":{"duration":{"num":150,"min":0.000003338,"max":0.007577658,"avg":0.000571562,"var":0.000515942,"sum":0.085734367},"relative_timestamp_from_irespond_end":{"num":150,"min":0.000000000.0,"max":0.000000477,"avg":0.000000184,"var":0.000000000,"sum":0.000027657}},"set_output":{"duration":{"num":150,"min":0.000000000.0,"max":0.000002861,"avg":0.000000149,"var":0.000000000,"sum":0.000022411},"relative_timestamp_from_irespond_start":{"num":150,"min":0.000000000.0,"max":0.000001907,"avg":0.000000095,"var":0.000000000,"sum":0.000014305}},"get_input":{"duration":{"num":150,"min":0.000000000.0,"max":0.000003576,"avg":0.000000199,"var":0.000000000,"sum":0.000029802},"relative_timestamp_from_ult_start":{"num":150,"min":0.000000000.0,"max":0.000004292,"avg":0.000000176,"var":0.000000000,"sum":0.000026464}}},"received from ofi+cxi://0x23ef4200":{"handler":{"duration":{"num":150,"min":0.000000238,"max":0.002779722,"avg":0.000065166,"var":0.000023113,"sum":0.009774923}},"ult":{"duration":{"num":150,"min":0.000005245,"max":0.007590055,"avg":0.000367223,"var":0.000219517,"sum":0.055083513},"relative_timestamp_from_handler_start":{"num":150,"min":0.000000477,"max":0.007461548,"avg":0.000518444,"var":0.000379615,"sum":0.077766657}},"irespond":{"duration":{"num":150,"min":0.000000238,"max":0.000001907,"avg":0.000000450,"var":0.000000000,"sum":0.000067472},"relative_timestamp_from_ult_start":{"num":150,"min":0.000001192,"max":0.000005007,"avg":0.000001699,"var":0.000000000,"sum":0.000254869}},"respond_cb":{"duration":{"num":150,"min":0.000000000.0,"max":0.000000477,"avg":0.000000108,"var":0.000000000,"sum":0.000016212},"relative_timestamp_from_irespond_start":{"num":150,"min":0.000003338,"max":0.007580757,"avg":0.000360208,"var":0.000217673,"sum":0.054031134}},"irespond_wait":{"duration":{"num":150,"min":0.000003338,"max":0.007585049,"avg":0.000364625,"var":0.000219317,"sum":0.054693699},"relative_timestamp_from_irespond_end":{"num":150,"min":0.000000000.0,"max":0.000000238,"avg":0.000000173,"var":0.000000000,"sum":0.000025988}},"set_output":{"duration":{"num":150,"min":0.000000000.0,"max":0.000000477,"avg":0.000000145,"var":0.000000000,"sum":0.000021696},"relative_timestamp_from_irespond_start":{"num":150,"min":0.000000000.0,"max":0.000000238,"avg":0.000000070,"var":0.000000000,"sum":0.000010490}},"get_input":{"duration":{"num":150,"min":0.000000000.0,"max":0.000000715,"avg":0.000000157,"var":0.000000000,"sum":0.000023603},"relative_timestamp_from_ult_start":{"num":150,"min":0.000000000.0,"max":0.000000715,"avg":0.000000157,"var":0.000000000,"sum":0.000023603}}}}},"65535:65535:8686831390660034559:65535":{"rpc_id":8686831390660034559,"provider_id":65535,"parent_rpc_id":65535,"parent_provider_id":65535,"name":"__shutdown__","target":{"received from ofi+cxi://0x23e70601":{"handler":{"duration":{"num":1,"min":0.000007153,"max":0.000007153,"avg":0.000007153,"var":0.000000000.0,"sum":0.000007153}},"ult":{"duration":{"num":1,"min":0.000008583,"max":0.000008583,"avg":0.000008583,"var":0.000000000.0,"sum":0.000008583},"relative_timestamp_from_handler_start":{"num":1,"min":0.000009060,"max":0.000009060,"avg":0.000009060,"var":0.000000000.0,"sum":0.000009060}},"irespond":{"duration":{"num":1,"min":0.000001192,"max":0.000001192,"avg":0.000001192,"var":0.000000000.0,"sum":0.000001192},"relative_timestamp_from_ult_start":{"num":1,"min":0.000000477,"max":0.000000477,"avg":0.000000477,"var":0.000000000.0,"sum":0.000000477}},"respond_cb":{"duration":{"num":1,"min":0.000000000.0,"max":0.000000000.0,"avg":0.000000000.0,"var":0.000000000.0,"sum":0.000000000.0},"relative_timestamp_from_irespond_start":{"num":1,"min":0.000006437,"max":0.000006437,"avg":0.000006437,"var":0.000000000.0,"sum":0.000006437}},"irespond_wait":{"duration":{"num":1,"min":0.000005245,"max":0.000005245,"avg":0.000005245,"var":0.000000000.0,"sum":0.000005245},"relative_timestamp_from_irespond_end":{"num":1,"min":0.000000238,"max":0.000000238,"avg":0.000000238,"var":0.000000000.0,"sum":0.000000238}},"set_output":{"duration":{"num":1,"min":0.000000000.0,"max":0.000000000.0,"avg":0.000000000.0,"var":0.000000000.0,"sum":0.000000000.0},"relative_timestamp_from_irespond_start":{"num":1,"min":0.000000238,"max":0.000000238,"avg":0.000000238,"var":0.000000000.0,"sum":0.000000238}},"get_input":{"duration":{"num":0,"min":0.000000000.0,"max":0.000000000.0,"avg":0.000000000.0,"var":0.000000000.0,"sum":0.000000000.0},"relative_timestamp_from_ult_start":{"num":0,"min":0.000000000.0,"max":0.000000000.0,"avg":0.000000000.0,"var":0.000000000.0,"sum":0.000000000.0}}}}}}}