{"address":"","rpcs":{"get_file_data:0":{"timestamps":[1717912976.403651476,1717912977.476942778,1717912978.516942978,1717912979.556945562,1717912980.596944571,1717912981.636943102,1717912982.676943064,1717912983.716942549,1717912984.756943226,1717912985.792942286,1717912986.832942724,1717912987.872942686,1717912988.912942648,1717912989.952946186,1717912990.992944956,1717912992.032943249,1717912993.072942972,1717912994.112942696,1717912995.152942657,1717912996.192944050,1717912997.232941866,1717912998.272943497,1717912999.312943459,1717913000.352943420,1717913001.392941952,1717913002.432944059,1717913003.472943544,1717913004.512941837,1717913005.552943230,1717913006.592943430,1717913007.632942677,1717913008.672942400,1717913009.712942839,1717913010.752942562,1717913011.792944670,1717913012.832943439,1717913013.872943878,1717913014.912943602,1717913015.952943802,1717913016.992942810,1717913018.032942772,1717913019.072942734,1717913020.112945318,1717913021.152944088,1717913022.192942619,1717913023.232943535,1717913024.272942781,1717913025.312944174,1717913026.352943420,1717913027.392944574,1717913028.432943583,1717913029.472943544,1717913030.512944221,1717913031.552943468,1717913032.592943430,1717913033.632943869,1717913034.672943354,1717913035.712943316,1717913036.752942085,1717913037.792942524,1717913038.832942009,1717913039.872941971,1717913040.912944078,1717913041.952943563,1717913042.992942333,1717913044.032943964,1717913045.072943687,1717913046.112942219,1717913047.152941942,1717913048.192943096,1717913049.232943296,1717913050.272941828,1717913051.312943459,1717913052.352944136,1717913053.392943859,1717913054.432943821,1717913055.472941875,1717913056.512944460,1717913057.552943707,1717913058.592942715,1717913059.632943869,1717913060.672944784,1717913061.712942839,1717913062.748943090,1717913063.788944006,1717913064.828942776,1717913065.868942022,1717913066.312145233],"count":[1,29,0,0,0,0,0,0,0,0,0,0,0,0,0,0,0,0,0,0,0,0,0,0,0,0,0,0,0,0,0,0,0,0,0,0,0,0,0,0,0,0,0,0,0,0,0,0,0,0,0,0,0,0,0,0,0,0,0,0,0,0,0,0,0,0,0,0,0,0,0,0,0,0,0,0,0,0,0,0,0,0,0,0,0,0,0,0],"bulk_size":[0,0,0,0,0,0,0,0,0,0,0,0,0,0,0,0,0,0,0,0,0,0,0,0,0,0,0,0,0,0,0,0,0,0,0,0,0,0,0,0,0,0,0,0,0,0,0,0,0,0,0,0,0,0,0,0,0,0,0,0,0,0,0,0,0,0,0,0,0,0,0,0,0,0,0,0,0,0,0,0,0,0,0,0,0,0,0,0]},"__shutdown__:65535":{"timestamps":[1717913066.312145233],"count":[1],"bulk_size":[0]}},"pools":{"__primary__":{"timestamps":[1717912976.403651476,1717912977.476942778,1717912978.516942978,1717912979.556945562,1717912980.596944571,1717912981.636943102,1717912982.676943064,1717912983.716942549,1717912984.756943226,1717912985.792942286,1717912986.832942724,1717912987.872942686,1717912988.912942648,1717912989.952946186,1717912990.992944956,1717912992.032943249,1717912993.072942972,1717912994.112942696,1717912995.152942657,1717912996.192944050,1717912997.232941866,1717912998.272943497,1717912999.312943459,1717913000.352943420,1717913001.392941952,1717913002.432944059,1717913003.472943544,1717913004.512941837,1717913005.552943230,1717913006.592943430,1717913007.632942677,1717913008.672942400,1717913009.712942839,1717913010.752942562,1717913011.792944670,1717913012.832943439,1717913013.872943878,1717913014.912943602,1717913015.952943802,1717913016.992942810,1717913018.032942772,1717913019.072942734,1717913020.112945318,1717913021.152944088,1717913022.192942619,1717913023.232943535,1717913024.272942781,1717913025.312944174,1717913026.352943420,1717913027.392944574,1717913028.432943583,1717913029.472943544,1717913030.512944221,1717913031.552943468,1717913032.592943430,1717913033.632943869,1717913034.672943354,1717913035.712943316,1717913036.752942085,1717913037.792942524,1717913038.832942009,1717913039.872941971,1717913040.912944078,1717913041.952943563,1717913042.992942333,1717913044.032943964,1717913045.072943687,1717913046.112942219,1717913047.152941942,1717913048.192943096,1717913049.232943296,1717913050.272941828,1717913051.312943459,1717913052.352944136,1717913053.392943859,1717913054.432943821,1717913055.472941875,1717913056.512944460,1717913057.552943707,1717913058.592942715,1717913059.632943869,1717913060.672944784,1717913061.712942839,1717913062.748943090,1717913063.788944006,1717913064.828942776,1717913065.868942022,1717913066.312145233],"size":[0,0,0,0,0,0,0,0,0,0,0,0,0,0,0,0,0,0,0,0,0,0,0,0,0,0,0,0,0,0,0,0,0,0,0,0,0,0,0,0,0,0,0,0,0,0,0,0,0,0,0,0,0,0,0,0,0,0,0,0,0,0,0,0,0,0,0,0,0,0,0,0,0,0,0,0,0,0,0,0,0,0,0,0,0,0,0,0],"total_size":[2,1,1,1,1,1,1,1,1,1,1,1,1,1,1,1,1,1,1,1,1,1,1,1,1,1,1,1,1,1,1,1,1,1,1,1,1,1,1,1,1,1,1,1,1,1,1,1,1,1,1,1,1,1,1,1,1,1,1,1,1,1,1,1,1,1,1,1,1,1,1,1,1,1,1,1,1,1,1,1,1,1,1,1,1,1,1,0]}}}