{"address":"","rpcs":{"get_file_data:0":{"timestamps":[1717912745.584741831,1717912746.656942368,1717912747.696943760,1717912748.736942768,1717912749.776942253,1717912750.816943645,1717912751.856944323,1717912752.896944523,1717912753.932942629,1717912754.972942829,1717912756.012942076,1717912757.052942038,1717912758.092942715,1717912759.132941961,1717912760.172942400,1717912761.212943554,1717912762.252941847,1717912763.292944431,1717912764.332943678,1717912765.372941971,1717912766.412943125,1717912767.452942133,1717912768.492943048,1717912769.532941818,1717912770.572942495,1717912771.612943649,1717912772.652943134,1717912773.692944527,1717912774.732943773,1717912775.772943974,1717912776.812942743,1717912777.852943659,1717912778.892943621,1717912779.932942629,1717912780.972943783,1717912782.012944221,1717912783.052942038,1717912784.092942476,1717912785.132944584,1717912786.172944546,1717912787.212944984,1717912788.252943754,1717912789.292942762,1717912790.332946301,1717912791.372943640,1717912792.412943602,1717912793.452944040,1717912794.492943287,1717912795.532943487,1717912796.572943449,1717912797.612942696,1717912798.652942657,1717912799.692942381,1717912800.732943535,1717912801.772943974,1717912802.812944174,1717912803.852943659,1717912804.892944813,1717912805.932944536,1717912806.972944498,1717912808.012944460,1717912809.052946806,1717912810.092943192,1717912811.132943869,1717912812.172943115,1717912813.212943077,1717912814.252942801,1717912815.292943478,1717912816.332942486,1717912817.372942924,1717912818.412943363,1717912819.452943325,1717912820.492942810,1717912821.532946348,1717912822.572941780,1717912823.612942457,1717912824.652942419,1717912825.692943573,1717912826.732942104,1717912827.772942066,1717912828.812942505,1717912829.848943710,1717912830.888942242,1717912831.928947210,1717912832.968942642,1717912834.008944511,1717912835.048943520,1717912835.480219603],"count":[1,29,0,0,0,0,0,0,0,0,0,0,0,0,0,0,0,0,0,0,0,0,0,0,0,0,0,0,0,0,0,0,0,0,0,0,0,0,0,0,0,0,0,0,0,0,0,0,0,0,0,0,0,0,0,0,0,0,0,0,0,0,0,0,0,0,0,0,0,0,0,0,0,0,0,0,0,0,0,0,0,0,0,0,0,0,0,0],"bulk_size":[0,0,0,0,0,0,0,0,0,0,0,0,0,0,0,0,0,0,0,0,0,0,0,0,0,0,0,0,0,0,0,0,0,0,0,0,0,0,0,0,0,0,0,0,0,0,0,0,0,0,0,0,0,0,0,0,0,0,0,0,0,0,0,0,0,0,0,0,0,0,0,0,0,0,0,0,0,0,0,0,0,0,0,0,0,0,0,0]},"__shutdown__:65535":{"timestamps":[1717912835.480219603],"count":[1],"bulk_size":[0]}},"pools":{"__primary__":{"timestamps":[1717912745.584741831,1717912746.656942368,1717912747.696943760,1717912748.736942768,1717912749.776942253,1717912750.816943645,1717912751.856944323,1717912752.896944523,1717912753.932942629,1717912754.972942829,1717912756.012942076,1717912757.052942038,1717912758.092942715,1717912759.132941961,1717912760.172942400,1717912761.212943554,1717912762.252941847,1717912763.292944431,1717912764.332943678,1717912765.372941971,1717912766.412943125,1717912767.452942133,1717912768.492943048,1717912769.532941818,1717912770.572942495,1717912771.612943649,1717912772.652943134,1717912773.692944527,1717912774.732943773,1717912775.772943974,1717912776.812942743,1717912777.852943659,1717912778.892943621,1717912779.932942629,1717912780.972943783,1717912782.012944221,1717912783.052942038,1717912784.092942476,1717912785.132944584,1717912786.172944546,1717912787.212944984,1717912788.252943754,1717912789.292942762,1717912790.332946301,1717912791.372943640,1717912792.412943602,1717912793.452944040,1717912794.492943287,1717912795.532943487,1717912796.572943449,1717912797.612942696,1717912798.652942657,1717912799.692942381,1717912800.732943535,1717912801.772943974,1717912802.812944174,1717912803.852943659,1717912804.892944813,1717912805.932944536,1717912806.972944498,1717912808.012944460,1717912809.052946806,1717912810.092943192,1717912811.132943869,1717912812.172943115,1717912813.212943077,1717912814.252942801,1717912815.292943478,1717912816.332942486,1717912817.372942924,1717912818.412943363,1717912819.452943325,1717912820.492942810,1717912821.532946348,1717912822.572941780,1717912823.612942457,1717912824.652942419,1717912825.692943573,1717912826.732942104,1717912827.772942066,1717912828.812942505,1717912829.848943710,1717912830.888942242,1717912831.928947210,1717912832.968942642,1717912834.008944511,1717912835.048943520,1717912835.480219603],"size":[0,0,0,0,0,0,0,0,0,0,0,0,0,0,0,0,0,0,0,0,0,0,0,0,0,0,0,0,0,0,0,0,0,0,0,0,0,0,0,0,0,0,0,0,0,0,0,0,0,0,0,0,0,0,0,0,0,0,0,0,0,0,0,0,0,0,0,0,0,0,0,0,0,0,0,0,0,0,0,0,0,0,0,0,0,0,0,0],"total_size":[2,1,1,1,1,1,1,1,1,1,1,1,1,1,1,1,1,1,1,1,1,1,1,1,1,1,1,1,1,1,1,1,1,1,1,1,1,1,1,1,1,1,1,1,1,1,1,1,1,1,1,1,1,1,1,1,1,1,1,1,1,1,1,1,1,1,1,1,1,1,1,1,1,1,1,1,1,1,1,1,1,1,1,1,1,1,1,0]}}}