{"address":"","rpcs":{"get_file_data:0":{"timestamps":[1717912514.739183903,1717912515.784306526,1717912516.824304819,1717912517.864306211,1717912518.904304266,1717912519.944305897,1717912520.984304667,1717912522.024306059,1717912523.064306021,1717912524.104305983,1717912525.144304991,1717912526.184307098,1717912527.224304914,1717912528.264304638,1717912529.304304838,1717912530.344304562,1717912531.384305000,1717912532.424304485,1717912533.464304924,1717912534.504304171,1717912535.544304609,1717912536.584305763,1717912537.624304533,1717912538.664306164,1717912539.704305649,1717912540.744305611,1717912541.784305811,1717912542.824306011,1717912543.864303827,1717912544.904305458,1717912545.944304705,1717912546.984304905,1717912548.024304628,1717912549.064305067,1717912550.104304790,1717912551.144305944,1717912552.184305906,1717912553.224305630,1717912554.264305592,1717912555.304306030,1717912556.344306231,1717912557.384305477,1717912558.424305677,1717912559.464306355,1717912560.504304647,1717912561.544305801,1717912562.584304571,1717912563.624305725,1717912564.664306641,1717912565.704305887,1717912566.744305849,1717912567.784305096,1717912568.824310780,1717912569.864306211,1717912570.904304028,1717912571.944306135,1717912572.984304905,1717912574.024304628,1717912575.064304590,1717912576.104305506,1717912577.144305468,1717912578.184305191,1717912579.224304676,1717912580.264305830,1717912581.304305077,1717912582.344305992,1717912583.384304762,1717912584.424305677,1717912585.464304686,1717912586.504305840,1717912587.544305325,1717912588.584306002,1717912589.624305248,1717912590.664305925,1717912591.704305649,1717912592.744306087,1717912593.784308195,1717912594.824306011,1717912595.864309311,1717912596.904305220,1717912597.944305658,1717912598.984304667,1717912600.024305582,1717912601.064307213,1717912602.104304314,1717912603.144305706,1717912604.184304476,1717912604.603426218],"count":[1,9,0,0,0,0,0,0,0,0,0,0,0,0,0,0,0,0,0,0,0,0,0,0,0,0,0,0,0,0,0,0,0,0,0,0,0,0,0,0,0,0,0,0,0,0,0,0,0,0,0,0,0,0,0,0,0,0,0,0,0,0,0,0,0,0,0,0,0,0,0,0,0,0,0,0,0,0,0,0,0,0,0,0,0,0,0,0],"bulk_size":[0,0,0,0,0,0,0,0,0,0,0,0,0,0,0,0,0,0,0,0,0,0,0,0,0,0,0,0,0,0,0,0,0,0,0,0,0,0,0,0,0,0,0,0,0,0,0,0,0,0,0,0,0,0,0,0,0,0,0,0,0,0,0,0,0,0,0,0,0,0,0,0,0,0,0,0,0,0,0,0,0,0,0,0,0,0,0,0]},"__shutdown__:65535":{"timestamps":[1717912604.603426218],"count":[1],"bulk_size":[0]}},"pools":{"__primary__":{"timestamps":[1717912514.739183903,1717912515.784306526,1717912516.824304819,1717912517.864306211,1717912518.904304266,1717912519.944305897,1717912520.984304667,1717912522.024306059,1717912523.064306021,1717912524.104305983,1717912525.144304991,1717912526.184307098,1717912527.224304914,1717912528.264304638,1717912529.304304838,1717912530.344304562,1717912531.384305000,1717912532.424304485,1717912533.464304924,1717912534.504304171,1717912535.544304609,1717912536.584305763,1717912537.624304533,1717912538.664306164,1717912539.704305649,1717912540.744305611,1717912541.784305811,1717912542.824306011,1717912543.864303827,1717912544.904305458,1717912545.944304705,1717912546.984304905,1717912548.024304628,1717912549.064305067,1717912550.104304790,1717912551.144305944,1717912552.184305906,1717912553.224305630,1717912554.264305592,1717912555.304306030,1717912556.344306231,1717912557.384305477,1717912558.424305677,1717912559.464306355,1717912560.504304647,1717912561.544305801,1717912562.584304571,1717912563.624305725,1717912564.664306641,1717912565.704305887,1717912566.744305849,1717912567.784305096,1717912568.824310780,1717912569.864306211,1717912570.904304028,1717912571.944306135,1717912572.984304905,1717912574.024304628,1717912575.064304590,1717912576.104305506,1717912577.144305468,1717912578.184305191,1717912579.224304676,1717912580.264305830,1717912581.304305077,1717912582.344305992,1717912583.384304762,1717912584.424305677,1717912585.464304686,1717912586.504305840,1717912587.544305325,1717912588.584306002,1717912589.624305248,1717912590.664305925,1717912591.704305649,1717912592.744306087,1717912593.784308195,1717912594.824306011,1717912595.864309311,1717912596.904305220,1717912597.944305658,1717912598.984304667,1717912600.024305582,1717912601.064307213,1717912602.104304314,1717912603.144305706,1717912604.184304476,1717912604.603426218],"size":[0,0,0,0,0,0,0,0,0,0,0,0,0,0,0,0,0,0,0,0,0,0,0,0,0,0,0,0,0,0,0,0,0,0,0,0,0,0,0,0,0,0,0,0,0,0,0,0,0,0,0,0,0,0,0,0,0,0,0,0,0,0,0,0,0,0,0,0,0,0,0,0,0,0,0,0,0,0,0,0,0,0,0,0,0,0,0,0],"total_size":[2,1,1,1,1,1,1,1,1,1,1,1,1,1,1,1,1,1,1,1,1,1,1,1,1,1,1,1,1,1,1,1,1,1,1,1,1,1,1,1,1,1,1,1,1,1,1,1,1,1,1,1,1,1,1,1,1,1,1,1,1,1,1,1,1,1,1,1,1,1,1,1,1,1,1,1,1,1,1,1,1,1,1,1,1,1,1,0]}}}