{"address":"","progress_loop":{"progress_with_timeout":{"num":866,"min":0.000021219,"max":0.104007959,"avg":0.103555329,"var":0.036791551,"sum":89.678914785},"progress_timeout_value_msec":{"num":866,"min":100.000000000.0,"max":100.000000000.0,"avg":100.000000000.0,"var":0.000000000.0,"sum":86600.000000000.0},"progress_without_timeout":{"num":180118,"min":0.000000000.0,"max":0.000015020,"avg":0.000000113,"var":0.000000003,"sum":0.020359993},"trigger":{"num":222,"min":0.000000000.0,"max":0.002760649,"avg":0.000021389,"var":0.000010952,"sum":0.004748344}},"rpcs":{"65535:65535:14048217247822970879:0":{"rpc_id":-4398526825886580737,"provider_id":0,"parent_rpc_id":65535,"parent_provider_id":65535,"name":"get_file_data","origin":{"sent to ofi+cxi://0x23e92000":{"iforward":{"duration":{"num":10,"min":0.000000477,"max":0.000032425,"avg":0.000004077,"var":0.000000001,"sum":0.000040770},"relative_timestamp_from_create":{"num":10,"min":0.000000000.0,"max":0.000004530,"avg":0.000000572,"var":0.000000000,"sum":0.000005722}},"forward_cb":{"duration":{"num":10,"min":0.000000000.0,"max":0.000000477,"avg":0.000000143,"var":0.000000000,"sum":0.000001431},"relative_timestamp_from_iforward_start":{"num":10,"min":0.000093699,"max":0.017238855,"avg":0.005590367,"var":0.000397610,"sum":0.055903673}},"iforward_wait":{"duration":{"num":10,"min":0.000093699,"max":0.017238379,"avg":0.005588174,"var":0.000397235,"sum":0.055881739},"relative_timestamp_from_iforward_end":{"num":10,"min":0.000000000.0,"max":0.000000238,"avg":0.000000143,"var":0.000000000,"sum":0.000001431}},"set_input":{"duration":{"num":10,"min":0.000000000.0,"max":0.000004530,"avg":0.000000715,"var":0.000000000,"sum":0.000007153},"relative_timestamp_from_iforward_start":{"num":10,"min":0.000000238,"max":0.000020504,"avg":0.000002503,"var":0.000000000,"sum":0.000025034}},"get_output":{"duration":{"num":10,"min":0.000000000.0,"max":0.000000238,"avg":0.000000143,"var":0.000000000,"sum":0.000001431},"relative_timestamp_from_wait_end":{"num":10,"min":0.000000000.0,"max":0.000000238,"avg":0.000000143,"var":0.000000000,"sum":0.000001431}}}},"target":{"received from ofi+cxi://0x23e92000":{"handler":{"duration":{"num":10,"min":0.000000238,"max":0.000006914,"avg":0.000001073,"var":0.000000000,"sum":0.000010729}},"ult":{"duration":{"num":10,"min":0.000092506,"max":0.017235994,"avg":0.005582690,"var":0.000396707,"sum":0.055826902},"relative_timestamp_from_handler_start":{"num":10,"min":0.000000477,"max":0.000015020,"avg":0.000002313,"var":0.000000000,"sum":0.000023127}},"irespond":{"duration":{"num":10,"min":0.000000238,"max":0.000002623,"avg":0.000000644,"var":0.000000000,"sum":0.000006437},"relative_timestamp_from_ult_start":{"num":10,"min":0.000091076,"max":0.017234325,"avg":0.005579972,"var":0.000396621,"sum":0.055799723}},"respond_cb":{"duration":{"num":10,"min":0.000000000.0,"max":0.000000477,"avg":0.000000119,"var":0.000000000,"sum":0.000001192},"relative_timestamp_from_irespond_start":{"num":10,"min":0.000000715,"max":0.000004292,"avg":0.000001454,"var":0.000000000,"sum":0.000014544}},"irespond_wait":{"duration":{"num":10,"min":0.000000954,"max":0.000004292,"avg":0.000001693,"var":0.000000000,"sum":0.000016928},"relative_timestamp_from_irespond_end":{"num":10,"min":0.000000000.0,"max":0.000000238,"avg":0.000000048,"var":0.000000000,"sum":0.000000477}},"set_output":{"duration":{"num":10,"min":0.000000000.0,"max":0.000000715,"avg":0.000000262,"var":0.000000000,"sum":0.000002623},"relative_timestamp_from_irespond_start":{"num":10,"min":0.000000000.0,"max":0.000000954,"avg":0.000000191,"var":0.000000000,"sum":0.000001907}},"get_input":{"duration":{"num":10,"min":0.000000000.0,"max":0.000001907,"avg":0.000000262,"var":0.000000000,"sum":0.000002623},"relative_timestamp_from_ult_start":{"num":10,"min":0.000000000.0,"max":0.000003576,"avg":0.000000525,"var":0.000000000,"sum":0.000005245}}}}},"14048217247822970879:0:14048217247822970879:0":{"rpc_id":-4398526825886580737,"provider_id":0,"parent_rpc_id":-4398526825886580737,"parent_provider_id":0,"name":"get_file_data","origin":{"sent to ofi+cxi://0x23ef4200":{"iforward":{"duration":{"num":70,"min":0.000000954,"max":0.000036001,"avg":0.000005119,"var":0.000000002,"sum":0.000358343},"relative_timestamp_from_create":{"num":70,"min":0.000000000.0,"max":0.000000477,"avg":0.000000116,"var":0.000000000,"sum":0.000008106}},"forward_cb":{"duration":{"num":70,"min":0.000000000.0,"max":0.000002146,"avg":0.000000146,"var":0.000000000,"sum":0.000010252},"relative_timestamp_from_iforward_start":{"num":70,"min":0.000020266,"max":0.018693686,"avg":0.004802660,"var":0.002569486,"sum":0.336186171}},"iforward_wait":{"duration":{"num":70,"min":0.000019312,"max":0.018681526,"avg":0.004799979,"var":0.002568150,"sum":0.335998535},"relative_timestamp_from_iforward_end":{"num":70,"min":0.000000000.0,"max":0.000000238,"avg":0.000000198,"var":0.000000000,"sum":0.000013828}},"set_input":{"duration":{"num":70,"min":0.000000000.0,"max":0.000000715,"avg":0.000000252,"var":0.000000000,"sum":0.000017643},"relative_timestamp_from_iforward_start":{"num":70,"min":0.000000238,"max":0.000002623,"avg":0.000000490,"var":0.000000000,"sum":0.000034332}},"get_output":{"duration":{"num":70,"min":0.000000000.0,"max":0.000000954,"avg":0.000000146,"var":0.000000000,"sum":0.000010252},"relative_timestamp_from_wait_end":{"num":70,"min":0.000000000.0,"max":0.000000954,"avg":0.000000157,"var":0.000000000,"sum":0.000010967}}}},"target":{"received from ofi+cxi://0x23eb6600":{"handler":{"duration":{"num":30,"min":0.000000238,"max":0.002759695,"avg":0.000154146,"var":0.000010330,"sum":0.004624367}},"ult":{"duration":{"num":30,"min":0.000028849,"max":0.018705845,"avg":0.004871909,"var":0.001070868,"sum":0.146157265},"relative_timestamp_from_handler_start":{"num":30,"min":0.000000477,"max":0.002761841,"avg":0.000154559,"var":0.000010346,"sum":0.004636765}},"irespond":{"duration":{"num":30,"min":0.000000238,"max":0.000001907,"avg":0.000000596,"var":0.000000000,"sum":0.000017881},"relative_timestamp_from_ult_start":{"num":30,"min":0.000024796,"max":0.018701553,"avg":0.004864597,"var":0.001070406,"sum":0.145937920}},"respond_cb":{"duration":{"num":30,"min":0.000000000.0,"max":0.000000238,"avg":0.000000103,"var":0.000000000,"sum":0.000003099},"relative_timestamp_from_irespond_start":{"num":30,"min":0.000003338,"max":0.000025749,"avg":0.000006159,"var":0.000000001,"sum":0.000184774}},"irespond_wait":{"duration":{"num":30,"min":0.000003338,"max":0.000038385,"avg":0.000006358,"var":0.000000001,"sum":0.000190735},"relative_timestamp_from_irespond_end":{"num":30,"min":0.000000000.0,"max":0.000000238,"avg":0.000000135,"var":0.000000000,"sum":0.000004053}},"set_output":{"duration":{"num":30,"min":0.000000000.0,"max":0.000000477,"avg":0.000000143,"var":0.000000000,"sum":0.000004292},"relative_timestamp_from_irespond_start":{"num":30,"min":0.000000000.0,"max":0.000000477,"avg":0.000000151,"var":0.000000000,"sum":0.000004530}},"get_input":{"duration":{"num":30,"min":0.000000000.0,"max":0.000000477,"avg":0.000000159,"var":0.000000000,"sum":0.000004768},"relative_timestamp_from_ult_start":{"num":30,"min":0.000000000.0,"max":0.000001192,"avg":0.000000223,"var":0.000000000,"sum":0.000006676}}},"received from ofi+cxi://0x23ed2400":{"handler":{"duration":{"num":30,"min":0.000000238,"max":0.000005245,"avg":0.000000691,"var":0.000000000,"sum":0.000020742}},"ult":{"duration":{"num":30,"min":0.000030518,"max":0.017666340,"avg":0.004513979,"var":0.001097837,"sum":0.135419369},"relative_timestamp_from_handler_start":{"num":30,"min":0.000000477,"max":0.000028610,"avg":0.000002193,"var":0.000000001,"sum":0.000065804}},"irespond":{"duration":{"num":30,"min":0.000000238,"max":0.000001669,"avg":0.000000509,"var":0.000000000,"sum":0.000015259},"relative_timestamp_from_ult_start":{"num":30,"min":0.000026464,"max":0.017661333,"avg":0.004507724,"var":0.001097758,"sum":0.135231733}},"respond_cb":{"duration":{"num":30,"min":0.000000000.0,"max":0.000000238,