{"address":"","progress_loop":{"progress_with_timeout":{"num":873,"min":0.000000000.0,"max":0.104011059,"avg":0.102901521,"var":0.096582498,"sum":89.833028078},"progress_timeout_value_msec":{"num":873,"min":100.000000000.0,"max":100.000000000.0,"avg":100.000000000.0,"var":0.000000000.0,"sum":87300.000000000.0},"progress_without_timeout":{"num":19932,"min":0.000000000.0,"max":0.000008106,"avg":0.000000113,"var":0.000000000,"sum":0.002246618},"trigger":{"num":42,"min":0.000000000.0,"max":0.000019550,"avg":0.000001118,"var":0.000000001,"sum":0.000046968}},"rpcs":{"65535:65535:14048217247822970879:0":{"rpc_id":-4398526825886580737,"provider_id":0,"parent_rpc_id":65535,"parent_provider_id":65535,"name":"get_file_data","origin":{"sent to ofi+cxi://0x23e90000":{"iforward":{"duration":{"num":10,"min":0.000000477,"max":0.000031471,"avg":0.000003886,"var":0.000000001,"sum":0.000038862},"relative_timestamp_from_create":{"num":10,"min":0.000000000.0,"max":0.000003815,"avg":0.000000477,"var":0.000000000,"sum":0.000004768}},"forward_cb":{"duration":{"num":10,"min":0.000000000.0,"max":0.000000238,"avg":0.000000048,"var":0.000000000,"sum":0.000000477},"relative_timestamp_from_iforward_start":{"num":10,"min":0.000080109,"max":0.002936602,"avg":0.000636148,"var":0.000008305,"sum":0.006361485}},"iforward_wait":{"duration":{"num":10,"min":0.000079870,"max":0.002907991,"avg":0.000633168,"var":0.000008175,"sum":0.006331682},"relative_timestamp_from_iforward_end":{"num":10,"min":0.000000000.0,"max":0.000000238,"avg":0.000000072,"var":0.000000000,"sum":0.000000715}},"set_input":{"duration":{"num":10,"min":0.000000000.0,"max":0.000005007,"avg":0.000000691,"var":0.000000000,"sum":0.000006914},"relative_timestamp_from_iforward_start":{"num":10,"min":0.000000238,"max":0.000019073,"avg":0.000002313,"var":0.000000000,"sum":0.000023127}},"get_output":{"duration":{"num":10,"min":0.000000000.0,"max":0.000000238,"avg":0.000000167,"var":0.000000000,"sum":0.000001669},"relative_timestamp_from_wait_end":{"num":10,"min":0.000000000.0,"max":0.000000477,"avg":0.000000119,"var":0.000000000,"sum":0.000001192}}}},"target":{"received from ofi+cxi://0x23e90000":{"handler":{"duration":{"num":10,"min":0.000000238,"max":0.000007629,"avg":0.000001073,"var":0.000000000,"sum":0.000010729}},"ult":{"duration":{"num":10,"min":0.000078917,"max":0.002416372,"avg":0.000582600,"var":0.000006163,"sum":0.005825996},"relative_timestamp_from_handler_start":{"num":10,"min":0.000000477,"max":0.000477791,"avg":0.000048327,"var":0.000000205,"sum":0.000483274}},"irespond":{"duration":{"num":10,"min":0.000000477,"max":0.000002623,"avg":0.000000787,"var":0.000000000,"sum":0.000007868},"relative_timestamp_from_ult_start":{"num":10,"min":0.000077248,"max":0.002410889,"avg":0.000580430,"var":0.000006149,"sum":0.005804300}},"respond_cb":{"duration":{"num":10,"min":0.000000000.0,"max":0.000000477,"avg":0.000000143,"var":0.000000000,"sum":0.000001431},"relative_timestamp_from_irespond_start":{"num":10,"min":0.000000715,"max":0.000003338,"avg":0.000001192,"var":0.000000000,"sum":0.000011921}},"irespond_wait":{"duration":{"num":10,"min":0.000000715,"max":0.000001669,"avg":0.000001001,"var":0.000000000,"sum":0.000010014},"relative_timestamp_from_irespond_end":{"num":10,"min":0.000000000.0,"max":0.000000238,"avg":0.000000048,"var":0.000000000,"sum":0.000000477}},"set_output":{"duration":{"num":10,"min":0.000000238,"max":0.000000715,"avg":0.000000358,"var":0.000000000,"sum":0.000003576},"relative_timestamp_from_irespond_start":{"num":10,"min":0.000000000.0,"max":0.000000954,"avg":0.000000167,"var":0.000000000,"sum":0.000001669}},"get_input":{"duration":{"num":10,"min":0.000000000.0,"max":0.000002623,"avg":0.000000334,"var":0.000000000,"sum":0.000003338},"relative_timestamp_from_ult_start":{"num":10,"min":0.000000000.0,"max":0.000005245,"avg":0.000000691,"var":0.000000000,"sum":0.000006914}}}}},"14048217247822970879:0:14048217247822970879:0":{"rpc_id":-4398526825886580737,"provider_id":0,"parent_rpc_id":-4398526825886580737,"parent_provider_id":0,"name":"get_file_data","origin":{"sent to ofi+cxi://0x23ed0400":{"iforward":{"duration":{"num":10,"min":0.000006914,"max":0.000029802,"avg":0.000010204,"var":0.000000000,"sum":0.000102043},"relative_timestamp_from_create":{"num":10,"min":0.000000000.0,"max":0.000000238,"avg":0.000000095,"var":0.000000000,"sum":0.000000954}},"forward_cb":{"duration":{"num":10,"min":0.000000000.0,"max":0.000000954,"avg":0.000000095,"var":0.000000000,"sum":0.000000954},"relative_timestamp_from_iforward_start":{"num":10,"min":0.000070810,"max":0.002330542,"avg":0.000566578,"var":0.000005886,"sum":0.005665779}},"iforward_wait":{"duration":{"num":10,"min":0.000064135,"max":0.002304792,"avg":0.000556946,"var":0.000005825,"sum":0.005569458},"relative_timestamp_from_iforward_end":{"num":10,"min":0.000000000.0,"max":0.000000238,"avg":0.000000167,"var":0.000000000,"sum":0.000001669}},"set_input":{"duration":{"num":10,"min":0.000000000.0,"max":0.000000477,"avg":0.000000262,"var":0.000000000,"sum":0.000002623},"relative_timestamp_from_iforward_start":{"num":10,"min":0.000000238,"max":0.000001669,"avg":0.000000501,"var":0.000000000,"sum":0.000005007}},"get_output":{"duration":{"num":10,"min":0.000000000.0,"max":0.000000954,"avg":0.000000215,"var":0.000000000,"sum":0.000002146},"relative_timestamp_from_wait_end":{"num":10,"min":0.000000000.0,"max":0.000000477,"avg":0.000000167,"var":0.000000000,"sum":0.000001669}}}}},"65535:65535:8686831390660034559:65535":{"rpc_id":8686831390660034559,"provider_id":65535,"parent_rpc_id":65535,"parent_provider_id":65535,"name":"__shutdown__","target":{"received from ofi+cxi://0x23e70601":{"handler":{"duration":{"num":1,"min":0.000013113,"max":0.000013113,"avg":0.000013113,"var":0.000000000.0,"sum":0.000013113}},"ult":{"duration":{"num":1,"min":0.000010490,"max":0.000010490,"avg":0.000010490,"var":0.000000000.0,"sum":0.000010490},"relative_timestamp_from_handler_start":{"num":1,"min":0.000015497,"max":0.000015497,"avg":0.000015497,"var":0.000000000.0,"sum":0.000015497}},"irespond":{"duration":{"num":1,"min":0.000002861,"max":0.000002861,"avg":0.000002861,"var":0.000000000.0,"sum":0.000002861},"relative_timestamp_from_ult_start":{"num":1,"min":0.000000715,"max":0.000000715,"avg":0.000000715,"var":0.000000000.0,"sum":0.000000715}},"respond_cb":{"duration":{"num":1,"min":0.000000238,"max":0.000000238,"avg":0.000000238,"var":0.000000000.0,"sum":0.000000238},"relative_timestamp_from_irespond_start":{"num":1,"min":0.000007629,"max":0.000007629,"avg":0.000007629,"var":0.000000000.0,"sum":0.000007629}},"irespond_wait":{"duration":{"num":1,"min":0.000005007,"max":0.000005007,"avg":0.000005007,"var":0.000000000.0,"sum":0.000005007},"relative_timestamp_from_irespond_end":{"num":1,"min":0.000000238,"max":0.000000238,"avg":0.000000238,"var":0.000000000.0,"sum":0.000000238}},"set_output":{"duration":{"num":1,"min":0.000000477,"max":0.000000477,"avg":0.000000477,"var":0.000000000.0,"sum":0.000000477},"relative_timestamp_from_irespond_start":{"num":1,"min":0.000000238,"max":0.000000238,"avg":0.000000238,"var":0.000000000.0,"sum":0.000000238}},"get_input":{"duration":{"num":0,"min":0.000000000.0,"max":0.000000000.0,"avg":0.000000000.0,"var":0.000000000.0,"sum":0.000000000.0},"relative_timestamp_from_ult_start":{"num":0,"min":0.000000000.0,"max":0.000000000.0,"avg":0.000000000.0,"var":0.000000000.0,"sum":0.000000000.0}}}}}}}