{"address":"","progress_loop":{"progress_with_timeout":{"num":877,"min":0.000000477,"max":0.104011774,"avg":0.102411207,"var":0.139282357,"sum":89.814628839},"progress_timeout_value_msec":{"num":877,"min":100.000000000.0,"max":100.000000000.0,"avg":100.000000000.0,"var":0.000000000.0,"sum":87700.000000000.0},"progress_without_timeout":{"num":33447,"min":0.000000000.0,"max":0.000037432,"avg":0.000000118,"var":0.000000003,"sum":0.003959656},"trigger":{"num":462,"min":0.000000000.0,"max":0.003044844,"avg":0.000020329,"var":0.000022025,"sum":0.009391785}},"rpcs":{"65535:65535:14048217247822970879:0":{"rpc_id":-4398526825886580737,"provider_id":0,"parent_rpc_id":65535,"parent_provider_id":65535,"name":"get_file_data","origin":{"sent to ofi+cxi://0x23ef4200":{"iforward":{"duration":{"num":10,"min":0.000000477,"max":0.000026464,"avg":0.000003362,"var":0.000000001,"sum":0.000033617},"relative_timestamp_from_create":{"num":10,"min":0.000000000.0,"max":0.000003099,"avg":0.000000358,"var":0.000000000,"sum":0.000003576}},"forward_cb":{"duration":{"num":10,"min":0.000000000.0,"max":0.000000238,"avg":0.000000095,"var":0.000000000,"sum":0.000000954},"relative_timestamp_from_iforward_start":{"num":10,"min":0.000053644,"max":0.010134220,"avg":0.001100874,"var":0.000090677,"sum":0.011008739}},"iforward_wait":{"duration":{"num":10,"min":0.000074863,"max":0.010172129,"avg":0.001123643,"var":0.000090980,"sum":0.011236429},"relative_timestamp_from_iforward_end":{"num":10,"min":0.000000000.0,"max":0.000000238,"avg":0.000000072,"var":0.000000000,"sum":0.000000715}},"set_input":{"duration":{"num":10,"min":0.000000000.0,"max":0.000004292,"avg":0.000000644,"var":0.000000000,"sum":0.000006437},"relative_timestamp_from_iforward_start":{"num":10,"min":0.000000238,"max":0.000016212,"avg":0.000002003,"var":0.000000000,"sum":0.000020027}},"get_output":{"duration":{"num":10,"min":0.000000000.0,"max":0.000000477,"avg":0.000000215,"var":0.000000000,"sum":0.000002146},"relative_timestamp_from_wait_end":{"num":10,"min":0.000000000.0,"max":0.000000238,"avg":0.000000072,"var":0.000000000,"sum":0.000000715}}}},"target":{"received from ofi+cxi://0x23ef4200":{"handler":{"duration":{"num":10,"min":0.000000238,"max":0.000006199,"avg":0.000000930,"var":0.000000000,"sum":0.000009298}},"ult":{"duration":{"num":10,"min":0.000050306,"max":0.010087013,"avg":0.001087308,"var":0.000090002,"sum":0.010873079},"relative_timestamp_from_handler_start":{"num":10,"min":0.000001907,"max":0.000013113,"avg":0.000005054,"var":0.000000000,"sum":0.000050545}},"irespond":{"duration":{"num":10,"min":0.000000238,"max":0.000002384,"avg":0.000000572,"var":0.000000000,"sum":0.000005722},"relative_timestamp_from_ult_start":{"num":10,"min":0.000043869,"max":0.008539677,"avg":0.000923109,"var":0.000064466,"sum":0.009231091}},"respond_cb":{"duration":{"num":10,"min":0.000000000.0,"max":0.000000477,"avg":0.000000095,"var":0.000000000,"sum":0.000000954},"relative_timestamp_from_irespond_start":{"num":10,"min":0.000003338,"max":0.000014305,"avg":0.000008368,"var":0.000000000,"sum":0.000083685}},"irespond_wait":{"duration":{"num":10,"min":0.000005722,"max":0.001543045,"avg":0.000163174,"var":0.000002116,"sum":0.001631737},"relative_timestamp_from_irespond_end":{"num":10,"min":0.000000000.0,"max":0.000000238,"avg":0.000000072,"var":0.000000000,"sum":0.000000715}},"set_output":{"duration":{"num":10,"min":0.000000000.0,"max":0.000000715,"avg":0.000000238,"var":0.000000000,"sum":0.000002384},"relative_timestamp_from_irespond_start":{"num":10,"min":0.000000000.0,"max":0.000000715,"avg":0.000000119,"var":0.000000000,"sum":0.000001192}},"get_input":{"duration":{"num":10,"min":0.000000000.0,"max":0.000001907,"avg":0.000000358,"var":0.000000000,"sum":0.000003576},"relative_timestamp_from_ult_start":{"num":10,"min":0.000000000.0,"max":0.000003099,"avg":0.000000405,"var":0.000000000,"sum":0.000004053}}}}},"14048217247822970879:0:14048217247822970879:0":{"rpc_id":-4398526825886580737,"provider_id":0,"parent_rpc_id":-4398526825886580737,"parent_provider_id":0,"name":"get_file_data","origin":{"sent to ofi+cxi://0x23e70400":{"iforward":{"duration":{"num":150,"min":0.000000954,"max":0.000032425,"avg":0.000003149,"var":0.000000003,"sum":0.000472307},"relative_timestamp_from_create":{"num":150,"min":0.000000000.0,"max":0.000000477,"avg":0.000000070,"var":0.000000000,"sum":0.000010490}},"forward_cb":{"duration":{"num":150,"min":0.000000000.0,"max":0.000001669,"avg":0.000000145,"var":0.000000000,"sum":0.000021696},"relative_timestamp_from_iforward_start":{"num":150,"min":0.000008345,"max":0.009238720,"avg":0.001164112,"var":0.001089210,"sum":0.174616814}},"iforward_wait":{"duration":{"num":150,"min":0.000007391,"max":0.009237766,"avg":0.001184281,"var":0.001096002,"sum":0.177642107},"relative_timestamp_from_iforward_end":{"num":150,"min":0.000000000.0,"max":0.000000715,"avg":0.000000224,"var":0.000000000,"sum":0.000033617}},"set_input":{"duration":{"num":150,"min":0.000000000.0,"max":0.000000477,"avg":0.000000149,"var":0.000000000,"sum":0.000022411},"relative_timestamp_from_iforward_start":{"num":150,"min":0.000000238,"max":0.000001669,"avg":0.000000501,"var":0.000000000,"sum":0.000075102}},"get_output":{"duration":{"num":150,"min":0.000000000.0,"max":0.000001192,"avg":0.000000167,"var":0.000000000,"sum":0.000025034},"relative_timestamp_from_wait_end":{"num":150,"min":0.000000000.0,"max":0.000019789,"avg":0.000000288,"var":0.000000000,"sum":0.000043154}}}},"target":{"received from ofi+cxi://0x23ed6600":{"handler":{"duration":{"num":70,"min":0.000000238,"max":0.002537251,"avg":0.000087670,"var":0.000012392,"sum":0.006136894}},"ult":{"duration":{"num":70,"min":0.000016212,"max":0.009248734,"avg":0.001269882,"var":0.000499778,"sum":0.088891745},"relative_timestamp_from_handler_start":{"num":70,"min":0.000000477,"max":0.007701397,"avg":0.000374130,"var":0.000132862,"sum":0.026189089}},"irespond":{"duration":{"num":70,"min":0.000000238,"max":0.000002384,"avg":0.000000528,"var":0.000000000,"sum":0.000036955},"relative_timestamp_from_ult_start":{"num":70,"min":0.000012159,"max":0.009243011,"avg":0.001227345,"var":0.000502978,"sum":0.085914135}},"respond_cb":{"duration":{"num":70,"min":0.000000000.0,"max":0.000000238,"avg":0.000000095,"var":0.000000000,"sum":0.000006676},"relative_timestamp_from_irespond_start":{"num":70,"min":0.000003338,"max":0.000113010,"avg":0.000025719,"var":0.000000047,"sum":0.001800299}},"irespond_wait":{"duration":{"num":70,"min":0.000003338,"max":0.000156879,"avg":0.000041567,"var":0.000000089,"sum":0.002909660},"relative_timestamp_from_irespond_end":{"num":70,"min":0.000000000.0,"max":0.000000477,"avg":0.000000215,"var":0.000000000,"sum":0.000015020}},"set_output":{"duration":{"num":70,"min":0.000000000.0,"max":0.000000477,"avg":0.000000157,"var":0.000000000,"sum":0.000010967},"relative_timestamp_from_irespond_start":{"num":70,"min":0.000000000.0,"max":0.000000477,"avg":0.000000102,"var":0.000000000,"sum":0.000007153}},"get_input":{"duration":{"num":70,"min":0.000000000.0,"max":0.000001431,"avg":0.000000201,"var":0.000000000,"sum":0.000014067},"relative_timestamp_from_ult_start":{"num":70,"min":0.000000000.0,"max":0.000000715,"avg":0.000000163,"var":0.000000000,"sum":0.000011444}}},"received from ofi+cxi://0x23e92000":{"handler":{"duration":{"num":70,"min":0.000000238,"max":0.003043413,"avg":0.000043920,"var":0.000009127,"sum":0.003074408}},"ult":{"duration":{"num":70,"min":0.000016689,"max":0.009249210,"avg":0.001299003,"var":0.000523090,"sum":0.090930223},"relative_timestamp_from_handler_start":{"num":70,"min":0.000000477,"max":0.005730391,"avg":0.000409603,"var":0.000128680,"sum":0.028672218}},"irespond":{"duration":{"num":70,"min":0.000000238,"max":0.000001669,"avg":0.000000497,"var":0.000000000,"sum":0.000034809},"relative_timestamp_from_ult_start":{"num":70,"min":0.000012636,"max":0.009242535,"avg":0.001199600,"var":0.000528940,"sum":0.083971977}},"respond_cb":{"duration":{"num":70,"min":0.000000000.0,"max":0.000000477,