{"address":"","progress_loop":{"progress_with_timeout":{"num":873,"min":0.000000238,"max":0.104007721,"avg":0.102877304,"var":0.097629979,"sum":89.811886549},"progress_timeout_value_msec":{"num":873,"min":100.000000000.0,"max":100.000000000.0,"avg":100.000000000.0,"var":0.000000000.0,"sum":87300.000000000.0},"progress_without_timeout":{"num":23345,"min":0.000000000.0,"max":0.000009537,"avg":0.000000112,"var":0.000000000,"sum":0.002623558},"trigger":{"num":42,"min":0.000000000.0,"max":0.000010967,"avg":0.000000869,"var":0.000000000,"sum":0.000036478}},"rpcs":{"65535:65535:14048217247822970879:0":{"rpc_id":-4398526825886580737,"provider_id":0,"parent_rpc_id":65535,"parent_provider_id":65535,"name":"get_file_data","origin":{"sent to ofi+cxi://0x23ef6200":{"iforward":{"duration":{"num":10,"min":0.000000477,"max":0.000030518,"avg":0.000003910,"var":0.000000001,"sum":0.000039101},"relative_timestamp_from_create":{"num":10,"min":0.000000000.0,"max":0.000004053,"avg":0.000000453,"var":0.000000000,"sum":0.000004530}},"forward_cb":{"duration":{"num":10,"min":0.000000000.0,"max":0.000000238,"avg":0.000000048,"var":0.000000000,"sum":0.000000477},"relative_timestamp_from_iforward_start":{"num":10,"min":0.000064135,"max":0.003902674,"avg":0.000743723,"var":0.000014060,"sum":0.007437229}},"iforward_wait":{"duration":{"num":10,"min":0.000063896,"max":0.003875494,"avg":0.000740767,"var":0.000013892,"sum":0.007407665},"relative_timestamp_from_iforward_end":{"num":10,"min":0.000000000.0,"max":0.000000238,"avg":0.000000072,"var":0.000000000,"sum":0.000000715}},"set_input":{"duration":{"num":10,"min":0.000000238,"max":0.000004053,"avg":0.000000668,"var":0.000000000,"sum":0.000006676},"relative_timestamp_from_iforward_start":{"num":10,"min":0.000000238,"max":0.000019789,"avg":0.000002432,"var":0.000000000,"sum":0.000024319}},"get_output":{"duration":{"num":10,"min":0.000000000.0,"max":0.000000238,"avg":0.000000191,"var":0.000000000,"sum":0.000001907},"relative_timestamp_from_wait_end":{"num":10,"min":0.000000000.0,"max":0.000000238,"avg":0.000000072,"var":0.000000000,"sum":0.000000715}}}},"target":{"received from ofi+cxi://0x23ef6200":{"handler":{"duration":{"num":10,"min":0.000000238,"max":0.000006199,"avg":0.000000906,"var":0.000000000,"sum":0.000009060}},"ult":{"duration":{"num":10,"min":0.000062704,"max":0.003294230,"avg":0.000681210,"var":0.000010562,"sum":0.006812096},"relative_timestamp_from_handler_start":{"num":10,"min":0.000000477,"max":0.000568390,"avg":0.000057364,"var":0.000000290,"sum":0.000573635}},"irespond":{"duration":{"num":10,"min":0.000000238,"max":0.000002146,"avg":0.000000620,"var":0.000000000,"sum":0.000006199},"relative_timestamp_from_ult_start":{"num":10,"min":0.000061035,"max":0.003288746,"avg":0.000679159,"var":0.000010542,"sum":0.006791592}},"respond_cb":{"duration":{"num":10,"min":0.000000000.0,"max":0.000000238,"avg":0.000000095,"var":0.000000000,"sum":0.000000954},"relative_timestamp_from_irespond_start":{"num":10,"min":0.000000715,"max":0.000003099,"avg":0.000001073,"var":0.000000000,"sum":0.000010729}},"irespond_wait":{"duration":{"num":10,"min":0.000000715,"max":0.000002146,"avg":0.000001049,"var":0.000000000,"sum":0.000010490},"relative_timestamp_from_irespond_end":{"num":10,"min":0.000000000.0,"max":0.000000238,"avg":0.000000024,"var":0.000000000,"sum":0.000000238}},"set_output":{"duration":{"num":10,"min":0.000000000.0,"max":0.000000477,"avg":0.000000286,"var":0.000000000,"sum":0.000002861},"relative_timestamp_from_irespond_start":{"num":10,"min":0.000000000.0,"max":0.000000715,"avg":0.000000095,"var":0.000000000,"sum":0.000000954}},"get_input":{"duration":{"num":10,"min":0.000000000.0,"max":0.000002384,"avg":0.000000286,"var":0.000000000,"sum":0.000002861},"relative_timestamp_from_ult_start":{"num":10,"min":0.000000000.0,"max":0.000005960,"avg":0.000000787,"var":0.000000000,"sum":0.000007868}}}}},"14048217247822970879:0:14048217247822970879:0":{"rpc_id":-4398526825886580737,"provider_id":0,"parent_rpc_id":-4398526825886580737,"parent_provider_id":0,"name":"get_file_data","origin":{"sent to ofi+cxi://0x24016600":{"iforward":{"duration":{"num":10,"min":0.000007153,"max":0.000036001,"avg":0.000010681,"var":0.000000001,"sum":0.000106812},"relative_timestamp_from_create":{"num":10,"min":0.000000000.0,"max":0.000000477,"avg":0.000000191,"var":0.000000000,"sum":0.000001907}},"forward_cb":{"duration":{"num":10,"min":0.000000000.0,"max":0.000000954,"avg":0.000000167,"var":0.000000000,"sum":0.000001669},"relative_timestamp_from_iforward_start":{"num":10,"min":0.000055075,"max":0.003195286,"avg":0.000663614,"var":0.000010097,"sum":0.006636143}},"iforward_wait":{"duration":{"num":10,"min":0.000047684,"max":0.003163099,"avg":0.000653505,"var":0.000009975,"sum":0.006535053},"relative_timestamp_from_iforward_end":{"num":10,"min":0.000000000.0,"max":0.000000238,"avg":0.000000215,"var":0.000000000,"sum":0.000002146}},"set_input":{"duration":{"num":10,"min":0.000000000.0,"max":0.000000477,"avg":0.000000286,"var":0.000000000,"sum":0.000002861},"relative_timestamp_from_iforward_start":{"num":10,"min":0.000000238,"max":0.000002623,"avg":0.000000572,"var":0.000000000,"sum":0.000005722}},"get_output":{"duration":{"num":10,"min":0.000000000.0,"max":0.000000715,"avg":0.000000215,"var":0.000000000,"sum":0.000002146},"relative_timestamp_from_wait_end":{"num":10,"min":0.000000000.0,"max":0.000000477,"avg":0.000000119,"var":0.000000000,"sum":0.000001192}}}}},"65535:65535:8686831390660034559:65535":{"rpc_id":8686831390660034559,"provider_id":65535,"parent_rpc_id":65535,"parent_provider_id":65535,"name":"__shutdown__","target":{"received from ofi+cxi://0x23e70601":{"handler":{"duration":{"num":1,"min":0.000007391,"max":0.000007391,"avg":0.000007391,"var":0.000000000.0,"sum":0.000007391}},"ult":{"duration":{"num":1,"min":0.000010014,"max":0.000010014,"avg":0.000010014,"var":0.000000000.0,"sum":0.000010014},"relative_timestamp_from_handler_start":{"num":1,"min":0.000008583,"max":0.000008583,"avg":0.000008583,"var":0.000000000.0,"sum":0.000008583}},"irespond":{"duration":{"num":1,"min":0.000002146,"max":0.000002146,"avg":0.000002146,"var":0.000000000.0,"sum":0.000002146},"relative_timestamp_from_ult_start":{"num":1,"min":0.000000477,"max":0.000000477,"avg":0.000000477,"var":0.000000000.0,"sum":0.000000477}},"respond_cb":{"duration":{"num":1,"min":0.000000238,"max":0.000000238,"avg":0.000000238,"var":0.000000000.0,"sum":0.000000238},"relative_timestamp_from_irespond_start":{"num":1,"min":0.000007391,"max":0.000007391,"avg":0.000007391,"var":0.000000000.0,"sum":0.000007391}},"irespond_wait":{"duration":{"num":1,"min":0.000005484,"max":0.000005484,"avg":0.000005484,"var":0.000000000.0,"sum":0.000005484},"relative_timestamp_from_irespond_end":{"num":1,"min":0.000000238,"max":0.000000238,"avg":0.000000238,"var":0.000000000.0,"sum":0.000000238}},"set_output":{"duration":{"num":1,"min":0.000000238,"max":0.000000238,"avg":0.000000238,"var":0.000000000.0,"sum":0.000000238},"relative_timestamp_from_irespond_start":{"num":1,"min":0.000000238,"max":0.000000238,"avg":0.000000238,"var":0.000000000.0,"sum":0.000000238}},"get_input":{"duration":{"num":0,"min":0.000000000.0,"max":0.000000000.0,"avg":0.000000000.0,"var":0.000000000.0,"sum":0.000000000.0},"relative_timestamp_from_ult_start":{"num":0,"min":0.000000000.0,"max":0.000000000.0,"avg":0.000000000.0,"var":0.000000000.0,"sum":0.000000000.0}}}}}}}