{"address":"","progress_loop":{"progress_with_timeout":{"num":1062,"min":0.000000000.0,"max":0.104007483,"avg":0.103374973,"var":0.065634437,"sum":109.784221649},"progress_timeout_value_msec":{"num":1062,"min":100.000000000.0,"max":100.000000000.0,"avg":100.000000000.0,"var":0.000000000.0,"sum":106200.000000000.0},"progress_without_timeout":{"num":205533,"min":0.000000000.0,"max":0.000172615,"avg":0.000000117,"var":0.000000058,"sum":0.023982763},"trigger":{"num":292,"min":0.000000000.0,"max":0.002756596,"avg":0.000015052,"var":0.000009561,"sum":0.004395247}},"rpcs":{"65535:65535:14048217247822970879:0":{"rpc_id":-4398526825886580737,"provider_id":0,"parent_rpc_id":65535,"parent_provider_id":65535,"name":"get_file_data","origin":{"sent to ofi+cxi://0x23e90400":{"iforward":{"duration":{"num":10,"min":0.000000715,"max":0.000033617,"avg":0.000004339,"var":0.000000001,"sum":0.000043392},"relative_timestamp_from_create":{"num":10,"min":0.000000000.0,"max":0.000004292,"avg":0.000000525,"var":0.000000000,"sum":0.000005245}},"forward_cb":{"duration":{"num":10,"min":0.000000000.0,"max":0.000000477,"avg":0.000000167,"var":0.000000000,"sum":0.000001669},"relative_timestamp_from_iforward_start":{"num":10,"min":0.000358582,"max":0.012813807,"avg":0.005358744,"var":0.000182492,"sum":0.053587437}},"iforward_wait":{"duration":{"num":10,"min":0.000358820,"max":0.012813568,"avg":0.005355883,"var":0.000182360,"sum":0.053558826},"relative_timestamp_from_iforward_end":{"num":10,"min":0.000000000.0,"max":0.000000238,"avg":0.000000024,"var":0.000000000,"sum":0.000000238}},"set_input":{"duration":{"num":10,"min":0.000000000.0,"max":0.000005007,"avg":0.000000739,"var":0.000000000,"sum":0.000007391},"relative_timestamp_from_iforward_start":{"num":10,"min":0.000000238,"max":0.000020742,"avg":0.000002646,"var":0.000000000,"sum":0.000026464}},"get_output":{"duration":{"num":10,"min":0.000002861,"max":0.000003338,"avg":0.000003028,"var":0.000000000,"sum":0.000030279},"relative_timestamp_from_wait_end":{"num":10,"min":0.000000000.0,"max":0.000000477,"avg":0.000000167,"var":0.000000000,"sum":0.000001669}}}},"target":{"received from ofi+cxi://0x23e90400":{"handler":{"duration":{"num":10,"min":0.000000238,"max":0.000007868,"avg":0.000001168,"var":0.000000000,"sum":0.000011683}},"ult":{"duration":{"num":10,"min":0.000357389,"max":0.012811899,"avg":0.005303025,"var":0.000180398,"sum":0.053030252},"relative_timestamp_from_handler_start":{"num":10,"min":0.000000477,"max":0.000494480,"avg":0.000050306,"var":0.000000219,"sum":0.000503063}},"irespond":{"duration":{"num":10,"min":0.000012875,"max":0.000048161,"avg":0.000038409,"var":0.000000001,"sum":0.000384092},"relative_timestamp_from_ult_start":{"num":10,"min":0.000314236,"max":0.012797594,"avg":0.005258965,"var":0.000180962,"sum":0.052589655}},"respond_cb":{"duration":{"num":10,"min":0.000000000.0,"max":0.000000238,"avg":0.000000167,"var":0.000000000,"sum":0.000001669},"relative_timestamp_from_irespond_start":{"num":10,"min":0.000013351,"max":0.000081062,"avg":0.000042653,"var":0.000000003,"sum":0.000426531}},"irespond_wait":{"duration":{"num":10,"min":0.000000954,"max":0.000038385,"avg":0.000005102,"var":0.000000001,"sum":0.000051022},"relative_timestamp_from_irespond_end":{"num":10,"min":0.000000000.0,"max":0.000000238,"avg":0.000000072,"var":0.000000000,"sum":0.000000715}},"set_output":{"duration":{"num":10,"min":0.000002623,"max":0.000037432,"avg":0.000028777,"var":0.000000001,"sum":0.000287771},"relative_timestamp_from_irespond_start":{"num":10,"min":0.000000000.0,"max":0.000000954,"avg":0.000000238,"var":0.000000000,"sum":0.000002384}},"get_input":{"duration":{"num":10,"min":0.000000000.0,"max":0.000002146,"avg":0.000000358,"var":0.000000000,"sum":0.000003576},"relative_timestamp_from_ult_start":{"num":10,"min":0.000000000.0,"max":0.000006199,"avg":0.000000763,"var":0.000000000,"sum":0.000007629}}}}},"14048217247822970879:0:14048217247822970879:0":{"rpc_id":-4398526825886580737,"provider_id":0,"parent_rpc_id":-4398526825886580737,"parent_provider_id":0,"name":"get_file_data","origin":{"sent to ofi+cxi://0x23e96600":{"iforward":{"duration":{"num":70,"min":0.000001192,"max":0.000030756,"avg":0.000005613,"var":0.000000002,"sum":0.000392914},"relative_timestamp_from_create":{"num":70,"min":0.000000000.0,"max":0.000000477,"avg":0.000000092,"var":0.000000000,"sum":0.000006437}},"forward_cb":{"duration":{"num":70,"min":0.000000000.0,"max":0.000001192,"avg":0.000000211,"var":0.000000000,"sum":0.000014782},"relative_timestamp_from_iforward_start":{"num":70,"min":0.000070095,"max":0.012798548,"avg":0.004888507,"var":0.001098470,"sum":0.342195511}},"iforward_wait":{"duration":{"num":70,"min":0.000068903,"max":0.012797117,"avg":0.004888514,"var":0.001098019,"sum":0.342195988},"relative_timestamp_from_iforward_end":{"num":70,"min":0.000000000.0,"max":0.000000477,"avg":0.000000211,"var":0.000000000,"sum":0.000014782}},"set_input":{"duration":{"num":70,"min":0.000000000.0,"max":0.000000715,"avg":0.000000279,"var":0.000000000,"sum":0.000019550},"relative_timestamp_from_iforward_start":{"num":70,"min":0.000000238,"max":0.000002146,"avg":0.000000559,"var":0.000000000,"sum":0.000039101}},"get_output":{"duration":{"num":70,"min":0.000003099,"max":0.000035048,"avg":0.000006049,"var":0.000000004,"sum":0.000423431},"relative_timestamp_from_wait_end":{"num":70,"min":0.000000000.0,"max":0.000005245,"avg":0.000000293,"var":0.000000000,"sum":0.000020504}}}},"target":{"received from ofi+cxi://0x24016600":{"handler":{"duration":{"num":30,"min":0.000000238,"max":0.001422644,"avg":0.000047882,"var":0.000001955,"sum":0.001436472}},"ult":{"duration":{"num":30,"min":0.000264406,"max":0.012703419,"avg":0.005273199,"var":0.000430558,"sum":0.158195972},"relative_timestamp_from_handler_start":{"num":30,"min":0.000000477,"max":0.001424551,"avg":0.000049488,"var":0.000001957,"sum":0.001484632}},"irespond":{"duration":{"num":30,"min":0.000004768,"max":0.000050068,"avg":0.000034746,"var":0.000000008,"sum":0.001042366},"relative_timestamp_from_ult_start":{"num":30,"min":0.000185490,"max":0.012626410,"avg":0.005082289,"var":0.000431873,"sum":0.152468681}},"respond_cb":{"duration":{"num":30,"min":0.000000000.0,"max":0.000000477,"avg":0.000000111,"var":0.000000000,"sum":0.000003338},"relative_timestamp_from_irespond_start":{"num":30,"min":0.000036716,"max":0.001037598,"avg":0.000187302,"var":0.000001973,"sum":0.005619049}},"irespond_wait":{"duration":{"num":30,"min":0.000024796,"max":0.000991821,"avg":0.000155528,"var":0.000001897,"sum":0.004665852},"relative_timestamp_from_irespond_end":{"num":30,"min":0.000000000.0,"max":0.000000715,"avg":0.000000278,"var":0.000000000,"sum":0.000008345}},"set_output":{"duration":{"num":30,"min":0.000001907,"max":0.000038862,"avg":0.000025813,"var":0.000000006,"sum":0.000774384},"relative_timestamp_from_irespond_start":{"num":30,"min":0.000000000.0,"max":0.000000477,"avg":0.000000143,"var":0.000000000,"sum":0.000004292}},"get_input":{"duration":{"num":30,"min":0.000000000.0,"max":0.000000477,"avg":0.000000199,"var":0.000000000,"sum":0.000005960},"relative_timestamp_from_ult_start":{"num":30,"min":0.000000000.0,"max":0.000000715,"avg":0.000000143,"var":0.000000000,"sum":0.000004292}}},"received from ofi+cxi://0x23eb6200":{"handler":{"duration":{"num":30,"min":0.000000238,"max":0.002755404,"avg":0.000092483,"var":0.000007336,"sum":0.002774477}},"ult":{"duration":{"num":30,"min":0.000127792,"max":0.012925148,"avg":0.004794645,"var":0.000475077,"sum":0.143839359},"relative_timestamp_from_handler_start":{"num":30,"min":0.000000477,"max":0.002757072,"avg":0.000094573,"var":0.000007334,"sum":0.002837181}},"irespond":{"duration":{"num":30,"min":0.000004530,"max":0.000055552,"avg":0.000030263,"var":0.000000011,"sum":0.000907898},"relative_timestamp_from_ult_start":{"num":30,"min":0.000078917,"max":0.012809277,"avg":0.004617182,"var":0.000483508,"sum":0.138515472}},"respond_cb":{"duration":{"num":30,"min":0.000000000.0,"max":0.000000238,