{"address":"","rpcs":{"get_file_data:0":{"timestamps":[1717912400.409551620,1717912401.449551821,1717912402.489551306,1717912403.529552937,1717912404.569551468,1717912405.609551430,1717912406.649551392,1717912407.689551115,1717912408.729552746,1717912409.769550800,1717912410.809550762,1717912411.849552155,1717912412.889551878,1717912413.929555893,1717912414.969550610,1717912416.009551048,1717912417.049551487,1717912418.089552402,1717912419.129550695,1717912420.169550657,1717912421.209555387,1717912422.249551773,1717912423.289552212,1717912424.329551458,1717912425.369553089,1717912426.409551382,1717912427.449551582,1717912428.489551306,1717912429.529551506,1717912430.569551706,1717912431.609551191,1717912432.649551153,1717912433.689551353,1717912434.729551315,1717912435.769555092,1717912436.809552670,1717912437.849551439,1717912438.889551640,1717912439.929550648,1717912440.969553232,1717912442.009554386,1717912443.049551964,1717912444.089551210,1717912445.129551888,1717912446.169551373,1717912447.209551096,1717912448.249552250,1717912449.289550781,1717912450.329551220,1717912451.369551420,1717912452.409551382,1717912453.449551821,1717912454.489551306,1717912455.529551506,1717912456.569551468,1717912457.609551191,1717912458.649550915,1717912459.689551353,1717912460.729551792,1717912461.769551277,1717912462.809551239,1717912463.849551916,1717912464.889551401,1717912465.929552317,1717912466.965553284,1717912468.005551338,1717912469.045552731,1717912470.085552931,1717912471.125552416,1717912472.165551424,1717912473.205551863,1717912474.245552540,1717912475.285554886,1717912476.325551748,1717912477.365552664,1717912478.405551195,1717912479.445552588,1717912480.485550880,1717912481.525552511,1717912482.565551281,1717912483.605551004,1717912484.645550966,1717912485.685553074,1717912486.725551844,1717912487.765551567,1717912488.805552244,1717912489.260004044],"count":[300,0,0,0,0,0,0,0,0,0,0,0,0,0,0,0,0,0,0,0,0,0,0,0,0,0,0,0,0,0,0,0,0,0,0,0,0,0,0,0,0,0,0,0,0,0,0,0,0,0,0,0,0,0,0,0,0,0,0,0,0,0,0,0,0,0,0,0,0,0,0,0,0,0,0,0,0,0,0,0,0,0,0,0,0,0,0],"bulk_size":[0,0,0,0,0,0,0,0,0,0,0,0,0,0,0,0,0,0,0,0,0,0,0,0,0,0,0,0,0,0,0,0,0,0,0,0,0,0,0,0,0,0,0,0,0,0,0,0,0,0,0,0,0,0,0,0,0,0,0,0,0,0,0,0,0,0,0,0,0,0,0,0,0,0,0,0,0,0,0,0,0,0,0,0,0,0,0]},"__shutdown__:65535":{"timestamps":[1717912489.260004044],"count":[1],"bulk_size":[0]}},"pools":{"__primary__":{"timestamps":[1717912399.323630810,1717912400.409551620,1717912401.449551821,1717912402.489551306,1717912403.529552937,1717912404.569551468,1717912405.609551430,1717912406.649551392,1717912407.689551115,1717912408.729552746,1717912409.769550800,1717912410.809550762,1717912411.849552155,1717912412.889551878,1717912413.929555893,1717912414.969550610,1717912416.009551048,1717912417.049551487,1717912418.089552402,1717912419.129550695,1717912420.169550657,1717912421.209555387,1717912422.249551773,1717912423.289552212,1717912424.329551458,1717912425.369553089,1717912426.409551382,1717912427.449551582,1717912428.489551306,1717912429.529551506,1717912430.569551706,1717912431.609551191,1717912432.649551153,1717912433.689551353,1717912434.729551315,1717912435.769555092,1717912436.809552670,1717912437.849551439,1717912438.889551640,1717912439.929550648,1717912440.969553232,1717912442.009554386,1717912443.049551964,1717912444.089551210,1717912445.129551888,1717912446.169551373,1717912447.209551096,1717912448.249552250,1717912449.289550781,1717912450.329551220,1717912451.369551420,1717912452.409551382,1717912453.449551821,1717912454.489551306,1717912455.529551506,1717912456.569551468,1717912457.609551191,1717912458.649550915,1717912459.689551353,1717912460.729551792,1717912461.769551277,1717912462.809551239,1717912463.849551916,1717912464.889551401,1717912465.929552317,1717912466.965553284,1717912468.005551338,1717912469.045552731,1717912470.085552931,1717912471.125552416,1717912472.165551424,1717912473.205551863,1717912474.245552540,1717912475.285554886,1717912476.325551748,1717912477.365552664,1717912478.405551195,1717912479.445552588,1717912480.485550880,1717912481.525552511,1717912482.565551281,1717912483.605551004,1717912484.645550966,1717912485.685553074,1717912486.725551844,1717912487.765551567,1717912488.805552244,1717912489.260004044],"size":[0,0,0,0,0,0,0,0,0,0,0,0,0,0,0,0,0,0,0,0,0,0,0,0,0,0,0,0,0,0,0,0,0,0,0,0,0,0,0,0,0,0,0,0,0,0,0,0,0,0,0,0,0,0,0,0,0,0,0,0,0,0,0,0,0,0,0,0,0,0,0,0,0,0,0,0,0,0,0,0,0,0,0,0,0,0,0,0],"total_size":[1,1,1,1,1,1,1,1,1,1,1,1,1,1,1,1,1,1,1,1,1,1,1,1,1,1,1,1,1,1,1,1,1,1,1,1,1,1,1,1,1,1,1,1,1,1,1,1,1,1,1,1,1,1,1,1,1,1,1,1,1,1,1,1,1,1,1,1,1,1,1,1,1,1,1,1,1,1,1,1,1,1,1,1,1,1,1,0]}}}