{"address":"","progress_loop":{"progress_with_timeout":{"num":873,"min":0.000000000.0,"max":0.104005098,"avg":0.102872397,"var":0.097891462,"sum":89.807602644},"progress_timeout_value_msec":{"num":873,"min":100.000000000.0,"max":100.000000000.0,"avg":100.000000000.0,"var":0.000000000.0,"sum":87300.000000000.0},"progress_without_timeout":{"num":138401,"min":0.000000000.0,"max":0.000061274,"avg":0.000000113,"var":0.000000007,"sum":0.015581608},"trigger":{"num":52,"min":0.000000000.0,"max":0.000025749,"avg":0.000001210,"var":0.000000001,"sum":0.000062943}},"rpcs":{"65535:65535:14048217247822970879:0":{"rpc_id":-4398526825886580737,"provider_id":0,"parent_rpc_id":65535,"parent_provider_id":65535,"name":"get_file_data","origin":{"sent to ofi+cxi://0x23e96200":{"iforward":{"duration":{"num":10,"min":0.000000715,"max":0.000027418,"avg":0.000003648,"var":0.000000001,"sum":0.000036478},"relative_timestamp_from_create":{"num":10,"min":0.000000000.0,"max":0.000003338,"avg":0.000000358,"var":0.000000000,"sum":0.000003576}},"forward_cb":{"duration":{"num":10,"min":0.000000000.0,"max":0.000000238,"avg":0.000000072,"var":0.000000000,"sum":0.000000715},"relative_timestamp_from_iforward_start":{"num":10,"min":0.000182867,"max":0.032000780,"avg":0.003928471,"var":0.000879012,"sum":0.039284706}},"iforward_wait":{"duration":{"num":10,"min":0.000182629,"max":0.031976700,"avg":0.003925824,"var":0.000877676,"sum":0.039258242},"relative_timestamp_from_iforward_end":{"num":10,"min":0.000000000.0,"max":0.000000238,"avg":0.000000024,"var":0.000000000,"sum":0.000000238}},"set_input":{"duration":{"num":10,"min":0.000000238,"max":0.000004292,"avg":0.000000644,"var":0.000000000,"sum":0.000006437},"relative_timestamp_from_iforward_start":{"num":10,"min":0.000000477,"max":0.000016212,"avg":0.000002146,"var":0.000000000,"sum":0.000021458}},"get_output":{"duration":{"num":10,"min":0.000000477,"max":0.000000715,"avg":0.000000501,"var":0.000000000,"sum":0.000005007},"relative_timestamp_from_wait_end":{"num":10,"min":0.000000000.0,"max":0.000000238,"avg":0.000000095,"var":0.000000000,"sum":0.000000954}}}},"target":{"received from ofi+cxi://0x23e96200":{"handler":{"duration":{"num":10,"min":0.000000238,"max":0.000006437,"avg":0.000001049,"var":0.000000000,"sum":0.000010490}},"ult":{"duration":{"num":10,"min":0.000181198,"max":0.031952381,"avg":0.003921843,"var":0.000876411,"sum":0.039218426},"relative_timestamp_from_handler_start":{"num":10,"min":0.000000477,"max":0.000012875,"avg":0.000001931,"var":0.000000000,"sum":0.000019312}},"irespond":{"duration":{"num":10,"min":0.000013113,"max":0.000023842,"avg":0.000015020,"var":0.000000000,"sum":0.000150204},"relative_timestamp_from_ult_start":{"num":10,"min":0.000166178,"max":0.031925440,"avg":0.003905320,"var":0.000875761,"sum":0.039053202}},"respond_cb":{"duration":{"num":10,"min":0.000000000.0,"max":0.000000238,"avg":0.000000143,"var":0.000000000,"sum":0.000001431},"relative_timestamp_from_irespond_start":{"num":10,"min":0.000013590,"max":0.000024557,"avg":0.000015497,"var":0.000000000,"sum":0.000154972}},"irespond_wait":{"duration":{"num":10,"min":0.000000954,"max":0.000001907,"avg":0.000001168,"var":0.000000000,"sum":0.000011683},"relative_timestamp_from_irespond_end":{"num":10,"min":0.000000000.0,"max":0.000000238,"avg":0.000000024,"var":0.000000000,"sum":0.000000238}},"set_output":{"duration":{"num":10,"min":0.000006437,"max":0.000012159,"avg":0.000007486,"var":0.000000000,"sum":0.000074863},"relative_timestamp_from_irespond_start":{"num":10,"min":0.000000000.0,"max":0.000000715,"avg":0.000000119,"var":0.000000000,"sum":0.000001192}},"get_input":{"duration":{"num":10,"min":0.000000000.0,"max":0.000001907,"avg":0.000000381,"var":0.000000000,"sum":0.000003815},"relative_timestamp_from_ult_start":{"num":10,"min":0.000000000.0,"max":0.000003099,"avg":0.000000405,"var":0.000000000,"sum":0.000004053}}}}},"14048217247822970879:0:14048217247822970879:0":{"rpc_id":-4398526825886580737,"provider_id":0,"parent_rpc_id":-4398526825886580737,"parent_provider_id":0,"name":"get_file_data","origin":{"sent to ofi+cxi://0x23ed6200":{"iforward":{"duration":{"num":10,"min":0.000007153,"max":0.000029802,"avg":0.000010419,"var":0.000000000,"sum":0.000104189},"relative_timestamp_from_create":{"num":10,"min":0.000000000.0,"max":0.000000238,"avg":0.000000072,"var":0.000000000,"sum":0.000000715}},"forward_cb":{"duration":{"num":10,"min":0.000000000.0,"max":0.000000954,"avg":0.000000215,"var":0.000000000,"sum":0.000002146},"relative_timestamp_from_iforward_start":{"num":10,"min":0.000143051,"max":0.031816721,"avg":0.003886056,"var":0.000870221,"sum":0.038860559}},"iforward_wait":{"duration":{"num":10,"min":0.000134945,"max":0.031790972,"avg":0.003876233,"var":0.000869239,"sum":0.038762331},"relative_timestamp_from_iforward_end":{"num":10,"min":0.000000000.0,"max":0.000000238,"avg":0.000000191,"var":0.000000000,"sum":0.000001907}},"set_input":{"duration":{"num":10,"min":0.000000000.0,"max":0.000000477,"avg":0.000000334,"var":0.000000000,"sum":0.000003338},"relative_timestamp_from_iforward_start":{"num":10,"min":0.000000238,"max":0.000001907,"avg":0.000000477,"var":0.000000000,"sum":0.000004768}},"get_output":{"duration":{"num":10,"min":0.000000477,"max":0.000006437,"avg":0.000001144,"var":0.000000000,"sum":0.000011444},"relative_timestamp_from_wait_end":{"num":10,"min":0.000000000.0,"max":0.000016451,"avg":0.000001860,"var":0.000000000,"sum":0.000018597}}}}},"65535:65535:8686831390660034559:65535":{"rpc_id":8686831390660034559,"provider_id":65535,"parent_rpc_id":65535,"parent_provider_id":65535,"name":"__shutdown__","target":{"received from ofi+cxi://0x23e70601":{"handler":{"duration":{"num":1,"min":0.000015020,"max":0.000015020,"avg":0.000015020,"var":0.000000000.0,"sum":0.000015020}},"ult":{"duration":{"num":1,"min":0.000016928,"max":0.000016928,"avg":0.000016928,"var":0.000000000.0,"sum":0.000016928},"relative_timestamp_from_handler_start":{"num":1,"min":0.000019073,"max":0.000019073,"avg":0.000019073,"var":0.000000000.0,"sum":0.000019073}},"irespond":{"duration":{"num":1,"min":0.000006914,"max":0.000006914,"avg":0.000006914,"var":0.000000000.0,"sum":0.000006914},"relative_timestamp_from_ult_start":{"num":1,"min":0.000001192,"max":0.000001192,"avg":0.000001192,"var":0.000000000.0,"sum":0.000001192}},"respond_cb":{"duration":{"num":1,"min":0.000000715,"max":0.000000715,"avg":0.000000715,"var":0.000000000.0,"sum":0.000000715},"relative_timestamp_from_irespond_start":{"num":1,"min":0.000012875,"max":0.000012875,"avg":0.000012875,"var":0.000000000.0,"sum":0.000012875}},"irespond_wait":{"duration":{"num":1,"min":0.000006676,"max":0.000006676,"avg":0.000006676,"var":0.000000000.0,"sum":0.000006676},"relative_timestamp_from_irespond_end":{"num":1,"min":0.000000238,"max":0.000000238,"avg":0.000000238,"var":0.000000000.0,"sum":0.000000238}},"set_output":{"duration":{"num":1,"min":0.000000477,"max":0.000000477,"avg":0.000000477,"var":0.000000000.0,"sum":0.000000477},"relative_timestamp_from_irespond_start":{"num":1,"min":0.000000954,"max":0.000000954,"avg":0.000000954,"var":0.000000000.0,"sum":0.000000954}},"get_input":{"duration":{"num":0,"min":0.000000000.0,"max":0.000000000.0,"avg":0.000000000.0,"var":0.000000000.0,"sum":0.000000000.0},"relative_timestamp_from_ult_start":{"num":0,"min":0.000000000.0,"max":0.000000000.0,"avg":0.000000000.0,"var":0.000000000.0,"sum":0.000000000.0}}}}}}}