{"address":"","progress_loop":{"progress_with_timeout":{"num":864,"min":0.061107397,"max":0.104536772,"avg":0.103944965,"var":0.001853990,"sum":89.808449745},"progress_timeout_value_msec":{"num":864,"min":100.000000000.0,"max":100.000000000.0,"avg":100.000000000.0,"var":0.000000000.0,"sum":86400.000000000.0},"progress_without_timeout":{"num":106782,"min":0.000000000.0,"max":0.000069380,"avg":0.000000117,"var":0.000000013,"sum":0.012485027},"trigger":{"num":292,"min":0.000000000.0,"max":0.002757788,"avg":0.000014858,"var":0.000009462,"sum":0.004338503}},"rpcs":{"65535:65535:14048217247822970879:0":{"rpc_id":-4398526825886580737,"provider_id":0,"parent_rpc_id":65535,"parent_provider_id":65535,"name":"get_file_data","origin":{"sent to ofi+cxi://0x23e92000":{"iforward":{"duration":{"num":10,"min":0.000000715,"max":0.000030518,"avg":0.000003886,"var":0.000000001,"sum":0.000038862},"relative_timestamp_from_create":{"num":10,"min":0.000000000.0,"max":0.000004053,"avg":0.000000501,"var":0.000000000,"sum":0.000005007}},"forward_cb":{"duration":{"num":10,"min":0.000000000.0,"max":0.000000477,"avg":0.000000143,"var":0.000000000,"sum":0.000001431},"relative_timestamp_from_iforward_start":{"num":10,"min":0.000092030,"max":0.018581629,"avg":0.003580117,"var":0.000388647,"sum":0.035801172}},"iforward_wait":{"duration":{"num":10,"min":0.000092030,"max":0.018642664,"avg":0.003590250,"var":0.000390252,"sum":0.035902500},"relative_timestamp_from_iforward_end":{"num":10,"min":0.000000000.0,"max":0.000000238,"avg":0.000000095,"var":0.000000000,"sum":0.000000954}},"set_input":{"duration":{"num":10,"min":0.000000000.0,"max":0.000004292,"avg":0.000000691,"var":0.000000000,"sum":0.000006914},"relative_timestamp_from_iforward_start":{"num":10,"min":0.000000477,"max":0.000018597,"avg":0.000002337,"var":0.000000000,"sum":0.000023365}},"get_output":{"duration":{"num":10,"min":0.000000477,"max":0.000004053,"avg":0.000000906,"var":0.000000000,"sum":0.000009060},"relative_timestamp_from_wait_end":{"num":10,"min":0.000000000.0,"max":0.000000238,"avg":0.000000167,"var":0.000000000,"sum":0.000001669}}}},"target":{"received from ofi+cxi://0x23e92000":{"handler":{"duration":{"num":10,"min":0.000000238,"max":0.000006437,"avg":0.000001049,"var":0.000000000,"sum":0.000010490}},"ult":{"duration":{"num":10,"min":0.000088215,"max":0.018064737,"avg":0.003523636,"var":0.000373283,"sum":0.035236359},"relative_timestamp_from_handler_start":{"num":10,"min":0.000000477,"max":0.000476599,"avg":0.000048733,"var":0.000000203,"sum":0.000487328}},"irespond":{"duration":{"num":10,"min":0.000001192,"max":0.000019073,"avg":0.000010943,"var":0.000000000,"sum":0.000109434},"relative_timestamp_from_ult_start":{"num":10,"min":0.000085354,"max":0.018037796,"avg":0.003508401,"var":0.000372736,"sum":0.035084009}},"respond_cb":{"duration":{"num":10,"min":0.000000000.0,"max":0.000000477,"avg":0.000000095,"var":0.000000000,"sum":0.000000954},"relative_timestamp_from_irespond_start":{"num":10,"min":0.000001669,"max":0.000031948,"avg":0.000013709,"var":0.000000001,"sum":0.000137091}},"irespond_wait":{"duration":{"num":10,"min":0.000000954,"max":0.000019789,"avg":0.000003910,"var":0.000000000,"sum":0.000039101},"relative_timestamp_from_irespond_end":{"num":10,"min":0.000000000.0,"max":0.000000238,"avg":0.000000072,"var":0.000000000,"sum":0.000000715}},"set_output":{"duration":{"num":10,"min":0.000000477,"max":0.000011921,"avg":0.000005364,"var":0.000000000,"sum":0.000053644},"relative_timestamp_from_irespond_start":{"num":10,"min":0.000000000.0,"max":0.000000954,"avg":0.000000143,"var":0.000000000,"sum":0.000001431}},"get_input":{"duration":{"num":10,"min":0.000000000.0,"max":0.000002146,"avg":0.000000334,"var":0.000000000,"sum":0.000003338},"relative_timestamp_from_ult_start":{"num":10,"min":0.000000000.0,"max":0.000006199,"avg":0.000000715,"var":0.000000000,"sum":0.000007153}}}}},"14048217247822970879:0:14048217247822970879:0":{"rpc_id":-4398526825886580737,"provider_id":0,"parent_rpc_id":-4398526825886580737,"parent_provider_id":0,"name":"get_file_data","origin":{"sent to ofi+cxi://0x23ef4200":{"iforward":{"duration":{"num":70,"min":0.000000954,"max":0.000036001,"avg":0.000005027,"var":0.000000002,"sum":0.000351906},"relative_timestamp_from_create":{"num":70,"min":0.000000000.0,"max":0.000000477,"avg":0.000000089,"var":0.000000000,"sum":0.000006199}},"forward_cb":{"duration":{"num":70,"min":0.000000000.0,"max":0.000001669,"avg":0.000000116,"var":0.000000000,"sum":0.000008106},"relative_timestamp_from_iforward_start":{"num":70,"min":0.000049829,"max":0.017916203,"avg":0.002889024,"var":0.001711997,"sum":0.202231646}},"iforward_wait":{"duration":{"num":70,"min":0.000048876,"max":0.017885923,"avg":0.002888322,"var":0.001711400,"sum":0.202182531},"relative_timestamp_from_iforward_end":{"num":70,"min":0.000000000.0,"max":0.000000715,"avg":0.000000194,"var":0.000000000,"sum":0.000013590}},"set_input":{"duration":{"num":70,"min":0.000000000.0,"max":0.000000715,"avg":0.000000238,"var":0.000000000,"sum":0.000016689},"relative_timestamp_from_iforward_start":{"num":70,"min":0.000000238,"max":0.000002384,"avg":0.000000538,"var":0.000000000,"sum":0.000037670}},"get_output":{"duration":{"num":70,"min":0.000000477,"max":0.000004768,"avg":0.000001012,"var":0.000000000,"sum":0.000070810},"relative_timestamp_from_wait_end":{"num":70,"min":0.000000000.0,"max":0.000000954,"avg":0.000000143,"var":0.000000000,"sum":0.000010014}}}},"target":{"received from ofi+cxi://0x23eb6600":{"handler":{"duration":{"num":30,"min":0.000000238,"max":0.002757072,"avg":0.000138577,"var":0.000008943,"sum":0.004157305}},"ult":{"duration":{"num":30,"min":0.000073433,"max":0.017211199,"avg":0.003017092,"var":0.000754006,"sum":0.090512753},"relative_timestamp_from_handler_start":{"num":30,"min":0.000000477,"max":0.002758741,"avg":0.000140627,"var":0.000008941,"sum":0.004218817}},"irespond":{"duration":{"num":30,"min":0.000001669,"max":0.000025272,"avg":0.000012088,"var":0.000000001,"sum":0.000362635},"relative_timestamp_from_ult_start":{"num":30,"min":0.000056505,"max":0.017038345,"avg":0.002886073,"var":0.000757566,"sum":0.086582184}},"respond_cb":{"duration":{"num":30,"min":0.000000000.0,"max":0.000000238,"avg":0.000000087,"var":0.000000000,"sum":0.000002623},"relative_timestamp_from_irespond_start":{"num":30,"min":0.000015974,"max":0.001269102,"avg":0.000128722,"var":0.000002743,"sum":0.003861666}},"irespond_wait":{"duration":{"num":30,"min":0.000014067,"max":0.001281261,"avg":0.000118407,"var":0.000002793,"sum":0.003552198},"relative_timestamp_from_irespond_end":{"num":30,"min":0.000000000.0,"max":0.000000477,"avg":0.000000286,"var":0.000000000,"sum":0.000008583}},"set_output":{"duration":{"num":30,"min":0.000000238,"max":0.000011206,"avg":0.000004824,"var":0.000000000,"sum":0.000144720},"relative_timestamp_from_irespond_start":{"num":30,"min":0.000000000.0,"max":0.000000238,"avg":0.000000111,"var":0.000000000,"sum":0.000003338}},"get_input":{"duration":{"num":30,"min":0.000000000.0,"max":0.000000477,"avg":0.000000143,"var":0.000000000,"sum":0.000004292},"relative_timestamp_from_ult_start":{"num":30,"min":0.000000000.0,"max":0.000000954,"avg":0.000000207,"var":0.000000000,"sum":0.000006199}}},"received from ofi+cxi://0x23ed2400":{"handler":{"duration":{"num":30,"min":0.000000238,"max":0.000002623,"avg":0.000000445,"var":0.000000000,"sum":0.000013351}},"ult":{"duration":{"num":30,"min":0.000095367,"max":0.012853146,"avg":0.002855817,"var":0.000575605,"sum":0.085674524},"relative_timestamp_from_handler_start":{"num":30,"min":0.000000477,"max":0.000014544,"avg":0.000002178,"var":0.000000000,"sum":0.000065327}},"irespond":{"duration":{"num":30,"min":0.000001669,"max":0.000022650,"avg":0.000011746,"var":0.000000001,"sum":0.000352383},"relative_timestamp_from_ult_start":{"num":30,"min":0.000055075,"max":0.012807608,"avg":0.002718337,"var":0.000583236,"sum":0.081550121}},"respond_cb":{"duration":{"num":30,"min":0.000000000.0,"max":0.000000238,"avg":0.000000056,