{"address":"","rpcs":{"get_file_data:0":{"timestamps":[1717912514.735392809,1717912515.818543196,1717912516.858543873,1717912517.898544073,1717912518.938544512,1717912519.978544712,1717912521.018543482,1717912522.058545351,1717912523.098544121,1717912524.138544321,1717912525.178544044,1717912526.218544483,1717912527.258543491,1717912528.298544645,1717912529.338544130,1717912530.378544569,1717912531.418543577,1717912532.458543777,1717912533.498544455,1717912534.538544655,1717912535.578543901,1717912536.618545055,1717912537.654548407,1717912538.694544077,1717912539.734545469,1717912540.774543524,1717912541.814543724,1717912542.854545832,1717912543.894542933,1717912544.934542894,1717912545.974543810,1717912547.014542818,1717912548.054549694,1717912549.094544172,1717912550.134543657,1717912551.174542904,1717912552.214547157,1717912553.254548311,1717912554.294544220,1717912555.334543943,1717912556.374544382,1717912557.414544344,1717912558.454544783,1717912559.494543076,1717912560.534543276,1717912561.574542999,1717912562.614543915,1717912563.654546022,1717912564.694543600,1717912565.734543800,1717912566.774544001,1717912567.814544201,1717912568.854544401,1717912569.894546509,1717912570.934544086,1717912571.974542856,1717912573.014542818,1717912574.054543495,1717912575.094545126,1717912576.134542704,1717912577.174545527,1717912578.214543104,1717912579.254544735,1717912580.294543982,1717912581.334544182,1717912582.374545336,1717912583.414543867,1717912584.454544783,1717912585.494542837,1717912586.534543991,1717912587.574543953,1717912588.614542961,1717912589.654547691,1717912590.694544077,1717912591.734543800,1717912592.774545193,1717912593.814543724,1717912594.854544401,1717912595.894545078,1717912596.934544086,1717912597.974544525,1717912599.014544964,1717912600.054546833,1717912601.094543934,1717912602.134543896,1717912603.174542904,1717912604.214542866,1717912604.613520861],"count":[1,9,0,0,0,0,0,0,0,0,0,0,0,0,0,0,0,0,0,0,0,0,0,0,0,0,0,0,0,0,0,0,0,0,0,0,0,0,0,0,0,0,0,0,0,0,0,0,0,0,0,0,0,0,0,0,0,0,0,0,0,0,0,0,0,0,0,0,0,0,0,0,0,0,0,0,0,0,0,0,0,0,0,0,0,0,0,0],"bulk_size":[0,0,0,0,0,0,0,0,0,0,0,0,0,0,0,0,0,0,0,0,0,0,0,0,0,0,0,0,0,0,0,0,0,0,0,0,0,0,0,0,0,0,0,0,0,0,0,0,0,0,0,0,0,0,0,0,0,0,0,0,0,0,0,0,0,0,0,0,0,0,0,0,0,0,0,0,0,0,0,0,0,0,0,0,0,0,0,0]},"__shutdown__:65535":{"timestamps":[1717912604.613520861],"count":[1],"bulk_size":[0]}},"pools":{"__primary__":{"timestamps":[1717912514.735392809,1717912515.818543196,1717912516.858543873,1717912517.898544073,1717912518.938544512,1717912519.978544712,1717912521.018543482,1717912522.058545351,1717912523.098544121,1717912524.138544321,1717912525.178544044,1717912526.218544483,1717912527.258543491,1717912528.298544645,1717912529.338544130,1717912530.378544569,1717912531.418543577,1717912532.458543777,1717912533.498544455,1717912534.538544655,1717912535.578543901,1717912536.618545055,1717912537.654548407,1717912538.694544077,1717912539.734545469,1717912540.774543524,1717912541.814543724,1717912542.854545832,1717912543.894542933,1717912544.934542894,1717912545.974543810,1717912547.014542818,1717912548.054549694,1717912549.094544172,1717912550.134543657,1717912551.174542904,1717912552.214547157,1717912553.254548311,1717912554.294544220,1717912555.334543943,1717912556.374544382,1717912557.414544344,1717912558.454544783,1717912559.494543076,1717912560.534543276,1717912561.574542999,1717912562.614543915,1717912563.654546022,1717912564.694543600,1717912565.734543800,1717912566.774544001,1717912567.814544201,1717912568.854544401,1717912569.894546509,1717912570.934544086,1717912571.974542856,1717912573.014542818,1717912574.054543495,1717912575.094545126,1717912576.134542704,1717912577.174545527,1717912578.214543104,1717912579.254544735,1717912580.294543982,1717912581.334544182,1717912582.374545336,1717912583.414543867,1717912584.454544783,1717912585.494542837,1717912586.534543991,1717912587.574543953,1717912588.614542961,1717912589.654547691,1717912590.694544077,1717912591.734543800,1717912592.774545193,1717912593.814543724,1717912594.854544401,1717912595.894545078,1717912596.934544086,1717912597.974544525,1717912599.014544964,1717912600.054546833,1717912601.094543934,1717912602.134543896,1717912603.174542904,1717912604.214542866,1717912604.613520861],"size":[0,0,0,0,0,0,0,0,0,0,0,0,0,0,0,0,0,0,0,0,0,0,0,0,0,0,0,0,0,0,0,0,0,0,0,0,0,0,0,0,0,0,0,0,0,0,0,0,0,0,0,0,0,0,0,0,0,0,0,0,0,0,0,0,0,0,0,0,0,0,0,0,0,0,0,0,0,0,0,0,0,0,0,0,0,0,0,0],"total_size":[2,1,1,1,1,1,1,1,1,1,1,1,1,1,1,1,1,1,1,1,1,1,1,1,1,1,1,1,1,1,1,1,1,1,1,1,1,1,1,1,1,1,1,1,1,1,1,1,1,1,1,1,1,1,1,1,1,1,1,1,1,1,1,1,1,1,1,1,1,1,1,1,1,1,1,1,1,1,1,1,1,1,1,1,1,1,1,0]}}}