{"address":"","progress_loop":{"progress_with_timeout":{"num":1321,"min":0.000992060,"max":0.104010820,"avg":0.103920827,"var":0.010604169,"sum":137.279412985},"progress_timeout_value_msec":{"num":1321,"min":100.000000000.0,"max":100.000000000.0,"avg":100.000000000.0,"var":0.000000000.0,"sum":132100.000000000.0},"progress_without_timeout":{"num":8181343,"min":0.000000000.0,"max":0.003122330,"avg":0.000000118,"var":0.000126239,"sum":0.963252068},"trigger":{"num":132,"min":0.000000238,"max":0.001837015,"avg":0.000016005,"var":0.000003343,"sum":0.002112627}},"rpcs":{"65535:65535:14048217247822970879:0":{"rpc_id":-4398526825886580737,"provider_id":0,"parent_rpc_id":65535,"parent_provider_id":65535,"name":"get_file_data","origin":{"sent to ofi+cxi://0x23ed6200":{"iforward":{"duration":{"num":10,"min":0.000002861,"max":0.000030279,"avg":0.000005817,"var":0.000000001,"sum":0.000058174},"relative_timestamp_from_create":{"num":10,"min":0.000000000.0,"max":0.000004053,"avg":0.000000644,"var":0.000000000,"sum":0.000006437}},"forward_cb":{"duration":{"num":10,"min":0.000000238,"max":0.000000238,"avg":0.000000238,"var":0.000000000.0,"sum":0.000002384},"relative_timestamp_from_iforward_start":{"num":10,"min":0.224263668,"max":0.293926477,"avg":0.247932744,"var":0.003859378,"sum":2.479327440}},"iforward_wait":{"duration":{"num":10,"min":0.224264145,"max":0.293926239,"avg":0.247946191,"var":0.003861637,"sum":2.479461908},"relative_timestamp_from_iforward_end":{"num":10,"min":0.000000000.0,"max":0.000000238,"avg":0.000000143,"var":0.000000000,"sum":0.000001431}},"set_input":{"duration":{"num":10,"min":0.000000238,"max":0.000004530,"avg":0.000000906,"var":0.000000000,"sum":0.000009060},"relative_timestamp_from_iforward_start":{"num":10,"min":0.000001669,"max":0.000018597,"avg":0.000003719,"var":0.000000000,"sum":0.000037193}},"get_output":{"duration":{"num":10,"min":0.001619339,"max":0.003663063,"avg":0.002433753,"var":0.000006357,"sum":0.024337530},"relative_timestamp_from_wait_end":{"num":10,"min":0.000000238,"max":0.000000715,"avg":0.000000429,"var":0.000000000,"sum":0.000004292}}}},"target":{"received from ofi+cxi://0x23ed6200":{"handler":{"duration":{"num":10,"min":0.000001192,"max":0.000006199,"avg":0.000001812,"var":0.000000000,"sum":0.000018120}},"ult":{"duration":{"num":10,"min":0.224258661,"max":0.293920517,"avg":0.247921586,"var":0.003853602,"sum":2.479215860},"relative_timestamp_from_handler_start":{"num":10,"min":0.000001907,"max":0.000014305,"avg":0.000003672,"var":0.000000000,"sum":0.000036716}},"irespond":{"duration":{"num":10,"min":0.003461838,"max":0.004364967,"avg":0.003911519,"var":0.000000741,"sum":0.039115191},"relative_timestamp_from_ult_start":{"num":10,"min":0.219887733,"max":0.290303707,"avg":0.243730259,"var":0.003894074,"sum":2.437302589}},"respond_cb":{"duration":{"num":10,"min":0.000000238,"max":0.000000715,"avg":0.000000358,"var":0.000000000,"sum":0.000003576},"relative_timestamp_from_irespond_start":{"num":10,"min":0.003464937,"max":0.006254435,"avg":0.004172277,"var":0.000005494,"sum":0.041722775}},"irespond_wait":{"duration":{"num":10,"min":0.000003815,"max":0.002585411,"avg":0.000262260,"var":0.000005997,"sum":0.002622604},"relative_timestamp_from_irespond_end":{"num":10,"min":0.000000000.0,"max":0.000000477,"avg":0.000000238,"var":0.000000000,"sum":0.000002384}},"set_output":{"duration":{"num":10,"min":0.003316879,"max":0.004022837,"avg":0.003747082,"var":0.000000563,"sum":0.037470818},"relative_timestamp_from_irespond_start":{"num":10,"min":0.000000238,"max":0.000001192,"avg":0.000000501,"var":0.000000000,"sum":0.000005007}},"get_input":{"duration":{"num":10,"min":0.000000238,"max":0.000002146,"avg":0.000000525,"var":0.000000000,"sum":0.000005245},"relative_timestamp_from_ult_start":{"num":10,"min":0.000000238,"max":0.000003338,"avg":0.000000715,"var":0.000000000,"sum":0.000007153}}}}},"14048217247822970879:0:14048217247822970879:0":{"rpc_id":-4398526825886580737,"provider_id":0,"parent_rpc_id":-4398526825886580737,"parent_provider_id":0,"name":"get_file_data","origin":{"sent to ofi+cxi://0x23ed6600":{"iforward":{"duration":{"num":30,"min":0.000002861,"max":0.000337601,"avg":0.000070302,"var":0.000000242,"sum":0.002109051},"relative_timestamp_from_create":{"num":30,"min":0.000000000.0,"max":0.000000477,"avg":0.000000223,"var":0.000000000,"sum":0.000006676}},"forward_cb":{"duration":{"num":30,"min":0.000000238,"max":0.000001669,"avg":0.000000469,"var":0.000000000,"sum":0.000014067},"relative_timestamp_from_iforward_start":{"num":30,"min":0.181304932,"max":0.285835981,"avg":0.236751183,"var":0.015735283,"sum":7.102535486}},"iforward_wait":{"duration":{"num":30,"min":0.181303740,"max":0.285819530,"avg":0.236683098,"var":0.015750530,"sum":7.100492954},"relative_timestamp_from_iforward_end":{"num":30,"min":0.000000000.0,"max":0.000000954,"avg":0.000000246,"var":0.000000000,"sum":0.000007391}},"set_input":{"duration":{"num":30,"min":0.000000238,"max":0.000000954,"avg":0.000000493,"var":0.000000000,"sum":0.000014782},"relative_timestamp_from_iforward_start":{"num":30,"min":0.000000715,"max":0.000002146,"avg":0.000001232,"var":0.000000000,"sum":0.000036955}},"get_output":{"duration":{"num":30,"min":0.001425982,"max":0.005286455,"avg":0.002780588,"var":0.000056907,"sum":0.083417654},"relative_timestamp_from_wait_end":{"num":30,"min":0.000000238,"max":0.000001192,"avg":0.000000612,"var":0.000000000,"sum":0.000018358}}}},"target":{"received from ofi+cxi://0x23eb4200":{"handler":{"duration":{"num":10,"min":0.000001669,"max":0.000003338,"avg":0.000002313,"var":0.000000000,"sum":0.000023127}},"ult":{"duration":{"num":10,"min":0.187034369,"max":0.288939953,"avg":0.242514467,"var":0.007580836,"sum":2.425144672},"relative_timestamp_from_handler_start":{"num":10,"min":0.000002384,"max":0.001842260,"avg":0.000186849,"var":0.000003045,"sum":0.001868486}},"irespond":{"duration":{"num":10,"min":0.003333807,"max":0.004356623,"avg":0.003953600,"var":0.000001012,"sum":0.039535999},"relative_timestamp_from_ult_start":{"num":10,"min":0.183147669,"max":0.272672653,"avg":0.236161351,"var":0.006195643,"sum":2.361613512}},"respond_cb":{"duration":{"num":10,"min":0.000000000.0,"max":0.000000238,"avg":0.000000191,"var":0.000000000,"sum":0.000001907},"relative_timestamp_from_irespond_start":{"num":10,"min":0.003883123,"max":0.016264439,"avg":0.006350827,"var":0.000148025,"sum":0.063508272}},"irespond_wait":{"duration":{"num":10,"min":0.000531912,"max":0.012147903,"avg":0.002397466,"var":0.000147966,"sum":0.023974657},"relative_timestamp_from_irespond_end":{"num":10,"min":0.000000238,"max":0.000000715,"avg":0.000000501,"var":0.000000000,"sum":0.000005007}},"set_output":{"duration":{"num":10,"min":0.003162146,"max":0.004207134,"avg":0.003802538,"var":0.000001001,"sum":0.038025379},"relative_timestamp_from_irespond_start":{"num":10,"min":0.000000238,"max":0.000000715,"avg":0.000000429,"var":0.000000000,"sum":0.000004292}},"get_input":{"duration":{"num":10,"min":0.000000238,"max":0.000000477,"avg":0.000000405,"var":0.000000000,"sum":0.000004053},"relative_timestamp_from_ult_start":{"num":10,"min":0.000000238,"max":0.000001431,"avg":0.000000572,"var":0.000000000,"sum":0.000005722}}},"received from ofi+cxi://0x23e96200":{"handler":{"duration":{"num":10,"min":0.000000715,"max":0.001836061,"avg":0.000184608,"var":0.000003030,"sum":0.001846075}},"ult":{"duration":{"num":10,"min":0.191160917,"max":0.278566599,"avg":0.243740129,"var":0.006915726,"sum":2.437401295},"relative_timestamp_from_handler_start":{"num":10,"min":0.000001192,"max":0.001895189,"avg":0.000190949,"var":0.000003227,"sum":0.001909494}},"irespond":{"duration":{"num":10,"min":0.003069639,"max":0.004137516,"avg":0.003798580,"var":0.000001246,"sum":0.037985802},"relative_timestamp_from_ult_start":{"num":10,"min":0.186484814,"max":0.271229506,"avg":0.238818383,"var":0.006647922,"sum":2.388183832}},"respond_cb":{"duration":{"num":10,"min":0.000000000.0,"max":0.000000238,"avg":0.000000215,"var":0.000000000,