{"address":"","progress_loop":{"progress_with_timeout":{"num":864,"min":0.000008821,"max":0.104008198,"avg":0.103794092,"var":0.015563254,"sum":89.678095102},"progress_timeout_value_msec":{"num":864,"min":100.000000000.0,"max":100.000000000.0,"avg":100.000000000.0,"var":0.000000000.0,"sum":86400.000000000.0},"progress_without_timeout":{"num":283709,"min":0.000000000.0,"max":0.000009298,"avg":0.000000111,"var":0.000000004,"sum":0.031515121},"trigger":{"num":102,"min":0.000000000.0,"max":0.001444817,"avg":0.000014829,"var":0.000002065,"sum":0.001512527}},"rpcs":{"65535:65535:14048217247822970879:0":{"rpc_id":-4398526825886580737,"provider_id":0,"parent_rpc_id":65535,"parent_provider_id":65535,"name":"get_file_data","origin":{"sent to ofi+cxi://0x23eb6600":{"iforward":{"duration":{"num":10,"min":0.000000477,"max":0.000030756,"avg":0.000003982,"var":0.000000001,"sum":0.000039816},"relative_timestamp_from_create":{"num":10,"min":0.000000000.0,"max":0.000003338,"avg":0.000000381,"var":0.000000000,"sum":0.000003815}},"forward_cb":{"duration":{"num":10,"min":0.000000000.0,"max":0.000000477,"avg":0.000000072,"var":0.000000000,"sum":0.000000715},"relative_timestamp_from_iforward_start":{"num":10,"min":0.000096798,"max":0.038537502,"avg":0.008153749,"var":0.001261530,"sum":0.081537485}},"iforward_wait":{"duration":{"num":10,"min":0.000096798,"max":0.038511515,"avg":0.008150816,"var":0.001259956,"sum":0.081508160},"relative_timestamp_from_iforward_end":{"num":10,"min":0.000000000.0,"max":0.000000477,"avg":0.000000143,"var":0.000000000,"sum":0.000001431}},"set_input":{"duration":{"num":10,"min":0.000000238,"max":0.000005722,"avg":0.000000882,"var":0.000000000,"sum":0.000008821},"relative_timestamp_from_iforward_start":{"num":10,"min":0.000000238,"max":0.000018597,"avg":0.000002360,"var":0.000000000,"sum":0.000023603}},"get_output":{"duration":{"num":10,"min":0.000000000.0,"max":0.000000238,"avg":0.000000119,"var":0.000000000,"sum":0.000001192},"relative_timestamp_from_wait_end":{"num":10,"min":0.000000000.0,"max":0.000000477,"avg":0.000000119,"var":0.000000000,"sum":0.000001192}}}},"target":{"received from ofi+cxi://0x23eb6600":{"handler":{"duration":{"num":10,"min":0.000000238,"max":0.000006437,"avg":0.000001073,"var":0.000000000,"sum":0.000010729}},"ult":{"duration":{"num":10,"min":0.000095606,"max":0.038018942,"avg":0.008100152,"var":0.001230308,"sum":0.081001520},"relative_timestamp_from_handler_start":{"num":10,"min":0.000000477,"max":0.000476360,"avg":0.000048351,"var":0.000000204,"sum":0.000483513}},"irespond":{"duration":{"num":10,"min":0.000000238,"max":0.000002861,"avg":0.000000644,"var":0.000000000,"sum":0.000006437},"relative_timestamp_from_ult_start":{"num":10,"min":0.000094175,"max":0.038006306,"avg":0.008097363,"var":0.001229654,"sum":0.080973625}},"respond_cb":{"duration":{"num":10,"min":0.000000000.0,"max":0.000000238,"avg":0.000000095,"var":0.000000000,"sum":0.000000954},"relative_timestamp_from_irespond_start":{"num":10,"min":0.000000715,"max":0.000010252,"avg":0.000001812,"var":0.000000000,"sum":0.000018120}},"irespond_wait":{"duration":{"num":10,"min":0.000000715,"max":0.000008583,"avg":0.000001764,"var":0.000000000,"sum":0.000017643},"relative_timestamp_from_irespond_end":{"num":10,"min":0.000000000.0,"max":0.000000238,"avg":0.000000095,"var":0.000000000,"sum":0.000000954}},"set_output":{"duration":{"num":10,"min":0.000000000.0,"max":0.000000715,"avg":0.000000238,"var":0.000000000,"sum":0.000002384},"relative_timestamp_from_irespond_start":{"num":10,"min":0.000000000.0,"max":0.000001192,"avg":0.000000215,"var":0.000000000,"sum":0.000002146}},"get_input":{"duration":{"num":10,"min":0.000000000.0,"max":0.000002384,"avg":0.000000358,"var":0.000000000,"sum":0.000003576},"relative_timestamp_from_ult_start":{"num":10,"min":0.000000000.0,"max":0.000006676,"avg":0.000000787,"var":0.000000000,"sum":0.000007868}}}}},"14048217247822970879:0:14048217247822970879:0":{"rpc_id":-4398526825886580737,"provider_id":0,"parent_rpc_id":-4398526825886580737,"parent_provider_id":0,"name":"get_file_data","origin":{"sent to ofi+cxi://0x23e92000":{"iforward":{"duration":{"num":30,"min":0.000001192,"max":0.000036001,"avg":0.000008210,"var":0.000000001,"sum":0.000246286},"relative_timestamp_from_create":{"num":30,"min":0.000000000.0,"max":0.000000477,"avg":0.000000103,"var":0.000000000,"sum":0.000003099}},"forward_cb":{"duration":{"num":30,"min":0.000000000.0,"max":0.000002146,"avg":0.000000151,"var":0.000000000,"sum":0.000004530},"relative_timestamp_from_iforward_start":{"num":30,"min":0.000031948,"max":0.037904501,"avg":0.005928850,"var":0.002131821,"sum":0.177865505}},"iforward_wait":{"duration":{"num":30,"min":0.000030994,"max":0.037875891,"avg":0.005922850,"var":0.002129688,"sum":0.177685499},"relative_timestamp_from_iforward_end":{"num":30,"min":0.000000000.0,"max":0.000000238,"avg":0.000000183,"var":0.000000000,"sum":0.000005484}},"set_input":{"duration":{"num":30,"min":0.000000000.0,"max":0.000000715,"avg":0.000000302,"var":0.000000000,"sum":0.000009060},"relative_timestamp_from_iforward_start":{"num":30,"min":0.000000238,"max":0.000002623,"avg":0.000000580,"var":0.000000000,"sum":0.000017405}},"get_output":{"duration":{"num":30,"min":0.000000000.0,"max":0.000000954,"avg":0.000000119,"var":0.000000000,"sum":0.000003576},"relative_timestamp_from_wait_end":{"num":30,"min":0.000000000.0,"max":0.000000954,"avg":0.000000191,"var":0.000000000,"sum":0.000005722}}}},"target":{"received from ofi+cxi://0x23eb0000":{"handler":{"duration":{"num":10,"min":0.000000238,"max":0.000004292,"avg":0.000000834,"var":0.000000000,"sum":0.000008345}},"ult":{"duration":{"num":10,"min":0.000040770,"max":0.017275572,"avg":0.005447745,"var":0.000424941,"sum":0.054477453},"relative_timestamp_from_handler_start":{"num":10,"min":0.000000477,"max":0.000005245,"avg":0.000001192,"var":0.000000000,"sum":0.000011921}},"irespond":{"duration":{"num":10,"min":0.000000238,"max":0.000002623,"avg":0.000000596,"var":0.000000000,"sum":0.000005960},"relative_timestamp_from_ult_start":{"num":10,"min":0.000036240,"max":0.017271280,"avg":0.005437231,"var":0.000424569,"sum":0.054372311}},"respond_cb":{"duration":{"num":10,"min":0.000000000.0,"max":0.000000238,"avg":0.000000072,"var":0.000000000,"sum":0.000000715},"relative_timestamp_from_irespond_start":{"num":10,"min":0.000003815,"max":0.000035048,"avg":0.000008202,"var":0.000000001,"sum":0.000082016}},"irespond_wait":{"duration":{"num":10,"min":0.000003338,"max":0.000050068,"avg":0.000009537,"var":0.000000002,"sum":0.000095367},"relative_timestamp_from_irespond_end":{"num":10,"min":0.000000000.0,"max":0.000000238,"avg":0.000000167,"var":0.000000000,"sum":0.000001669}},"set_output":{"duration":{"num":10,"min":0.000000000.0,"max":0.000000477,"avg":0.000000119,"var":0.000000000,"sum":0.000001192},"relative_timestamp_from_irespond_start":{"num":10,"min":0.000000000.0,"max":0.000000477,"avg":0.000000119,"var":0.000000000,"sum":0.000001192}},"get_input":{"duration":{"num":10,"min":0.000000000.0,"max":0.000000477,"avg":0.000000215,"var":0.000000000,"sum":0.000002146},"relative_timestamp_from_ult_start":{"num":10,"min":0.000000000.0,"max":0.000000477,"avg":0.000000143,"var":0.000000000,"sum":0.000001431}}},"received from ofi+cxi://0x23eb0400":{"handler":{"duration":{"num":10,"min":0.000000238,"max":0.001443863,"avg":0.000144720,"var":0.000001875,"sum":0.001447201}},"ult":{"duration":{"num":10,"min":0.000040293,"max":0.018728018,"avg":0.004296160,"var":0.000407567,"sum":0.042961597},"relative_timestamp_from_handler_start":{"num":10,"min":0.000000477,"max":0.001445770,"avg":0.000145316,"var":0.000001879,"sum":0.001453161}},"irespond":{"duration":{"num":10,"min":0.000000238,"max":0.000001431,"avg":0.000000525,"var":0.000000000,"sum":0.000005245},"relative_timestamp_from_ult_start":{"num":10,"min":0.000036001,"max":0.018723488,"avg":0.004291391,"var":0.000407535,"sum":0.042913914}},"respond_cb":{"duration":{"num":10,"min":0.000000000.0,"max":0.000000238,