{"address":"","progress_loop":{"progress_with_timeout":{"num":864,"min":0.063795328,"max":0.104004383,"avg":0.103944971,"var":0.001639930,"sum":89.808455229},"progress_timeout_value_msec":{"num":864,"min":100.000000000.0,"max":100.000000000.0,"avg":100.000000000.0,"var":0.000000000.0,"sum":86400.000000000.0},"progress_without_timeout":{"num":67334,"min":0.000000000.0,"max":0.000074625,"avg":0.000000121,"var":0.000000017,"sum":0.008147001},"trigger":{"num":292,"min":0.000000000.0,"max":0.002939701,"avg":0.000017600,"var":0.000012440,"sum":0.005139112}},"rpcs":{"65535:65535:14048217247822970879:0":{"rpc_id":-4398526825886580737,"provider_id":0,"parent_rpc_id":65535,"parent_provider_id":65535,"name":"get_file_data","origin":{"sent to ofi+cxi://0x23ed6600":{"iforward":{"duration":{"num":10,"min":0.000000715,"max":0.000032187,"avg":0.000004077,"var":0.000000001,"sum":0.000040770},"relative_timestamp_from_create":{"num":10,"min":0.000000000.0,"max":0.000004292,"avg":0.000000477,"var":0.000000000,"sum":0.000004768}},"forward_cb":{"duration":{"num":10,"min":0.000000000.0,"max":0.000000477,"avg":0.000000167,"var":0.000000000,"sum":0.000001669},"relative_timestamp_from_iforward_start":{"num":10,"min":0.000190020,"max":0.013324738,"avg":0.002419829,"var":0.000166607,"sum":0.024198294}},"iforward_wait":{"duration":{"num":10,"min":0.000190020,"max":0.013409853,"avg":0.002433705,"var":0.000168301,"sum":0.024337053},"relative_timestamp_from_iforward_end":{"num":10,"min":0.000000000.0,"max":0.000000238,"avg":0.000000072,"var":0.000000000,"sum":0.000000715}},"set_input":{"duration":{"num":10,"min":0.000000000.0,"max":0.000004530,"avg":0.000000668,"var":0.000000000,"sum":0.000006676},"relative_timestamp_from_iforward_start":{"num":10,"min":0.000000477,"max":0.000019789,"avg":0.000002480,"var":0.000000000,"sum":0.000024796}},"get_output":{"duration":{"num":10,"min":0.000000238,"max":0.000002861,"avg":0.000000715,"var":0.000000000,"sum":0.000007153},"relative_timestamp_from_wait_end":{"num":10,"min":0.000000000.0,"max":0.000000238,"avg":0.000000143,"var":0.000000000,"sum":0.000001431}}}},"target":{"received from ofi+cxi://0x23ed6600":{"handler":{"duration":{"num":10,"min":0.000000238,"max":0.000006914,"avg":0.000001025,"var":0.000000000,"sum":0.000010252}},"ult":{"duration":{"num":10,"min":0.000185490,"max":0.013268471,"avg":0.002411795,"var":0.000165399,"sum":0.024117947},"relative_timestamp_from_handler_start":{"num":10,"min":0.000000477,"max":0.000014544,"avg":0.000002384,"var":0.000000000,"sum":0.000023842}},"irespond":{"duration":{"num":10,"min":0.000000954,"max":0.000017166,"avg":0.000010014,"var":0.000000000,"sum":0.000100136},"relative_timestamp_from_ult_start":{"num":10,"min":0.000183105,"max":0.013242722,"avg":0.002399421,"var":0.000165093,"sum":0.023994207}},"respond_cb":{"duration":{"num":10,"min":0.000000000.0,"max":0.000000238,"avg":0.000000048,"var":0.000000000,"sum":0.000000477},"relative_timestamp_from_irespond_start":{"num":10,"min":0.000001431,"max":0.000019550,"avg":0.000010824,"var":0.000000000,"sum":0.000108242}},"irespond_wait":{"duration":{"num":10,"min":0.000000954,"max":0.000006914,"avg":0.000001931,"var":0.000000000,"sum":0.000019312},"relative_timestamp_from_irespond_end":{"num":10,"min":0.000000000.0,"max":0.000000238,"avg":0.000000119,"var":0.000000000,"sum":0.000001192}},"set_output":{"duration":{"num":10,"min":0.000000477,"max":0.000006199,"avg":0.000004077,"var":0.000000000,"sum":0.000040770},"relative_timestamp_from_irespond_start":{"num":10,"min":0.000000000.0,"max":0.000000954,"avg":0.000000191,"var":0.000000000,"sum":0.000001907}},"get_input":{"duration":{"num":10,"min":0.000000000.0,"max":0.000001907,"avg":0.000000334,"var":0.000000000,"sum":0.000003338},"relative_timestamp_from_ult_start":{"num":10,"min":0.000000000.0,"max":0.000003099,"avg":0.000000405,"var":0.000000000,"sum":0.000004053}}}}},"14048217247822970879:0:14048217247822970879:0":{"rpc_id":-4398526825886580737,"provider_id":0,"parent_rpc_id":-4398526825886580737,"parent_provider_id":0,"name":"get_file_data","origin":{"sent to ofi+cxi://0x23ef4200":{"iforward":{"duration":{"num":70,"min":0.000000954,"max":0.000037909,"avg":0.000005215,"var":0.000000002,"sum":0.000365019},"relative_timestamp_from_create":{"num":70,"min":0.000000000.0,"max":0.000000477,"avg":0.000000106,"var":0.000000000,"sum":0.000007391}},"forward_cb":{"duration":{"num":70,"min":0.000000000.0,"max":0.000001669,"avg":0.000000184,"var":0.000000000,"sum":0.000012875},"relative_timestamp_from_iforward_start":{"num":70,"min":0.000052214,"max":0.013121843,"avg":0.002157392,"var":0.000911634,"sum":0.151017427}},"iforward_wait":{"duration":{"num":70,"min":0.000050545,"max":0.013089418,"avg":0.002156510,"var":0.000913691,"sum":0.150955677},"relative_timestamp_from_iforward_end":{"num":70,"min":0.000000000.0,"max":0.000000715,"avg":0.000000204,"var":0.000000000,"sum":0.000014305}},"set_input":{"duration":{"num":70,"min":0.000000000.0,"max":0.000000715,"avg":0.000000238,"var":0.000000000,"sum":0.000016689},"relative_timestamp_from_iforward_start":{"num":70,"min":0.000000238,"max":0.000003099,"avg":0.000000555,"var":0.000000000,"sum":0.000038862}},"get_output":{"duration":{"num":70,"min":0.000000238,"max":0.000003099,"avg":0.000000664,"var":0.000000000,"sum":0.000046492},"relative_timestamp_from_wait_end":{"num":70,"min":0.000000000.0,"max":0.000000954,"avg":0.000000167,"var":0.000000000,"sum":0.000011683}}}},"target":{"received from ofi+cxi://0x23ef2400":{"handler":{"duration":{"num":30,"min":0.000000238,"max":0.001970053,"avg":0.000066344,"var":0.000003749,"sum":0.001990318}},"ult":{"duration":{"num":30,"min":0.000082970,"max":0.012893915,"avg":0.002313344,"var":0.000407846,"sum":0.069400311},"relative_timestamp_from_handler_start":{"num":30,"min":0.000000477,"max":0.002039433,"avg":0.000137552,"var":0.000007534,"sum":0.004126549}},"irespond":{"duration":{"num":30,"min":0.000001431,"max":0.000023127,"avg":0.000010467,"var":0.000000001,"sum":0.000313997},"relative_timestamp_from_ult_start":{"num":30,"min":0.000057936,"max":0.012861729,"avg":0.002186020,"var":0.000407572,"sum":0.065580606}},"respond_cb":{"duration":{"num":30,"min":0.000000000.0,"max":0.000000477,"avg":0.000000095,"var":0.000000000,"sum":0.000002861},"relative_timestamp_from_irespond_start":{"num":30,"min":0.000015020,"max":0.001325846,"avg":0.000123556,"var":0.000002996,"sum":0.003706694}},"irespond_wait":{"duration":{"num":30,"min":0.000013351,"max":0.001323938,"avg":0.000116078,"var":0.000003112,"sum":0.003482342},"relative_timestamp_from_irespond_end":{"num":30,"min":0.000000000.0,"max":0.000000715,"avg":0.000000270,"var":0.000000000,"sum":0.000008106}},"set_output":{"duration":{"num":30,"min":0.000000238,"max":0.000008106,"avg":0.000003640,"var":0.000000000,"sum":0.000109196},"relative_timestamp_from_irespond_start":{"num":30,"min":0.000000000.0,"max":0.000000477,"avg":0.000000143,"var":0.000000000,"sum":0.000004292}},"get_input":{"duration":{"num":30,"min":0.000000000.0,"max":0.000001192,"avg":0.000000207,"var":0.000000000,"sum":0.000006199},"relative_timestamp_from_ult_start":{"num":30,"min":0.000000000.0,"max":0.000000954,"avg":0.000000183,"var":0.000000000,"sum":0.000005484}}},"received from ofi+cxi://0x23ed6200":{"handler":{"duration":{"num":30,"min":0.000000238,"max":0.002938509,"avg":0.000098666,"var":0.000008343,"sum":0.002959967}},"ult":{"duration":{"num":30,"min":0.000080109,"max":0.011218309,"avg":0.002205722,"var":0.000345226,"sum":0.066171646},"relative_timestamp_from_handler_start":{"num":30,"min":0.000000477,"max":0.002940893,"avg":0.000107209,"var":0.000008322,"sum":0.003216267}},"irespond":{"duration":{"num":30,"min":0.000001431,"max":0.000023842,"avg":0.000010808,"var":0.000000001,"sum":0.000324249},"relative_timestamp_from_ult_start":{"num":30,"min":0.000061989,"max":0.011111736,"avg":0.002080822,"var":0.000345606,"sum":0.062424660}},"respond_cb":{"duration":{"num":30,"min":0.000000000.0,"max":0.000000238,"avg":0.000000103,