{"address":"","rpcs":{"get_file_data:0":{"timestamps":[1717912976.411904335,1717912977.478094101,1717912978.518095970,1717912979.558093071,1717912980.598093033,1717912981.638093948,1717912982.678093672,1717912983.718094349,1717912984.758093596,1717912985.798094749,1717912986.838095427,1717912987.878094912,1717912988.918093681,1717912989.958093643,1717912990.998093128,1717912992.038094521,1717912993.078094482,1717912994.118093729,1717912995.158093929,1717912996.198094130,1717912997.238094568,1717912998.278095484,1717912999.318094015,1717913000.358093977,1717913001.398094177,1717913002.438094616,1717913003.478094339,1717913004.518097401,1717913005.558093548,1717913006.598095894,1717913007.638093948,1717913008.678093433,1717913009.718094826,1717913010.758094549,1717913011.798093557,1717913012.838095903,1717913013.878093719,1717913014.918094158,1717913015.958094358,1717913016.998094320,1717913018.038094759,1717913019.078094482,1717913020.118095160,1717913021.158094406,1717913022.198095083,1717913023.238094091,1717913024.278094292,1717913025.318093538,1717913026.358094215,1717913027.398094893,1717913028.438095570,1717913029.478096008,1717913030.518094301,1717913031.558094740,1717913032.598098278,1717913033.638095140,1717913034.678094387,1717913035.718093395,1717913036.758093596,1717913037.798094034,1717913038.838094711,1717913039.878094196,1717913040.918094158,1717913041.958093643,1717913042.998094559,1717913044.038094282,1717913045.078094482,1717913046.118095398,1717913047.158093691,1717913048.198097467,1717913049.238093853,1717913050.278093338,1717913051.318094730,1717913052.358094931,1717913053.398093939,1717913054.438094616,1717913055.478094101,1717913056.518094540,1717913057.558094740,1717913058.598093510,1717913059.638095617,1717913060.678095102,1717913061.718093634,1717913062.758094072,1717913063.798094511,1717913064.838094711,1717913065.878094435,1717913066.309038162],"count":[1,9,0,0,0,0,0,0,0,0,0,0,0,0,0,0,0,0,0,0,0,0,0,0,0,0,0,0,0,0,0,0,0,0,0,0,0,0,0,0,0,0,0,0,0,0,0,0,0,0,0,0,0,0,0,0,0,0,0,0,0,0,0,0,0,0,0,0,0,0,0,0,0,0,0,0,0,0,0,0,0,0,0,0,0,0,0,0],"bulk_size":[0,0,0,0,0,0,0,0,0,0,0,0,0,0,0,0,0,0,0,0,0,0,0,0,0,0,0,0,0,0,0,0,0,0,0,0,0,0,0,0,0,0,0,0,0,0,0,0,0,0,0,0,0,0,0,0,0,0,0,0,0,0,0,0,0,0,0,0,0,0,0,0,0,0,0,0,0,0,0,0,0,0,0,0,0,0,0,0]},"__shutdown__:65535":{"timestamps":[1717913066.309038162],"count":[1],"bulk_size":[0]}},"pools":{"__primary__":{"timestamps":[1717912976.411904335,1717912977.478094101,1717912978.518095970,1717912979.558093071,1717912980.598093033,1717912981.638093948,1717912982.678093672,1717912983.718094349,1717912984.758093596,1717912985.798094749,1717912986.838095427,1717912987.878094912,1717912988.918093681,1717912989.958093643,1717912990.998093128,1717912992.038094521,1717912993.078094482,1717912994.118093729,1717912995.158093929,1717912996.198094130,1717912997.238094568,1717912998.278095484,1717912999.318094015,1717913000.358093977,1717913001.398094177,1717913002.438094616,1717913003.478094339,1717913004.518097401,1717913005.558093548,1717913006.598095894,1717913007.638093948,1717913008.678093433,1717913009.718094826,1717913010.758094549,1717913011.798093557,1717913012.838095903,1717913013.878093719,1717913014.918094158,1717913015.958094358,1717913016.998094320,1717913018.038094759,1717913019.078094482,1717913020.118095160,1717913021.158094406,1717913022.198095083,1717913023.238094091,1717913024.278094292,1717913025.318093538,1717913026.358094215,1717913027.398094893,1717913028.438095570,1717913029.478096008,1717913030.518094301,1717913031.558094740,1717913032.598098278,1717913033.638095140,1717913034.678094387,1717913035.718093395,1717913036.758093596,1717913037.798094034,1717913038.838094711,1717913039.878094196,1717913040.918094158,1717913041.958093643,1717913042.998094559,1717913044.038094282,1717913045.078094482,1717913046.118095398,1717913047.158093691,1717913048.198097467,1717913049.238093853,1717913050.278093338,1717913051.318094730,1717913052.358094931,1717913053.398093939,1717913054.438094616,1717913055.478094101,1717913056.518094540,1717913057.558094740,1717913058.598093510,1717913059.638095617,1717913060.678095102,1717913061.718093634,1717913062.758094072,1717913063.798094511,1717913064.838094711,1717913065.878094435,1717913066.309038162],"size":[0,0,0,0,0,0,0,0,0,0,0,0,0,0,0,0,0,0,0,0,0,0,0,0,0,0,0,0,0,0,0,0,0,0,0,0,0,0,0,0,0,0,0,0,0,0,0,0,0,0,0,0,0,0,0,0,0,0,0,0,0,0,0,0,0,0,0,0,0,0,0,0,0,0,0,0,0,0,0,0,0,0,0,0,0,0,0,0],"total_size":[2,1,1,1,1,1,1,1,1,1,1,1,1,1,1,1,1,1,1,1,1,1,1,1,1,1,1,1,1,1,1,1,1,1,1,1,1,1,1,1,1,1,1,1,1,1,1,1,1,1,1,1,1,1,1,1,1,1,1,1,1,1,1,1,1,1,1,1,1,1,1,1,1,1,1,1,1,1,1,1,1,1,1,1,1,1,1,0]}}}