{"address":"","rpcs":{"get_file_data:0":{"timestamps":[1717912283.943006516,1717912284.965937138,1717912286.005937815,1717912287.045938015,1717912288.085937500,1717912289.125937700,1717912290.165936470,1717912291.205938101,1717912292.245937586,1717912293.285936356,1717912294.325937271,1717912295.365937233,1717912296.405936718,1717912297.445935488,1717912298.485936165,1717912299.525936604,1717912300.565937042,1717912301.605937481,1717912302.645936966,1717912303.685936213,1717912304.725936174,1717912305.765937090,1717912306.805937290,1717912307.845935583,1717912308.885936260,1717912309.925936460,1717912310.965936184,1717912312.005936384,1717912313.045937300,1717912314.085936546,1717912315.125937462,1717912316.165936470,1717912317.205936909,1717912318.245936871,1717912319.285937786,1717912320.325936556,1717912321.365936518,1717912322.405936718,1717912323.445936441,1717912324.485937357,1717912325.525936127,1717912326.565937281,1717912327.605937481,1717912328.645937204,1717912329.685940504,1717912330.725937366,1717912331.765936375,1717912332.805936337,1717912333.845936060,1717912334.885936975,1717912335.925936222,1717912336.965936184,1717912338.005936861,1717912339.045936346,1717912340.085938215,1717912341.125936508,1717912342.165937424,1717912343.205937147,1717912344.245938063,1717912345.285937786,1717912346.325937510,1717912347.365936518,1717912348.405936718,1717912349.445935726,1717912350.485936642,1717912351.525936842,1717912352.565936804,1717912353.605936766,1717912354.645936489,1717912355.685937881,1717912356.725937843,1717912357.765937090,1717912358.805936813,1717912359.845937252,1717912360.885936499,1717912361.925937414,1717912362.965936661,1717912364.005937815,1717912365.041936159,1717912366.081936359,1717912367.121937513,1717912368.161937237,1717912369.201935530,1717912370.241935492,1717912371.281935453,1717912372.321935654,1717912373.361935854,1717912373.756895781],"count":[1,9,0,0,0,0,0,0,0,0,0,0,0,0,0,0,0,0,0,0,0,0,0,0,0,0,0,0,0,0,0,0,0,0,0,0,0,0,0,0,0,0,0,0,0,0,0,0,0,0,0,0,0,0,0,0,0,0,0,0,0,0,0,0,0,0,0,0,0,0,0,0,0,0,0,0,0,0,0,0,0,0,0,0,0,0,0,0],"bulk_size":[0,0,0,0,0,0,0,0,0,0,0,0,0,0,0,0,0,0,0,0,0,0,0,0,0,0,0,0,0,0,0,0,0,0,0,0,0,0,0,0,0,0,0,0,0,0,0,0,0,0,0,0,0,0,0,0,0,0,0,0,0,0,0,0,0,0,0,0,0,0,0,0,0,0,0,0,0,0,0,0,0,0,0,0,0,0,0,0]},"__shutdown__:65535":{"timestamps":[1717912373.756895781],"count":[1],"bulk_size":[0]}},"pools":{"__primary__":{"timestamps":[1717912283.943006516,1717912284.965937138,1717912286.005937815,1717912287.045938015,1717912288.085937500,1717912289.125937700,1717912290.165936470,1717912291.205938101,1717912292.245937586,1717912293.285936356,1717912294.325937271,1717912295.365937233,1717912296.405936718,1717912297.445935488,1717912298.485936165,1717912299.525936604,1717912300.565937042,1717912301.605937481,1717912302.645936966,1717912303.685936213,1717912304.725936174,1717912305.765937090,1717912306.805937290,1717912307.845935583,1717912308.885936260,1717912309.925936460,1717912310.965936184,1717912312.005936384,1717912313.045937300,1717912314.085936546,1717912315.125937462,1717912316.165936470,1717912317.205936909,1717912318.245936871,1717912319.285937786,1717912320.325936556,1717912321.365936518,1717912322.405936718,1717912323.445936441,1717912324.485937357,1717912325.525936127,1717912326.565937281,1717912327.605937481,1717912328.645937204,1717912329.685940504,1717912330.725937366,1717912331.765936375,1717912332.805936337,1717912333.845936060,1717912334.885936975,1717912335.925936222,1717912336.965936184,1717912338.005936861,1717912339.045936346,1717912340.085938215,1717912341.125936508,1717912342.165937424,1717912343.205937147,1717912344.245938063,1717912345.285937786,1717912346.325937510,1717912347.365936518,1717912348.405936718,1717912349.445935726,1717912350.485936642,1717912351.525936842,1717912352.565936804,1717912353.605936766,1717912354.645936489,1717912355.685937881,1717912356.725937843,1717912357.765937090,1717912358.805936813,1717912359.845937252,1717912360.885936499,1717912361.925937414,1717912362.965936661,1717912364.005937815,1717912365.041936159,1717912366.081936359,1717912367.121937513,1717912368.161937237,1717912369.201935530,1717912370.241935492,1717912371.281935453,1717912372.321935654,1717912373.361935854,1717912373.756895781],"size":[0,0,0,0,0,0,0,0,0,0,0,0,0,0,0,0,0,0,0,0,0,0,0,0,0,0,0,0,0,0,0,0,0,0,0,0,0,0,0,0,0,0,0,0,0,0,0,0,0,0,0,0,0,0,0,0,0,0,0,0,0,0,0,0,0,0,0,0,0,0,0,0,0,0,0,0,0,0,0,0,0,0,0,0,0,0,0,0],"total_size":[2,1,1,1,1,1,1,1,1,1,1,1,1,1,1,1,1,1,1,1,1,1,1,1,1,1,1,1,1,1,1,1,1,1,1,1,1,1,1,1,1,1,1,1,1,1,1,1,1,1,1,1,1,1,1,1,1,1,1,1,1,1,1,1,1,1,1,1,1,1,1,1,1,1,1,1,1,1,1,1,1,1,1,1,1,1,1,0]}}}