{"address":"","rpcs":{"get_file_data:0":{"timestamps":[1717914190.652271748,1717914191.672659397,1717914192.712659597,1717914193.752659559,1717914194.792659283,1717914195.832659483,1717914196.872659683,1717914197.912661076,1717914198.952658892,1717914199.992659569,1717914201.032660961,1717914202.072659492,1717914203.112658978,1717914204.152661562,1717914205.192661047,1717914206.232661247,1717914207.272659540,1717914208.312660456,1717914209.352663755,1717914210.392659426,1717914211.432660818,1717914212.472660303,1717914213.512658834,1717914214.552659988,1717914215.592659950,1717914216.632660866,1717914217.672660589,1717914218.712660074,1717914219.752659559,1717914220.792660713,1717914221.832659721,1717914222.872661114,1717914223.912661076,1717914224.952659130,1717914225.992660284,1717914227.032659531,1717914228.072658777,1717914229.112658739,1717914230.152658701,1717914231.192658901,1717914232.232658863,1717914233.272659063,1717914234.312659025,1717914235.352659941,1717914236.392661333,1717914237.432659864,1717914238.472660303,1717914239.512660265,1717914240.552660704,1717914241.592659712,1717914242.632661343,1717914243.672659636,1717914244.712659121,1717914245.752660513,1717914246.792659998,1717914247.832659006,1717914248.872658968,1717914249.912658930,1717914250.952658653,1717914251.992660046,1717914253.032660961,1717914254.072659254,1717914255.112659693,1717914256.152658939,1717914257.192661285,1717914258.232663870,1717914259.272659779,1717914260.312659740,1717914261.352659941,1717914262.392660379,1717914263.432659864,1717914264.472658873,1717914265.512659550,1717914266.548659563,1717914267.588659048,1717914268.628660679,1717914269.668659449,1717914270.708659410,1717914271.748659134,1717914272.788661242,1717914273.828660250,1717914274.868659735,1717914275.908659458,1717914276.948662281,1717914277.988659382,1717914279.028659582,1717914280.068660259,1717914281.108659267,1717914282.148660660,1717914283.188659668,1717914284.228660107,1717914285.268661261,1717914286.308661222,1717914287.348661423,1717914288.388660431,1717914289.428660154,1717914290.468658686,1717914291.508661509,1717914292.548658848,1717914293.588659525,1717914294.628659725,1717914295.668659449,1717914296.708663464,1717914297.748660088,1717914298.788658857,1717914299.828659534,1717914300.535947323],"count":[1,9,0,0,0,0,0,0,0,0,0,0,0,0,0,0,0,0,0,0,0,0,0,0,0,0,0,0,0,0,0,0,0,0,0,0,0,0,0,0,0,0,0,0,0,0,0,0,0,0,0,0,0,0,0,0,0,0,0,0,0,0,0,0,0,0,0,0,0,0,0,0,0,0,0,0,0,0,0,0,0,0,0,0,0,0,0,0,0,0,0,0,0,0,0,0,0,0,0,0,0,0,0,0,0,0,0],"bulk_size":[0,0,0,0,0,0,0,0,0,0,0,0,0,0,0,0,0,0,0,0,0,0,0,0,0,0,0,0,0,0,0,0,0,0,0,0,0,0,0,0,0,0,0,0,0,0,0,0,0,0,0,0,0,0,0,0,0,0,0,0,0,0,0,0,0,0,0,0,0,0,0,0,0,0,0,0,0,0,0,0,0,0,0,0,0,0,0,0,0,0,0,0,0,0,0,0,0,0,0,0,0,0,0,0,0,0,0]},"__shutdown__:65535":{"timestamps":[1717914300.535947323],"count":[1],"bulk_size":[0]}},"pools":{"__primary__":{"timestamps":[1717914190.652271748,1717914191.672659397,1717914192.712659597,1717914193.752659559,1717914194.792659283,1717914195.832659483,1717914196.872659683,1717914197.912661076,1717914198.952658892,1717914199.992659569,1717914201.032660961,1717914202.072659492,1717914203.112658978,1717914204.152661562,1717914205.192661047,1717914206.232661247,1717914207.272659540,1717914208.312660456,1717914209.352663755,1717914210.392659426,1717914211.432660818,1717914212.472660303,1717914213.512658834,1717914214.552659988,1717914215.592659950,1717914216.632660866,1717914217.672660589,1717914218.712660074,1717914219.752659559,1717914220.792660713,1717914221.832659721,1717914222.872661114,1717914223.912661076,1717914224.952659130,1717914225.992660284,1717914227.032659531,1717914228.072658777,1717914229.112658739,1717914230.152658701,1717914231.192658901,1717914232.232658863,1717914233.272659063,1717914234.312659025,1717914235.352659941,1717914236.392661333,1717914237.432659864,1717914238.472660303,1717914239.512660265,1717914240.552660704,1717914241.592659712,1717914242.632661343,1717914243.672659636,1717914244.712659121,1717914245.752660513,1717914246.792659998,1717914247.832659006,1717914248.872658968,1717914249.912658930,1717914250.952658653,1717914251.992660046,1717914253.032660961,1717914254.072659254,1717914255.112659693,1717914256.152658939,1717914257.192661285,1717914258.232663870,1717914259.272659779,1717914260.312659740,1717914261.352659941,1717914262.392660379,1717914263.432659864,1717914264.472658873,1717914265.512659550,1717914266.548659563,1717914267.588659048,1717914268.628660679,1717914269.668659449,1717914270.708659410,1717914271.748659134,1717914272.788661242,1717914273.828660250,1717914274.868659735,1717914275.908659458,1717914276.948662281,1717914277.988659382,1717914279.028659582,1717914280.068660259,1717914281.108659267,1717914282.148660660,1717914283.188659668,1717914284.228660107,1717914285.268661261,1717914286.308661222,1717914287.348661423,1717914288.388660431,1717914289.428660154,1717914290.468658686,1717914291.508661509,1717914292.548658848,1717914293.588659525,1717914294.628659725,1717914295.668659449,1717914296.708663464,1717914297.748660088,1717914298.788658857,1717914299.828659534,1717914300.535947323],"size":[0,0,0,0,0,0,0,0,0,0,0,0,0,0,0,0,0,0,0,0,0,0,0,0,0,0,0,0,0,0,0,0,0,0,0,0,0,0,0,0,0,0,0,0,0,0,0,0,0,0,0,0,0,0,0,0,0,0,0,0,0,0,0,0,0,0,0,0,0,0,0,0,0,0,0,0,0,0,0,0,0,0,0,0,0,0,0,0,0,0,0,0,0,0,0,0,0,0,0,0,0,0,0,0,0,0,0],"total_size":[2,1,1,1,1,1,1,1,1,1,1,1,1,1,1,1,1,1,1,1,1,1,1,1,1,1,1,1,1,1,1,1,1,1,1,1,1,1,1,1,1,1,1,1,1,1,1,1,1,1,1,1,1,1,1,1,1,1,1,1,1,1,1,1,1,1,1,1,1,1,1,1,1,1,1,1,1,1,1,1,1,1,1,1,1,1,1,1,1,1,1,1,1,1,1,1,1,1,1,1,1,1,1,1,1,1,0]}}}