{"address":"","rpcs":{"get_file_data:0":{"timestamps":[1717913553.487462521,1717913554.557359219,1717913555.597357750,1717913556.637357235,1717913557.677358627,1717913558.717358112,1717913559.757357359,1717913560.797356844,1717913561.837357283,1717913562.877357960,1717913563.917359114,1717913564.957358122,1717913565.997357607,1717913567.037357330,1717913568.077358246,1717913569.117357492,1717913570.157358646,1717913571.197357178,1717913572.237357616,1717913573.277358294,1717913574.317359447,1717913575.357357740,1717913576.397359133,1717913577.437357664,1717913578.477357626,1717913579.517357111,1717913580.557357311,1717913581.597358704,1717913582.637358665,1717913583.677357912,1717913584.717358589,1717913585.757357597,1717913586.797357559,1717913587.837357044,1717913588.877358198,1717913589.917356968,1717913590.957358122,1717913591.997358084,1717913593.037357807,1717913594.077360153,1717913595.117359161,1717913596.157356977,1717913597.197358847,1717913598.237357855,1717913599.277359247,1717913600.317358017,1717913601.357357502,1717913602.397357702,1717913603.437357426,1717913604.477358580,1717913605.517358065,1717913606.557358027,1717913607.597358942,1717913608.637358189,1717913609.677360296,1717913610.717357159,1717913611.757358789,1717913612.797357559,1717913613.837356806,1717913614.877357244,1717913615.917358875,1717913616.957357168,1717913617.997356892,1717913619.037357569,1717913620.077358723,1717913621.117357016,1717913622.157359362,1717913623.197356939,1717913624.237359047,1717913625.277357817,1717913626.317358255,1717913627.357358217,1717913628.397356987,1717913629.437357903,1717913630.477356911,1717913631.517356873,1717913632.557357073,1717913633.597357988,1717913634.637358427,1717913635.677358389,1717913636.717357635,1717913637.757358074,1717913638.797357798,1717913639.837357998,1717913640.877357960,1717913641.917356968,1717913642.957357883,1717913643.380576611],"count":[1,29,0,0,0,0,0,0,0,0,0,0,0,0,0,0,0,0,0,0,0,0,0,0,0,0,0,0,0,0,0,0,0,0,0,0,0,0,0,0,0,0,0,0,0,0,0,0,0,0,0,0,0,0,0,0,0,0,0,0,0,0,0,0,0,0,0,0,0,0,0,0,0,0,0,0,0,0,0,0,0,0,0,0,0,0,0,0],"bulk_size":[0,0,0,0,0,0,0,0,0,0,0,0,0,0,0,0,0,0,0,0,0,0,0,0,0,0,0,0,0,0,0,0,0,0,0,0,0,0,0,0,0,0,0,0,0,0,0,0,0,0,0,0,0,0,0,0,0,0,0,0,0,0,0,0,0,0,0,0,0,0,0,0,0,0,0,0,0,0,0,0,0,0,0,0,0,0,0,0]},"__shutdown__:65535":{"timestamps":[1717913643.380576611],"count":[1],"bulk_size":[0]}},"pools":{"__primary__":{"timestamps":[1717913553.487462521,1717913554.557359219,1717913555.597357750,1717913556.637357235,1717913557.677358627,1717913558.717358112,1717913559.757357359,1717913560.797356844,1717913561.837357283,1717913562.877357960,1717913563.917359114,1717913564.957358122,1717913565.997357607,1717913567.037357330,1717913568.077358246,1717913569.117357492,1717913570.157358646,1717913571.197357178,1717913572.237357616,1717913573.277358294,1717913574.317359447,1717913575.357357740,1717913576.397359133,1717913577.437357664,1717913578.477357626,1717913579.517357111,1717913580.557357311,1717913581.597358704,1717913582.637358665,1717913583.677357912,1717913584.717358589,1717913585.757357597,1717913586.797357559,1717913587.837357044,1717913588.877358198,1717913589.917356968,1717913590.957358122,1717913591.997358084,1717913593.037357807,1717913594.077360153,1717913595.117359161,1717913596.157356977,1717913597.197358847,1717913598.237357855,1717913599.277359247,1717913600.317358017,1717913601.357357502,1717913602.397357702,1717913603.437357426,1717913604.477358580,1717913605.517358065,1717913606.557358027,1717913607.597358942,1717913608.637358189,1717913609.677360296,1717913610.717357159,1717913611.757358789,1717913612.797357559,1717913613.837356806,1717913614.877357244,1717913615.917358875,1717913616.957357168,1717913617.997356892,1717913619.037357569,1717913620.077358723,1717913621.117357016,1717913622.157359362,1717913623.197356939,1717913624.237359047,1717913625.277357817,1717913626.317358255,1717913627.357358217,1717913628.397356987,1717913629.437357903,1717913630.477356911,1717913631.517356873,1717913632.557357073,1717913633.597357988,1717913634.637358427,1717913635.677358389,1717913636.717357635,1717913637.757358074,1717913638.797357798,1717913639.837357998,1717913640.877357960,1717913641.917356968,1717913642.957357883,1717913643.380576611],"size":[0,0,0,0,0,0,0,0,0,0,0,0,0,0,0,0,0,0,0,0,0,0,0,0,0,0,0,0,0,0,0,0,0,0,0,0,0,0,0,0,0,0,0,0,0,0,0,0,0,0,0,0,0,0,0,0,0,0,0,0,0,0,0,0,0,0,0,0,0,0,0,0,0,0,0,0,0,0,0,0,0,0,0,0,0,0,0,0],"total_size":[2,1,1,1,1,1,1,1,1,1,1,1,1,1,1,1,1,1,1,1,1,1,1,1,1,1,1,1,1,1,1,1,1,1,1,1,1,1,1,1,1,1,1,1,1,1,1,1,1,1,1,1,1,1,1,1,1,1,1,1,1,1,1,1,1,1,1,1,1,1,1,1,1,1,1,1,1,1,1,1,1,1,1,1,1,1,1,0]}}}