{"address":"","progress_loop":{"progress_with_timeout":{"num":873,"min":0.000000000.0,"max":0.104009628,"avg":0.102883200,"var":0.097111217,"sum":89.817033768},"progress_timeout_value_msec":{"num":873,"min":100.000000000.0,"max":100.000000000.0,"avg":100.000000000.0,"var":0.000000000.0,"sum":87300.000000000.0},"progress_without_timeout":{"num":108735,"min":0.000000000.0,"max":0.000009775,"avg":0.000000112,"var":0.000000002,"sum":0.012150049},"trigger":{"num":42,"min":0.000000000.0,"max":0.000029325,"avg":0.000001362,"var":0.000000001,"sum":0.000057220}},"rpcs":{"65535:65535:14048217247822970879:0":{"rpc_id":-4398526825886580737,"provider_id":0,"parent_rpc_id":65535,"parent_provider_id":65535,"name":"get_file_data","origin":{"sent to ofi+cxi://0x23ef6600":{"iforward":{"duration":{"num":10,"min":0.000000715,"max":0.000034571,"avg":0.000004363,"var":0.000000001,"sum":0.000043631},"relative_timestamp_from_create":{"num":10,"min":0.000000000.0,"max":0.000004530,"avg":0.000000596,"var":0.000000000,"sum":0.000005960}},"forward_cb":{"duration":{"num":10,"min":0.000000000.0,"max":0.000000238,"avg":0.000000072,"var":0.000000000,"sum":0.000000715},"relative_timestamp_from_iforward_start":{"num":10,"min":0.000066996,"max":0.024925470,"avg":0.003068638,"var":0.000534759,"sum":0.030686378}},"iforward_wait":{"duration":{"num":10,"min":0.000066757,"max":0.024894476,"avg":0.003065300,"var":0.000533417,"sum":0.030653000},"relative_timestamp_from_iforward_end":{"num":10,"min":0.000000000.0,"max":0.000000238,"avg":0.000000024,"var":0.000000000,"sum":0.000000238}},"set_input":{"duration":{"num":10,"min":0.000000000.0,"max":0.000006437,"avg":0.000000882,"var":0.000000000,"sum":0.000008821},"relative_timestamp_from_iforward_start":{"num":10,"min":0.000000238,"max":0.000020981,"avg":0.000002551,"var":0.000000000,"sum":0.000025511}},"get_output":{"duration":{"num":10,"min":0.000000000.0,"max":0.000000238,"avg":0.000000119,"var":0.000000000,"sum":0.000001192},"relative_timestamp_from_wait_end":{"num":10,"min":0.000000000.0,"max":0.000000477,"avg":0.000000143,"var":0.000000000,"sum":0.000001431}}}},"target":{"received from ofi+cxi://0x23ef6600":{"handler":{"duration":{"num":10,"min":0.000000238,"max":0.000007391,"avg":0.000001097,"var":0.000000000,"sum":0.000010967}},"ult":{"duration":{"num":10,"min":0.000065327,"max":0.024866819,"avg":0.003060961,"var":0.000532289,"sum":0.030609608},"relative_timestamp_from_handler_start":{"num":10,"min":0.000000477,"max":0.000014782,"avg":0.000002122,"var":0.000000000,"sum":0.000021219}},"irespond":{"duration":{"num":10,"min":0.000000477,"max":0.000002623,"avg":0.000000834,"var":0.000000000,"sum":0.000008345},"relative_timestamp_from_ult_start":{"num":10,"min":0.000063658,"max":0.024861097,"avg":0.003058720,"var":0.000532120,"sum":0.030587196}},"respond_cb":{"duration":{"num":10,"min":0.000000000.0,"max":0.000000238,"avg":0.000000048,"var":0.000000000,"sum":0.000000477},"relative_timestamp_from_irespond_start":{"num":10,"min":0.000000715,"max":0.000003338,"avg":0.000001311,"var":0.000000000,"sum":0.000013113}},"irespond_wait":{"duration":{"num":10,"min":0.000000715,"max":0.000001431,"avg":0.000000978,"var":0.000000000,"sum":0.000009775},"relative_timestamp_from_irespond_end":{"num":10,"min":0.000000000.0,"max":0.000000238,"avg":0.000000072,"var":0.000000000,"sum":0.000000715}},"set_output":{"duration":{"num":10,"min":0.000000238,"max":0.000000954,"avg":0.000000501,"var":0.000000000,"sum":0.000005007},"relative_timestamp_from_irespond_start":{"num":10,"min":0.000000000.0,"max":0.000000954,"avg":0.000000167,"var":0.000000000,"sum":0.000001669}},"get_input":{"duration":{"num":10,"min":0.000000000.0,"max":0.000002384,"avg":0.000000358,"var":0.000000000,"sum":0.000003576},"relative_timestamp_from_ult_start":{"num":10,"min":0.000000000.0,"max":0.000002861,"avg":0.000000453,"var":0.000000000,"sum":0.000004530}}}}},"14048217247822970879:0:14048217247822970879:0":{"rpc_id":-4398526825886580737,"provider_id":0,"parent_rpc_id":-4398526825886580737,"parent_provider_id":0,"name":"get_file_data","origin":{"sent to ofi+cxi://0x23ef2400":{"iforward":{"duration":{"num":10,"min":0.000007868,"max":0.000036001,"avg":0.000013161,"var":0.000000001,"sum":0.000131607},"relative_timestamp_from_create":{"num":10,"min":0.000000000.0,"max":0.000000477,"avg":0.000000095,"var":0.000000000,"sum":0.000000954}},"forward_cb":{"duration":{"num":10,"min":0.000000000.0,"max":0.000001192,"avg":0.000000191,"var":0.000000000,"sum":0.000001907},"relative_timestamp_from_iforward_start":{"num":10,"min":0.000057220,"max":0.024754047,"avg":0.003041720,"var":0.000527770,"sum":0.030417204}},"iforward_wait":{"duration":{"num":10,"min":0.000048876,"max":0.024723053,"avg":0.003029180,"var":0.000526854,"sum":0.030291796},"relative_timestamp_from_iforward_end":{"num":10,"min":0.000000238,"max":0.000000238,"avg":0.000000238,"var":0.000000000.0,"sum":0.000002384}},"set_input":{"duration":{"num":10,"min":0.000000000.0,"max":0.000000477,"avg":0.000000262,"var":0.000000000,"sum":0.000002623},"relative_timestamp_from_iforward_start":{"num":10,"min":0.000000238,"max":0.000002146,"avg":0.000000620,"var":0.000000000,"sum":0.000006199}},"get_output":{"duration":{"num":10,"min":0.000000000.0,"max":0.000001431,"avg":0.000000334,"var":0.000000000,"sum":0.000003338},"relative_timestamp_from_wait_end":{"num":10,"min":0.000000000.0,"max":0.000000477,"avg":0.000000143,"var":0.000000000,"sum":0.000001431}}}}},"65535:65535:8686831390660034559:65535":{"rpc_id":8686831390660034559,"provider_id":65535,"parent_rpc_id":65535,"parent_provider_id":65535,"name":"__shutdown__","target":{"received from ofi+cxi://0x23e70601":{"handler":{"duration":{"num":1,"min":0.000020981,"max":0.000020981,"avg":0.000020981,"var":0.000000000.0,"sum":0.000020981}},"ult":{"duration":{"num":1,"min":0.000015259,"max":0.000015259,"avg":0.000015259,"var":0.000000000.0,"sum":0.000015259},"relative_timestamp_from_handler_start":{"num":1,"min":0.000024080,"max":0.000024080,"avg":0.000024080,"var":0.000000000.0,"sum":0.000024080}},"irespond":{"duration":{"num":1,"min":0.000006437,"max":0.000006437,"avg":0.000006437,"var":0.000000000.0,"sum":0.000006437},"relative_timestamp_from_ult_start":{"num":1,"min":0.000001431,"max":0.000001431,"avg":0.000001431,"var":0.000000000.0,"sum":0.000001431}},"respond_cb":{"duration":{"num":1,"min":0.000000715,"max":0.000000715,"avg":0.000000715,"var":0.000000000.0,"sum":0.000000715},"relative_timestamp_from_irespond_start":{"num":1,"min":0.000011444,"max":0.000011444,"avg":0.000011444,"var":0.000000000.0,"sum":0.000011444}},"irespond_wait":{"duration":{"num":1,"min":0.000005722,"max":0.000005722,"avg":0.000005722,"var":0.000000000.0,"sum":0.000005722},"relative_timestamp_from_irespond_end":{"num":1,"min":0.000000238,"max":0.000000238,"avg":0.000000238,"var":0.000000000.0,"sum":0.000000238}},"set_output":{"duration":{"num":1,"min":0.000000715,"max":0.000000715,"avg":0.000000715,"var":0.000000000.0,"sum":0.000000715},"relative_timestamp_from_irespond_start":{"num":1,"min":0.000000954,"max":0.000000954,"avg":0.000000954,"var":0.000000000.0,"sum":0.000000954}},"get_input":{"duration":{"num":0,"min":0.000000000.0,"max":0.000000000.0,"avg":0.000000000.0,"var":0.000000000.0,"sum":0.000000000.0},"relative_timestamp_from_ult_start":{"num":0,"min":0.000000000.0,"max":0.000000000.0,"avg":0.000000000.0,"var":0.000000000.0,"sum":0.000000000.0}}}}}}}