{"address":"","progress_loop":{"progress_with_timeout":{"num":875,"min":0.000004292,"max":0.104006767,"avg":0.102627198,"var":0.120266306,"sum":89.798798323},"progress_timeout_value_msec":{"num":875,"min":100.000000000.0,"max":100.000000000.0,"avg":100.000000000.0,"var":0.000000000.0,"sum":87500.000000000.0},"progress_without_timeout":{"num":103206,"min":0.000000000.0,"max":0.000031710,"avg":0.000000114,"var":0.000000004,"sum":0.011782408},"trigger":{"num":462,"min":0.000000000.0,"max":0.002752066,"avg":0.000018381,"var":0.000017979,"sum":0.008491993}},"rpcs":{"65535:65535:14048217247822970879:0":{"rpc_id":-4398526825886580737,"provider_id":0,"parent_rpc_id":65535,"parent_provider_id":65535,"name":"get_file_data","origin":{"sent to ofi+cxi://0x23e96600":{"iforward":{"duration":{"num":10,"min":0.000000477,"max":0.000030279,"avg":0.000003672,"var":0.000000001,"sum":0.000036716},"relative_timestamp_from_create":{"num":10,"min":0.000000000.0,"max":0.000003815,"avg":0.000000525,"var":0.000000000,"sum":0.000005245}},"forward_cb":{"duration":{"num":10,"min":0.000000000.0,"max":0.000000238,"avg":0.000000119,"var":0.000000000,"sum":0.000001192},"relative_timestamp_from_iforward_start":{"num":10,"min":0.000025034,"max":0.012651682,"avg":0.003893423,"var":0.000207732,"sum":0.038934231}},"iforward_wait":{"duration":{"num":10,"min":0.000030518,"max":0.012651682,"avg":0.003896952,"var":0.000207631,"sum":0.038969517},"relative_timestamp_from_iforward_end":{"num":10,"min":0.000000000.0,"max":0.000000238,"avg":0.000000072,"var":0.000000000,"sum":0.000000715}},"set_input":{"duration":{"num":10,"min":0.000000000.0,"max":0.000004530,"avg":0.000000668,"var":0.000000000,"sum":0.000006676},"relative_timestamp_from_iforward_start":{"num":10,"min":0.000000238,"max":0.000019073,"avg":0.000002241,"var":0.000000000,"sum":0.000022411}},"get_output":{"duration":{"num":10,"min":0.000000000.0,"max":0.000000715,"avg":0.000000215,"var":0.000000000,"sum":0.000002146},"relative_timestamp_from_wait_end":{"num":10,"min":0.000000000.0,"max":0.000000477,"avg":0.000000167,"var":0.000000000,"sum":0.000001669}}}},"target":{"received from ofi+cxi://0x23e96600":{"handler":{"duration":{"num":10,"min":0.000000238,"max":0.000006676,"avg":0.000001097,"var":0.000000000,"sum":0.000010967}},"ult":{"duration":{"num":10,"min":0.000022173,"max":0.012650251,"avg":0.003745008,"var":0.000215006,"sum":0.037450075},"relative_timestamp_from_handler_start":{"num":10,"min":0.000000477,"max":0.001391649,"avg":0.000141788,"var":0.000001736,"sum":0.001417875}},"irespond":{"duration":{"num":10,"min":0.000000238,"max":0.000002384,"avg":0.000000620,"var":0.000000000,"sum":0.000006199},"relative_timestamp_from_ult_start":{"num":10,"min":0.000019789,"max":0.012648582,"avg":0.003684330,"var":0.000211094,"sum":0.036843300}},"respond_cb":{"duration":{"num":10,"min":0.000000000.0,"max":0.000000477,"avg":0.000000119,"var":0.000000000,"sum":0.000001192},"relative_timestamp_from_irespond_start":{"num":10,"min":0.000000715,"max":0.000540972,"avg":0.000058985,"var":0.000000259,"sum":0.000589848}},"irespond_wait":{"duration":{"num":10,"min":0.000000954,"max":0.000542879,"avg":0.000059724,"var":0.000000261,"sum":0.000597239},"relative_timestamp_from_irespond_end":{"num":10,"min":0.000000000.0,"max":0.000000238,"avg":0.000000048,"var":0.000000000,"sum":0.000000477}},"set_output":{"duration":{"num":10,"min":0.000000000.0,"max":0.000000954,"avg":0.000000286,"var":0.000000000,"sum":0.000002861},"relative_timestamp_from_irespond_start":{"num":10,"min":0.000000000.0,"max":0.000000715,"avg":0.000000167,"var":0.000000000,"sum":0.000001669}},"get_input":{"duration":{"num":10,"min":0.000000000.0,"max":0.000001907,"avg":0.000000334,"var":0.000000000,"sum":0.000003338},"relative_timestamp_from_ult_start":{"num":10,"min":0.000000000.0,"max":0.000003099,"avg":0.000000429,"var":0.000000000,"sum":0.000004292}}}}},"14048217247822970879:0:14048217247822970879:0":{"rpc_id":-4398526825886580737,"provider_id":0,"parent_rpc_id":-4398526825886580737,"parent_provider_id":0,"name":"get_file_data","origin":{"sent to ofi+cxi://0x23e70400":{"iforward":{"duration":{"num":150,"min":0.000000954,"max":0.000034332,"avg":0.000003289,"var":0.000000003,"sum":0.000493288},"relative_timestamp_from_create":{"num":150,"min":0.000000000.0,"max":0.000000477,"avg":0.000000094,"var":0.000000000,"sum":0.000014067}},"forward_cb":{"duration":{"num":150,"min":0.000000000.0,"max":0.000001669,"avg":0.000000145,"var":0.000000000,"sum":0.000021696},"relative_timestamp_from_iforward_start":{"num":150,"min":0.000010014,"max":0.019847155,"avg":0.003165318,"var":0.004929157,"sum":0.474797726}},"iforward_wait":{"duration":{"num":150,"min":0.000008821,"max":0.019845724,"avg":0.003200881,"var":0.004919404,"sum":0.480132103},"relative_timestamp_from_iforward_end":{"num":150,"min":0.000000000.0,"max":0.000000477,"avg":0.000000183,"var":0.000000000,"sum":0.000027418}},"set_input":{"duration":{"num":150,"min":0.000000000.0,"max":0.000000954,"avg":0.000000173,"var":0.000000000,"sum":0.000025988},"relative_timestamp_from_iforward_start":{"num":150,"min":0.000000238,"max":0.000002384,"avg":0.000000483,"var":0.000000000,"sum":0.000072479}},"get_output":{"duration":{"num":150,"min":0.000000000.0,"max":0.000002384,"avg":0.000000296,"var":0.000000000,"sum":0.000044346},"relative_timestamp_from_wait_end":{"num":150,"min":0.000000000.0,"max":0.000000954,"avg":0.000000157,"var":0.000000000,"sum":0.000023603}}}},"target":{"received from ofi+cxi://0x23eb4600":{"handler":{"duration":{"num":70,"min":0.000000238,"max":0.002294064,"avg":0.000052912,"var":0.000006960,"sum":0.003703833}},"ult":{"duration":{"num":70,"min":0.000020266,"max":0.019858599,"avg":0.003215545,"var":0.002275639,"sum":0.225088120},"relative_timestamp_from_handler_start":{"num":70,"min":0.000000477,"max":0.004611731,"avg":0.000213075,"var":0.000039341,"sum":0.014915228}},"irespond":{"duration":{"num":70,"min":0.000000238,"max":0.000011444,"avg":0.000001488,"var":0.000000000,"sum":0.000104189},"relative_timestamp_from_ult_start":{"num":70,"min":0.000014067,"max":0.019853115,"avg":0.003139240,"var":0.002276703,"sum":0.219746828}},"respond_cb":{"duration":{"num":70,"min":0.000000000.0,"max":0.000000715,"avg":0.000000092,"var":0.000000000,"sum":0.000006437},"relative_timestamp_from_irespond_start":{"num":70,"min":0.000004768,"max":0.001520157,"avg":0.000066090,"var":0.000004433,"sum":0.004626274}},"irespond_wait":{"duration":{"num":70,"min":0.000004292,"max":0.001676559,"avg":0.000074346,"var":0.000005368,"sum":0.005204201},"relative_timestamp_from_irespond_end":{"num":70,"min":0.000000000.0,"max":0.000000477,"avg":0.000000211,"var":0.000000000,"sum":0.000014782}},"set_output":{"duration":{"num":70,"min":0.000000000.0,"max":0.000000715,"avg":0.000000238,"var":0.000000000,"sum":0.000016689},"relative_timestamp_from_irespond_start":{"num":70,"min":0.000000000.0,"max":0.000000477,"avg":0.000000109,"var":0.000000000,"sum":0.000007629}},"get_input":{"duration":{"num":70,"min":0.000000000.0,"max":0.000000715,"avg":0.000000170,"var":0.000000000,"sum":0.000011921},"relative_timestamp_from_ult_start":{"num":70,"min":0.000000000.0,"max":0.000000715,"avg":0.000000177,"var":0.000000000,"sum":0.000012398}}},"received from ofi+cxi://0x23e90400":{"handler":{"duration":{"num":70,"min":0.000000238,"max":0.002750397,"avg":0.000066100,"var":0.000010651,"sum":0.004626989}},"ult":{"duration":{"num":70,"min":0.000019550,"max":0.019855499,"avg":0.003375258,"var":0.002427841,"sum":0.236268044},"relative_timestamp_from_handler_start":{"num":70,"min":0.000000477,"max":0.004659891,"avg":0.000224710,"var":0.000044895,"sum":0.015729666}},"irespond":{"duration":{"num":70,"min":0.000000477,"max":0.000009775,"avg":0.000001543,"var":0.000000000,"sum":0.000108004},"relative_timestamp_from_ult_start":{"num":70,"min":0.000014067,"max":0.019850016,"avg":0.003214959,"var":0.002431304,"sum":0.225047112}},"respond_cb":{"duration":{"num":70,"min":0.000000000.0,"max":0.000000477,