{"address":"","rpcs":{"get_file_data:0":{"timestamps":[1717912283.947348118,1717912284.964024782,1717912286.004027367,1717912287.044024944,1717912288.084025860,1717912289.124024868,1717912290.164038897,1717912291.204025030,1717912292.244024754,1717912293.284023762,1717912294.324026346,1717912295.364023685,1717912296.404024124,1717912297.444025517,1717912298.484025002,1717912299.524025679,1717912300.564024925,1717912301.604026318,1717912302.644026279,1717912303.684024572,1717912304.724026203,1717912305.764024734,1717912306.804035902,1717912307.844024658,1717912308.884024382,1717912309.924024582,1717912310.964024782,1717912312.004025459,1717912313.044025898,1717912314.084023952,1717912315.124025106,1717912316.164026022,1717912317.204025745,1717912318.244025946,1717912319.284026146,1717912320.324025869,1717912321.360024452,1717912322.400023937,1717912323.440023899,1717912324.480024338,1717912325.520024776,1717912326.560023785,1717912327.600023985,1717912328.640025616,1717912329.680024385,1717912330.720025063,1717912331.760024548,1717912332.800025225,1717912333.840024710,1717912334.880025864,1717912335.920025110,1717912336.960024595,1717912338.000024557,1717912339.040025473,1717912340.080025434,1717912341.120024681,1717912342.160025835,1717912343.200025797,1717912344.240025043,1717912345.280024767,1717912346.320024729,1717912347.360025644,1717912348.400025129,1717912349.440024137,1717912350.480024576,1717912351.520025015,1717912352.560024261,1717912353.600024700,1717912354.640023232,1717912355.680024624,1717912356.720023870,1717912357.760024786,1717912358.800024748,1717912359.840025902,1717912360.880024672,1717912361.920024395,1717912362.960024595,1717912364.000024557,1717912365.040024757,1717912366.080025196,1717912367.120025158,1717912368.160025835,1717912369.200024605,1717912370.240024567,1717912371.280025005,1717912372.320025682,1717912373.360025167,1717912373.755351543],"count":[1,29,0,0,0,0,0,0,0,0,0,0,0,0,0,0,0,0,0,0,0,0,0,0,0,0,0,0,0,0,0,0,0,0,0,0,0,0,0,0,0,0,0,0,0,0,0,0,0,0,0,0,0,0,0,0,0,0,0,0,0,0,0,0,0,0,0,0,0,0,0,0,0,0,0,0,0,0,0,0,0,0,0,0,0,0,0,0],"bulk_size":[0,0,0,0,0,0,0,0,0,0,0,0,0,0,0,0,0,0,0,0,0,0,0,0,0,0,0,0,0,0,0,0,0,0,0,0,0,0,0,0,0,0,0,0,0,0,0,0,0,0,0,0,0,0,0,0,0,0,0,0,0,0,0,0,0,0,0,0,0,0,0,0,0,0,0,0,0,0,0,0,0,0,0,0,0,0,0,0]},"__shutdown__:65535":{"timestamps":[1717912373.755351543],"count":[1],"bulk_size":[0]}},"pools":{"__primary__":{"timestamps":[1717912283.947348118,1717912284.964024782,1717912286.004027367,1717912287.044024944,1717912288.084025860,1717912289.124024868,1717912290.164038897,1717912291.204025030,1717912292.244024754,1717912293.284023762,1717912294.324026346,1717912295.364023685,1717912296.404024124,1717912297.444025517,1717912298.484025002,1717912299.524025679,1717912300.564024925,1717912301.604026318,1717912302.644026279,1717912303.684024572,1717912304.724026203,1717912305.764024734,1717912306.804035902,1717912307.844024658,1717912308.884024382,1717912309.924024582,1717912310.964024782,1717912312.004025459,1717912313.044025898,1717912314.084023952,1717912315.124025106,1717912316.164026022,1717912317.204025745,1717912318.244025946,1717912319.284026146,1717912320.324025869,1717912321.360024452,1717912322.400023937,1717912323.440023899,1717912324.480024338,1717912325.520024776,1717912326.560023785,1717912327.600023985,1717912328.640025616,1717912329.680024385,1717912330.720025063,1717912331.760024548,1717912332.800025225,1717912333.840024710,1717912334.880025864,1717912335.920025110,1717912336.960024595,1717912338.000024557,1717912339.040025473,1717912340.080025434,1717912341.120024681,1717912342.160025835,1717912343.200025797,1717912344.240025043,1717912345.280024767,1717912346.320024729,1717912347.360025644,1717912348.400025129,1717912349.440024137,1717912350.480024576,1717912351.520025015,1717912352.560024261,1717912353.600024700,1717912354.640023232,1717912355.680024624,1717912356.720023870,1717912357.760024786,1717912358.800024748,1717912359.840025902,1717912360.880024672,1717912361.920024395,1717912362.960024595,1717912364.000024557,1717912365.040024757,1717912366.080025196,1717912367.120025158,1717912368.160025835,1717912369.200024605,1717912370.240024567,1717912371.280025005,1717912372.320025682,1717912373.360025167,1717912373.755351543],"size":[0,0,0,0,0,0,0,0,0,0,0,0,0,0,0,0,0,0,0,0,0,0,0,0,0,0,0,0,0,0,0,0,0,0,0,0,0,0,0,0,0,0,0,0,0,0,0,0,0,0,0,0,0,0,0,0,0,0,0,0,0,0,0,0,0,0,0,0,0,0,0,0,0,0,0,0,0,0,0,0,0,0,0,0,0,0,0,0],"total_size":[2,1,1,1,1,1,1,1,1,1,1,1,1,1,1,1,1,1,1,1,1,1,1,1,1,1,1,1,1,1,1,1,1,1,1,1,1,1,1,1,1,1,1,1,1,1,1,1,1,1,1,1,1,1,1,1,1,1,1,1,1,1,1,1,1,1,1,1,1,1,1,1,1,1,1,1,1,1,1,1,1,1,1,1,1,1,1,0]}}}