{"address":"","progress_loop":{"progress_with_timeout":{"num":1065,"min":0.000000000.0,"max":0.104006529,"avg":0.103051687,"var":0.100311111,"sum":109.750046492},"progress_timeout_value_msec":{"num":1065,"min":100.000000000.0,"max":100.000000000.0,"avg":100.000000000.0,"var":0.000000000.0,"sum":106500.000000000.0},"progress_without_timeout":{"num":295651,"min":0.000000000.0,"max":0.000108719,"avg":0.000000114,"var":0.000000040,"sum":0.033599377},"trigger":{"num":52,"min":0.000000000.0,"max":0.000021696,"avg":0.000001233,"var":0.000000001,"sum":0.000064135}},"rpcs":{"65535:65535:14048217247822970879:0":{"rpc_id":-4398526825886580737,"provider_id":0,"parent_rpc_id":65535,"parent_provider_id":65535,"name":"get_file_data","origin":{"sent to ofi+cxi://0x23ef6200":{"iforward":{"duration":{"num":10,"min":0.000000715,"max":0.000031710,"avg":0.000003982,"var":0.000000001,"sum":0.000039816},"relative_timestamp_from_create":{"num":10,"min":0.000000000.0,"max":0.000004053,"avg":0.000000525,"var":0.000000000,"sum":0.000005245}},"forward_cb":{"duration":{"num":10,"min":0.000000000.0,"max":0.000000238,"avg":0.000000095,"var":0.000000000,"sum":0.000000954},"relative_timestamp_from_iforward_start":{"num":10,"min":0.002741337,"max":0.014642000,"avg":0.008440685,"var":0.000141239,"sum":0.084406853}},"iforward_wait":{"duration":{"num":10,"min":0.002741098,"max":0.014627934,"avg":0.008439183,"var":0.000141069,"sum":0.084391832},"relative_timestamp_from_iforward_end":{"num":10,"min":0.000000000.0,"max":0.000000477,"avg":0.000000119,"var":0.000000000,"sum":0.000001192}},"set_input":{"duration":{"num":10,"min":0.000000000.0,"max":0.000005245,"avg":0.000000715,"var":0.000000000,"sum":0.000007153},"relative_timestamp_from_iforward_start":{"num":10,"min":0.000000238,"max":0.000018597,"avg":0.000002313,"var":0.000000000,"sum":0.000023127}},"get_output":{"duration":{"num":10,"min":0.000005245,"max":0.000036716,"avg":0.000008607,"var":0.000000001,"sum":0.000086069},"relative_timestamp_from_wait_end":{"num":10,"min":0.000000000.0,"max":0.000000238,"avg":0.000000143,"var":0.000000000,"sum":0.000001431}}}},"target":{"received from ofi+cxi://0x23ef6200":{"handler":{"duration":{"num":10,"min":0.000000238,"max":0.000007629,"avg":0.000001144,"var":0.000000000,"sum":0.000011444}},"ult":{"duration":{"num":10,"min":0.002740145,"max":0.014597416,"avg":0.008434582,"var":0.000140691,"sum":0.084345818},"relative_timestamp_from_handler_start":{"num":10,"min":0.000000477,"max":0.000015974,"avg":0.000002265,"var":0.000000000,"sum":0.000022650}},"irespond":{"duration":{"num":10,"min":0.000071764,"max":0.000079393,"avg":0.000074172,"var":0.000000000,"sum":0.000741720},"relative_timestamp_from_ult_start":{"num":10,"min":0.002666235,"max":0.014500618,"avg":0.008357310,"var":0.000140380,"sum":0.083573103}},"respond_cb":{"duration":{"num":10,"min":0.000000000.0,"max":0.000000238,"avg":0.000000143,"var":0.000000000,"sum":0.000001431},"relative_timestamp_from_irespond_start":{"num":10,"min":0.000072241,"max":0.000080347,"avg":0.000074697,"var":0.000000000,"sum":0.000746965}},"irespond_wait":{"duration":{"num":10,"min":0.000000954,"max":0.000001907,"avg":0.000001121,"var":0.000000000,"sum":0.000011206},"relative_timestamp_from_irespond_end":{"num":10,"min":0.000000000.0,"max":0.000000238,"avg":0.000000119,"var":0.000000000,"sum":0.000001192}},"set_output":{"duration":{"num":10,"min":0.000061274,"max":0.000065327,"avg":0.000063205,"var":0.000000000,"sum":0.000632048},"relative_timestamp_from_irespond_start":{"num":10,"min":0.000000000.0,"max":0.000000715,"avg":0.000000143,"var":0.000000000,"sum":0.000001431}},"get_input":{"duration":{"num":10,"min":0.000000000.0,"max":0.000002384,"avg":0.000000381,"var":0.000000000,"sum":0.000003815},"relative_timestamp_from_ult_start":{"num":10,"min":0.000000000.0,"max":0.000004053,"avg":0.000000525,"var":0.000000000,"sum":0.000005245}}}}},"14048217247822970879:0:14048217247822970879:0":{"rpc_id":-4398526825886580737,"provider_id":0,"parent_rpc_id":-4398526825886580737,"parent_provider_id":0,"name":"get_file_data","origin":{"sent to ofi+cxi://0x24016600":{"iforward":{"duration":{"num":10,"min":0.000007868,"max":0.000034332,"avg":0.000011683,"var":0.000000001,"sum":0.000116825},"relative_timestamp_from_create":{"num":10,"min":0.000000000.0,"max":0.000000238,"avg":0.000000095,"var":0.000000000,"sum":0.000000954}},"forward_cb":{"duration":{"num":10,"min":0.000000000.0,"max":0.000001192,"avg":0.000000262,"var":0.000000000,"sum":0.000002623},"relative_timestamp_from_iforward_start":{"num":10,"min":0.002633333,"max":0.014321089,"avg":0.008313179,"var":0.000137876,"sum":0.083131790}},"iforward_wait":{"duration":{"num":10,"min":0.002625227,"max":0.014290810,"avg":0.008302093,"var":0.000137642,"sum":0.083020926},"relative_timestamp_from_iforward_end":{"num":10,"min":0.000000000.0,"max":0.000000238,"avg":0.000000191,"var":0.000000000,"sum":0.000001907}},"set_input":{"duration":{"num":10,"min":0.000000000.0,"max":0.000000477,"avg":0.000000286,"var":0.000000000,"sum":0.000002861},"relative_timestamp_from_iforward_start":{"num":10,"min":0.000000238,"max":0.000001907,"avg":0.000000572,"var":0.000000000,"sum":0.000005722}},"get_output":{"duration":{"num":10,"min":0.000006676,"max":0.000071526,"avg":0.000024843,"var":0.000000008,"sum":0.000248432},"relative_timestamp_from_wait_end":{"num":10,"min":0.000000000.0,"max":0.000019312,"avg":0.000002146,"var":0.000000000,"sum":0.000021458}}}}},"65535:65535:8686831390660034559:65535":{"rpc_id":8686831390660034559,"provider_id":65535,"parent_rpc_id":65535,"parent_provider_id":65535,"name":"__shutdown__","target":{"received from ofi+cxi://0x23e70601":{"handler":{"duration":{"num":1,"min":0.000014782,"max":0.000014782,"avg":0.000014782,"var":0.000000000.0,"sum":0.000014782}},"ult":{"duration":{"num":1,"min":0.000014782,"max":0.000014782,"avg":0.000014782,"var":0.000000000.0,"sum":0.000014782},"relative_timestamp_from_handler_start":{"num":1,"min":0.000017643,"max":0.000017643,"avg":0.000017643,"var":0.000000000.0,"sum":0.000017643}},"irespond":{"duration":{"num":1,"min":0.000006437,"max":0.000006437,"avg":0.000006437,"var":0.000000000.0,"sum":0.000006437},"relative_timestamp_from_ult_start":{"num":1,"min":0.000000954,"max":0.000000954,"avg":0.000000954,"var":0.000000000.0,"sum":0.000000954}},"respond_cb":{"duration":{"num":1,"min":0.000000477,"max":0.000000477,"avg":0.000000477,"var":0.000000000.0,"sum":0.000000477},"relative_timestamp_from_irespond_start":{"num":1,"min":0.000011683,"max":0.000011683,"avg":0.000011683,"var":0.000000000.0,"sum":0.000011683}},"irespond_wait":{"duration":{"num":1,"min":0.000005960,"max":0.000005960,"avg":0.000005960,"var":0.000000000.0,"sum":0.000005960},"relative_timestamp_from_irespond_end":{"num":1,"min":0.000000000.0,"max":0.000000000.0,"avg":0.000000000.0,"var":0.000000000.0,"sum":0.000000000.0}},"set_output":{"duration":{"num":1,"min":0.000000477,"max":0.000000477,"avg":0.000000477,"var":0.000000000.0,"sum":0.000000477},"relative_timestamp_from_irespond_start":{"num":1,"min":0.000000954,"max":0.000000954,"avg":0.000000954,"var":0.000000000.0,"sum":0.000000954}},"get_input":{"duration":{"num":0,"min":0.000000000.0,"max":0.000000000.0,"avg":0.000000000.0,"var":0.000000000.0,"sum":0.000000000.0},"relative_timestamp_from_ult_start":{"num":0,"min":0.000000000.0,"max":0.000000000.0,"avg":0.000000000.0,"var":0.000000000.0,"sum":0.000000000.0}}}}}}}