{"address":"","progress_loop":{"progress_with_timeout":{"num":866,"min":0.000002623,"max":0.104011297,"avg":0.103734584,"var":0.021959594,"sum":89.834149361},"progress_timeout_value_msec":{"num":866,"min":100.000000000.0,"max":100.000000000.0,"avg":100.000000000.0,"var":0.000000000.0,"sum":86600.000000000.0},"progress_without_timeout":{"num":1234,"min":0.000000000.0,"max":0.000017166,"avg":0.000000157,"var":0.000000000,"sum":0.000194311},"trigger":{"num":102,"min":0.000000000.0,"max":0.001909018,"avg":0.000019457,"var":0.000003606,"sum":0.001984596}},"rpcs":{"65535:65535:14048217247822970879:0":{"rpc_id":-4398526825886580737,"provider_id":0,"parent_rpc_id":65535,"parent_provider_id":65535,"name":"get_file_data","origin":{"sent to ofi+cxi://0x24016600":{"iforward":{"duration":{"num":10,"min":0.000000715,"max":0.000033140,"avg":0.000004220,"var":0.000000001,"sum":0.000042200},"relative_timestamp_from_create":{"num":10,"min":0.000000000.0,"max":0.000004292,"avg":0.000000501,"var":0.000000000,"sum":0.000005007}},"forward_cb":{"duration":{"num":10,"min":0.000000000.0,"max":0.000000238,"avg":0.000000095,"var":0.000000000,"sum":0.000000954},"relative_timestamp_from_iforward_start":{"num":10,"min":0.000051498,"max":0.002250671,"avg":0.000280643,"var":0.000004314,"sum":0.002806425}},"iforward_wait":{"duration":{"num":10,"min":0.000051022,"max":0.002225876,"avg":0.000279427,"var":0.000004212,"sum":0.002794266},"relative_timestamp_from_iforward_end":{"num":10,"min":0.000000000.0,"max":0.000000238,"avg":0.000000095,"var":0.000000000,"sum":0.000000954}},"set_input":{"duration":{"num":10,"min":0.000000238,"max":0.000004530,"avg":0.000000739,"var":0.000000000,"sum":0.000007391},"relative_timestamp_from_iforward_start":{"num":10,"min":0.000000477,"max":0.000020504,"avg":0.000002551,"var":0.000000000,"sum":0.000025511}},"get_output":{"duration":{"num":10,"min":0.000000000.0,"max":0.000000238,"avg":0.000000143,"var":0.000000000,"sum":0.000001431},"relative_timestamp_from_wait_end":{"num":10,"min":0.000000000.0,"max":0.000000238,"avg":0.000000072,"var":0.000000000,"sum":0.000000715}}}},"target":{"received from ofi+cxi://0x24016600":{"handler":{"duration":{"num":10,"min":0.000000238,"max":0.000007391,"avg":0.000001168,"var":0.000000000,"sum":0.000011683}},"ult":{"duration":{"num":10,"min":0.000049591,"max":0.002189398,"avg":0.000272059,"var":0.000004086,"sum":0.002720594},"relative_timestamp_from_handler_start":{"num":10,"min":0.000000477,"max":0.000016212,"avg":0.000002551,"var":0.000000000,"sum":0.000025511}},"irespond":{"duration":{"num":10,"min":0.000000477,"max":0.000002861,"avg":0.000000906,"var":0.000000000,"sum":0.000009060},"relative_timestamp_from_ult_start":{"num":10,"min":0.000047684,"max":0.002182722,"avg":0.000267935,"var":0.000004074,"sum":0.002679348}},"respond_cb":{"duration":{"num":10,"min":0.000000000.0,"max":0.000000238,"avg":0.000000095,"var":0.000000000,"sum":0.000000954},"relative_timestamp_from_irespond_start":{"num":10,"min":0.000000954,"max":0.000014305,"avg":0.000003052,"var":0.000000000,"sum":0.000030518}},"irespond_wait":{"duration":{"num":10,"min":0.000000954,"max":0.000015259,"avg":0.000002861,"var":0.000000000,"sum":0.000028610},"relative_timestamp_from_irespond_end":{"num":10,"min":0.000000000.0,"max":0.000000238,"avg":0.000000048,"var":0.000000000,"sum":0.000000477}},"set_output":{"duration":{"num":10,"min":0.000000238,"max":0.000000715,"avg":0.000000477,"var":0.000000000,"sum":0.000004768},"relative_timestamp_from_irespond_start":{"num":10,"min":0.000000000.0,"max":0.000001192,"avg":0.000000238,"var":0.000000000,"sum":0.000002384}},"get_input":{"duration":{"num":10,"min":0.000000000.0,"max":0.000001907,"avg":0.000000262,"var":0.000000000,"sum":0.000002623},"relative_timestamp_from_ult_start":{"num":10,"min":0.000000000.0,"max":0.000003815,"avg":0.000000572,"var":0.000000000,"sum":0.000005722}}}}},"14048217247822970879:0:14048217247822970879:0":{"rpc_id":-4398526825886580737,"provider_id":0,"parent_rpc_id":-4398526825886580737,"parent_provider_id":0,"name":"get_file_data","origin":{"sent to ofi+cxi://0x23e90400":{"iforward":{"duration":{"num":30,"min":0.000001192,"max":0.000039339,"avg":0.000008368,"var":0.000000001,"sum":0.000251055},"relative_timestamp_from_create":{"num":30,"min":0.000000000.0,"max":0.000000238,"avg":0.000000079,"var":0.000000000,"sum":0.000002384}},"forward_cb":{"duration":{"num":30,"min":0.000000000.0,"max":0.000002146,"avg":0.000000143,"var":0.000000000,"sum":0.000004292},"relative_timestamp_from_iforward_start":{"num":30,"min":0.000032663,"max":0.002067566,"avg":0.000163968,"var":0.000005899,"sum":0.004919052}},"iforward_wait":{"duration":{"num":30,"min":0.000031948,"max":0.002034426,"avg":0.000157166,"var":0.000005812,"sum":0.004714966},"relative_timestamp_from_iforward_end":{"num":30,"min":0.000000000.0,"max":0.000000477,"avg":0.000000199,"var":0.000000000,"sum":0.000005960}},"set_input":{"duration":{"num":30,"min":0.000000000.0,"max":0.000000954,"avg":0.000000366,"var":0.000000000,"sum":0.000010967},"relative_timestamp_from_iforward_start":{"num":30,"min":0.000000238,"max":0.000002861,"avg":0.000000556,"var":0.000000000,"sum":0.000016689}},"get_output":{"duration":{"num":30,"min":0.000000000.0,"max":0.000001192,"avg":0.000000207,"var":0.000000000,"sum":0.000006199},"relative_timestamp_from_wait_end":{"num":30,"min":0.000000000.0,"max":0.000000715,"avg":0.000000119,"var":0.000000000,"sum":0.000003576}}}},"target":{"received from ofi+cxi://0x23ef6200":{"handler":{"duration":{"num":10,"min":0.000000238,"max":0.000003576,"avg":0.000000715,"var":0.000000000,"sum":0.000007153}},"ult":{"duration":{"num":10,"min":0.000046968,"max":0.001553059,"avg":0.000225568,"var":0.000001967,"sum":0.002255678},"relative_timestamp_from_handler_start":{"num":10,"min":0.000000477,"max":0.001914740,"avg":0.000196242,"var":0.000003282,"sum":0.001962423}},"irespond":{"duration":{"num":10,"min":0.000000238,"max":0.000002146,"avg":0.000000572,"var":0.000000000,"sum":0.000005722},"relative_timestamp_from_ult_start":{"num":10,"min":0.000037670,"max":0.001545191,"avg":0.000205588,"var":0.000001998,"sum":0.002055883}},"respond_cb":{"duration":{"num":10,"min":0.000000000.0,"max":0.000000238,"avg":0.000000072,"var":0.000000000,"sum":0.000000715},"relative_timestamp_from_irespond_start":{"num":10,"min":0.000007391,"max":0.000030756,"avg":0.000016308,"var":0.000000001,"sum":0.000163078}},"irespond_wait":{"duration":{"num":10,"min":0.000007153,"max":0.000047207,"avg":0.000018978,"var":0.000000002,"sum":0.000189781},"relative_timestamp_from_irespond_end":{"num":10,"min":0.000000000.0,"max":0.000000238,"avg":0.000000191,"var":0.000000000,"sum":0.000001907}},"set_output":{"duration":{"num":10,"min":0.000000000.0,"max":0.000000715,"avg":0.000000143,"var":0.000000000,"sum":0.000001431},"relative_timestamp_from_irespond_start":{"num":10,"min":0.000000000.0,"max":0.000000238,"avg":0.000000095,"var":0.000000000,"sum":0.000000954}},"get_input":{"duration":{"num":10,"min":0.000000000.0,"max":0.000000715,"avg":0.000000215,"var":0.000000000,"sum":0.000002146},"relative_timestamp_from_ult_start":{"num":10,"min":0.000000000.0,"max":0.000001669,"avg":0.000000238,"var":0.000000000,"sum":0.000002384}}},"received from ofi+cxi://0x23ed0000":{"handler":{"duration":{"num":10,"min":0.000000238,"max":0.001907825,"avg":0.000191164,"var":0.000003274,"sum":0.001911640}},"ult":{"duration":{"num":10,"min":0.000044823,"max":0.000107288,"avg":0.000070310,"var":0.000000004,"sum":0.000703096},"relative_timestamp_from_handler_start":{"num":10,"min":0.000000477,"max":0.001971245,"avg":0.000198293,"var":0.000003493,"sum":0.001982927}},"irespond":{"duration":{"num":10,"min":0.000000238,"max":0.000001431,"avg":0.000000477,"var":0.000000000,"sum":0.000004768},"relative_timestamp_from_ult_start":{"num":10,"min":0.000036955,"max":0.000095844,"avg":0.000056529,"var":0.000000003,"sum":0.000565290}},"respond_cb":{"duration":{"num":10,"min":0.000000000.0,"max":0.000000477,