{"address":"","progress_loop":{"progress_with_timeout":{"num":1329,"min":0.000000715,"max":0.104011536,"avg":0.103261905,"var":0.098265750,"sum":137.235071898},"progress_timeout_value_msec":{"num":1329,"min":100.000000000.0,"max":100.000000000.0,"avg":100.000000000.0,"var":0.000000000.0,"sum":132900.000000000.0},"progress_without_timeout":{"num":8788334,"min":0.000000000.0,"max":0.003115177,"avg":0.000000112,"var":0.000019398,"sum":0.986729383},"trigger":{"num":52,"min":0.000000477,"max":0.000032663,"avg":0.000002760,"var":0.000000002,"sum":0.000143528}},"rpcs":{"65535:65535:14048217247822970879:0":{"rpc_id":-4398526825886580737,"provider_id":0,"parent_rpc_id":65535,"parent_provider_id":65535,"name":"get_file_data","origin":{"sent to ofi+cxi://0x23ef4600":{"iforward":{"duration":{"num":10,"min":0.000002623,"max":0.000031471,"avg":0.000006008,"var":0.000000001,"sum":0.000060081},"relative_timestamp_from_create":{"num":10,"min":0.000000000.0,"max":0.000004053,"avg":0.000000596,"var":0.000000000,"sum":0.000005960}},"forward_cb":{"duration":{"num":10,"min":0.000000238,"max":0.000000238,"avg":0.000000238,"var":0.000000000.0,"sum":0.000002384},"relative_timestamp_from_iforward_start":{"num":10,"min":0.147927999,"max":0.330956936,"avg":0.255381417,"var":0.021585381,"sum":2.553814173}},"iforward_wait":{"duration":{"num":10,"min":0.147927761,"max":0.331084490,"avg":0.255393839,"var":0.021604656,"sum":2.553938389},"relative_timestamp_from_iforward_end":{"num":10,"min":0.000000000.0,"max":0.000000238,"avg":0.000000048,"var":0.000000000,"sum":0.000000477}},"set_input":{"duration":{"num":10,"min":0.000000238,"max":0.000004768,"avg":0.000000906,"var":0.000000000,"sum":0.000009060},"relative_timestamp_from_iforward_start":{"num":10,"min":0.000001907,"max":0.000019312,"avg":0.000003958,"var":0.000000000,"sum":0.000039577}},"get_output":{"duration":{"num":10,"min":0.002930880,"max":0.004290342,"avg":0.003517771,"var":0.000001318,"sum":0.035177708},"relative_timestamp_from_wait_end":{"num":10,"min":0.000000238,"max":0.000000715,"avg":0.000000429,"var":0.000000000,"sum":0.000004292}}}},"target":{"received from ofi+cxi://0x23ef4600":{"handler":{"duration":{"num":10,"min":0.000000954,"max":0.000007391,"avg":0.000001788,"var":0.000000000,"sum":0.000017881}},"ult":{"duration":{"num":10,"min":0.147923231,"max":0.331053257,"avg":0.255385828,"var":0.021599937,"sum":2.553858280},"relative_timestamp_from_handler_start":{"num":10,"min":0.000001431,"max":0.000014782,"avg":0.000003171,"var":0.000000000,"sum":0.000031710}},"irespond":{"duration":{"num":10,"min":0.004306316,"max":0.004386902,"avg":0.004360080,"var":0.000000005,"sum":0.043600798},"relative_timestamp_from_ult_start":{"num":10,"min":0.143611431,"max":0.326534748,"avg":0.251004386,"var":0.021567307,"sum":2.510043859}},"respond_cb":{"duration":{"num":10,"min":0.000000238,"max":0.000000715,"avg":0.000000334,"var":0.000000000,"sum":0.000003338},"relative_timestamp_from_irespond_start":{"num":10,"min":0.004309177,"max":0.004389763,"avg":0.004362965,"var":0.000000005,"sum":0.043629646}},"irespond_wait":{"duration":{"num":10,"min":0.000004053,"max":0.000006199,"avg":0.000004482,"var":0.000000000,"sum":0.000044823},"relative_timestamp_from_irespond_end":{"num":10,"min":0.000000238,"max":0.000000477,"avg":0.000000286,"var":0.000000000,"sum":0.000002861}},"set_output":{"duration":{"num":10,"min":0.004154205,"max":0.004233360,"avg":0.004210114,"var":0.000000005,"sum":0.042101145},"relative_timestamp_from_irespond_start":{"num":10,"min":0.000000477,"max":0.000001669,"avg":0.000000668,"var":0.000000000,"sum":0.000006676}},"get_input":{"duration":{"num":10,"min":0.000000238,"max":0.000002146,"avg":0.000000525,"var":0.000000000,"sum":0.000005245},"relative_timestamp_from_ult_start":{"num":10,"min":0.000000477,"max":0.000003099,"avg":0.000000834,"var":0.000000000,"sum":0.000008345}}}}},"14048217247822970879:0:14048217247822970879:0":{"rpc_id":-4398526825886580737,"provider_id":0,"parent_rpc_id":-4398526825886580737,"parent_provider_id":0,"name":"get_file_data","origin":{"sent to ofi+cxi://0x23eb6200":{"iforward":{"duration":{"num":10,"min":0.000017405,"max":0.000034332,"avg":0.000020671,"var":0.000000000,"sum":0.000206709},"relative_timestamp_from_create":{"num":10,"min":0.000000000.0,"max":0.000000238,"avg":0.000000167,"var":0.000000000,"sum":0.000001669}},"forward_cb":{"duration":{"num":10,"min":0.000000238,"max":0.000002146,"avg":0.000000501,"var":0.000000000,"sum":0.000005007},"relative_timestamp_from_iforward_start":{"num":10,"min":0.138091087,"max":0.320973873,"avg":0.245558071,"var":0.021569724,"sum":2.455580711}},"iforward_wait":{"duration":{"num":10,"min":0.138104200,"max":0.320947409,"avg":0.245542097,"var":0.021561797,"sum":2.455420971},"relative_timestamp_from_iforward_end":{"num":10,"min":0.000000238,"max":0.000000238,"avg":0.000000238,"var":0.000000000.0,"sum":0.000002384}},"set_input":{"duration":{"num":10,"min":0.000000238,"max":0.000000954,"avg":0.000000525,"var":0.000000000,"sum":0.000005245},"relative_timestamp_from_iforward_start":{"num":10,"min":0.000000954,"max":0.000001907,"avg":0.000001073,"var":0.000000000,"sum":0.000010729}},"get_output":{"duration":{"num":10,"min":0.005352020,"max":0.005471230,"avg":0.005409074,"var":0.000000013,"sum":0.054090738},"relative_timestamp_from_wait_end":{"num":10,"min":0.000000477,"max":0.000001431,"avg":0.000000739,"var":0.000000000,"sum":0.000007391}}}}},"65535:65535:8686831390660034559:65535":{"rpc_id":8686831390660034559,"provider_id":65535,"parent_rpc_id":65535,"parent_provider_id":65535,"name":"__shutdown__","target":{"received from ofi+cxi://0x23e70601":{"handler":{"duration":{"num":1,"min":0.000014067,"max":0.000014067,"avg":0.000014067,"var":0.000000000.0,"sum":0.000014067}},"ult":{"duration":{"num":1,"min":0.000016689,"max":0.000016689,"avg":0.000016689,"var":0.000000000.0,"sum":0.000016689},"relative_timestamp_from_handler_start":{"num":1,"min":0.000018835,"max":0.000018835,"avg":0.000018835,"var":0.000000000.0,"sum":0.000018835}},"irespond":{"duration":{"num":1,"min":0.000006437,"max":0.000006437,"avg":0.000006437,"var":0.000000000.0,"sum":0.000006437},"relative_timestamp_from_ult_start":{"num":1,"min":0.000001192,"max":0.000001192,"avg":0.000001192,"var":0.000000000.0,"sum":0.000001192}},"respond_cb":{"duration":{"num":1,"min":0.000000715,"max":0.000000715,"avg":0.000000715,"var":0.000000000.0,"sum":0.000000715},"relative_timestamp_from_irespond_start":{"num":1,"min":0.000012159,"max":0.000012159,"avg":0.000012159,"var":0.000000000.0,"sum":0.000012159}},"irespond_wait":{"duration":{"num":1,"min":0.000006676,"max":0.000006676,"avg":0.000006676,"var":0.000000000.0,"sum":0.000006676},"relative_timestamp_from_irespond_end":{"num":1,"min":0.000000238,"max":0.000000238,"avg":0.000000238,"var":0.000000000.0,"sum":0.000000238}},"set_output":{"duration":{"num":1,"min":0.000000477,"max":0.000000477,"avg":0.000000477,"var":0.000000000.0,"sum":0.000000477},"relative_timestamp_from_irespond_start":{"num":1,"min":0.000000715,"max":0.000000715,"avg":0.000000715,"var":0.000000000.0,"sum":0.000000715}},"get_input":{"duration":{"num":0,"min":0.000000000.0,"max":0.000000000.0,"avg":0.000000000.0,"var":0.000000000.0,"sum":0.000000000.0},"relative_timestamp_from_ult_start":{"num":0,"min":0.000000000.0,"max":0.000000000.0,"avg":0.000000000.0,"var":0.000000000.0,"sum":0.000000000.0}}}}}}}