{"address":"","rpcs":{"get_file_data:0":{"timestamps":[1717913322.674356699,1717913323.759331226,1717913324.799326897,1717913325.839327812,1717913326.879326820,1717913327.919326067,1717913328.959327221,1717913329.999327421,1717913331.039327383,1717913332.079327583,1717913333.119326591,1717913334.159329176,1717913335.199327707,1717913336.239327431,1717913337.279325962,1717913338.319327593,1717913339.359327078,1717913340.399326801,1717913341.439326763,1717913342.479327202,1717913343.519326448,1717913344.559327126,1717913345.599328518,1717913346.639327765,1717913347.679328442,1717913348.719326973,1717913349.759327412,1717913350.799327135,1717913351.839328527,1717913352.879327536,1717913353.919326782,1717913354.959327459,1717913355.999326944,1717913357.039326429,1717913358.079326630,1717913359.119327068,1717913360.159327030,1717913361.199327469,1717913362.239326954,1717913363.279327393,1717913364.319327593,1717913365.359326839,1717913366.399327517,1717913367.439328194,1717913368.479327440,1717913369.519326925,1717913370.559325933,1717913371.599327087,1717913372.639327526,1717913373.679327488,1717913374.719326019,1717913375.759327173,1717913376.799327612,1717913377.839327812,1717913378.879327536,1717913379.919327736,1717913380.959326506,1717913381.995326757,1717913383.035326242,1717913384.075326681,1717913385.115326166,1717913386.155327320,1717913387.195327520,1717913388.235327244,1717913389.275332928,1717913390.315327406,1717913391.355327129,1717913392.395327330,1717913393.435327530,1717913394.475327015,1717913395.515328407,1717913396.555327177,1717913397.595332861,1717913398.635326862,1717913399.675328255,1717913400.715327263,1717913401.755328894,1717913402.795330048,1717913403.835327387,1717913404.875327110,1717913405.915327787,1717913406.955326796,1717913407.995327473,1717913409.035326958,1717913410.075328350,1717913411.115327597,1717913412.155327559,1717913412.566541195],"count":[1,9,0,0,0,0,0,0,0,0,0,0,0,0,0,0,0,0,0,0,0,0,0,0,0,0,0,0,0,0,0,0,0,0,0,0,0,0,0,0,0,0,0,0,0,0,0,0,0,0,0,0,0,0,0,0,0,0,0,0,0,0,0,0,0,0,0,0,0,0,0,0,0,0,0,0,0,0,0,0,0,0,0,0,0,0,0,0],"bulk_size":[0,0,0,0,0,0,0,0,0,0,0,0,0,0,0,0,0,0,0,0,0,0,0,0,0,0,0,0,0,0,0,0,0,0,0,0,0,0,0,0,0,0,0,0,0,0,0,0,0,0,0,0,0,0,0,0,0,0,0,0,0,0,0,0,0,0,0,0,0,0,0,0,0,0,0,0,0,0,0,0,0,0,0,0,0,0,0,0]},"__shutdown__:65535":{"timestamps":[1717913412.566541195],"count":[1],"bulk_size":[0]}},"pools":{"__primary__":{"timestamps":[1717913322.674356699,1717913323.759331226,1717913324.799326897,1717913325.839327812,1717913326.879326820,1717913327.919326067,1717913328.959327221,1717913329.999327421,1717913331.039327383,1717913332.079327583,1717913333.119326591,1717913334.159329176,1717913335.199327707,1717913336.239327431,1717913337.279325962,1717913338.319327593,1717913339.359327078,1717913340.399326801,1717913341.439326763,1717913342.479327202,1717913343.519326448,1717913344.559327126,1717913345.599328518,1717913346.639327765,1717913347.679328442,1717913348.719326973,1717913349.759327412,1717913350.799327135,1717913351.839328527,1717913352.879327536,1717913353.919326782,1717913354.959327459,1717913355.999326944,1717913357.039326429,1717913358.079326630,1717913359.119327068,1717913360.159327030,1717913361.199327469,1717913362.239326954,1717913363.279327393,1717913364.319327593,1717913365.359326839,1717913366.399327517,1717913367.439328194,1717913368.479327440,1717913369.519326925,1717913370.559325933,1717913371.599327087,1717913372.639327526,1717913373.679327488,1717913374.719326019,1717913375.759327173,1717913376.799327612,1717913377.839327812,1717913378.879327536,1717913379.919327736,1717913380.959326506,1717913381.995326757,1717913383.035326242,1717913384.075326681,1717913385.115326166,1717913386.155327320,1717913387.195327520,1717913388.235327244,1717913389.275332928,1717913390.315327406,1717913391.355327129,1717913392.395327330,1717913393.435327530,1717913394.475327015,1717913395.515328407,1717913396.555327177,1717913397.595332861,1717913398.635326862,1717913399.675328255,1717913400.715327263,1717913401.755328894,1717913402.795330048,1717913403.835327387,1717913404.875327110,1717913405.915327787,1717913406.955326796,1717913407.995327473,1717913409.035326958,1717913410.075328350,1717913411.115327597,1717913412.155327559,1717913412.566541195],"size":[0,0,0,0,0,0,0,0,0,0,0,0,0,0,0,0,0,0,0,0,0,0,0,0,0,0,0,0,0,0,0,0,0,0,0,0,0,0,0,0,0,0,0,0,0,0,0,0,0,0,0,0,0,0,0,0,0,0,0,0,0,0,0,0,0,0,0,0,0,0,0,0,0,0,0,0,0,0,0,0,0,0,0,0,0,0,0,0],"total_size":[2,1,1,1,1,1,1,1,1,1,1,1,1,1,1,1,1,1,1,1,1,1,1,1,1,1,1,1,1,1,1,1,1,1,1,1,1,1,1,1,1,1,1,1,1,1,1,1,1,1,1,1,1,1,1,1,1,1,1,1,1,1,1,1,1,1,1,1,1,1,1,1,1,1,1,1,1,1,1,1,1,1,1,1,1,1,1,0]}}}