{"address":"","progress_loop":{"progress_with_timeout":{"num":873,"min":0.000000000.0,"max":0.104008436,"avg":0.102882826,"var":0.097482520,"sum":89.816707134},"progress_timeout_value_msec":{"num":873,"min":100.000000000.0,"max":100.000000000.0,"avg":100.000000000.0,"var":0.000000000.0,"sum":87300.000000000.0},"progress_without_timeout":{"num":84296,"min":0.000000000.0,"max":0.000010252,"avg":0.000000110,"var":0.000000001,"sum":0.009312153},"trigger":{"num":42,"min":0.000000000.0,"max":0.000030041,"avg":0.000001425,"var":0.000000001,"sum":0.000059843}},"rpcs":{"65535:65535:14048217247822970879:0":{"rpc_id":-4398526825886580737,"provider_id":0,"parent_rpc_id":65535,"parent_provider_id":65535,"name":"get_file_data","origin":{"sent to ofi+cxi://0x23ed0000":{"iforward":{"duration":{"num":10,"min":0.000000715,"max":0.000033140,"avg":0.000004101,"var":0.000000001,"sum":0.000041008},"relative_timestamp_from_create":{"num":10,"min":0.000000000.0,"max":0.000004292,"avg":0.000000501,"var":0.000000000,"sum":0.000005007}},"forward_cb":{"duration":{"num":10,"min":0.000000000.0,"max":0.000000238,"avg":0.000000095,"var":0.000000000,"sum":0.000000954},"relative_timestamp_from_iforward_start":{"num":10,"min":0.000089645,"max":0.009878635,"avg":0.002379632,"var":0.000117154,"sum":0.023796320}},"iforward_wait":{"duration":{"num":10,"min":0.000089645,"max":0.009878397,"avg":0.002376533,"var":0.000117017,"sum":0.023765326},"relative_timestamp_from_iforward_end":{"num":10,"min":0.000000000.0,"max":0.000000238,"avg":0.000000048,"var":0.000000000,"sum":0.000000477}},"set_input":{"duration":{"num":10,"min":0.000000000.0,"max":0.000005484,"avg":0.000000763,"var":0.000000000,"sum":0.000007629},"relative_timestamp_from_iforward_start":{"num":10,"min":0.000000238,"max":0.000019789,"avg":0.000002408,"var":0.000000000,"sum":0.000024080}},"get_output":{"duration":{"num":10,"min":0.000000000.0,"max":0.000000238,"avg":0.000000119,"var":0.000000000,"sum":0.000001192},"relative_timestamp_from_wait_end":{"num":10,"min":0.000000000.0,"max":0.000000238,"avg":0.000000143,"var":0.000000000,"sum":0.000001431}}}},"target":{"received from ofi+cxi://0x23ed0000":{"handler":{"duration":{"num":10,"min":0.000000238,"max":0.000008821,"avg":0.000001216,"var":0.000000000,"sum":0.000012159}},"ult":{"duration":{"num":10,"min":0.000088453,"max":0.009877205,"avg":0.002372146,"var":0.000116895,"sum":0.023721457},"relative_timestamp_from_handler_start":{"num":10,"min":0.000000477,"max":0.000015736,"avg":0.000002122,"var":0.000000000,"sum":0.000021219}},"irespond":{"duration":{"num":10,"min":0.000000477,"max":0.000001669,"avg":0.000000620,"var":0.000000000,"sum":0.000006199},"relative_timestamp_from_ult_start":{"num":10,"min":0.000086784,"max":0.009875536,"avg":0.002370119,"var":0.000116885,"sum":0.023701191}},"respond_cb":{"duration":{"num":10,"min":0.000000000.0,"max":0.000000238,"avg":0.000000119,"var":0.000000000,"sum":0.000001192},"relative_timestamp_from_irespond_start":{"num":10,"min":0.000000715,"max":0.000002384,"avg":0.000001049,"var":0.000000000,"sum":0.000010490}},"irespond_wait":{"duration":{"num":10,"min":0.000000715,"max":0.000001431,"avg":0.000001001,"var":0.000000000,"sum":0.000010014},"relative_timestamp_from_irespond_end":{"num":10,"min":0.000000000.0,"max":0.000000238,"avg":0.000000024,"var":0.000000000,"sum":0.000000238}},"set_output":{"duration":{"num":10,"min":0.000000000.0,"max":0.000000715,"avg":0.000000286,"var":0.000000000,"sum":0.000002861},"relative_timestamp_from_irespond_start":{"num":10,"min":0.000000000.0,"max":0.000000477,"avg":0.000000143,"var":0.000000000,"sum":0.000001431}},"get_input":{"duration":{"num":10,"min":0.000000000.0,"max":0.000001669,"avg":0.000000191,"var":0.000000000,"sum":0.000001907},"relative_timestamp_from_ult_start":{"num":10,"min":0.000000000.0,"max":0.000003099,"avg":0.000000525,"var":0.000000000,"sum":0.000005245}}}}},"14048217247822970879:0:14048217247822970879:0":{"rpc_id":-4398526825886580737,"provider_id":0,"parent_rpc_id":-4398526825886580737,"parent_provider_id":0,"name":"get_file_data","origin":{"sent to ofi+cxi://0x24016600":{"iforward":{"duration":{"num":10,"min":0.000007391,"max":0.000033855,"avg":0.000010467,"var":0.000000001,"sum":0.000104666},"relative_timestamp_from_create":{"num":10,"min":0.000000000.0,"max":0.000000477,"avg":0.000000119,"var":0.000000000,"sum":0.000001192}},"forward_cb":{"duration":{"num":10,"min":0.000000000.0,"max":0.000001192,"avg":0.000000262,"var":0.000000000,"sum":0.000002623},"relative_timestamp_from_iforward_start":{"num":10,"min":0.000080585,"max":0.009869099,"avg":0.002356076,"var":0.000116577,"sum":0.023560762}},"iforward_wait":{"duration":{"num":10,"min":0.000072956,"max":0.009861708,"avg":0.002346301,"var":0.000116488,"sum":0.023463011},"relative_timestamp_from_iforward_end":{"num":10,"min":0.000000000.0,"max":0.000000238,"avg":0.000000167,"var":0.000000000,"sum":0.000001669}},"set_input":{"duration":{"num":10,"min":0.000000000.0,"max":0.000000477,"avg":0.000000215,"var":0.000000000,"sum":0.000002146},"relative_timestamp_from_iforward_start":{"num":10,"min":0.000000238,"max":0.000001669,"avg":0.000000548,"var":0.000000000,"sum":0.000005484}},"get_output":{"duration":{"num":10,"min":0.000000000.0,"max":0.000001192,"avg":0.000000310,"var":0.000000000,"sum":0.000003099},"relative_timestamp_from_wait_end":{"num":10,"min":0.000000000.0,"max":0.000000477,"avg":0.000000119,"var":0.000000000,"sum":0.000001192}}}}},"65535:65535:8686831390660034559:65535":{"rpc_id":8686831390660034559,"provider_id":65535,"parent_rpc_id":65535,"parent_provider_id":65535,"name":"__shutdown__","target":{"received from ofi+cxi://0x23e70601":{"handler":{"duration":{"num":1,"min":0.000020027,"max":0.000020027,"avg":0.000020027,"var":0.000000000.0,"sum":0.000020027}},"ult":{"duration":{"num":1,"min":0.000018358,"max":0.000018358,"avg":0.000018358,"var":0.000000000.0,"sum":0.000018358},"relative_timestamp_from_handler_start":{"num":1,"min":0.000023365,"max":0.000023365,"avg":0.000023365,"var":0.000000000.0,"sum":0.000023365}},"irespond":{"duration":{"num":1,"min":0.000008345,"max":0.000008345,"avg":0.000008345,"var":0.000000000.0,"sum":0.000008345},"relative_timestamp_from_ult_start":{"num":1,"min":0.000001669,"max":0.000001669,"avg":0.000001669,"var":0.000000000.0,"sum":0.000001669}},"respond_cb":{"duration":{"num":1,"min":0.000000238,"max":0.000000238,"avg":0.000000238,"var":0.000000000.0,"sum":0.000000238},"relative_timestamp_from_irespond_start":{"num":1,"min":0.000014305,"max":0.000014305,"avg":0.000014305,"var":0.000000000.0,"sum":0.000014305}},"irespond_wait":{"duration":{"num":1,"min":0.000006676,"max":0.000006676,"avg":0.000006676,"var":0.000000000.0,"sum":0.000006676},"relative_timestamp_from_irespond_end":{"num":1,"min":0.000000000.0,"max":0.000000000.0,"avg":0.000000000.0,"var":0.000000000.0,"sum":0.000000000.0}},"set_output":{"duration":{"num":1,"min":0.000000954,"max":0.000000954,"avg":0.000000954,"var":0.000000000.0,"sum":0.000000954},"relative_timestamp_from_irespond_start":{"num":1,"min":0.000000477,"max":0.000000477,"avg":0.000000477,"var":0.000000000.0,"sum":0.000000477}},"get_input":{"duration":{"num":0,"min":0.000000000.0,"max":0.000000000.0,"avg":0.000000000.0,"var":0.000000000.0,"sum":0.000000000.0},"relative_timestamp_from_ult_start":{"num":0,"min":0.000000000.0,"max":0.000000000.0,"avg":0.000000000.0,"var":0.000000000.0,"sum":0.000000000.0}}}}}}}