{"address":"","progress_loop":{"progress_with_timeout":{"num":1155,"min":0.000000715,"max":0.104008675,"avg":0.103097597,"var":0.105671195,"sum":119.077724218},"progress_timeout_value_msec":{"num":1155,"min":100.000000000.0,"max":100.000000000.0,"avg":100.000000000.0,"var":0.000000000.0,"sum":115500.000000000.0},"progress_without_timeout":{"num":70674612,"min":0.000000000.0,"max":0.022775888,"avg":0.000000115,"var":0.004779005,"sum":8.126766443},"trigger":{"num":52,"min":0.000000477,"max":0.000043869,"avg":0.000002980,"var":0.000000002,"sum":0.000154972}},"rpcs":{"65535:65535:14048217247822970879:0":{"rpc_id":-4398526825886580737,"provider_id":0,"parent_rpc_id":65535,"parent_provider_id":65535,"name":"get_file_data","origin":{"sent to ofi+cxi://0x23eb0400":{"iforward":{"duration":{"num":10,"min":0.000002861,"max":0.000026226,"avg":0.000006056,"var":0.000000000,"sum":0.000060558},"relative_timestamp_from_create":{"num":10,"min":0.000000238,"max":0.000002861,"avg":0.000000620,"var":0.000000000,"sum":0.000006199}},"forward_cb":{"duration":{"num":10,"min":0.000000238,"max":0.000000477,"avg":0.000000334,"var":0.000000000,"sum":0.000003338},"relative_timestamp_from_iforward_start":{"num":10,"min":1.783813477,"max":2.215307951,"avg":2.050949144,"var":0.181503876,"sum":20.509491444}},"iforward_wait":{"duration":{"num":10,"min":1.784016609,"max":2.215536833,"avg":2.051165009,"var":0.181514550,"sum":20.511650085},"relative_timestamp_from_iforward_end":{"num":10,"min":0.000000000.0,"max":0.000000238,"avg":0.000000191,"var":0.000000000,"sum":0.000001907}},"set_input":{"duration":{"num":10,"min":0.000000238,"max":0.000004292,"avg":0.000000882,"var":0.000000000,"sum":0.000008821},"relative_timestamp_from_iforward_start":{"num":10,"min":0.000001907,"max":0.000015497,"avg":0.000004101,"var":0.000000000,"sum":0.000041008}},"get_output":{"duration":{"num":10,"min":0.022458076,"max":0.025409460,"avg":0.024541783,"var":0.000007876,"sum":0.245417833},"relative_timestamp_from_wait_end":{"num":10,"min":0.000000238,"max":0.000000715,"avg":0.000000405,"var":0.000000000,"sum":0.000004053}}}},"target":{"received from ofi+cxi://0x23eb0400":{"handler":{"duration":{"num":10,"min":0.000000715,"max":0.000006437,"avg":0.000001574,"var":0.000000000,"sum":0.000015736}},"ult":{"duration":{"num":10,"min":1.784008980,"max":2.215530157,"avg":2.051156306,"var":0.181524081,"sum":20.511563063},"relative_timestamp_from_handler_start":{"num":10,"min":0.000001431,"max":0.000013113,"avg":0.000002980,"var":0.000000000,"sum":0.000029802}},"irespond":{"duration":{"num":10,"min":0.024547338,"max":0.029937983,"avg":0.028589416,"var":0.000024766,"sum":0.285894156},"relative_timestamp_from_ult_start":{"num":10,"min":1.759251356,"max":2.185660362,"avg":2.022343564,"var":0.179402373,"sum":20.223435640}},"respond_cb":{"duration":{"num":10,"min":0.000000238,"max":0.000000477,"avg":0.000000286,"var":0.000000000,"sum":0.000002861},"relative_timestamp_from_irespond_start":{"num":10,"min":0.024549246,"max":0.029940367,"avg":0.028591800,"var":0.000024773,"sum":0.285917997}},"irespond_wait":{"duration":{"num":10,"min":0.000002861,"max":0.000004768,"avg":0.000003648,"var":0.000000000,"sum":0.000036478},"relative_timestamp_from_irespond_end":{"num":10,"min":0.000000238,"max":0.000000477,"avg":0.000000262,"var":0.000000000,"sum":0.000002623}},"set_output":{"duration":{"num":10,"min":0.023853064,"max":0.029220581,"avg":0.027870178,"var":0.000024514,"sum":0.278701782},"relative_timestamp_from_irespond_start":{"num":10,"min":0.000000477,"max":0.000001192,"avg":0.000000620,"var":0.000000000,"sum":0.000006199}},"get_input":{"duration":{"num":10,"min":0.000000238,"max":0.000001907,"avg":0.000000548,"var":0.000000000,"sum":0.000005484},"relative_timestamp_from_ult_start":{"num":10,"min":0.000000477,"max":0.000003815,"avg":0.000000954,"var":0.000000000,"sum":0.000009537}}}}},"14048217247822970879:0:14048217247822970879:0":{"rpc_id":-4398526825886580737,"provider_id":0,"parent_rpc_id":-4398526825886580737,"parent_provider_id":0,"name":"get_file_data","origin":{"sent to ofi+cxi://0x23eb6600":{"iforward":{"duration":{"num":10,"min":0.000014067,"max":0.000031948,"avg":0.000017571,"var":0.000000000,"sum":0.000175714},"relative_timestamp_from_create":{"num":10,"min":0.000000000.0,"max":0.000000238,"avg":0.000000215,"var":0.000000000,"sum":0.000002146}},"forward_cb":{"duration":{"num":10,"min":0.000000238,"max":0.000023842,"avg":0.000003004,"var":0.000000000,"sum":0.000030041},"relative_timestamp_from_iforward_start":{"num":10,"min":1.736191750,"max":2.156832457,"avg":1.994336128,"var":0.177016978,"sum":19.943361282}},"iforward_wait":{"duration":{"num":10,"min":1.736199856,"max":2.156820774,"avg":1.994323301,"var":0.177011192,"sum":19.943233013},"relative_timestamp_from_iforward_end":{"num":10,"min":0.000000000.0,"max":0.000000238,"avg":0.000000143,"var":0.000000000,"sum":0.000001431}},"set_input":{"duration":{"num":10,"min":0.000000238,"max":0.000000477,"avg":0.000000310,"var":0.000000000,"sum":0.000003099},"relative_timestamp_from_iforward_start":{"num":10,"min":0.000000477,"max":0.000001907,"avg":0.000000834,"var":0.000000000,"sum":0.000008345}},"get_output":{"duration":{"num":10,"min":0.023006201,"max":0.030255795,"avg":0.027952766,"var":0.000037233,"sum":0.279527664},"relative_timestamp_from_wait_end":{"num":10,"min":0.000000477,"max":0.000001192,"avg":0.000000739,"var":0.000000000,"sum":0.000007391}}}}},"65535:65535:8686831390660034559:65535":{"rpc_id":8686831390660034559,"provider_id":65535,"parent_rpc_id":65535,"parent_provider_id":65535,"name":"__shutdown__","target":{"received from ofi+cxi://0x23e70601":{"handler":{"duration":{"num":1,"min":0.000028610,"max":0.000028610,"avg":0.000028610,"var":0.000000000.0,"sum":0.000028610}},"ult":{"duration":{"num":1,"min":0.000017643,"max":0.000017643,"avg":0.000017643,"var":0.000000000.0,"sum":0.000017643},"relative_timestamp_from_handler_start":{"num":1,"min":0.000034094,"max":0.000034094,"avg":0.000034094,"var":0.000000000.0,"sum":0.000034094}},"irespond":{"duration":{"num":1,"min":0.000006914,"max":0.000006914,"avg":0.000006914,"var":0.000000000.0,"sum":0.000006914},"relative_timestamp_from_ult_start":{"num":1,"min":0.000001431,"max":0.000001431,"avg":0.000001431,"var":0.000000000.0,"sum":0.000001431}},"respond_cb":{"duration":{"num":1,"min":0.000000477,"max":0.000000477,"avg":0.000000477,"var":0.000000000.0,"sum":0.000000477},"relative_timestamp_from_irespond_start":{"num":1,"min":0.000012875,"max":0.000012875,"avg":0.000012875,"var":0.000000000.0,"sum":0.000012875}},"irespond_wait":{"duration":{"num":1,"min":0.000006676,"max":0.000006676,"avg":0.000006676,"var":0.000000000.0,"sum":0.000006676},"relative_timestamp_from_irespond_end":{"num":1,"min":0.000000000.0,"max":0.000000000.0,"avg":0.000000000.0,"var":0.000000000.0,"sum":0.000000000.0}},"set_output":{"duration":{"num":1,"min":0.000000954,"max":0.000000954,"avg":0.000000954,"var":0.000000000.0,"sum":0.000000954},"relative_timestamp_from_irespond_start":{"num":1,"min":0.000000715,"max":0.000000715,"avg":0.000000715,"var":0.000000000.0,"sum":0.000000715}},"get_input":{"duration":{"num":0,"min":0.000000000.0,"max":0.000000000.0,"avg":0.000000000.0,"var":0.000000000.0,"sum":0.000000000.0},"relative_timestamp_from_ult_start":{"num":0,"min":0.000000000.0,"max":0.000000000.0,"avg":0.000000000.0,"var":0.000000000.0,"sum":0.000000000.0}}}}}}}