{"address":"","progress_loop":{"progress_with_timeout":{"num":873,"min":0.000000000.0,"max":0.104010105,"avg":0.102858848,"var":0.099219577,"sum":89.795774698},"progress_timeout_value_msec":{"num":873,"min":100.000000000.0,"max":100.000000000.0,"avg":100.000000000.0,"var":0.000000000.0,"sum":87300.000000000.0},"progress_without_timeout":{"num":156274,"min":0.000000000.0,"max":0.000011206,"avg":0.000000111,"var":0.000000002,"sum":0.017400742},"trigger":{"num":42,"min":0.000000000.0,"max":0.000034571,"avg":0.000001521,"var":0.000000001,"sum":0.000063896}},"rpcs":{"65535:65535:14048217247822970879:0":{"rpc_id":-4398526825886580737,"provider_id":0,"parent_rpc_id":65535,"parent_provider_id":65535,"name":"get_file_data","origin":{"sent to ofi+cxi://0x23ef0000":{"iforward":{"duration":{"num":10,"min":0.000000715,"max":0.000032187,"avg":0.000004172,"var":0.000000001,"sum":0.000041723},"relative_timestamp_from_create":{"num":10,"min":0.000000000.0,"max":0.000004530,"avg":0.000000644,"var":0.000000000,"sum":0.000006437}},"forward_cb":{"duration":{"num":10,"min":0.000000000.0,"max":0.000000238,"avg":0.000000119,"var":0.000000000,"sum":0.000001192},"relative_timestamp_from_iforward_start":{"num":10,"min":0.000101805,"max":0.019951820,"avg":0.004388380,"var":0.000556999,"sum":0.043883801}},"iforward_wait":{"duration":{"num":10,"min":0.000101566,"max":0.019950867,"avg":0.004385281,"var":0.000556196,"sum":0.043852806},"relative_timestamp_from_iforward_end":{"num":10,"min":0.000000000.0,"max":0.000000238,"avg":0.000000048,"var":0.000000000,"sum":0.000000477}},"set_input":{"duration":{"num":10,"min":0.000000238,"max":0.000004768,"avg":0.000000834,"var":0.000000000,"sum":0.000008345},"relative_timestamp_from_iforward_start":{"num":10,"min":0.000000238,"max":0.000019789,"avg":0.000002432,"var":0.000000000,"sum":0.000024319}},"get_output":{"duration":{"num":10,"min":0.000000000.0,"max":0.000000238,"avg":0.000000072,"var":0.000000000,"sum":0.000000715},"relative_timestamp_from_wait_end":{"num":10,"min":0.000000000.0,"max":0.000000715,"avg":0.000000215,"var":0.000000000,"sum":0.000002146}}}},"target":{"received from ofi+cxi://0x23ef0000":{"handler":{"duration":{"num":10,"min":0.000000238,"max":0.000006676,"avg":0.000001049,"var":0.000000000,"sum":0.000010490}},"ult":{"duration":{"num":10,"min":0.000100136,"max":0.019946337,"avg":0.004380703,"var":0.000555282,"sum":0.043807030},"relative_timestamp_from_handler_start":{"num":10,"min":0.000000477,"max":0.000014782,"avg":0.000002146,"var":0.000000000,"sum":0.000021458}},"irespond":{"duration":{"num":10,"min":0.000000477,"max":0.000002623,"avg":0.000000882,"var":0.000000000,"sum":0.000008821},"relative_timestamp_from_ult_start":{"num":10,"min":0.000098467,"max":0.019944191,"avg":0.004378366,"var":0.000555158,"sum":0.043783665}},"respond_cb":{"duration":{"num":10,"min":0.000000000.0,"max":0.000000238,"avg":0.000000119,"var":0.000000000,"sum":0.000001192},"relative_timestamp_from_irespond_start":{"num":10,"min":0.000000954,"max":0.000003338,"avg":0.000001335,"var":0.000000000,"sum":0.000013351}},"irespond_wait":{"duration":{"num":10,"min":0.000000715,"max":0.000001907,"avg":0.000001049,"var":0.000000000,"sum":0.000010490},"relative_timestamp_from_irespond_end":{"num":10,"min":0.000000000.0,"max":0.000000238,"avg":0.000000072,"var":0.000000000,"sum":0.000000715}},"set_output":{"duration":{"num":10,"min":0.000000477,"max":0.000000715,"avg":0.000000501,"var":0.000000000,"sum":0.000005007},"relative_timestamp_from_irespond_start":{"num":10,"min":0.000000000.0,"max":0.000001192,"avg":0.000000215,"var":0.000000000,"sum":0.000002146}},"get_input":{"duration":{"num":10,"min":0.000000000.0,"max":0.000002146,"avg":0.000000405,"var":0.000000000,"sum":0.000004053},"relative_timestamp_from_ult_start":{"num":10,"min":0.000000000.0,"max":0.000003576,"avg":0.000000429,"var":0.000000000,"sum":0.000004292}}}}},"14048217247822970879:0:14048217247822970879:0":{"rpc_id":-4398526825886580737,"provider_id":0,"parent_rpc_id":-4398526825886580737,"parent_provider_id":0,"name":"get_file_data","origin":{"sent to ofi+cxi://0x23ef2400":{"iforward":{"duration":{"num":10,"min":0.000008106,"max":0.000038147,"avg":0.000011730,"var":0.000000001,"sum":0.000117302},"relative_timestamp_from_create":{"num":10,"min":0.000000000.0,"max":0.000000477,"avg":0.000000095,"var":0.000000000,"sum":0.000000954}},"forward_cb":{"duration":{"num":10,"min":0.000000000.0,"max":0.000001431,"avg":0.000000191,"var":0.000000000,"sum":0.000001907},"relative_timestamp_from_iforward_start":{"num":10,"min":0.000092030,"max":0.019933462,"avg":0.004359055,"var":0.000551611,"sum":0.043590546}},"iforward_wait":{"duration":{"num":10,"min":0.000084162,"max":0.019924402,"avg":0.004348159,"var":0.000550914,"sum":0.043481588},"relative_timestamp_from_iforward_end":{"num":10,"min":0.000000000.0,"max":0.000000238,"avg":0.000000191,"var":0.000000000,"sum":0.000001907}},"set_input":{"duration":{"num":10,"min":0.000000000.0,"max":0.000000477,"avg":0.000000381,"var":0.000000000,"sum":0.000003815},"relative_timestamp_from_iforward_start":{"num":10,"min":0.000000477,"max":0.000002384,"avg":0.000000715,"var":0.000000000,"sum":0.000007153}},"get_output":{"duration":{"num":10,"min":0.000000000.0,"max":0.000001669,"avg":0.000000310,"var":0.000000000,"sum":0.000003099},"relative_timestamp_from_wait_end":{"num":10,"min":0.000000000.0,"max":0.000000477,"avg":0.000000119,"var":0.000000000,"sum":0.000001192}}}}},"65535:65535:8686831390660034559:65535":{"rpc_id":8686831390660034559,"provider_id":65535,"parent_rpc_id":65535,"parent_provider_id":65535,"name":"__shutdown__","target":{"received from ofi+cxi://0x23e70601":{"handler":{"duration":{"num":1,"min":0.000022888,"max":0.000022888,"avg":0.000022888,"var":0.000000000.0,"sum":0.000022888}},"ult":{"duration":{"num":1,"min":0.000017405,"max":0.000017405,"avg":0.000017405,"var":0.000000000.0,"sum":0.000017405},"relative_timestamp_from_handler_start":{"num":1,"min":0.000027657,"max":0.000027657,"avg":0.000027657,"var":0.000000000.0,"sum":0.000027657}},"irespond":{"duration":{"num":1,"min":0.000007391,"max":0.000007391,"avg":0.000007391,"var":0.000000000.0,"sum":0.000007391},"relative_timestamp_from_ult_start":{"num":1,"min":0.000001192,"max":0.000001192,"avg":0.000001192,"var":0.000000000.0,"sum":0.000001192}},"respond_cb":{"duration":{"num":1,"min":0.000000954,"max":0.000000954,"avg":0.000000954,"var":0.000000000.0,"sum":0.000000954},"relative_timestamp_from_irespond_start":{"num":1,"min":0.000013113,"max":0.000013113,"avg":0.000013113,"var":0.000000000.0,"sum":0.000013113}},"irespond_wait":{"duration":{"num":1,"min":0.000006914,"max":0.000006914,"avg":0.000006914,"var":0.000000000.0,"sum":0.000006914},"relative_timestamp_from_irespond_end":{"num":1,"min":0.000000238,"max":0.000000238,"avg":0.000000238,"var":0.000000000.0,"sum":0.000000238}},"set_output":{"duration":{"num":1,"min":0.000000954,"max":0.000000954,"avg":0.000000954,"var":0.000000000.0,"sum":0.000000954},"relative_timestamp_from_irespond_start":{"num":1,"min":0.000000715,"max":0.000000715,"avg":0.000000715,"var":0.000000000.0,"sum":0.000000715}},"get_input":{"duration":{"num":0,"min":0.000000000.0,"max":0.000000000.0,"avg":0.000000000.0,"var":0.000000000.0,"sum":0.000000000.0},"relative_timestamp_from_ult_start":{"num":0,"min":0.000000000.0,"max":0.000000000.0,"avg":0.000000000.0,"var":0.000000000.0,"sum":0.000000000.0}}}}}}}