{"address":"","progress_loop":{"progress_with_timeout":{"num":873,"min":0.000000477,"max":0.104013205,"avg":0.102900378,"var":0.096543104,"sum":89.832030058},"progress_timeout_value_msec":{"num":873,"min":100.000000000.0,"max":100.000000000.0,"avg":100.000000000.0,"var":0.000000000.0,"sum":87300.000000000.0},"progress_without_timeout":{"num":15864,"min":0.000000000.0,"max":0.000019789,"avg":0.000000115,"var":0.000000001,"sum":0.001827478},"trigger":{"num":102,"min":0.000000000.0,"max":0.001846313,"avg":0.000018758,"var":0.000003373,"sum":0.001913309}},"rpcs":{"65535:65535:14048217247822970879:0":{"rpc_id":-4398526825886580737,"provider_id":0,"parent_rpc_id":65535,"parent_provider_id":65535,"name":"get_file_data","origin":{"sent to ofi+cxi://0x24016600":{"iforward":{"duration":{"num":10,"min":0.000000715,"max":0.000032663,"avg":0.000004244,"var":0.000000001,"sum":0.000042439},"relative_timestamp_from_create":{"num":10,"min":0.000000000.0,"max":0.000004053,"avg":0.000000501,"var":0.000000000,"sum":0.000005007}},"forward_cb":{"duration":{"num":10,"min":0.000000000.0,"max":0.000000477,"avg":0.000000143,"var":0.000000000,"sum":0.000001431},"relative_timestamp_from_iforward_start":{"num":10,"min":0.000056744,"max":0.002547741,"avg":0.000658274,"var":0.000008200,"sum":0.006582737}},"iforward_wait":{"duration":{"num":10,"min":0.000056505,"max":0.002548456,"avg":0.000656796,"var":0.000008160,"sum":0.006567955},"relative_timestamp_from_iforward_end":{"num":10,"min":0.000000000.0,"max":0.000000238,"avg":0.000000095,"var":0.000000000,"sum":0.000000954}},"set_input":{"duration":{"num":10,"min":0.000000238,"max":0.000005007,"avg":0.000000882,"var":0.000000000,"sum":0.000008821},"relative_timestamp_from_iforward_start":{"num":10,"min":0.000000238,"max":0.000019550,"avg":0.000002456,"var":0.000000000,"sum":0.000024557}},"get_output":{"duration":{"num":10,"min":0.000000000.0,"max":0.000000715,"avg":0.000000238,"var":0.000000000,"sum":0.000002384},"relative_timestamp_from_wait_end":{"num":10,"min":0.000000000.0,"max":0.000000238,"avg":0.000000119,"var":0.000000000,"sum":0.000001192}}}},"target":{"received from ofi+cxi://0x24016600":{"handler":{"duration":{"num":10,"min":0.000000238,"max":0.000007153,"avg":0.000001121,"var":0.000000000,"sum":0.000011206}},"ult":{"duration":{"num":10,"min":0.000055552,"max":0.002547026,"avg":0.000650048,"var":0.000008078,"sum":0.006500483},"relative_timestamp_from_handler_start":{"num":10,"min":0.000000477,"max":0.000015497,"avg":0.000002384,"var":0.000000000,"sum":0.000023842}},"irespond":{"duration":{"num":10,"min":0.000000477,"max":0.000002384,"avg":0.000000906,"var":0.000000000,"sum":0.000009060},"relative_timestamp_from_ult_start":{"num":10,"min":0.000053167,"max":0.002537251,"avg":0.000646782,"var":0.000008039,"sum":0.006467819}},"respond_cb":{"duration":{"num":10,"min":0.000000000.0,"max":0.000000477,"avg":0.000000143,"var":0.000000000,"sum":0.000001431},"relative_timestamp_from_irespond_start":{"num":10,"min":0.000000954,"max":0.000007629,"avg":0.000002074,"var":0.000000000,"sum":0.000020742}},"irespond_wait":{"duration":{"num":10,"min":0.000000954,"max":0.000007629,"avg":0.000001907,"var":0.000000000,"sum":0.000019073},"relative_timestamp_from_irespond_end":{"num":10,"min":0.000000000.0,"max":0.000000238,"avg":0.000000072,"var":0.000000000,"sum":0.000000715}},"set_output":{"duration":{"num":10,"min":0.000000238,"max":0.000000954,"avg":0.000000501,"var":0.000000000,"sum":0.000005007},"relative_timestamp_from_irespond_start":{"num":10,"min":0.000000000.0,"max":0.000000715,"avg":0.000000191,"var":0.000000000,"sum":0.000001907}},"get_input":{"duration":{"num":10,"min":0.000000000.0,"max":0.000002384,"avg":0.000000381,"var":0.000000000,"sum":0.000003815},"relative_timestamp_from_ult_start":{"num":10,"min":0.000000000.0,"max":0.000003099,"avg":0.000000453,"var":0.000000000,"sum":0.000004530}}}}},"14048217247822970879:0:14048217247822970879:0":{"rpc_id":-4398526825886580737,"provider_id":0,"parent_rpc_id":-4398526825886580737,"parent_provider_id":0,"name":"get_file_data","origin":{"sent to ofi+cxi://0x23e90400":{"iforward":{"duration":{"num":30,"min":0.000001431,"max":0.000038147,"avg":0.000008639,"var":0.000000001,"sum":0.000259161},"relative_timestamp_from_create":{"num":30,"min":0.000000000.0,"max":0.000000477,"avg":0.000000095,"var":0.000000000,"sum":0.000002861}},"forward_cb":{"duration":{"num":30,"min":0.000000000.0,"max":0.000001192,"avg":0.000000151,"var":0.000000000,"sum":0.000004530},"relative_timestamp_from_iforward_start":{"num":30,"min":0.000037670,"max":0.002524853,"avg":0.000428470,"var":0.000017236,"sum":0.012854099}},"iforward_wait":{"duration":{"num":30,"min":0.000036001,"max":0.002519369,"avg":0.000421294,"var":0.000017235,"sum":0.012638807},"relative_timestamp_from_iforward_end":{"num":30,"min":0.000000000.0,"max":0.000000477,"avg":0.000000175,"var":0.000000000,"sum":0.000005245}},"set_input":{"duration":{"num":30,"min":0.000000000.0,"max":0.000000715,"avg":0.000000350,"var":0.000000000,"sum":0.000010490},"relative_timestamp_from_iforward_start":{"num":30,"min":0.000000238,"max":0.000002623,"avg":0.000000596,"var":0.000000000,"sum":0.000017881}},"get_output":{"duration":{"num":30,"min":0.000000000.0,"max":0.000001431,"avg":0.000000230,"var":0.000000000,"sum":0.000006914},"relative_timestamp_from_wait_end":{"num":30,"min":0.000000000.0,"max":0.000000715,"avg":0.000000167,"var":0.000000000,"sum":0.000005007}}}},"target":{"received from ofi+cxi://0x23ef6200":{"handler":{"duration":{"num":10,"min":0.000000238,"max":0.000003338,"avg":0.000000763,"var":0.000000000,"sum":0.000007629}},"ult":{"duration":{"num":10,"min":0.000073195,"max":0.002525568,"avg":0.000775719,"var":0.000007728,"sum":0.007757187},"relative_timestamp_from_handler_start":{"num":10,"min":0.000000477,"max":0.000014544,"avg":0.000005054,"var":0.000000000,"sum":0.000050545}},"irespond":{"duration":{"num":10,"min":0.000000477,"max":0.000009775,"avg":0.000002408,"var":0.000000000,"sum":0.000024080},"relative_timestamp_from_ult_start":{"num":10,"min":0.000063896,"max":0.002489328,"avg":0.000619769,"var":0.000007372,"sum":0.006197691}},"respond_cb":{"duration":{"num":10,"min":0.000000000.0,"max":0.000000238,"avg":0.000000191,"var":0.000000000,"sum":0.000001907},"relative_timestamp_from_irespond_start":{"num":10,"min":0.000008583,"max":0.001364470,"avg":0.000148726,"var":0.000001643,"sum":0.001487255}},"irespond_wait":{"duration":{"num":10,"min":0.000008106,"max":0.001394749,"avg":0.000153208,"var":0.000001714,"sum":0.001532078},"relative_timestamp_from_irespond_end":{"num":10,"min":0.000000000.0,"max":0.000000238,"avg":0.000000143,"var":0.000000000,"sum":0.000001431}},"set_output":{"duration":{"num":10,"min":0.000000000.0,"max":0.000000715,"avg":0.000000262,"var":0.000000000,"sum":0.000002623},"relative_timestamp_from_irespond_start":{"num":10,"min":0.000000000.0,"max":0.000000477,"avg":0.000000095,"var":0.000000000,"sum":0.000000954}},"get_input":{"duration":{"num":10,"min":0.000000000.0,"max":0.000000477,"avg":0.000000119,"var":0.000000000,"sum":0.000001192},"relative_timestamp_from_ult_start":{"num":10,"min":0.000000000.0,"max":0.000000477,"avg":0.000000215,"var":0.000000000,"sum":0.000002146}}},"received from ofi+cxi://0x23ed0000":{"handler":{"duration":{"num":10,"min":0.000000238,"max":0.001844883,"avg":0.000184917,"var":0.000003062,"sum":0.001849174}},"ult":{"duration":{"num":10,"min":0.000051022,"max":0.001475573,"avg":0.000208282,"var":0.000001788,"sum":0.002082825},"relative_timestamp_from_handler_start":{"num":10,"min":0.000000477,"max":0.001846790,"avg":0.000186944,"var":0.000003061,"sum":0.001869440}},"irespond":{"duration":{"num":10,"min":0.000000477,"max":0.000008106,"avg":0.000001955,"var":0.000000000,"sum":0.000019550},"relative_timestamp_from_ult_start":{"num":10,"min":0.000042200,"max":0.000089169,"avg":0.000057888,"var":0.000000002,"sum":0.000578880}},"respond_cb":{"duration":{"num":10,"min":0.000000000.0,"max":0.000000238,