{"address":"","progress_loop":{"progress_with_timeout":{"num":1055,"min":0.031644821,"max":0.105719566,"avg":0.103924103,"var":0.005263563,"sum":109.639928579},"progress_timeout_value_msec":{"num":1055,"min":100.000000000.0,"max":100.000000000.0,"avg":100.000000000.0,"var":0.000000000.0,"sum":105500.000000000.0},"progress_without_timeout":{"num":646818,"min":0.000000000.0,"max":0.000250578,"avg":0.000000119,"var":0.000000618,"sum":0.077003479},"trigger":{"num":132,"min":0.000000238,"max":0.001849890,"avg":0.000015315,"var":0.000003392,"sum":0.002021551}},"rpcs":{"65535:65535:14048217247822970879:0":{"rpc_id":-4398526825886580737,"provider_id":0,"parent_rpc_id":65535,"parent_provider_id":65535,"name":"get_file_data","origin":{"sent to ofi+cxi://0x23ef2000":{"iforward":{"duration":{"num":10,"min":0.000001192,"max":0.000034571,"avg":0.000004864,"var":0.000000001,"sum":0.000048637},"relative_timestamp_from_create":{"num":10,"min":0.000000000.0,"max":0.000004768,"avg":0.000000644,"var":0.000000000,"sum":0.000006437}},"forward_cb":{"duration":{"num":10,"min":0.000000238,"max":0.000000477,"avg":0.000000286,"var":0.000000000,"sum":0.000002861},"relative_timestamp_from_iforward_start":{"num":10,"min":0.014697790,"max":0.029467344,"avg":0.019143319,"var":0.000243417,"sum":0.191433191}},"iforward_wait":{"duration":{"num":10,"min":0.014698029,"max":0.029467583,"avg":0.019143915,"var":0.000243441,"sum":0.191439152},"relative_timestamp_from_iforward_end":{"num":10,"min":0.000000000.0,"max":0.000000238,"avg":0.000000048,"var":0.000000000,"sum":0.000000477}},"set_input":{"duration":{"num":10,"min":0.000000238,"max":0.000004530,"avg":0.000000811,"var":0.000000000,"sum":0.000008106},"relative_timestamp_from_iforward_start":{"num":10,"min":0.000000715,"max":0.000022173,"avg":0.000003076,"var":0.000000000,"sum":0.000030756}},"get_output":{"duration":{"num":10,"min":0.000021219,"max":0.000167370,"avg":0.000037074,"var":0.000000019,"sum":0.000370741},"relative_timestamp_from_wait_end":{"num":10,"min":0.000000238,"max":0.000000477,"avg":0.000000381,"var":0.000000000,"sum":0.000003815}}}},"target":{"received from ofi+cxi://0x23ef2000":{"handler":{"duration":{"num":10,"min":0.000000238,"max":0.000006914,"avg":0.000001216,"var":0.000000000,"sum":0.000012159}},"ult":{"duration":{"num":10,"min":0.014695883,"max":0.029460192,"avg":0.019138122,"var":0.000243074,"sum":0.191381216},"relative_timestamp_from_handler_start":{"num":10,"min":0.000000715,"max":0.000015497,"avg":0.000002670,"var":0.000000000,"sum":0.000026703}},"irespond":{"duration":{"num":10,"min":0.000174522,"max":0.000279665,"avg":0.000258589,"var":0.000000015,"sum":0.002585888},"relative_timestamp_from_ult_start":{"num":10,"min":0.014413834,"max":0.029177666,"avg":0.018854809,"var":0.000241155,"sum":0.188548088}},"respond_cb":{"duration":{"num":10,"min":0.000000000.0,"max":0.000000238,"avg":0.000000095,"var":0.000000000,"sum":0.000000954},"relative_timestamp_from_irespond_start":{"num":10,"min":0.000175238,"max":0.000462532,"avg":0.000278258,"var":0.000000052,"sum":0.002782583}},"irespond_wait":{"duration":{"num":10,"min":0.000001431,"max":0.000189543,"avg":0.000020552,"var":0.000000032,"sum":0.000205517},"relative_timestamp_from_irespond_end":{"num":10,"min":0.000000000.0,"max":0.000000238,"avg":0.000000143,"var":0.000000000,"sum":0.000001431}},"set_output":{"duration":{"num":10,"min":0.000154018,"max":0.000258446,"avg":0.000236249,"var":0.000000014,"sum":0.002362490},"relative_timestamp_from_irespond_start":{"num":10,"min":0.000000000.0,"max":0.000001192,"avg":0.000000334,"var":0.000000000,"sum":0.000003338}},"get_input":{"duration":{"num":10,"min":0.000000238,"max":0.000002146,"avg":0.000000453,"var":0.000000000,"sum":0.000004530},"relative_timestamp_from_ult_start":{"num":10,"min":0.000000000.0,"max":0.000003576,"avg":0.000000501,"var":0.000000000,"sum":0.000005007}}}}},"14048217247822970879:0:14048217247822970879:0":{"rpc_id":-4398526825886580737,"provider_id":0,"parent_rpc_id":-4398526825886580737,"parent_provider_id":0,"name":"get_file_data","origin":{"sent to ofi+cxi://0x23eb4600":{"iforward":{"duration":{"num":30,"min":0.000002146,"max":0.000074625,"avg":0.000021505,"var":0.000000009,"sum":0.000645161},"relative_timestamp_from_create":{"num":30,"min":0.000000000.0,"max":0.000000477,"avg":0.000000135,"var":0.000000000,"sum":0.000004053}},"forward_cb":{"duration":{"num":30,"min":0.000000238,"max":0.000001907,"avg":0.000000421,"var":0.000000000,"sum":0.000012636},"relative_timestamp_from_iforward_start":{"num":30,"min":0.013812065,"max":0.028967381,"avg":0.018726786,"var":0.000633178,"sum":0.561803579}},"iforward_wait":{"duration":{"num":30,"min":0.013810635,"max":0.028957129,"avg":0.018706870,"var":0.000633570,"sum":0.561206102},"relative_timestamp_from_iforward_end":{"num":30,"min":0.000000000.0,"max":0.000000477,"avg":0.000000207,"var":0.000000000,"sum":0.000006199}},"set_input":{"duration":{"num":30,"min":0.000000000.0,"max":0.000000715,"avg":0.000000405,"var":0.000000000,"sum":0.000012159},"relative_timestamp_from_iforward_start":{"num":30,"min":0.000000238,"max":0.000002384,"avg":0.000000747,"var":0.000000000,"sum":0.000022411}},"get_output":{"duration":{"num":30,"min":0.000028133,"max":0.000275135,"avg":0.000071915,"var":0.000000185,"sum":0.002157450},"relative_timestamp_from_wait_end":{"num":30,"min":0.000000238,"max":0.000000715,"avg":0.000000350,"var":0.000000000,"sum":0.000010490}}}},"target":{"received from ofi+cxi://0x23eb2400":{"handler":{"duration":{"num":10,"min":0.000001192,"max":0.000002146,"avg":0.000001645,"var":0.000000000,"sum":0.000016451}},"ult":{"duration":{"num":10,"min":0.014509201,"max":0.028839350,"avg":0.019114161,"var":0.000209797,"sum":0.191141605},"relative_timestamp_from_handler_start":{"num":10,"min":0.000001669,"max":0.001854181,"avg":0.000187325,"var":0.000003087,"sum":0.001873255}},"irespond":{"duration":{"num":10,"min":0.000185251,"max":0.000293255,"avg":0.000275564,"var":0.000000009,"sum":0.002755642},"relative_timestamp_from_ult_start":{"num":10,"min":0.014141560,"max":0.028484583,"avg":0.018720651,"var":0.000205518,"sum":0.187206507}},"respond_cb":{"duration":{"num":10,"min":0.000000000.0,"max":0.000000238,"avg":0.000000167,"var":0.000000000,"sum":0.000001669},"relative_timestamp_from_irespond_start":{"num":10,"min":0.000254631,"max":0.000609636,"avg":0.000392151,"var":0.000000110,"sum":0.003921509}},"irespond_wait":{"duration":{"num":10,"min":0.000064850,"max":0.000320673,"avg":0.000116563,"var":0.000000092,"sum":0.001165628},"relative_timestamp_from_irespond_end":{"num":10,"min":0.000000238,"max":0.000000715,"avg":0.000000548,"var":0.000000000,"sum":0.000005484}},"set_output":{"duration":{"num":10,"min":0.000161171,"max":0.000265598,"avg":0.000249124,"var":0.000000009,"sum":0.002491236},"relative_timestamp_from_irespond_start":{"num":10,"min":0.000000238,"max":0.000000477,"avg":0.000000262,"var":0.000000000,"sum":0.000002623}},"get_input":{"duration":{"num":10,"min":0.000000238,"max":0.000000477,"avg":0.000000405,"var":0.000000000,"sum":0.000004053},"relative_timestamp_from_ult_start":{"num":10,"min":0.000000238,"max":0.000001907,"avg":0.000000429,"var":0.000000000,"sum":0.000004292}}},"received from ofi+cxi://0x23ef0400":{"handler":{"duration":{"num":10,"min":0.000000715,"max":0.001848936,"avg":0.000185657,"var":0.000003074,"sum":0.001856565}},"ult":{"duration":{"num":10,"min":0.014202118,"max":0.028791666,"avg":0.019267607,"var":0.000206144,"sum":0.192676067},"relative_timestamp_from_handler_start":{"num":10,"min":0.000000954,"max":0.001911879,"avg":0.000192261,"var":0.000003286,"sum":0.001922607}},"irespond":{"duration":{"num":10,"min":0.000177860,"max":0.000320435,"avg":0.000276160,"var":0.000000013,"sum":0.002761602},"relative_timestamp_from_ult_start":{"num":10,"min":0.013852835,"max":0.028453112,"avg":0.018880606,"var":0.000202308,"sum":0.188806057}},"respond_cb":{"duration":{"num":10,"min":0.000000000.0,"max":0.000000238,"avg":0.000000119,"var":0.000000000,