{"address":"","progress_loop":{"progress_with_timeout":{"num":873,"min":0.000000000.0,"max":0.104007244,"avg":0.102893180,"var":0.096879411,"sum":89.825746298},"progress_timeout_value_msec":{"num":873,"min":100.000000000.0,"max":100.000000000.0,"avg":100.000000000.0,"var":0.000000000.0,"sum":87300.000000000.0},"progress_without_timeout":{"num":4265,"min":0.000000000.0,"max":0.000010967,"avg":0.000000115,"var":0.000000000,"sum":0.000491858},"trigger":{"num":42,"min":0.000000000.0,"max":0.000011206,"avg":0.000000846,"var":0.000000000,"sum":0.000035524}},"rpcs":{"65535:65535:14048217247822970879:0":{"rpc_id":-4398526825886580737,"provider_id":0,"parent_rpc_id":65535,"parent_provider_id":65535,"name":"get_file_data","origin":{"sent to ofi+cxi://0x23ef6200":{"iforward":{"duration":{"num":10,"min":0.000000715,"max":0.000027180,"avg":0.000003552,"var":0.000000001,"sum":0.000035524},"relative_timestamp_from_create":{"num":10,"min":0.000000000.0,"max":0.000003576,"avg":0.000000501,"var":0.000000000,"sum":0.000005007}},"forward_cb":{"duration":{"num":10,"min":0.000000000.0,"max":0.000000238,"avg":0.000000048,"var":0.000000000,"sum":0.000000477},"relative_timestamp_from_iforward_start":{"num":10,"min":0.000081062,"max":0.000561953,"avg":0.000158548,"var":0.000000212,"sum":0.001585484}},"iforward_wait":{"duration":{"num":10,"min":0.000080824,"max":0.000561714,"avg":0.000156021,"var":0.000000207,"sum":0.001560211},"relative_timestamp_from_iforward_end":{"num":10,"min":0.000000000.0,"max":0.000000238,"avg":0.000000024,"var":0.000000000,"sum":0.000000238}},"set_input":{"duration":{"num":10,"min":0.000000238,"max":0.000004292,"avg":0.000000739,"var":0.000000000,"sum":0.000007391},"relative_timestamp_from_iforward_start":{"num":10,"min":0.000000238,"max":0.000016451,"avg":0.000002027,"var":0.000000000,"sum":0.000020266}},"get_output":{"duration":{"num":10,"min":0.000000238,"max":0.000000715,"avg":0.000000310,"var":0.000000000,"sum":0.000003099},"relative_timestamp_from_wait_end":{"num":10,"min":0.000000000.0,"max":0.000000238,"avg":0.000000095,"var":0.000000000,"sum":0.000000954}}}},"target":{"received from ofi+cxi://0x23ef6200":{"handler":{"duration":{"num":10,"min":0.000000238,"max":0.000006676,"avg":0.000001025,"var":0.000000000,"sum":0.000010252}},"ult":{"duration":{"num":10,"min":0.000079870,"max":0.000560284,"avg":0.000151920,"var":0.000000203,"sum":0.001519203},"relative_timestamp_from_handler_start":{"num":10,"min":0.000000477,"max":0.000013351,"avg":0.000001955,"var":0.000000000,"sum":0.000019550}},"irespond":{"duration":{"num":10,"min":0.000000954,"max":0.000002384,"avg":0.000001097,"var":0.000000000,"sum":0.000010967},"relative_timestamp_from_ult_start":{"num":10,"min":0.000077486,"max":0.000558138,"avg":0.000149322,"var":0.000000202,"sum":0.001493216}},"respond_cb":{"duration":{"num":10,"min":0.000000000.0,"max":0.000000238,"avg":0.000000119,"var":0.000000000,"sum":0.000001192},"relative_timestamp_from_irespond_start":{"num":10,"min":0.000001192,"max":0.000003576,"avg":0.000001574,"var":0.000000000,"sum":0.000015736}},"irespond_wait":{"duration":{"num":10,"min":0.000000715,"max":0.000001907,"avg":0.000001073,"var":0.000000000,"sum":0.000010729},"relative_timestamp_from_irespond_end":{"num":10,"min":0.000000000.0,"max":0.000000477,"avg":0.000000072,"var":0.000000000,"sum":0.000000715}},"set_output":{"duration":{"num":10,"min":0.000000477,"max":0.000001192,"avg":0.000000715,"var":0.000000000,"sum":0.000007153},"relative_timestamp_from_irespond_start":{"num":10,"min":0.000000000.0,"max":0.000000715,"avg":0.000000167,"var":0.000000000,"sum":0.000001669}},"get_input":{"duration":{"num":10,"min":0.000000000.0,"max":0.000002146,"avg":0.000000381,"var":0.000000000,"sum":0.000003815},"relative_timestamp_from_ult_start":{"num":10,"min":0.000000000.0,"max":0.000002623,"avg":0.000000381,"var":0.000000000,"sum":0.000003815}}}}},"14048217247822970879:0:14048217247822970879:0":{"rpc_id":-4398526825886580737,"provider_id":0,"parent_rpc_id":-4398526825886580737,"parent_provider_id":0,"name":"get_file_data","origin":{"sent to ofi+cxi://0x24016600":{"iforward":{"duration":{"num":10,"min":0.000007153,"max":0.000035524,"avg":0.000011086,"var":0.000000001,"sum":0.000110865},"relative_timestamp_from_create":{"num":10,"min":0.000000000.0,"max":0.000000477,"avg":0.000000119,"var":0.000000000,"sum":0.000001192}},"forward_cb":{"duration":{"num":10,"min":0.000000000.0,"max":0.000001192,"avg":0.000000191,"var":0.000000000,"sum":0.000001907},"relative_timestamp_from_iforward_start":{"num":10,"min":0.000070810,"max":0.000551701,"avg":0.000132585,"var":0.000000197,"sum":0.001325846}},"iforward_wait":{"duration":{"num":10,"min":0.000062466,"max":0.000542402,"avg":0.000122094,"var":0.000000197,"sum":0.001220942},"relative_timestamp_from_iforward_end":{"num":10,"min":0.000000000.0,"max":0.000000238,"avg":0.000000191,"var":0.000000000,"sum":0.000001907}},"set_input":{"duration":{"num":10,"min":0.000000238,"max":0.000000477,"avg":0.000000286,"var":0.000000000,"sum":0.000002861},"relative_timestamp_from_iforward_start":{"num":10,"min":0.000000238,"max":0.000002146,"avg":0.000000572,"var":0.000000000,"sum":0.000005722}},"get_output":{"duration":{"num":10,"min":0.000000238,"max":0.000003576,"avg":0.000000882,"var":0.000000000,"sum":0.000008821},"relative_timestamp_from_wait_end":{"num":10,"min":0.000000000.0,"max":0.000000715,"avg":0.000000191,"var":0.000000000,"sum":0.000001907}}}}},"65535:65535:8686831390660034559:65535":{"rpc_id":8686831390660034559,"provider_id":65535,"parent_rpc_id":65535,"parent_provider_id":65535,"name":"__shutdown__","target":{"received from ofi+cxi://0x23e70601":{"handler":{"duration":{"num":1,"min":0.000007153,"max":0.000007153,"avg":0.000007153,"var":0.000000000.0,"sum":0.000007153}},"ult":{"duration":{"num":1,"min":0.000009537,"max":0.000009537,"avg":0.000009537,"var":0.000000000.0,"sum":0.000009537},"relative_timestamp_from_handler_start":{"num":1,"min":0.000008345,"max":0.000008345,"avg":0.000008345,"var":0.000000000.0,"sum":0.000008345}},"irespond":{"duration":{"num":1,"min":0.000002384,"max":0.000002384,"avg":0.000002384,"var":0.000000000.0,"sum":0.000002384},"relative_timestamp_from_ult_start":{"num":1,"min":0.000000238,"max":0.000000238,"avg":0.000000238,"var":0.000000000.0,"sum":0.000000238}},"respond_cb":{"duration":{"num":1,"min":0.000000238,"max":0.000000238,"avg":0.000000238,"var":0.000000000.0,"sum":0.000000238},"relative_timestamp_from_irespond_start":{"num":1,"min":0.000007153,"max":0.000007153,"avg":0.000007153,"var":0.000000000.0,"sum":0.000007153}},"irespond_wait":{"duration":{"num":1,"min":0.000005007,"max":0.000005007,"avg":0.000005007,"var":0.000000000.0,"sum":0.000005007},"relative_timestamp_from_irespond_end":{"num":1,"min":0.000000238,"max":0.000000238,"avg":0.000000238,"var":0.000000000.0,"sum":0.000000238}},"set_output":{"duration":{"num":1,"min":0.000000000.0,"max":0.000000000.0,"avg":0.000000000.0,"var":0.000000000.0,"sum":0.000000000.0},"relative_timestamp_from_irespond_start":{"num":1,"min":0.000000238,"max":0.000000238,"avg":0.000000238,"var":0.000000000.0,"sum":0.000000238}},"get_input":{"duration":{"num":0,"min":0.000000000.0,"max":0.000000000.0,"avg":0.000000000.0,"var":0.000000000.0,"sum":0.000000000.0},"relative_timestamp_from_ult_start":{"num":0,"min":0.000000000.0,"max":0.000000000.0,"avg":0.000000000.0,"var":0.000000000.0,"sum":0.000000000.0}}}}}}}