{"address":"","rpcs":{"get_file_data:0":{"timestamps":[1717914326.042429686,1717914327.102095366,1717914328.142093420,1717914329.182094336,1717914330.222095490,1717914331.262097597,1717914332.302094698,1717914333.342093468,1717914334.382095575,1717914335.422094345,1717914336.462094545,1717914337.502094507,1717914338.542093754,1717914339.582094669,1717914340.622098207,1717914341.662093878,1717914342.702095032,1717914343.738095045,1717914344.778093576,1717914345.818094015,1717914346.858095169,1717914347.898093700,1717914348.938093424,1717914349.978095055,1717914351.018095016,1717914352.058094263,1717914353.098093748,1717914354.138094664,1717914355.178093910,1717914356.218095064,1717914357.258093119,1717914358.298094511,1717914359.338094473,1717914360.378093958,1717914361.418095350,1717914362.458093882,1717914363.498094797,1717914364.538094521,1717914365.578094244,1717914366.618094206,1717914367.658093929,1717914368.698094368,1717914369.738093853,1717914370.778093815,1717914371.818094730,1717914372.858093977,1717914373.898095369,1717914374.938094378,1717914375.978093863,1717914377.018094540,1717914378.058095455,1717914379.098093748,1717914380.138095379,1717914381.178095341,1717914382.218094110,1717914383.258095503,1717914384.298093557,1717914385.338094473,1717914386.378094673,1717914387.418094873,1717914388.458094120,1717914389.498093367,1717914390.538094282,1717914391.578095675,1717914392.618093729,1717914393.658093929,1717914394.698093414,1717914395.738093138,1717914396.778094769,1717914397.818094730,1717914398.858093500,1717914399.898096323,1717914400.938095570,1717914401.978094578,1717914403.018093824,1717914404.058094263,1717914405.098093510,1717914406.138093948,1717914407.178095102,1717914408.218094826,1717914409.258094549,1717914410.298093796,1717914411.338094711,1717914412.378094435,1717914413.418094397,1717914414.458093643,1717914415.498094082,1717914416.538094044,1717914417.578095198,1717914418.618094921,1717914419.658093691,1717914420.698094368,1717914421.738094091,1717914422.778094769,1717914423.818093061,1717914424.858094454,1717914425.894094229,1717914426.934094191,1717914427.974094629,1717914429.014094114,1717914430.054095268,1717914431.094093800,1717914432.134094715,1717914433.174094439,1717914434.214094400,1717914435.254093885,1717914435.961483240],"count":[1,9,0,0,0,0,0,0,0,0,0,0,0,0,0,0,0,0,0,0,0,0,0,0,0,0,0,0,0,0,0,0,0,0,0,0,0,0,0,0,0,0,0,0,0,0,0,0,0,0,0,0,0,0,0,0,0,0,0,0,0,0,0,0,0,0,0,0,0,0,0,0,0,0,0,0,0,0,0,0,0,0,0,0,0,0,0,0,0,0,0,0,0,0,0,0,0,0,0,0,0,0,0,0,0,0,0],"bulk_size":[0,0,0,0,0,0,0,0,0,0,0,0,0,0,0,0,0,0,0,0,0,0,0,0,0,0,0,0,0,0,0,0,0,0,0,0,0,0,0,0,0,0,0,0,0,0,0,0,0,0,0,0,0,0,0,0,0,0,0,0,0,0,0,0,0,0,0,0,0,0,0,0,0,0,0,0,0,0,0,0,0,0,0,0,0,0,0,0,0,0,0,0,0,0,0,0,0,0,0,0,0,0,0,0,0,0,0]},"__shutdown__:65535":{"timestamps":[1717914435.961483240],"count":[1],"bulk_size":[0]}},"pools":{"__primary__":{"timestamps":[1717914326.042429686,1717914327.102095366,1717914328.142093420,1717914329.182094336,1717914330.222095490,1717914331.262097597,1717914332.302094698,1717914333.342093468,1717914334.382095575,1717914335.422094345,1717914336.462094545,1717914337.502094507,1717914338.542093754,1717914339.582094669,1717914340.622098207,1717914341.662093878,1717914342.702095032,1717914343.738095045,1717914344.778093576,1717914345.818094015,1717914346.858095169,1717914347.898093700,1717914348.938093424,1717914349.978095055,1717914351.018095016,1717914352.058094263,1717914353.098093748,1717914354.138094664,1717914355.178093910,1717914356.218095064,1717914357.258093119,1717914358.298094511,1717914359.338094473,1717914360.378093958,1717914361.418095350,1717914362.458093882,1717914363.498094797,1717914364.538094521,1717914365.578094244,1717914366.618094206,1717914367.658093929,1717914368.698094368,1717914369.738093853,1717914370.778093815,1717914371.818094730,1717914372.858093977,1717914373.898095369,1717914374.938094378,1717914375.978093863,1717914377.018094540,1717914378.058095455,1717914379.098093748,1717914380.138095379,1717914381.178095341,1717914382.218094110,1717914383.258095503,1717914384.298093557,1717914385.338094473,1717914386.378094673,1717914387.418094873,1717914388.458094120,1717914389.498093367,1717914390.538094282,1717914391.578095675,1717914392.618093729,1717914393.658093929,1717914394.698093414,1717914395.738093138,1717914396.778094769,1717914397.818094730,1717914398.858093500,1717914399.898096323,1717914400.938095570,1717914401.978094578,1717914403.018093824,1717914404.058094263,1717914405.098093510,1717914406.138093948,1717914407.178095102,1717914408.218094826,1717914409.258094549,1717914410.298093796,1717914411.338094711,1717914412.378094435,1717914413.418094397,1717914414.458093643,1717914415.498094082,1717914416.538094044,1717914417.578095198,1717914418.618094921,1717914419.658093691,1717914420.698094368,1717914421.738094091,1717914422.778094769,1717914423.818093061,1717914424.858094454,1717914425.894094229,1717914426.934094191,1717914427.974094629,1717914429.014094114,1717914430.054095268,1717914431.094093800,1717914432.134094715,1717914433.174094439,1717914434.214094400,1717914435.254093885,1717914435.961483240],"size":[0,0,0,0,0,0,0,0,0,0,0,0,0,0,0,0,0,0,0,0,0,0,0,0,0,0,0,0,0,0,0,0,0,0,0,0,0,0,0,0,0,0,0,0,0,0,0,0,0,0,0,0,0,0,0,0,0,0,0,0,0,0,0,0,0,0,0,0,0,0,0,0,0,0,0,0,0,0,0,0,0,0,0,0,0,0,0,0,0,0,0,0,0,0,0,0,0,0,0,0,0,0,0,0,0,0,0],"total_size":[2,1,1,1,1,1,1,1,1,1,1,1,1,1,1,1,1,1,1,1,1,1,1,1,1,1,1,1,1,1,1,1,1,1,1,1,1,1,1,1,1,1,1,1,1,1,1,1,1,1,1,1,1,1,1,1,1,1,1,1,1,1,1,1,1,1,1,1,1,1,1,1,1,1,1,1,1,1,1,1,1,1,1,1,1,1,1,1,1,1,1,1,1,1,1,1,1,1,1,1,1,1,1,1,1,1,0]}}}