{"address":"","progress_loop":{"progress_with_timeout":{"num":1055,"min":0.027767897,"max":0.104010344,"avg":0.103921515,"var":0.005826465,"sum":109.637198448},"progress_timeout_value_msec":{"num":1055,"min":100.000000000.0,"max":100.000000000.0,"avg":100.000000000.0,"var":0.000000000.0,"sum":105500.000000000.0},"progress_without_timeout":{"num":530377,"min":0.000000000.0,"max":0.000256062,"avg":0.000000129,"var":0.000001165,"sum":0.068586349},"trigger":{"num":612,"min":0.000000000.0,"max":0.003048182,"avg":0.000016561,"var":0.000023576,"sum":0.010135412}},"rpcs":{"65535:65535:14048217247822970879:0":{"rpc_id":-4398526825886580737,"provider_id":0,"parent_rpc_id":65535,"parent_provider_id":65535,"name":"get_file_data","origin":{"sent to ofi+cxi://0x23ef4200":{"iforward":{"duration":{"num":10,"min":0.000000954,"max":0.000028372,"avg":0.000004029,"var":0.000000001,"sum":0.000040293},"relative_timestamp_from_create":{"num":10,"min":0.000000000.0,"max":0.000003576,"avg":0.000000429,"var":0.000000000,"sum":0.000004292}},"forward_cb":{"duration":{"num":10,"min":0.000000000.0,"max":0.000000238,"avg":0.000000215,"var":0.000000000,"sum":0.000002146},"relative_timestamp_from_iforward_start":{"num":10,"min":0.008958340,"max":0.030656099,"avg":0.018355346,"var":0.000427232,"sum":0.183553457}},"iforward_wait":{"duration":{"num":10,"min":0.008962870,"max":0.030656338,"avg":0.018355966,"var":0.000427151,"sum":0.183559656},"relative_timestamp_from_iforward_end":{"num":10,"min":0.000000000.0,"max":0.000000238,"avg":0.000000048,"var":0.000000000,"sum":0.000000477}},"set_input":{"duration":{"num":10,"min":0.000000000.0,"max":0.000004292,"avg":0.000000644,"var":0.000000000,"sum":0.000006437},"relative_timestamp_from_iforward_start":{"num":10,"min":0.000000477,"max":0.000017166,"avg":0.000002503,"var":0.000000000,"sum":0.000025034}},"get_output":{"duration":{"num":10,"min":0.000020742,"max":0.000144958,"avg":0.000033832,"var":0.000000014,"sum":0.000338316},"relative_timestamp_from_wait_end":{"num":10,"min":0.000000000.0,"max":0.000000477,"avg":0.000000262,"var":0.000000000,"sum":0.000002623}}}},"target":{"received from ofi+cxi://0x23ef4200":{"handler":{"duration":{"num":10,"min":0.000000238,"max":0.000006199,"avg":0.000001097,"var":0.000000000,"sum":0.000010967}},"ult":{"duration":{"num":10,"min":0.008936644,"max":0.030654192,"avg":0.018351340,"var":0.000427580,"sum":0.183513403},"relative_timestamp_from_handler_start":{"num":10,"min":0.000000715,"max":0.000013113,"avg":0.000002122,"var":0.000000000,"sum":0.000021219}},"irespond":{"duration":{"num":10,"min":0.000027657,"max":0.000292301,"avg":0.000160265,"var":0.000000126,"sum":0.001602650},"relative_timestamp_from_ult_start":{"num":10,"min":0.008610964,"max":0.030385733,"avg":0.018185782,"var":0.000421179,"sum":0.181857824}},"respond_cb":{"duration":{"num":10,"min":0.000000000.0,"max":0.000000238,"avg":0.000000095,"var":0.000000000,"sum":0.000000954},"relative_timestamp_from_irespond_start":{"num":10,"min":0.000028372,"max":0.000294685,"avg":0.000161219,"var":0.000000127,"sum":0.001612186}},"irespond_wait":{"duration":{"num":10,"min":0.000001431,"max":0.000003338,"avg":0.000001740,"var":0.000000000,"sum":0.000017405},"relative_timestamp_from_irespond_end":{"num":10,"min":0.000000000.0,"max":0.000000238,"avg":0.000000048,"var":0.000000000,"sum":0.000000477}},"set_output":{"duration":{"num":10,"min":0.000026703,"max":0.000255823,"avg":0.000142574,"var":0.000000101,"sum":0.001425743},"relative_timestamp_from_irespond_start":{"num":10,"min":0.000000000.0,"max":0.000000954,"avg":0.000000215,"var":0.000000000,"sum":0.000002146}},"get_input":{"duration":{"num":10,"min":0.000000000.0,"max":0.000001907,"avg":0.000000358,"var":0.000000000,"sum":0.000003576},"relative_timestamp_from_ult_start":{"num":10,"min":0.000000238,"max":0.000003338,"avg":0.000000548,"var":0.000000000,"sum":0.000005484}}}}},"14048217247822970879:0:14048217247822970879:0":{"rpc_id":-4398526825886580737,"provider_id":0,"parent_rpc_id":-4398526825886580737,"parent_provider_id":0,"name":"get_file_data","origin":{"sent to ofi+cxi://0x23e70400":{"iforward":{"duration":{"num":150,"min":0.000000954,"max":0.000071049,"avg":0.000005554,"var":0.000000016,"sum":0.000833035},"relative_timestamp_from_create":{"num":150,"min":0.000000000.0,"max":0.000000477,"avg":0.000000146,"var":0.000000000,"sum":0.000021935}},"forward_cb":{"duration":{"num":150,"min":0.000000000.0,"max":0.000001192,"avg":0.000000269,"var":0.000000000,"sum":0.000040293},"relative_timestamp_from_iforward_start":{"num":150,"min":0.005884409,"max":0.032251120,"avg":0.017427184,"var":0.005283133,"sum":2.614077568}},"iforward_wait":{"duration":{"num":150,"min":0.005871296,"max":0.032243252,"avg":0.017422522,"var":0.005276132,"sum":2.613378286},"relative_timestamp_from_iforward_end":{"num":150,"min":0.000000000.0,"max":0.000000715,"avg":0.000000207,"var":0.000000000,"sum":0.000030994}},"set_input":{"duration":{"num":150,"min":0.000000000.0,"max":0.000000715,"avg":0.000000227,"var":0.000000000,"sum":0.000034094},"relative_timestamp_from_iforward_start":{"num":150,"min":0.000000238,"max":0.000002146,"avg":0.000000696,"var":0.000000000,"sum":0.000104427}},"get_output":{"duration":{"num":150,"min":0.000025511,"max":0.000276327,"avg":0.000041288,"var":0.000000304,"sum":0.006193161},"relative_timestamp_from_wait_end":{"num":150,"min":0.000000000.0,"max":0.000000954,"avg":0.000000302,"var":0.000000000,"sum":0.000045300}}}},"target":{"received from ofi+cxi://0x23e92000":{"handler":{"duration":{"num":70,"min":0.000000477,"max":0.002040863,"avg":0.000058024,"var":0.000007761,"sum":0.004061699}},"ult":{"duration":{"num":70,"min":0.007938623,"max":0.029262781,"avg":0.017786888,"var":0.002468446,"sum":1.245082140},"relative_timestamp_from_handler_start":{"num":70,"min":0.000000715,"max":0.003095865,"avg":0.000258568,"var":0.000042866,"sum":0.018099785}},"irespond":{"duration":{"num":70,"min":0.000028372,"max":0.000423431,"avg":0.000169751,"var":0.000001006,"sum":0.011882544},"relative_timestamp_from_ult_start":{"num":70,"min":0.006175518,"max":0.028887749,"avg":0.017197217,"var":0.002624229,"sum":1.203805208}},"respond_cb":{"duration":{"num":70,"min":0.000000000.0,"max":0.000000238,"avg":0.000000143,"var":0.000000000,"sum":0.000010014},"relative_timestamp_from_irespond_start":{"num":70,"min":0.000065804,"max":0.005715847,"avg":0.000584882,"var":0.000064850,"sum":0.040941715}},"irespond_wait":{"duration":{"num":70,"min":0.000036716,"max":0.005417347,"avg":0.000419021,"var":0.000060024,"sum":0.029331446},"relative_timestamp_from_irespond_end":{"num":70,"min":0.000000000.0,"max":0.000000715,"avg":0.000000341,"var":0.000000000,"sum":0.000023842}},"set_output":{"duration":{"num":70,"min":0.000026703,"max":0.000267267,"avg":0.000142806,"var":0.000000696,"sum":0.009996414},"relative_timestamp_from_irespond_start":{"num":70,"min":0.000000000.0,"max":0.000000477,"avg":0.000000181,"var":0.000000000,"sum":0.000012636}},"get_input":{"duration":{"num":70,"min":0.000000000.0,"max":0.000000715,"avg":0.000000252,"var":0.000000000,"sum":0.000017643},"relative_timestamp_from_ult_start":{"num":70,"min":0.000000000.0,"max":0.000001192,"avg":0.000000259,"var":0.000000000,"sum":0.000018120}}},"received from ofi+cxi://0x23ed6600":{"handler":{"duration":{"num":70,"min":0.000000238,"max":0.003047466,"avg":0.000080664,"var":0.000015273,"sum":0.005646467}},"ult":{"duration":{"num":70,"min":0.009468317,"max":0.032822371,"avg":0.018054404,"var":0.002201262,"sum":1.263808250},"relative_timestamp_from_handler_start":{"num":70,"min":0.000000477,"max":0.003110170,"avg":0.000159250,"var":0.000027914,"sum":0.011147499}},"irespond":{"duration":{"num":70,"min":0.000028372,"max":0.000385284,"avg":0.000170159,"var":0.000000917,"sum":0.011911154},"relative_timestamp_from_ult_start":{"num":70,"min":0.008909464,"max":0.032286406,"avg":0.017665512,"var":0.002203257,"sum":1.236585855}},"respond_cb":{"duration":{"num":70,"min":0.000000000.0,"max":0.000000477,