{"address":"","rpcs":{"get_file_data:0":{"timestamps":[1717912745.588911295,1717912746.655262470,1717912747.695261717,1717912748.735261202,1717912749.775262594,1717912750.815261126,1717912751.855261564,1717912752.895262003,1717912753.935262680,1717912754.975261927,1717912756.015262842,1717912757.055260897,1717912758.095262766,1717912759.135260820,1717912760.175262690,1717912761.215261698,1717912762.255261183,1717912763.295262337,1717912764.335263729,1717912765.375262260,1717912766.415263176,1717912767.455262184,1717912768.495263577,1717912769.535262108,1717912770.575260639,1717912771.615262270,1717912772.655261755,1717912773.695262671,1717912774.735262156,1717912775.775263786,1717912776.815262318,1717912777.855262041,1717912778.895262718,1717912779.935260773,1717912780.975262403,1717912782.015262604,1717912783.055262804,1717912784.095262527,1717912785.135262012,1717912786.175263166,1717912787.215261936,1717912788.255261660,1717912789.295263052,1717912790.335262299,1717912791.375260830,1717912792.415261984,1717912793.455262661,1717912794.495261908,1717912795.535262585,1717912796.575261831,1717912797.615263462,1717912798.655262232,1717912799.695261717,1717912800.735261679,1717912801.775261879,1717912802.815262318,1717912803.855263233,1717912804.895261765,1717912805.935262680,1717912806.975262403,1717912808.015263081,1717912809.055262327,1717912810.095264196,1717912811.135262251,1717912812.175261021,1717912813.211261988,1717912814.251260996,1717912815.291261911,1717912816.331262112,1717912817.371262312,1717912818.411262274,1717912819.451262236,1717912820.491262436,1717912821.531261921,1717912822.571261168,1717912823.611261845,1717912824.651261091,1717912825.691264629,1717912826.731262207,1717912827.771261930,1717912828.811261654,1717912829.851262331,1717912830.891264915,1717912831.931262255,1717912832.971261740,1717912834.011262417,1717912835.051261425,1717912835.498282194],"count":[1,9,0,0,0,0,0,0,0,0,0,0,0,0,0,0,0,0,0,0,0,0,0,0,0,0,0,0,0,0,0,0,0,0,0,0,0,0,0,0,0,0,0,0,0,0,0,0,0,0,0,0,0,0,0,0,0,0,0,0,0,0,0,0,0,0,0,0,0,0,0,0,0,0,0,0,0,0,0,0,0,0,0,0,0,0,0,0],"bulk_size":[0,0,0,0,0,0,0,0,0,0,0,0,0,0,0,0,0,0,0,0,0,0,0,0,0,0,0,0,0,0,0,0,0,0,0,0,0,0,0,0,0,0,0,0,0,0,0,0,0,0,0,0,0,0,0,0,0,0,0,0,0,0,0,0,0,0,0,0,0,0,0,0,0,0,0,0,0,0,0,0,0,0,0,0,0,0,0,0]},"__shutdown__:65535":{"timestamps":[1717912835.498282194],"count":[1],"bulk_size":[0]}},"pools":{"__primary__":{"timestamps":[1717912745.588911295,1717912746.655262470,1717912747.695261717,1717912748.735261202,1717912749.775262594,1717912750.815261126,1717912751.855261564,1717912752.895262003,1717912753.935262680,1717912754.975261927,1717912756.015262842,1717912757.055260897,1717912758.095262766,1717912759.135260820,1717912760.175262690,1717912761.215261698,1717912762.255261183,1717912763.295262337,1717912764.335263729,1717912765.375262260,1717912766.415263176,1717912767.455262184,1717912768.495263577,1717912769.535262108,1717912770.575260639,1717912771.615262270,1717912772.655261755,1717912773.695262671,1717912774.735262156,1717912775.775263786,1717912776.815262318,1717912777.855262041,1717912778.895262718,1717912779.935260773,1717912780.975262403,1717912782.015262604,1717912783.055262804,1717912784.095262527,1717912785.135262012,1717912786.175263166,1717912787.215261936,1717912788.255261660,1717912789.295263052,1717912790.335262299,1717912791.375260830,1717912792.415261984,1717912793.455262661,1717912794.495261908,1717912795.535262585,1717912796.575261831,1717912797.615263462,1717912798.655262232,1717912799.695261717,1717912800.735261679,1717912801.775261879,1717912802.815262318,1717912803.855263233,1717912804.895261765,1717912805.935262680,1717912806.975262403,1717912808.015263081,1717912809.055262327,1717912810.095264196,1717912811.135262251,1717912812.175261021,1717912813.211261988,1717912814.251260996,1717912815.291261911,1717912816.331262112,1717912817.371262312,1717912818.411262274,1717912819.451262236,1717912820.491262436,1717912821.531261921,1717912822.571261168,1717912823.611261845,1717912824.651261091,1717912825.691264629,1717912826.731262207,1717912827.771261930,1717912828.811261654,1717912829.851262331,1717912830.891264915,1717912831.931262255,1717912832.971261740,1717912834.011262417,1717912835.051261425,1717912835.498282194],"size":[0,0,0,0,0,0,0,0,0,0,0,0,0,0,0,0,0,0,0,0,0,0,0,0,0,0,0,0,0,0,0,0,0,0,0,0,0,0,0,0,0,0,0,0,0,0,0,0,0,0,0,0,0,0,0,0,0,0,0,0,0,0,0,0,0,0,0,0,0,0,0,0,0,0,0,0,0,0,0,0,0,0,0,0,0,0,0,0],"total_size":[2,1,1,1,1,1,1,1,1,1,1,1,1,1,1,1,1,1,1,1,1,1,1,1,1,1,1,1,1,1,1,1,1,1,1,1,1,1,1,1,1,1,1,1,1,1,1,1,1,1,1,1,1,1,1,1,1,1,1,1,1,1,1,1,1,1,1,1,1,1,1,1,1,1,1,1,1,1,1,1,1,1,1,1,1,1,1,0]}}}