{"address":"","progress_loop":{"progress_with_timeout":{"num":1062,"min":0.000000477,"max":0.104024410,"avg":0.103065609,"var":0.098577204,"sum":109.455676556},"progress_timeout_value_msec":{"num":1062,"min":100.000000000.0,"max":100.000000000.0,"avg":100.000000000.0,"var":0.000000000.0,"sum":106200.000000000.0},"progress_without_timeout":{"num":1315412,"min":0.000000000.0,"max":0.000429630,"avg":0.000000113,"var":0.000000382,"sum":0.148660421},"trigger":{"num":52,"min":0.000000238,"max":0.000029325,"avg":0.000001861,"var":0.000000001,"sum":0.000096798}},"rpcs":{"65535:65535:14048217247822970879:0":{"rpc_id":-4398526825886580737,"provider_id":0,"parent_rpc_id":65535,"parent_provider_id":65535,"name":"get_file_data","origin":{"sent to ofi+cxi://0x23ed4200":{"iforward":{"duration":{"num":10,"min":0.000001907,"max":0.000032187,"avg":0.000005364,"var":0.000000001,"sum":0.000053644},"relative_timestamp_from_create":{"num":10,"min":0.000000000.0,"max":0.000004292,"avg":0.000000620,"var":0.000000000,"sum":0.000006199}},"forward_cb":{"duration":{"num":10,"min":0.000000238,"max":0.000000477,"avg":0.000000286,"var":0.000000000,"sum":0.000002861},"relative_timestamp_from_iforward_start":{"num":10,"min":0.030073643,"max":0.058769226,"avg":0.038812661,"var":0.000849722,"sum":0.388126612}},"iforward_wait":{"duration":{"num":10,"min":0.030073881,"max":0.058769464,"avg":0.038815045,"var":0.000849392,"sum":0.388150454},"relative_timestamp_from_iforward_end":{"num":10,"min":0.000000000.0,"max":0.000000238,"avg":0.000000072,"var":0.000000000,"sum":0.000000715}},"set_input":{"duration":{"num":10,"min":0.000000238,"max":0.000005960,"avg":0.000001025,"var":0.000000000,"sum":0.000010252},"relative_timestamp_from_iforward_start":{"num":10,"min":0.000001431,"max":0.000018835,"avg":0.000003314,"var":0.000000000,"sum":0.000033140}},"get_output":{"duration":{"num":10,"min":0.000083685,"max":0.000340939,"avg":0.000114560,"var":0.000000057,"sum":0.001145601},"relative_timestamp_from_wait_end":{"num":10,"min":0.000000238,"max":0.000000715,"avg":0.000000334,"var":0.000000000,"sum":0.000003338}}}},"target":{"received from ofi+cxi://0x23ed4200":{"handler":{"duration":{"num":10,"min":0.000000715,"max":0.000006676,"avg":0.000001526,"var":0.000000000,"sum":0.000015259}},"ult":{"duration":{"num":10,"min":0.030069590,"max":0.058765411,"avg":0.038808060,"var":0.000849615,"sum":0.388080597},"relative_timestamp_from_handler_start":{"num":10,"min":0.000001431,"max":0.000014782,"avg":0.000002980,"var":0.000000000,"sum":0.000029802}},"irespond":{"duration":{"num":10,"min":0.000585318,"max":0.000715971,"avg":0.000626302,"var":0.000000013,"sum":0.006263018},"relative_timestamp_from_ult_start":{"num":10,"min":0.029348850,"max":0.058153629,"avg":0.038172174,"var":0.000853333,"sum":0.381721735}},"respond_cb":{"duration":{"num":10,"min":0.000000000.0,"max":0.000000477,"avg":0.000000119,"var":0.000000000,"sum":0.000001192},"relative_timestamp_from_irespond_start":{"num":10,"min":0.000588894,"max":0.000718355,"avg":0.000628495,"var":0.000000013,"sum":0.006284952}},"irespond_wait":{"duration":{"num":10,"min":0.000002861,"max":0.000005007,"avg":0.000003362,"var":0.000000000,"sum":0.000033617},"relative_timestamp_from_irespond_end":{"num":10,"min":0.000000000.0,"max":0.000000477,"avg":0.000000191,"var":0.000000000,"sum":0.000001907}},"set_output":{"duration":{"num":10,"min":0.000539541,"max":0.000672579,"avg":0.000585103,"var":0.000000013,"sum":0.005851030},"relative_timestamp_from_irespond_start":{"num":10,"min":0.000000238,"max":0.000001431,"avg":0.000000548,"var":0.000000000,"sum":0.000005484}},"get_input":{"duration":{"num":10,"min":0.000000238,"max":0.000002146,"avg":0.000000501,"var":0.000000000,"sum":0.000005007},"relative_timestamp_from_ult_start":{"num":10,"min":0.000000238,"max":0.000003338,"avg":0.000000691,"var":0.000000000,"sum":0.000006914}}}}},"14048217247822970879:0:14048217247822970879:0":{"rpc_id":-4398526825886580737,"provider_id":0,"parent_rpc_id":-4398526825886580737,"parent_provider_id":0,"name":"get_file_data","origin":{"sent to ofi+cxi://0x23eb6200":{"iforward":{"duration":{"num":10,"min":0.000013590,"max":0.000034809,"avg":0.000017357,"var":0.000000000,"sum":0.000173569},"relative_timestamp_from_create":{"num":10,"min":0.000000000.0,"max":0.000000238,"avg":0.000000119,"var":0.000000000,"sum":0.000001192}},"forward_cb":{"duration":{"num":10,"min":0.000000000.0,"max":0.000001907,"avg":0.000000358,"var":0.000000000,"sum":0.000003576},"relative_timestamp_from_iforward_start":{"num":10,"min":0.028599024,"max":0.057538033,"avg":0.037508440,"var":0.000858332,"sum":0.375084400}},"iforward_wait":{"duration":{"num":10,"min":0.028610945,"max":0.057524920,"avg":0.037494802,"var":0.000858108,"sum":0.374948025},"relative_timestamp_from_iforward_end":{"num":10,"min":0.000000238,"max":0.000000238,"avg":0.000000238,"var":0.000000000.0,"sum":0.000002384}},"set_input":{"duration":{"num":10,"min":0.000000238,"max":0.000000715,"avg":0.000000501,"var":0.000000000,"sum":0.000005007},"relative_timestamp_from_iforward_start":{"num":10,"min":0.000000954,"max":0.000002623,"avg":0.000001168,"var":0.000000000,"sum":0.000011683}},"get_output":{"duration":{"num":10,"min":0.000586987,"max":0.000706196,"avg":0.000633359,"var":0.000000011,"sum":0.006333590},"relative_timestamp_from_wait_end":{"num":10,"min":0.000000238,"max":0.000001192,"avg":0.000000453,"var":0.000000000,"sum":0.000004530}}}}},"65535:65535:8686831390660034559:65535":{"rpc_id":8686831390660034559,"provider_id":65535,"parent_rpc_id":65535,"parent_provider_id":65535,"name":"__shutdown__","target":{"received from ofi+cxi://0x23e70601":{"handler":{"duration":{"num":1,"min":0.000016451,"max":0.000016451,"avg":0.000016451,"var":0.000000000.0,"sum":0.000016451}},"ult":{"duration":{"num":1,"min":0.000017166,"max":0.000017166,"avg":0.000017166,"var":0.000000000.0,"sum":0.000017166},"relative_timestamp_from_handler_start":{"num":1,"min":0.000021219,"max":0.000021219,"avg":0.000021219,"var":0.000000000.0,"sum":0.000021219}},"irespond":{"duration":{"num":1,"min":0.000007391,"max":0.000007391,"avg":0.000007391,"var":0.000000000.0,"sum":0.000007391},"relative_timestamp_from_ult_start":{"num":1,"min":0.000001192,"max":0.000001192,"avg":0.000001192,"var":0.000000000.0,"sum":0.000001192}},"respond_cb":{"duration":{"num":1,"min":0.000000477,"max":0.000000477,"avg":0.000000477,"var":0.000000000.0,"sum":0.000000477},"relative_timestamp_from_irespond_start":{"num":1,"min":0.000013113,"max":0.000013113,"avg":0.000013113,"var":0.000000000.0,"sum":0.000013113}},"irespond_wait":{"duration":{"num":1,"min":0.000006437,"max":0.000006437,"avg":0.000006437,"var":0.000000000.0,"sum":0.000006437},"relative_timestamp_from_irespond_end":{"num":1,"min":0.000000238,"max":0.000000238,"avg":0.000000238,"var":0.000000000.0,"sum":0.000000238}},"set_output":{"duration":{"num":1,"min":0.000000477,"max":0.000000477,"avg":0.000000477,"var":0.000000000.0,"sum":0.000000477},"relative_timestamp_from_irespond_start":{"num":1,"min":0.000001431,"max":0.000001431,"avg":0.000001431,"var":0.000000000.0,"sum":0.000001431}},"get_input":{"duration":{"num":0,"min":0.000000000.0,"max":0.000000000.0,"avg":0.000000000.0,"var":0.000000000.0,"sum":0.000000000.0},"relative_timestamp_from_ult_start":{"num":0,"min":0.000000000.0,"max":0.000000000.0,"avg":0.000000000.0,"var":0.000000000.0,"sum":0.000000000.0}}}}}}}