{"address":"","rpcs":{"get_file_data:0":{"timestamps":[1717913784.382303715,1717913785.460944891,1717913786.500941992,1717913787.540941954,1717913788.580942392,1717913789.620943069,1717913790.660942554,1717913791.700943470,1717913792.740943909,1717913793.780943155,1717913794.820944071,1717913795.860944748,1717913796.900942326,1717913797.940945148,1717913798.980943680,1717913800.020947456,1717913801.060943604,1717913802.100943327,1717913803.140946627,1717913804.180942059,1717913805.220943213,1717913806.260942459,1717913807.300943613,1717913808.340945005,1717913809.380944729,1717913810.420943022,1717913811.460943222,1717913812.500943661,1717913813.540942669,1717913814.580943584,1717913815.620941877,1717913816.660942554,1717913817.700943470,1717913818.740943670,1717913819.780943632,1717913820.820943594,1717913821.860943079,1717913822.900942564,1717913823.940943241,1717913824.976944923,1717913826.016943693,1717913827.056944609,1717913828.096944332,1717913829.136943817,1717913830.176942348,1717913831.216943264,1717913832.256944180,1717913833.296942711,1717913834.336943150,1717913835.376942158,1717913836.416944027,1717913837.456944466,1717913838.496944666,1717913839.536942720,1717913840.576943874,1717913841.616943359,1717913842.656942129,1717913843.696943045,1717913844.736942530,1717913845.776942730,1717913846.816943884,1717913847.856943369,1717913848.896943569,1717913849.936942101,1717913850.976944208,1717913852.016943216,1717913853.056942701,1717913854.096943140,1717913855.136942625,1717913856.176943064,1717913857.216943502,1717913858.256944418,1717913859.296943665,1717913860.336943150,1717913861.376944542,1717913862.416942835,1717913863.456944466,1717913864.496944904,1717913865.536943197,1717913866.576942205,1717913867.616943836,1717913868.656943321,1717913869.696944475,1717913870.736942530,1717913871.776943445,1717913872.816942692,1717913873.856943607,1717913874.896943331,1717913875.936943054,1717913876.976944685,1717913878.016943693,1717913879.056942463,1717913880.096946478,1717913881.136942863,1717913882.176944494,1717913883.216942787,1717913884.256943226,1717913885.296942472,1717913886.336943150,1717913887.376943350,1717913888.416943789,1717913889.456943750,1717913890.496944189,1717913891.536942482,1717913892.576943398,1717913893.616943359,1717913894.268226147],"count":[1,29,0,0,0,0,0,0,0,0,0,0,0,0,0,0,0,0,0,0,0,0,0,0,0,0,0,0,0,0,0,0,0,0,0,0,0,0,0,0,0,0,0,0,0,0,0,0,0,0,0,0,0,0,0,0,0,0,0,0,0,0,0,0,0,0,0,0,0,0,0,0,0,0,0,0,0,0,0,0,0,0,0,0,0,0,0,0,0,0,0,0,0,0,0,0,0,0,0,0,0,0,0,0,0,0,0],"bulk_size":[0,0,0,0,0,0,0,0,0,0,0,0,0,0,0,0,0,0,0,0,0,0,0,0,0,0,0,0,0,0,0,0,0,0,0,0,0,0,0,0,0,0,0,0,0,0,0,0,0,0,0,0,0,0,0,0,0,0,0,0,0,0,0,0,0,0,0,0,0,0,0,0,0,0,0,0,0,0,0,0,0,0,0,0,0,0,0,0,0,0,0,0,0,0,0,0,0,0,0,0,0,0,0,0,0,0,0]},"__shutdown__:65535":{"timestamps":[1717913894.268226147],"count":[1],"bulk_size":[0]}},"pools":{"__primary__":{"timestamps":[1717913784.382303715,1717913785.460944891,1717913786.500941992,1717913787.540941954,1717913788.580942392,1717913789.620943069,1717913790.660942554,1717913791.700943470,1717913792.740943909,1717913793.780943155,1717913794.820944071,1717913795.860944748,1717913796.900942326,1717913797.940945148,1717913798.980943680,1717913800.020947456,1717913801.060943604,1717913802.100943327,1717913803.140946627,1717913804.180942059,1717913805.220943213,1717913806.260942459,1717913807.300943613,1717913808.340945005,1717913809.380944729,1717913810.420943022,1717913811.460943222,1717913812.500943661,1717913813.540942669,1717913814.580943584,1717913815.620941877,1717913816.660942554,1717913817.700943470,1717913818.740943670,1717913819.780943632,1717913820.820943594,1717913821.860943079,1717913822.900942564,1717913823.940943241,1717913824.976944923,1717913826.016943693,1717913827.056944609,1717913828.096944332,1717913829.136943817,1717913830.176942348,1717913831.216943264,1717913832.256944180,1717913833.296942711,1717913834.336943150,1717913835.376942158,1717913836.416944027,1717913837.456944466,1717913838.496944666,1717913839.536942720,1717913840.576943874,1717913841.616943359,1717913842.656942129,1717913843.696943045,1717913844.736942530,1717913845.776942730,1717913846.816943884,1717913847.856943369,1717913848.896943569,1717913849.936942101,1717913850.976944208,1717913852.016943216,1717913853.056942701,1717913854.096943140,1717913855.136942625,1717913856.176943064,1717913857.216943502,1717913858.256944418,1717913859.296943665,1717913860.336943150,1717913861.376944542,1717913862.416942835,1717913863.456944466,1717913864.496944904,1717913865.536943197,1717913866.576942205,1717913867.616943836,1717913868.656943321,1717913869.696944475,1717913870.736942530,1717913871.776943445,1717913872.816942692,1717913873.856943607,1717913874.896943331,1717913875.936943054,1717913876.976944685,1717913878.016943693,1717913879.056942463,1717913880.096946478,1717913881.136942863,1717913882.176944494,1717913883.216942787,1717913884.256943226,1717913885.296942472,1717913886.336943150,1717913887.376943350,1717913888.416943789,1717913889.456943750,1717913890.496944189,1717913891.536942482,1717913892.576943398,1717913893.616943359,1717913894.268226147],"size":[0,0,0,0,0,0,0,0,0,0,0,0,0,0,0,0,0,0,0,0,0,0,0,0,0,0,0,0,0,0,0,0,0,0,0,0,0,0,0,0,0,0,0,0,0,0,0,0,0,0,0,0,0,0,0,0,0,0,0,0,0,0,0,0,0,0,0,0,0,0,0,0,0,0,0,0,0,0,0,0,0,0,0,0,0,0,0,0,0,0,0,0,0,0,0,0,0,0,0,0,0,0,0,0,0,0,0],"total_size":[2,1,1,1,1,1,1,1,1,1,1,1,1,1,1,1,1,1,1,1,1,1,1,1,1,1,1,1,1,1,1,1,1,1,1,1,1,1,1,1,1,1,1,1,1,1,1,1,1,1,1,1,1,1,1,1,1,1,1,1,1,1,1,1,1,1,1,1,1,1,1,1,1,1,1,1,1,1,1,1,1,1,1,1,1,1,1,1,1,1,1,1,1,1,1,1,1,1,1,1,1,1,1,1,1,1,0]}}}