{"address":"","rpcs":{"get_file_data:0":{"timestamps":[1717913919.814838409,1717913920.906710625,1717913921.946710110,1717913922.982711315,1717913924.022711992,1717913925.062711239,1717913926.102710009,1717913927.142709732,1717913928.182710648,1717913929.222710133,1717913930.262710094,1717913931.302711248,1717913932.342710257,1717913933.382709980,1717913934.422711372,1717913935.462710619,1717913936.502710104,1717913937.542710543,1717913938.582710505,1717913939.622710466,1717913940.662710905,1717913941.702710867,1717913942.742710352,1717913943.782709599,1717913944.822710514,1717913945.862710714,1717913946.902711391,1717913947.942711592,1717913948.982711315,1717913950.022711039,1717913951.062709808,1717913952.102711439,1717913953.142711878,1717913954.182710409,1717913955.222712755,1717913956.262710094,1717913957.302712202,1717913958.342710018,1717913959.382709742,1717913960.422710419,1717913961.462712049,1717913962.502714872,1717913963.542710543,1717913964.582711935,1717913965.622710466,1717913966.662709713,1717913967.702709913,1717913968.742711782,1717913969.782711983,1717913970.822709799,1717913971.862709999,1717913972.902711391,1717913973.942710638,1717913974.982710361,1717913976.022711992,1717913977.062711716,1717913978.102710485,1717913979.142710924,1717913980.182710648,1717913981.222710609,1717913982.262711763,1717913983.302711248,1717913984.342711926,1717913985.382709742,1717913986.422712088,1717913987.462711811,1717913988.502712011,1717913989.542711973,1717913990.582711458,1717913991.622714043,1717913992.662710667,1717913993.702711821,1717913994.742710829,1717913995.782710552,1717913996.822710752,1717913997.862710953,1717913998.902710438,1717913999.942710400,1717914000.982710361,1717914002.022711992,1717914003.062711239,1717914004.102711678,1717914005.142710924,1717914006.182710648,1717914007.222710371,1717914008.262709618,1717914009.302710295,1717914010.342710018,1717914011.382710934,1717914012.422709703,1717914013.462711334,1717914014.502710342,1717914015.542711020,1717914016.582709789,1717914017.622710943,1717914018.662710428,1717914019.702711105,1717914020.742711544,1717914021.782711029,1717914022.822713137,1717914023.862712145,1717914024.902710438,1717914025.942710876,1717914026.982711554,1717914028.022711754,1717914029.062710047,1717914029.705951214],"count":[1,9,0,0,0,0,0,0,0,0,0,0,0,0,0,0,0,0,0,0,0,0,0,0,0,0,0,0,0,0,0,0,0,0,0,0,0,0,0,0,0,0,0,0,0,0,0,0,0,0,0,0,0,0,0,0,0,0,0,0,0,0,0,0,0,0,0,0,0,0,0,0,0,0,0,0,0,0,0,0,0,0,0,0,0,0,0,0,0,0,0,0,0,0,0,0,0,0,0,0,0,0,0,0,0,0,0],"bulk_size":[0,0,0,0,0,0,0,0,0,0,0,0,0,0,0,0,0,0,0,0,0,0,0,0,0,0,0,0,0,0,0,0,0,0,0,0,0,0,0,0,0,0,0,0,0,0,0,0,0,0,0,0,0,0,0,0,0,0,0,0,0,0,0,0,0,0,0,0,0,0,0,0,0,0,0,0,0,0,0,0,0,0,0,0,0,0,0,0,0,0,0,0,0,0,0,0,0,0,0,0,0,0,0,0,0,0,0]},"__shutdown__:65535":{"timestamps":[1717914029.705951214],"count":[1],"bulk_size":[0]}},"pools":{"__primary__":{"timestamps":[1717913919.814838409,1717913920.906710625,1717913921.946710110,1717913922.982711315,1717913924.022711992,1717913925.062711239,1717913926.102710009,1717913927.142709732,1717913928.182710648,1717913929.222710133,1717913930.262710094,1717913931.302711248,1717913932.342710257,1717913933.382709980,1717913934.422711372,1717913935.462710619,1717913936.502710104,1717913937.542710543,1717913938.582710505,1717913939.622710466,1717913940.662710905,1717913941.702710867,1717913942.742710352,1717913943.782709599,1717913944.822710514,1717913945.862710714,1717913946.902711391,1717913947.942711592,1717913948.982711315,1717913950.022711039,1717913951.062709808,1717913952.102711439,1717913953.142711878,1717913954.182710409,1717913955.222712755,1717913956.262710094,1717913957.302712202,1717913958.342710018,1717913959.382709742,1717913960.422710419,1717913961.462712049,1717913962.502714872,1717913963.542710543,1717913964.582711935,1717913965.622710466,1717913966.662709713,1717913967.702709913,1717913968.742711782,1717913969.782711983,1717913970.822709799,1717913971.862709999,1717913972.902711391,1717913973.942710638,1717913974.982710361,1717913976.022711992,1717913977.062711716,1717913978.102710485,1717913979.142710924,1717913980.182710648,1717913981.222710609,1717913982.262711763,1717913983.302711248,1717913984.342711926,1717913985.382709742,1717913986.422712088,1717913987.462711811,1717913988.502712011,1717913989.542711973,1717913990.582711458,1717913991.622714043,1717913992.662710667,1717913993.702711821,1717913994.742710829,1717913995.782710552,1717913996.822710752,1717913997.862710953,1717913998.902710438,1717913999.942710400,1717914000.982710361,1717914002.022711992,1717914003.062711239,1717914004.102711678,1717914005.142710924,1717914006.182710648,1717914007.222710371,1717914008.262709618,1717914009.302710295,1717914010.342710018,1717914011.382710934,1717914012.422709703,1717914013.462711334,1717914014.502710342,1717914015.542711020,1717914016.582709789,1717914017.622710943,1717914018.662710428,1717914019.702711105,1717914020.742711544,1717914021.782711029,1717914022.822713137,1717914023.862712145,1717914024.902710438,1717914025.942710876,1717914026.982711554,1717914028.022711754,1717914029.062710047,1717914029.705951214],"size":[0,0,0,0,0,0,0,0,0,0,0,0,0,0,0,0,0,0,0,0,0,0,0,0,0,0,0,0,0,0,0,0,0,0,0,0,0,0,0,0,0,0,0,0,0,0,0,0,0,0,0,0,0,0,0,0,0,0,0,0,0,0,0,0,0,0,0,0,0,0,0,0,0,0,0,0,0,0,0,0,0,0,0,0,0,0,0,0,0,0,0,0,0,0,0,0,0,0,0,0,0,0,0,0,0,0,0],"total_size":[2,1,1,1,1,1,1,1,1,1,1,1,1,1,1,1,1,1,1,1,1,1,1,1,1,1,1,1,1,1,1,1,1,1,1,1,1,1,1,1,1,1,1,1,1,1,1,1,1,1,1,1,1,1,1,1,1,1,1,1,1,1,1,1,1,1,1,1,1,1,1,1,1,1,1,1,1,1,1,1,1,1,1,1,1,1,1,1,1,1,1,1,1,1,1,1,1,1,1,1,1,1,1,1,1,1,0]}}}