{"address":"","progress_loop":{"progress_with_timeout":{"num":873,"min":0.000000238,"max":0.104008436,"avg":0.102885451,"var":0.097214892,"sum":89.818999052},"progress_timeout_value_msec":{"num":873,"min":100.000000000.0,"max":100.000000000.0,"avg":100.000000000.0,"var":0.000000000.0,"sum":87300.000000000.0},"progress_without_timeout":{"num":106995,"min":0.000000000.0,"max":0.000010252,"avg":0.000000112,"var":0.000000002,"sum":0.011939764},"trigger":{"num":42,"min":0.000000000.0,"max":0.000032902,"avg":0.000001425,"var":0.000000001,"sum":0.000059843}},"rpcs":{"65535:65535:14048217247822970879:0":{"rpc_id":-4398526825886580737,"provider_id":0,"parent_rpc_id":65535,"parent_provider_id":65535,"name":"get_file_data","origin":{"sent to ofi+cxi://0x23e94200":{"iforward":{"duration":{"num":10,"min":0.000000715,"max":0.000029325,"avg":0.000003839,"var":0.000000001,"sum":0.000038385},"relative_timestamp_from_create":{"num":10,"min":0.000000000.0,"max":0.000004053,"avg":0.000000501,"var":0.000000000,"sum":0.000005007}},"forward_cb":{"duration":{"num":10,"min":0.000000000.0,"max":0.000000238,"avg":0.000000072,"var":0.000000000,"sum":0.000000715},"relative_timestamp_from_iforward_start":{"num":10,"min":0.000099182,"max":0.019265413,"avg":0.003073144,"var":0.000310001,"sum":0.030731440}},"iforward_wait":{"duration":{"num":10,"min":0.000098944,"max":0.019240856,"avg":0.003070426,"var":0.000309216,"sum":0.030704260},"relative_timestamp_from_iforward_end":{"num":10,"min":0.000000000.0,"max":0.000000238,"avg":0.000000048,"var":0.000000000,"sum":0.000000477}},"set_input":{"duration":{"num":10,"min":0.000000238,"max":0.000004530,"avg":0.000000763,"var":0.000000000,"sum":0.000007629},"relative_timestamp_from_iforward_start":{"num":10,"min":0.000000238,"max":0.000018120,"avg":0.000002241,"var":0.000000000,"sum":0.000022411}},"get_output":{"duration":{"num":10,"min":0.000000238,"max":0.000000477,"avg":0.000000262,"var":0.000000000,"sum":0.000002623},"relative_timestamp_from_wait_end":{"num":10,"min":0.000000000.0,"max":0.000000238,"avg":0.000000143,"var":0.000000000,"sum":0.000001431}}}},"target":{"received from ofi+cxi://0x23e94200":{"handler":{"duration":{"num":10,"min":0.000000238,"max":0.000006437,"avg":0.000001025,"var":0.000000000,"sum":0.000010252}},"ult":{"duration":{"num":10,"min":0.000097752,"max":0.019211769,"avg":0.003066063,"var":0.000308318,"sum":0.030660629},"relative_timestamp_from_handler_start":{"num":10,"min":0.000000477,"max":0.000014305,"avg":0.000002050,"var":0.000000000,"sum":0.000020504}},"irespond":{"duration":{"num":10,"min":0.000000715,"max":0.000003099,"avg":0.000001168,"var":0.000000000,"sum":0.000011683},"relative_timestamp_from_ult_start":{"num":10,"min":0.000095606,"max":0.019204855,"avg":0.003063393,"var":0.000308167,"sum":0.030633926}},"respond_cb":{"duration":{"num":10,"min":0.000000000.0,"max":0.000000238,"avg":0.000000048,"var":0.000000000,"sum":0.000000477},"relative_timestamp_from_irespond_start":{"num":10,"min":0.000001192,"max":0.000004053,"avg":0.000001669,"var":0.000000000,"sum":0.000016689}},"irespond_wait":{"duration":{"num":10,"min":0.000000715,"max":0.000002146,"avg":0.000001049,"var":0.000000000,"sum":0.000010490},"relative_timestamp_from_irespond_end":{"num":10,"min":0.000000000.0,"max":0.000000238,"avg":0.000000048,"var":0.000000000,"sum":0.000000477}},"set_output":{"duration":{"num":10,"min":0.000000477,"max":0.000001192,"avg":0.000000739,"var":0.000000000,"sum":0.000007391},"relative_timestamp_from_irespond_start":{"num":10,"min":0.000000000.0,"max":0.000000954,"avg":0.000000191,"var":0.000000000,"sum":0.000001907}},"get_input":{"duration":{"num":10,"min":0.000000000.0,"max":0.000001907,"avg":0.000000286,"var":0.000000000,"sum":0.000002861},"relative_timestamp_from_ult_start":{"num":10,"min":0.000000000.0,"max":0.000003338,"avg":0.000000477,"var":0.000000000,"sum":0.000004768}}}}},"14048217247822970879:0:14048217247822970879:0":{"rpc_id":-4398526825886580737,"provider_id":0,"parent_rpc_id":-4398526825886580737,"parent_provider_id":0,"name":"get_file_data","origin":{"sent to ofi+cxi://0x23ed2400":{"iforward":{"duration":{"num":10,"min":0.000007868,"max":0.000034809,"avg":0.000011134,"var":0.000000001,"sum":0.000111341},"relative_timestamp_from_create":{"num":10,"min":0.000000000.0,"max":0.000000238,"avg":0.000000119,"var":0.000000000,"sum":0.000001192}},"forward_cb":{"duration":{"num":10,"min":0.000000000.0,"max":0.000001431,"avg":0.000000286,"var":0.000000000,"sum":0.000002861},"relative_timestamp_from_iforward_start":{"num":10,"min":0.000088692,"max":0.019093752,"avg":0.003045487,"var":0.000304821,"sum":0.030454874}},"iforward_wait":{"duration":{"num":10,"min":0.000080824,"max":0.019064188,"avg":0.003035092,"var":0.000304136,"sum":0.030350924},"relative_timestamp_from_iforward_end":{"num":10,"min":0.000000000.0,"max":0.000000238,"avg":0.000000191,"var":0.000000000,"sum":0.000001907}},"set_input":{"duration":{"num":10,"min":0.000000238,"max":0.000000715,"avg":0.000000405,"var":0.000000000,"sum":0.000004053},"relative_timestamp_from_iforward_start":{"num":10,"min":0.000000238,"max":0.000002384,"avg":0.000000620,"var":0.000000000,"sum":0.000006199}},"get_output":{"duration":{"num":10,"min":0.000000238,"max":0.000004053,"avg":0.000000978,"var":0.000000000,"sum":0.000009775},"relative_timestamp_from_wait_end":{"num":10,"min":0.000000000.0,"max":0.000000715,"avg":0.000000167,"var":0.000000000,"sum":0.000001669}}}}},"65535:65535:8686831390660034559:65535":{"rpc_id":8686831390660034559,"provider_id":65535,"parent_rpc_id":65535,"parent_provider_id":65535,"name":"__shutdown__","target":{"received from ofi+cxi://0x23e70601":{"handler":{"duration":{"num":1,"min":0.000020981,"max":0.000020981,"avg":0.000020981,"var":0.000000000.0,"sum":0.000020981}},"ult":{"duration":{"num":1,"min":0.000016689,"max":0.000016689,"avg":0.000016689,"var":0.000000000.0,"sum":0.000016689},"relative_timestamp_from_handler_start":{"num":1,"min":0.000025511,"max":0.000025511,"avg":0.000025511,"var":0.000000000.0,"sum":0.000025511}},"irespond":{"duration":{"num":1,"min":0.000006914,"max":0.000006914,"avg":0.000006914,"var":0.000000000.0,"sum":0.000006914},"relative_timestamp_from_ult_start":{"num":1,"min":0.000001431,"max":0.000001431,"avg":0.000001431,"var":0.000000000.0,"sum":0.000001431}},"respond_cb":{"duration":{"num":1,"min":0.000000238,"max":0.000000238,"avg":0.000000238,"var":0.000000000.0,"sum":0.000000238},"relative_timestamp_from_irespond_start":{"num":1,"min":0.000012636,"max":0.000012636,"avg":0.000012636,"var":0.000000000.0,"sum":0.000012636}},"irespond_wait":{"duration":{"num":1,"min":0.000006199,"max":0.000006199,"avg":0.000006199,"var":0.000000000.0,"sum":0.000006199},"relative_timestamp_from_irespond_end":{"num":1,"min":0.000000238,"max":0.000000238,"avg":0.000000238,"var":0.000000000.0,"sum":0.000000238}},"set_output":{"duration":{"num":1,"min":0.000000715,"max":0.000000715,"avg":0.000000715,"var":0.000000000.0,"sum":0.000000715},"relative_timestamp_from_irespond_start":{"num":1,"min":0.000000715,"max":0.000000715,"avg":0.000000715,"var":0.000000000.0,"sum":0.000000715}},"get_input":{"duration":{"num":0,"min":0.000000000.0,"max":0.000000000.0,"avg":0.000000000.0,"var":0.000000000.0,"sum":0.000000000.0},"relative_timestamp_from_ult_start":{"num":0,"min":0.000000000.0,"max":0.000000000.0,"avg":0.000000000.0,"var":0.000000000.0,"sum":0.000000000.0}}}}}}}