{"address":"","progress_loop":{"progress_with_timeout":{"num":1056,"min":0.025824547,"max":0.104009867,"avg":0.103915997,"var":0.006141534,"sum":109.735292435},"progress_timeout_value_msec":{"num":1056,"min":100.000000000.0,"max":100.000000000.0,"avg":100.000000000.0,"var":0.000000000.0,"sum":105600.000000000.0},"progress_without_timeout":{"num":357410,"min":0.000000000.0,"max":0.000163794,"avg":0.000000118,"var":0.000000192,"sum":0.042185783},"trigger":{"num":132,"min":0.000000000.0,"max":0.001838684,"avg":0.000014995,"var":0.000003352,"sum":0.001979351}},"rpcs":{"65535:65535:14048217247822970879:0":{"rpc_id":-4398526825886580737,"provider_id":0,"parent_rpc_id":65535,"parent_provider_id":65535,"name":"get_file_data","origin":{"sent to ofi+cxi://0x24016600":{"iforward":{"duration":{"num":10,"min":0.000000954,"max":0.000031948,"avg":0.000004411,"var":0.000000001,"sum":0.000044107},"relative_timestamp_from_create":{"num":10,"min":0.000000000.0,"max":0.000004053,"avg":0.000000501,"var":0.000000000,"sum":0.000005007}},"forward_cb":{"duration":{"num":10,"min":0.000000000.0,"max":0.000000477,"avg":0.000000238,"var":0.000000000,"sum":0.000002384},"relative_timestamp_from_iforward_start":{"num":10,"min":0.004486799,"max":0.021166563,"avg":0.010058188,"var":0.000207961,"sum":0.100581884}},"iforward_wait":{"duration":{"num":10,"min":0.004503965,"max":0.021166086,"avg":0.010061622,"var":0.000207672,"sum":0.100616217},"relative_timestamp_from_iforward_end":{"num":10,"min":0.000000000.0,"max":0.000000238,"avg":0.000000143,"var":0.000000000,"sum":0.000001431}},"set_input":{"duration":{"num":10,"min":0.000000238,"max":0.000004768,"avg":0.000000811,"var":0.000000000,"sum":0.000008106},"relative_timestamp_from_iforward_start":{"num":10,"min":0.000000477,"max":0.000018835,"avg":0.000002575,"var":0.000000000,"sum":0.000025749}},"get_output":{"duration":{"num":10,"min":0.000010490,"max":0.000072241,"avg":0.000017118,"var":0.000000003,"sum":0.000171185},"relative_timestamp_from_wait_end":{"num":10,"min":0.000000000.0,"max":0.000000477,"avg":0.000000143,"var":0.000000000,"sum":0.000001431}}}},"target":{"received from ofi+cxi://0x24016600":{"handler":{"duration":{"num":10,"min":0.000000238,"max":0.000006914,"avg":0.000001121,"var":0.000000000,"sum":0.000011206}},"ult":{"duration":{"num":10,"min":0.004483938,"max":0.021164417,"avg":0.010052586,"var":0.000208130,"sum":0.100525856},"relative_timestamp_from_handler_start":{"num":10,"min":0.000000715,"max":0.000014067,"avg":0.000002193,"var":0.000000000,"sum":0.000021935}},"irespond":{"duration":{"num":10,"min":0.000089884,"max":0.000148058,"avg":0.000134182,"var":0.000000002,"sum":0.001341820},"relative_timestamp_from_ult_start":{"num":10,"min":0.004338026,"max":0.021026373,"avg":0.009894228,"var":0.000208886,"sum":0.098942280}},"respond_cb":{"duration":{"num":10,"min":0.000000000.0,"max":0.000000238,"avg":0.000000143,"var":0.000000000,"sum":0.000001431},"relative_timestamp_from_irespond_start":{"num":10,"min":0.000090361,"max":0.000234842,"avg":0.000154376,"var":0.000000018,"sum":0.001543760}},"irespond_wait":{"duration":{"num":10,"min":0.000001192,"max":0.000097990,"avg":0.000021529,"var":0.000000015,"sum":0.000215292},"relative_timestamp_from_irespond_end":{"num":10,"min":0.000000000.0,"max":0.000000238,"avg":0.000000048,"var":0.000000000,"sum":0.000000477}},"set_output":{"duration":{"num":10,"min":0.000076056,"max":0.000126839,"avg":0.000119519,"var":0.000000002,"sum":0.001195192},"relative_timestamp_from_irespond_start":{"num":10,"min":0.000000000.0,"max":0.000000954,"avg":0.000000262,"var":0.000000000,"sum":0.000002623}},"get_input":{"duration":{"num":10,"min":0.000000000.0,"max":0.000001907,"avg":0.000000358,"var":0.000000000,"sum":0.000003576},"relative_timestamp_from_ult_start":{"num":10,"min":0.000000000.0,"max":0.000003338,"avg":0.000000477,"var":0.000000000,"sum":0.000004768}}}}},"14048217247822970879:0:14048217247822970879:0":{"rpc_id":-4398526825886580737,"provider_id":0,"parent_rpc_id":-4398526825886580737,"parent_provider_id":0,"name":"get_file_data","origin":{"sent to ofi+cxi://0x23e90400":{"iforward":{"duration":{"num":30,"min":0.000002146,"max":0.000045538,"avg":0.000019495,"var":0.000000005,"sum":0.000584841},"relative_timestamp_from_create":{"num":30,"min":0.000000000.0,"max":0.000000477,"avg":0.000000111,"var":0.000000000,"sum":0.000003338}},"forward_cb":{"duration":{"num":30,"min":0.000000000.0,"max":0.000001431,"avg":0.000000286,"var":0.000000000,"sum":0.000008583},"relative_timestamp_from_iforward_start":{"num":30,"min":0.001409531,"max":0.022007704,"avg":0.009805616,"var":0.000789609,"sum":0.294168472}},"iforward_wait":{"duration":{"num":30,"min":0.001397133,"max":0.021983624,"avg":0.009787440,"var":0.000789105,"sum":0.293623209},"relative_timestamp_from_iforward_end":{"num":30,"min":0.000000000.0,"max":0.000000238,"avg":0.000000183,"var":0.000000000,"sum":0.000005484}},"set_input":{"duration":{"num":30,"min":0.000000238,"max":0.000000715,"avg":0.000000374,"var":0.000000000,"sum":0.000011206},"relative_timestamp_from_iforward_start":{"num":30,"min":0.000000477,"max":0.000002623,"avg":0.000000795,"var":0.000000000,"sum":0.000023842}},"get_output":{"duration":{"num":30,"min":0.000013113,"max":0.000134706,"avg":0.000025892,"var":0.000000037,"sum":0.000776768},"relative_timestamp_from_wait_end":{"num":30,"min":0.000000000.0,"max":0.000000954,"avg":0.000000246,"var":0.000000000,"sum":0.000007391}}}},"target":{"received from ofi+cxi://0x23ed0000":{"handler":{"duration":{"num":10,"min":0.000000715,"max":0.000005007,"avg":0.000001407,"var":0.000000000,"sum":0.000014067}},"ult":{"duration":{"num":10,"min":0.004609108,"max":0.021967411,"avg":0.010204506,"var":0.000239765,"sum":0.102045059},"relative_timestamp_from_handler_start":{"num":10,"min":0.000000954,"max":0.000028372,"avg":0.000004315,"var":0.000000001,"sum":0.000043154}},"irespond":{"duration":{"num":10,"min":0.000092745,"max":0.000152111,"avg":0.000138116,"var":0.000000002,"sum":0.001381159},"relative_timestamp_from_ult_start":{"num":10,"min":0.004169703,"max":0.021769762,"avg":0.009978318,"var":0.000242693,"sum":0.099783182}},"respond_cb":{"duration":{"num":10,"min":0.000000000.0,"max":0.000000238,"avg":0.000000119,"var":0.000000000,"sum":0.000001192},"relative_timestamp_from_irespond_start":{"num":10,"min":0.000153542,"max":0.000435829,"avg":0.000225067,"var":0.000000057,"sum":0.002250671}},"irespond_wait":{"duration":{"num":10,"min":0.000052452,"max":0.000288725,"avg":0.000087214,"var":0.000000051,"sum":0.000872135},"relative_timestamp_from_irespond_end":{"num":10,"min":0.000000238,"max":0.000000477,"avg":0.000000358,"var":0.000000000,"sum":0.000003576}},"set_output":{"duration":{"num":10,"min":0.000076532,"max":0.000131607,"avg":0.000121188,"var":0.000000002,"sum":0.001211882},"relative_timestamp_from_irespond_start":{"num":10,"min":0.000000000.0,"max":0.000000477,"avg":0.000000191,"var":0.000000000,"sum":0.000001907}},"get_input":{"duration":{"num":10,"min":0.000000000.0,"max":0.000000477,"avg":0.000000262,"var":0.000000000,"sum":0.000002623},"relative_timestamp_from_ult_start":{"num":10,"min":0.000000000.0,"max":0.000000715,"avg":0.000000262,"var":0.000000000,"sum":0.000002623}}},"received from ofi+cxi://0x23ef6200":{"handler":{"duration":{"num":10,"min":0.000000715,"max":0.001837492,"avg":0.000184488,"var":0.000003036,"sum":0.001844883}},"ult":{"duration":{"num":10,"min":0.001801729,"max":0.022226572,"avg":0.009881163,"var":0.000330176,"sum":0.098811626},"relative_timestamp_from_handler_start":{"num":10,"min":0.000000954,"max":0.001839161,"avg":0.000184965,"var":0.000003040,"sum":0.001849651}},"irespond":{"duration":{"num":10,"min":0.000090837,"max":0.000160694,"avg":0.000130415,"var":0.000000007,"sum":0.001304150},"relative_timestamp_from_ult_start":{"num":10,"min":0.001446247,"max":0.022028446,"avg":0.009670258,"var":0.000332886,"sum":0.096702576}},"respond_cb":{"duration":{"num":10,"min":0.000000000.0,"max":0.000000238,"avg":0.000000119,