{"address":"","progress_loop":{"progress_with_timeout":{"num":1163,"min":0.000000954,"max":0.104009151,"avg":0.103143208,"var":0.099659673,"sum":119.955551147},"progress_timeout_value_msec":{"num":1163,"min":100.000000000.0,"max":100.000000000.0,"avg":100.000000000.0,"var":0.000000000.0,"sum":116300.000000000.0},"progress_without_timeout":{"num":67532685,"min":0.000000000.0,"max":0.022494793,"avg":0.000000115,"var":0.004938681,"sum":7.785688639},"trigger":{"num":52,"min":0.000000238,"max":0.000037432,"avg":0.000002714,"var":0.000000002,"sum":0.000141144}},"rpcs":{"65535:65535:14048217247822970879:0":{"rpc_id":-4398526825886580737,"provider_id":0,"parent_rpc_id":65535,"parent_provider_id":65535,"name":"get_file_data","origin":{"sent to ofi+cxi://0x23ef4600":{"iforward":{"duration":{"num":10,"min":0.000002623,"max":0.000027895,"avg":0.000005436,"var":0.000000001,"sum":0.000054359},"relative_timestamp_from_create":{"num":10,"min":0.000000000.0,"max":0.000003338,"avg":0.000000596,"var":0.000000000,"sum":0.000005960}},"forward_cb":{"duration":{"num":10,"min":0.000000238,"max":0.000000715,"avg":0.000000381,"var":0.000000000,"sum":0.000003815},"relative_timestamp_from_iforward_start":{"num":10,"min":0.902407646,"max":2.145413637,"avg":1.963432288,"var":1.266261078,"sum":19.634322882}},"iforward_wait":{"duration":{"num":10,"min":0.902595997,"max":2.145610332,"avg":1.963629556,"var":1.266279924,"sum":19.636295557},"relative_timestamp_from_iforward_end":{"num":10,"min":0.000000000.0,"max":0.000000238,"avg":0.000000095,"var":0.000000000,"sum":0.000000954}},"set_input":{"duration":{"num":10,"min":0.000000238,"max":0.000004053,"avg":0.000000715,"var":0.000000000,"sum":0.000007153},"relative_timestamp_from_iforward_start":{"num":10,"min":0.000001669,"max":0.000017405,"avg":0.000003672,"var":0.000000000,"sum":0.000036716}},"get_output":{"duration":{"num":10,"min":0.023027182,"max":0.024677753,"avg":0.023757577,"var":0.000003231,"sum":0.237575769},"relative_timestamp_from_wait_end":{"num":10,"min":0.000000238,"max":0.000000715,"avg":0.000000453,"var":0.000000000,"sum":0.000004530}}}},"target":{"received from ofi+cxi://0x23ef4600":{"handler":{"duration":{"num":10,"min":0.000000715,"max":0.000006199,"avg":0.000001407,"var":0.000000000,"sum":0.000014067}},"ult":{"duration":{"num":10,"min":0.902569532,"max":2.145601034,"avg":1.963621831,"var":1.266323549,"sum":19.636218309},"relative_timestamp_from_handler_start":{"num":10,"min":0.000001431,"max":0.000012875,"avg":0.000002670,"var":0.000000000,"sum":0.000026703}},"irespond":{"duration":{"num":10,"min":0.027269840,"max":0.028251410,"avg":0.027801228,"var":0.000001276,"sum":0.278012276},"relative_timestamp_from_ult_start":{"num":10,"min":0.874642372,"max":2.117147446,"avg":1.935616493,"var":1.265932212,"sum":19.356164932}},"respond_cb":{"duration":{"num":10,"min":0.000000000.0,"max":0.000000238,"avg":0.000000143,"var":0.000000000,"sum":0.000001431},"relative_timestamp_from_irespond_start":{"num":10,"min":0.027271748,"max":0.028253794,"avg":0.027803445,"var":0.000001276,"sum":0.278034449}},"irespond_wait":{"duration":{"num":10,"min":0.000002623,"max":0.000004292,"avg":0.000003386,"var":0.000000000,"sum":0.000033855},"relative_timestamp_from_irespond_end":{"num":10,"min":0.000000000.0,"max":0.000000238,"avg":0.000000215,"var":0.000000000,"sum":0.000002146}},"set_output":{"duration":{"num":10,"min":0.026572943,"max":0.027549982,"avg":0.027098823,"var":0.000001271,"sum":0.270988226},"relative_timestamp_from_irespond_start":{"num":10,"min":0.000000238,"max":0.000001431,"avg":0.000000429,"var":0.000000000,"sum":0.000004292}},"get_input":{"duration":{"num":10,"min":0.000000238,"max":0.000001669,"avg":0.000000429,"var":0.000000000,"sum":0.000004292},"relative_timestamp_from_ult_start":{"num":10,"min":0.000000238,"max":0.000003338,"avg":0.000000715,"var":0.000000000,"sum":0.000007153}}}}},"14048217247822970879:0:14048217247822970879:0":{"rpc_id":-4398526825886580737,"provider_id":0,"parent_rpc_id":-4398526825886580737,"parent_provider_id":0,"name":"get_file_data","origin":{"sent to ofi+cxi://0x23eb6200":{"iforward":{"duration":{"num":10,"min":0.000013113,"max":0.000032425,"avg":0.000016284,"var":0.000000000,"sum":0.000162840},"relative_timestamp_from_create":{"num":10,"min":0.000000000.0,"max":0.000000477,"avg":0.000000143,"var":0.000000000,"sum":0.000001431}},"forward_cb":{"duration":{"num":10,"min":0.000000000.0,"max":0.000027418,"avg":0.000003123,"var":0.000000001,"sum":0.000031233},"relative_timestamp_from_iforward_start":{"num":10,"min":0.847532511,"max":2.089231014,"avg":1.907773209,"var":1.264101604,"sum":19.077732086}},"iforward_wait":{"duration":{"num":10,"min":0.847506762,"max":2.089217424,"avg":1.907761312,"var":1.264130763,"sum":19.077613115},"relative_timestamp_from_iforward_end":{"num":10,"min":0.000000000.0,"max":0.000000238,"avg":0.000000167,"var":0.000000000,"sum":0.000001669}},"set_input":{"duration":{"num":10,"min":0.000000238,"max":0.000000477,"avg":0.000000310,"var":0.000000000,"sum":0.000003099},"relative_timestamp_from_iforward_start":{"num":10,"min":0.000000477,"max":0.000001907,"avg":0.000000858,"var":0.000000000,"sum":0.000008583}},"get_output":{"duration":{"num":10,"min":0.026975155,"max":0.028443575,"avg":0.027797651,"var":0.000001567,"sum":0.277976513},"relative_timestamp_from_wait_end":{"num":10,"min":0.000000477,"max":0.000001669,"avg":0.000000739,"var":0.000000000,"sum":0.000007391}}}}},"65535:65535:8686831390660034559:65535":{"rpc_id":8686831390660034559,"provider_id":65535,"parent_rpc_id":65535,"parent_provider_id":65535,"name":"__shutdown__","target":{"received from ofi+cxi://0x23e70601":{"handler":{"duration":{"num":1,"min":0.000025034,"max":0.000025034,"avg":0.000025034,"var":0.000000000.0,"sum":0.000025034}},"ult":{"duration":{"num":1,"min":0.000017881,"max":0.000017881,"avg":0.000017881,"var":0.000000000.0,"sum":0.000017881},"relative_timestamp_from_handler_start":{"num":1,"min":0.000029325,"max":0.000029325,"avg":0.000029325,"var":0.000000000.0,"sum":0.000029325}},"irespond":{"duration":{"num":1,"min":0.000007868,"max":0.000007868,"avg":0.000007868,"var":0.000000000.0,"sum":0.000007868},"relative_timestamp_from_ult_start":{"num":1,"min":0.000001192,"max":0.000001192,"avg":0.000001192,"var":0.000000000.0,"sum":0.000001192}},"respond_cb":{"duration":{"num":1,"min":0.000000715,"max":0.000000715,"avg":0.000000715,"var":0.000000000.0,"sum":0.000000715},"relative_timestamp_from_irespond_start":{"num":1,"min":0.000013828,"max":0.000013828,"avg":0.000013828,"var":0.000000000.0,"sum":0.000013828}},"irespond_wait":{"duration":{"num":1,"min":0.000006676,"max":0.000006676,"avg":0.000006676,"var":0.000000000.0,"sum":0.000006676},"relative_timestamp_from_irespond_end":{"num":1,"min":0.000000238,"max":0.000000238,"avg":0.000000238,"var":0.000000000.0,"sum":0.000000238}},"set_output":{"duration":{"num":1,"min":0.000000715,"max":0.000000715,"avg":0.000000715,"var":0.000000000.0,"sum":0.000000715},"relative_timestamp_from_irespond_start":{"num":1,"min":0.000000954,"max":0.000000954,"avg":0.000000954,"var":0.000000000.0,"sum":0.000000954}},"get_input":{"duration":{"num":0,"min":0.000000000.0,"max":0.000000000.0,"avg":0.000000000.0,"var":0.000000000.0,"sum":0.000000000.0},"relative_timestamp_from_ult_start":{"num":0,"min":0.000000000.0,"max":0.000000000.0,"avg":0.000000000.0,"var":0.000000000.0,"sum":0.000000000.0}}}}}}}