{"address":"","rpcs":{"get_file_data:0":{"timestamps":[1717914596.902958632,1717914597.935918570,1717914598.975917101,1717914600.015919209,1717914601.055916548,1717914602.095915794,1717914603.135915041,1717914604.175914764,1717914605.215915680,1717914606.255919695,1717914607.295915604,1717914608.335915327,1717914609.375916481,1717914610.415915012,1717914611.455914736,1717914612.495915174,1717914613.535914660,1717914614.575915337,1717914615.615915298,1717914616.655914545,1717914617.695915699,1717914618.735916853,1717914619.775915146,1717914620.815919638,1717914621.855914593,1717914622.895916462,1717914623.935915470,1717914624.975915194,1717914626.015915155,1717914627.055914640,1717914628.095916986,1717914629.135915279,1717914630.175915480,1717914631.215918541,1717914632.255915165,1717914633.295916557,1717914634.335916281,1717914635.375916004,1717914636.415915251,1717914637.455915451,1717914638.495915413,1717914639.531914711,1717914640.571915627,1717914641.611915827,1717914642.651916742,1717914643.691915751,1717914644.731920004,1717914645.771916628,1717914646.811914682,1717914647.851914644,1717914648.891920328,1717914649.931914568,1717914650.971914768,1717914652.011915684,1717914653.051914930,1717914654.091917038,1717914655.131916523,1717914656.171920300,1717914657.211916685,1717914658.251914501,1717914659.291914701,1717914660.331916332,1717914661.371915817,1717914662.411916494,1717914663.451915741,1717914664.491917133,1717914665.531916380,1717914666.571915150,1717914667.611916542,1717914668.651915312,1717914669.691915989,1717914670.731914759,1717914671.771915197,1717914672.811914682,1717914673.851914883,1717914674.891916275,1717914675.931914806,1717914676.971919298,1717914678.011916876,1717914679.051914930,1717914680.091916323,1717914681.131915808,1717914682.171916485,1717914683.211916447,1717914684.251915693,1717914685.291917086,1717914686.331917048,1717914687.371915102,1717914688.411916494,1717914689.451915264,1717914690.491915941,1717914691.531915188,1717914692.571916342,1717914693.611915112,1717914694.651915789,1717914695.691916466,1717914696.731915712,1717914697.771914482,1717914698.811917305,1717914699.851914644,1717914700.891916275,1717914701.931914806,1717914702.971915245,1717914704.011915445,1717914705.051916838,1717914706.091915846,1717914706.808079958],"count":[1,9,0,0,0,0,0,0,0,0,0,0,0,0,0,0,0,0,0,0,0,0,0,0,0,0,0,0,0,0,0,0,0,0,0,0,0,0,0,0,0,0,0,0,0,0,0,0,0,0,0,0,0,0,0,0,0,0,0,0,0,0,0,0,0,0,0,0,0,0,0,0,0,0,0,0,0,0,0,0,0,0,0,0,0,0,0,0,0,0,0,0,0,0,0,0,0,0,0,0,0,0,0,0,0,0,0],"bulk_size":[0,0,0,0,0,0,0,0,0,0,0,0,0,0,0,0,0,0,0,0,0,0,0,0,0,0,0,0,0,0,0,0,0,0,0,0,0,0,0,0,0,0,0,0,0,0,0,0,0,0,0,0,0,0,0,0,0,0,0,0,0,0,0,0,0,0,0,0,0,0,0,0,0,0,0,0,0,0,0,0,0,0,0,0,0,0,0,0,0,0,0,0,0,0,0,0,0,0,0,0,0,0,0,0,0,0,0]},"__shutdown__:65535":{"timestamps":[1717914706.808079958],"count":[1],"bulk_size":[0]}},"pools":{"__primary__":{"timestamps":[1717914596.902958632,1717914597.935918570,1717914598.975917101,1717914600.015919209,1717914601.055916548,1717914602.095915794,1717914603.135915041,1717914604.175914764,1717914605.215915680,1717914606.255919695,1717914607.295915604,1717914608.335915327,1717914609.375916481,1717914610.415915012,1717914611.455914736,1717914612.495915174,1717914613.535914660,1717914614.575915337,1717914615.615915298,1717914616.655914545,1717914617.695915699,1717914618.735916853,1717914619.775915146,1717914620.815919638,1717914621.855914593,1717914622.895916462,1717914623.935915470,1717914624.975915194,1717914626.015915155,1717914627.055914640,1717914628.095916986,1717914629.135915279,1717914630.175915480,1717914631.215918541,1717914632.255915165,1717914633.295916557,1717914634.335916281,1717914635.375916004,1717914636.415915251,1717914637.455915451,1717914638.495915413,1717914639.531914711,1717914640.571915627,1717914641.611915827,1717914642.651916742,1717914643.691915751,1717914644.731920004,1717914645.771916628,1717914646.811914682,1717914647.851914644,1717914648.891920328,1717914649.931914568,1717914650.971914768,1717914652.011915684,1717914653.051914930,1717914654.091917038,1717914655.131916523,1717914656.171920300,1717914657.211916685,1717914658.251914501,1717914659.291914701,1717914660.331916332,1717914661.371915817,1717914662.411916494,1717914663.451915741,1717914664.491917133,1717914665.531916380,1717914666.571915150,1717914667.611916542,1717914668.651915312,1717914669.691915989,1717914670.731914759,1717914671.771915197,1717914672.811914682,1717914673.851914883,1717914674.891916275,1717914675.931914806,1717914676.971919298,1717914678.011916876,1717914679.051914930,1717914680.091916323,1717914681.131915808,1717914682.171916485,1717914683.211916447,1717914684.251915693,1717914685.291917086,1717914686.331917048,1717914687.371915102,1717914688.411916494,1717914689.451915264,1717914690.491915941,1717914691.531915188,1717914692.571916342,1717914693.611915112,1717914694.651915789,1717914695.691916466,1717914696.731915712,1717914697.771914482,1717914698.811917305,1717914699.851914644,1717914700.891916275,1717914701.931914806,1717914702.971915245,1717914704.011915445,1717914705.051916838,1717914706.091915846,1717914706.808079958],"size":[0,0,0,0,0,0,0,0,0,0,0,0,0,0,0,0,0,0,0,0,0,0,0,0,0,0,0,0,0,0,0,0,0,0,0,0,0,0,0,0,0,0,0,0,0,0,0,0,0,0,0,0,0,0,0,0,0,0,0,0,0,0,0,0,0,0,0,0,0,0,0,0,0,0,0,0,0,0,0,0,0,0,0,0,0,0,0,0,0,0,0,0,0,0,0,0,0,0,0,0,0,0,0,0,0,0,0],"total_size":[2,1,1,1,1,1,1,1,1,1,1,1,1,1,1,1,1,1,1,1,1,1,1,1,1,1,1,1,1,1,1,1,1,1,1,1,1,1,1,1,1,1,1,1,1,1,1,1,1,1,1,1,1,1,1,1,1,1,1,1,1,1,1,1,1,1,1,1,1,1,1,1,1,1,1,1,1,1,1,1,1,1,1,1,1,1,1,1,1,1,1,1,1,1,1,1,1,1,1,1,1,1,1,1,1,1,0]}}}