{"address":"","rpcs":{"get_file_data:0":{"timestamps":[1717912861.026140690,1717912862.068534136,1717912863.108535528,1717912864.148533821,1717912865.188534737,1717912866.228533506,1717912867.268534899,1717912868.308534622,1717912869.348535776,1717912870.388533831,1717912871.428534269,1717912872.468533516,1717912873.508534908,1717912874.548534632,1717912875.588535070,1717912876.628533602,1717912877.668533564,1717912878.708534718,1717912879.748535156,1717912880.788537741,1717912881.828535318,1717912882.868534803,1717912883.908535004,1717912884.948535204,1717912885.988535881,1717912887.028535843,1717912888.068534374,1717912889.108534098,1717912890.148533583,1717912891.188534260,1717912892.228535414,1717912893.268535376,1717912894.308534861,1717912895.348536253,1717912896.388535500,1717912897.428535461,1717912898.468537092,1717912899.508534431,1717912900.548534393,1717912901.588535786,1717912902.628535509,1717912903.668535233,1717912904.708536386,1717912905.748533726,1717912906.788535357,1717912907.828534842,1717912908.868534803,1717912909.908534527,1717912910.948535442,1717912911.988535166,1717912913.028535843,1717912914.068534136,1717912915.108534098,1717912916.148534298,1717912917.188534975,1717912918.228533745,1717912919.268535852,1717912920.308533430,1717912921.348533630,1717912922.388537169,1717912923.428535461,1717912924.468534708,1717912925.508535385,1717912926.548535824,1717912927.588534117,1717912928.628534555,1717912929.668533564,1717912930.708534002,1717912931.748535633,1717912932.788534880,1717912933.828533649,1717912934.868539333,1717912935.908534288,1717912936.948537111,1717912937.988535881,1717912939.028535128,1717912940.068533182,1717912941.108536959,1717912942.148534536,1717912943.188536406,1717912944.228534937,1717912945.268534660,1717912946.308534622,1717912947.348534822,1717912948.388533592,1717912949.428534746,1717912950.468536377,1717912950.923747778],"count":[1,29,0,0,0,0,0,0,0,0,0,0,0,0,0,0,0,0,0,0,0,0,0,0,0,0,0,0,0,0,0,0,0,0,0,0,0,0,0,0,0,0,0,0,0,0,0,0,0,0,0,0,0,0,0,0,0,0,0,0,0,0,0,0,0,0,0,0,0,0,0,0,0,0,0,0,0,0,0,0,0,0,0,0,0,0,0,0],"bulk_size":[0,0,0,0,0,0,0,0,0,0,0,0,0,0,0,0,0,0,0,0,0,0,0,0,0,0,0,0,0,0,0,0,0,0,0,0,0,0,0,0,0,0,0,0,0,0,0,0,0,0,0,0,0,0,0,0,0,0,0,0,0,0,0,0,0,0,0,0,0,0,0,0,0,0,0,0,0,0,0,0,0,0,0,0,0,0,0,0]},"__shutdown__:65535":{"timestamps":[1717912950.923747778],"count":[1],"bulk_size":[0]}},"pools":{"__primary__":{"timestamps":[1717912861.026140690,1717912862.068534136,1717912863.108535528,1717912864.148533821,1717912865.188534737,1717912866.228533506,1717912867.268534899,1717912868.308534622,1717912869.348535776,1717912870.388533831,1717912871.428534269,1717912872.468533516,1717912873.508534908,1717912874.548534632,1717912875.588535070,1717912876.628533602,1717912877.668533564,1717912878.708534718,1717912879.748535156,1717912880.788537741,1717912881.828535318,1717912882.868534803,1717912883.908535004,1717912884.948535204,1717912885.988535881,1717912887.028535843,1717912888.068534374,1717912889.108534098,1717912890.148533583,1717912891.188534260,1717912892.228535414,1717912893.268535376,1717912894.308534861,1717912895.348536253,1717912896.388535500,1717912897.428535461,1717912898.468537092,1717912899.508534431,1717912900.548534393,1717912901.588535786,1717912902.628535509,1717912903.668535233,1717912904.708536386,1717912905.748533726,1717912906.788535357,1717912907.828534842,1717912908.868534803,1717912909.908534527,1717912910.948535442,1717912911.988535166,1717912913.028535843,1717912914.068534136,1717912915.108534098,1717912916.148534298,1717912917.188534975,1717912918.228533745,1717912919.268535852,1717912920.308533430,1717912921.348533630,1717912922.388537169,1717912923.428535461,1717912924.468534708,1717912925.508535385,1717912926.548535824,1717912927.588534117,1717912928.628534555,1717912929.668533564,1717912930.708534002,1717912931.748535633,1717912932.788534880,1717912933.828533649,1717912934.868539333,1717912935.908534288,1717912936.948537111,1717912937.988535881,1717912939.028535128,1717912940.068533182,1717912941.108536959,1717912942.148534536,1717912943.188536406,1717912944.228534937,1717912945.268534660,1717912946.308534622,1717912947.348534822,1717912948.388533592,1717912949.428534746,1717912950.468536377,1717912950.923747778],"size":[0,0,0,0,0,0,0,0,0,0,0,0,0,0,0,0,0,0,0,0,0,0,0,0,0,0,0,0,0,0,0,0,0,0,0,0,0,0,0,0,0,0,0,0,0,0,0,0,0,0,0,0,0,0,0,0,0,0,0,0,0,0,0,0,0,0,0,0,0,0,0,0,0,0,0,0,0,0,0,0,0,0,0,0,0,0,0,0],"total_size":[2,1,1,1,1,1,1,1,1,1,1,1,1,1,1,1,1,1,1,1,1,1,1,1,1,1,1,1,1,1,1,1,1,1,1,1,1,1,1,1,1,1,1,1,1,1,1,1,1,1,1,1,1,1,1,1,1,1,1,1,1,1,1,1,1,1,1,1,1,1,1,1,1,1,1,1,1,1,1,1,1,1,1,1,1,1,1,0]}}}