{"address":"","progress_loop":{"progress_with_timeout":{"num":870,"min":0.000012398,"max":0.104005814,"avg":0.103231758,"var":0.065945491,"sum":89.811629772},"progress_timeout_value_msec":{"num":870,"min":100.000000000.0,"max":100.000000000.0,"avg":100.000000000.0,"var":0.000000000.0,"sum":87000.000000000.0},"progress_without_timeout":{"num":313,"min":0.000000000.0,"max":0.000024557,"avg":0.000000904,"var":0.000000002,"sum":0.000283003},"trigger":{"num":462,"min":0.000000000.0,"max":0.003048897,"avg":0.000022551,"var":0.000026123,"sum":0.010418415}},"rpcs":{"65535:65535:14048217247822970879:0":{"rpc_id":-4398526825886580737,"provider_id":0,"parent_rpc_id":65535,"parent_provider_id":65535,"name":"get_file_data","origin":{"sent to ofi+cxi://0x23ef4200":{"iforward":{"duration":{"num":10,"min":0.000000477,"max":0.000028133,"avg":0.000003457,"var":0.000000001,"sum":0.000034571},"relative_timestamp_from_create":{"num":10,"min":0.000000000.0,"max":0.000003815,"avg":0.000000429,"var":0.000000000,"sum":0.000004292}},"forward_cb":{"duration":{"num":10,"min":0.000000000.0,"max":0.000000238,"avg":0.000000119,"var":0.000000000,"sum":0.000001192},"relative_timestamp_from_iforward_start":{"num":10,"min":0.000073671,"max":0.010714531,"avg":0.001173282,"var":0.000101166,"sum":0.011732817}},"iforward_wait":{"duration":{"num":10,"min":0.000090122,"max":0.010808229,"avg":0.001206756,"var":0.000102471,"sum":0.012067556},"relative_timestamp_from_iforward_end":{"num":10,"min":0.000000000.0,"max":0.000000238,"avg":0.000000072,"var":0.000000000,"sum":0.000000715}},"set_input":{"duration":{"num":10,"min":0.000000000.0,"max":0.000004530,"avg":0.000000644,"var":0.000000000,"sum":0.000006437},"relative_timestamp_from_iforward_start":{"num":10,"min":0.000000238,"max":0.000017405,"avg":0.000002146,"var":0.000000000,"sum":0.000021458}},"get_output":{"duration":{"num":10,"min":0.000000000.0,"max":0.000000238,"avg":0.000000095,"var":0.000000000,"sum":0.000000954},"relative_timestamp_from_wait_end":{"num":10,"min":0.000000000.0,"max":0.000000238,"avg":0.000000167,"var":0.000000000,"sum":0.000001669}}}},"target":{"received from ofi+cxi://0x23ef4200":{"handler":{"duration":{"num":10,"min":0.000000238,"max":0.000006199,"avg":0.000000978,"var":0.000000000,"sum":0.000009775}},"ult":{"duration":{"num":10,"min":0.000064135,"max":0.010664701,"avg":0.001156473,"var":0.000100462,"sum":0.011564732},"relative_timestamp_from_handler_start":{"num":10,"min":0.000003099,"max":0.000025749,"avg":0.000007391,"var":0.000000000,"sum":0.000073910}},"irespond":{"duration":{"num":10,"min":0.000000238,"max":0.000002623,"avg":0.000000620,"var":0.000000000,"sum":0.000006199},"relative_timestamp_from_ult_start":{"num":10,"min":0.000054836,"max":0.010589361,"avg":0.001134872,"var":0.000099327,"sum":0.011348724}},"respond_cb":{"duration":{"num":10,"min":0.000000000.0,"max":0.000000238,"avg":0.000000119,"var":0.000000000,"sum":0.000001192},"relative_timestamp_from_irespond_start":{"num":10,"min":0.000006437,"max":0.000066280,"avg":0.000017858,"var":0.000000003,"sum":0.000178576}},"irespond_wait":{"duration":{"num":10,"min":0.000008821,"max":0.000071287,"avg":0.000020647,"var":0.000000003,"sum":0.000206470},"relative_timestamp_from_irespond_end":{"num":10,"min":0.000000000.0,"max":0.000000238,"avg":0.000000048,"var":0.000000000,"sum":0.000000477}},"set_output":{"duration":{"num":10,"min":0.000000000.0,"max":0.000001192,"avg":0.000000381,"var":0.000000000,"sum":0.000003815},"relative_timestamp_from_irespond_start":{"num":10,"min":0.000000000.0,"max":0.000000715,"avg":0.000000095,"var":0.000000000,"sum":0.000000954}},"get_input":{"duration":{"num":10,"min":0.000000000.0,"max":0.000002146,"avg":0.000000334,"var":0.000000000,"sum":0.000003338},"relative_timestamp_from_ult_start":{"num":10,"min":0.000000000.0,"max":0.000002861,"avg":0.000000429,"var":0.000000000,"sum":0.000004292}}}}},"14048217247822970879:0:14048217247822970879:0":{"rpc_id":-4398526825886580737,"provider_id":0,"parent_rpc_id":-4398526825886580737,"parent_provider_id":0,"name":"get_file_data","origin":{"sent to ofi+cxi://0x23e70400":{"iforward":{"duration":{"num":150,"min":0.000000954,"max":0.000032425,"avg":0.000003053,"var":0.000000002,"sum":0.000458002},"relative_timestamp_from_create":{"num":150,"min":0.000000000.0,"max":0.000000238,"avg":0.000000075,"var":0.000000000,"sum":0.000011206}},"forward_cb":{"duration":{"num":150,"min":0.000000000.0,"max":0.000001669,"avg":0.000000145,"var":0.000000000,"sum":0.000021696},"relative_timestamp_from_iforward_start":{"num":150,"min":0.000010014,"max":0.007963657,"avg":0.000351744,"var":0.000147689,"sum":0.052761555}},"iforward_wait":{"duration":{"num":150,"min":0.000008821,"max":0.010478735,"avg":0.000393027,"var":0.000193546,"sum":0.058954000},"relative_timestamp_from_iforward_end":{"num":150,"min":0.000000000.0,"max":0.000000477,"avg":0.000000207,"var":0.000000000,"sum":0.000030994}},"set_input":{"duration":{"num":150,"min":0.000000000.0,"max":0.000000715,"avg":0.000000145,"var":0.000000000,"sum":0.000021696},"relative_timestamp_from_iforward_start":{"num":150,"min":0.000000238,"max":0.000002146,"avg":0.000000469,"var":0.000000000,"sum":0.000070333}},"get_output":{"duration":{"num":150,"min":0.000000000.0,"max":0.000002623,"avg":0.000000248,"var":0.000000000,"sum":0.000037193},"relative_timestamp_from_wait_end":{"num":150,"min":0.000000000.0,"max":0.000000954,"avg":0.000000156,"var":0.000000000,"sum":0.000023365}}}},"target":{"received from ofi+cxi://0x23e92000":{"handler":{"duration":{"num":70,"min":0.000000238,"max":0.003047943,"avg":0.000073212,"var":0.000013077,"sum":0.005124807}},"ult":{"duration":{"num":70,"min":0.000020266,"max":0.003124237,"avg":0.000467747,"var":0.000056802,"sum":0.032742262},"relative_timestamp_from_handler_start":{"num":70,"min":0.000000477,"max":0.007702112,"avg":0.000563652,"var":0.000225682,"sum":0.039455652}},"irespond":{"duration":{"num":70,"min":0.000000477,"max":0.000015497,"avg":0.000001740,"var":0.000000001,"sum":0.000121832},"relative_timestamp_from_ult_start":{"num":70,"min":0.000014067,"max":0.002849579,"avg":0.000380642,"var":0.000049451,"sum":0.026644945}},"respond_cb":{"duration":{"num":70,"min":0.000000000.0,"max":0.000000238,"avg":0.000000092,"var":0.000000000,"sum":0.000006437},"relative_timestamp_from_irespond_start":{"num":70,"min":0.000004530,"max":0.001365185,"avg":0.000061761,"var":0.000001872,"sum":0.004323244}},"irespond_wait":{"duration":{"num":70,"min":0.000004053,"max":0.001369476,"avg":0.000084887,"var":0.000001927,"sum":0.005942106},"relative_timestamp_from_irespond_end":{"num":70,"min":0.000000000.0,"max":0.000000477,"avg":0.000000191,"var":0.000000000,"sum":0.000013351}},"set_output":{"duration":{"num":70,"min":0.000000000.0,"max":0.000000715,"avg":0.000000232,"var":0.000000000,"sum":0.000016212},"relative_timestamp_from_irespond_start":{"num":70,"min":0.000000000.0,"max":0.000000238,"avg":0.000000109,"var":0.000000000,"sum":0.000007629}},"get_input":{"duration":{"num":70,"min":0.000000000.0,"max":0.000001192,"avg":0.000000187,"var":0.000000000,"sum":0.000013113},"relative_timestamp_from_ult_start":{"num":70,"min":0.000000000.0,"max":0.000000954,"avg":0.000000201,"var":0.000000000,"sum":0.000014067}}},"received from ofi+cxi://0x23ed6600":{"handler":{"duration":{"num":70,"min":0.000000238,"max":0.002538443,"avg":0.000072956,"var":0.000012510,"sum":0.005106926}},"ult":{"duration":{"num":70,"min":0.000019312,"max":0.002993584,"avg":0.000397655,"var":0.000046741,"sum":0.027835846},"relative_timestamp_from_handler_start":{"num":70,"min":0.000000477,"max":0.002724886,"avg":0.000213013,"var":0.000032773,"sum":0.014910936}},"irespond":{"duration":{"num":70,"min":0.000000477,"max":0.000008583,"avg":0.000001328,"var":0.000000000,"sum":0.000092983},"relative_timestamp_from_ult_start":{"num":70,"min":0.000013828,"max":0.002793312,"avg":0.000320612,"var":0.000041764,"sum":0.022442818}},"respond_cb":{"duration":{"num":70,"min":0.000000000.0,"max":0.000000477,