{"address":"","rpcs":{"get_file_data:0":{"timestamps":[1717912514.734333992,1717912515.776102543,1717912516.816102982,1717912517.856101274,1717912518.896101475,1717912519.936101198,1717912520.976102591,1717912522.016100645,1717912523.056102753,1717912524.096101999,1717912525.136100531,1717912526.176100969,1717912527.216100693,1717912528.256101131,1717912529.296102285,1717912530.336103678,1717912531.376101017,1717912532.416101217,1717912533.456101179,1717912534.496102095,1717912535.536102057,1717912536.576101780,1717912537.616101503,1717912538.656100750,1717912539.696102858,1717912540.736101389,1717912541.776101112,1717912542.816101074,1717912543.856101513,1717912544.896100998,1717912545.936101675,1717912546.976101160,1717912548.016101122,1717912549.056101799,1717912550.096102238,1717912551.136101484,1717912552.176100969,1717912553.216102123,1717912554.256101131,1717912555.296101809,1717912556.336102247,1717912557.376101732,1717912558.416101456,1717912559.456101418,1717912560.496102571,1717912561.536101341,1717912562.576102018,1717912563.616101265,1717912564.656101227,1717912565.696100712,1717912566.736102343,1717912567.776101112,1717912568.816101313,1717912569.856103420,1717912570.896101475,1717912571.936102390,1717912572.976102591,1717912574.016100407,1717912575.056101322,1717912576.096101522,1717912577.136101484,1717912578.176102877,1717912579.216102123,1717912580.256101131,1717912581.296101332,1717912582.336102486,1717912583.376101732,1717912584.416100979,1717912585.456102848,1717912586.496101618,1717912587.536102772,1717912588.572102308,1717912589.612101793,1717912590.652101517,1717912591.692100763,1717912592.732101440,1717912593.772101879,1717912594.812101126,1717912595.852100611,1717912596.892101288,1717912597.932101488,1717912598.972101212,1717912600.012102842,1717912601.052101851,1717912602.092101336,1717912603.132102489,1717912604.172101736,1717912604.602562428],"count":[1,9,0,0,0,0,0,0,0,0,0,0,0,0,0,0,0,0,0,0,0,0,0,0,0,0,0,0,0,0,0,0,0,0,0,0,0,0,0,0,0,0,0,0,0,0,0,0,0,0,0,0,0,0,0,0,0,0,0,0,0,0,0,0,0,0,0,0,0,0,0,0,0,0,0,0,0,0,0,0,0,0,0,0,0,0,0,0],"bulk_size":[0,0,0,0,0,0,0,0,0,0,0,0,0,0,0,0,0,0,0,0,0,0,0,0,0,0,0,0,0,0,0,0,0,0,0,0,0,0,0,0,0,0,0,0,0,0,0,0,0,0,0,0,0,0,0,0,0,0,0,0,0,0,0,0,0,0,0,0,0,0,0,0,0,0,0,0,0,0,0,0,0,0,0,0,0,0,0,0]},"__shutdown__:65535":{"timestamps":[1717912604.602562428],"count":[1],"bulk_size":[0]}},"pools":{"__primary__":{"timestamps":[1717912514.734333992,1717912515.776102543,1717912516.816102982,1717912517.856101274,1717912518.896101475,1717912519.936101198,1717912520.976102591,1717912522.016100645,1717912523.056102753,1717912524.096101999,1717912525.136100531,1717912526.176100969,1717912527.216100693,1717912528.256101131,1717912529.296102285,1717912530.336103678,1717912531.376101017,1717912532.416101217,1717912533.456101179,1717912534.496102095,1717912535.536102057,1717912536.576101780,1717912537.616101503,1717912538.656100750,1717912539.696102858,1717912540.736101389,1717912541.776101112,1717912542.816101074,1717912543.856101513,1717912544.896100998,1717912545.936101675,1717912546.976101160,1717912548.016101122,1717912549.056101799,1717912550.096102238,1717912551.136101484,1717912552.176100969,1717912553.216102123,1717912554.256101131,1717912555.296101809,1717912556.336102247,1717912557.376101732,1717912558.416101456,1717912559.456101418,1717912560.496102571,1717912561.536101341,1717912562.576102018,1717912563.616101265,1717912564.656101227,1717912565.696100712,1717912566.736102343,1717912567.776101112,1717912568.816101313,1717912569.856103420,1717912570.896101475,1717912571.936102390,1717912572.976102591,1717912574.016100407,1717912575.056101322,1717912576.096101522,1717912577.136101484,1717912578.176102877,1717912579.216102123,1717912580.256101131,1717912581.296101332,1717912582.336102486,1717912583.376101732,1717912584.416100979,1717912585.456102848,1717912586.496101618,1717912587.536102772,1717912588.572102308,1717912589.612101793,1717912590.652101517,1717912591.692100763,1717912592.732101440,1717912593.772101879,1717912594.812101126,1717912595.852100611,1717912596.892101288,1717912597.932101488,1717912598.972101212,1717912600.012102842,1717912601.052101851,1717912602.092101336,1717912603.132102489,1717912604.172101736,1717912604.602562428],"size":[0,0,0,0,0,0,0,0,0,0,0,0,0,0,0,0,0,0,0,0,0,0,0,0,0,0,0,0,0,0,0,0,0,0,0,0,0,0,0,0,0,0,0,0,0,0,0,0,0,0,0,0,0,0,0,0,0,0,0,0,0,0,0,0,0,0,0,0,0,0,0,0,0,0,0,0,0,0,0,0,0,0,0,0,0,0,0,0],"total_size":[2,1,1,1,1,1,1,1,1,1,1,1,1,1,1,1,1,1,1,1,1,1,1,1,1,1,1,1,1,1,1,1,1,1,1,1,1,1,1,1,1,1,1,1,1,1,1,1,1,1,1,1,1,1,1,1,1,1,1,1,1,1,1,1,1,1,1,1,1,1,1,1,1,1,1,1,1,1,1,1,1,1,1,1,1,1,1,0]}}}