{"address":"","rpcs":{"get_file_data:0":{"timestamps":[1717912630.165117502,1717912631.208534241,1717912632.248534918,1717912633.288534641,1717912634.328536272,1717912635.368534327,1717912636.408535004,1717912637.448536396,1717912638.488534451,1717912639.528535128,1717912640.568533897,1717912641.608534575,1717912642.648533583,1717912643.688535213,1717912644.728534698,1717912645.768535137,1717912646.808535576,1717912647.848534107,1717912648.888534784,1717912649.928534269,1717912650.968535662,1717912652.008533478,1717912653.048533678,1717912654.088534117,1717912655.128536224,1717912656.168534994,1717912657.208534956,1717912658.248534918,1717912659.288536310,1717912660.328535557,1717912661.368536234,1717912662.408534765,1717912663.448535204,1717912664.488533735,1717912665.528535366,1717912666.568535089,1717912667.608538866,1717912668.648535728,1717912669.688536406,1717912670.728535414,1717912671.768534899,1717912672.804534435,1717912673.844535828,1717912674.884534836,1717912675.924534082,1717912676.964537144,1717912678.004534483,1717912679.044534922,1717912680.084534883,1717912681.124534845,1717912682.164534092,1717912683.204534054,1717912684.244534254,1717912685.284534931,1717912686.324534893,1717912687.364534616,1717912688.404535294,1717912689.444534779,1717912690.484534979,1717912691.524534702,1717912692.564534903,1717912693.604536057,1717912694.644535065,1717912695.684534311,1717912696.724533796,1717912697.764533997,1717912698.804535151,1717912699.844534874,1717912700.884534121,1717912701.924537897,1717912702.964535236,1717912704.004537582,1717912705.044534206,1717912706.084533930,1717912707.124535561,1717912708.164535761,1717912709.204534769,1717912710.244534492,1717912711.284533978,1717912712.324534416,1717912713.364535332,1717912714.404536247,1717912715.444534302,1717912716.484536171,1717912717.524533987,1717912718.564534664,1717912719.604534149,1717912720.043517590],"count":[1,29,0,0,0,0,0,0,0,0,0,0,0,0,0,0,0,0,0,0,0,0,0,0,0,0,0,0,0,0,0,0,0,0,0,0,0,0,0,0,0,0,0,0,0,0,0,0,0,0,0,0,0,0,0,0,0,0,0,0,0,0,0,0,0,0,0,0,0,0,0,0,0,0,0,0,0,0,0,0,0,0,0,0,0,0,0,0],"bulk_size":[0,0,0,0,0,0,0,0,0,0,0,0,0,0,0,0,0,0,0,0,0,0,0,0,0,0,0,0,0,0,0,0,0,0,0,0,0,0,0,0,0,0,0,0,0,0,0,0,0,0,0,0,0,0,0,0,0,0,0,0,0,0,0,0,0,0,0,0,0,0,0,0,0,0,0,0,0,0,0,0,0,0,0,0,0,0,0,0]},"__shutdown__:65535":{"timestamps":[1717912720.043517590],"count":[1],"bulk_size":[0]}},"pools":{"__primary__":{"timestamps":[1717912630.165117502,1717912631.208534241,1717912632.248534918,1717912633.288534641,1717912634.328536272,1717912635.368534327,1717912636.408535004,1717912637.448536396,1717912638.488534451,1717912639.528535128,1717912640.568533897,1717912641.608534575,1717912642.648533583,1717912643.688535213,1717912644.728534698,1717912645.768535137,1717912646.808535576,1717912647.848534107,1717912648.888534784,1717912649.928534269,1717912650.968535662,1717912652.008533478,1717912653.048533678,1717912654.088534117,1717912655.128536224,1717912656.168534994,1717912657.208534956,1717912658.248534918,1717912659.288536310,1717912660.328535557,1717912661.368536234,1717912662.408534765,1717912663.448535204,1717912664.488533735,1717912665.528535366,1717912666.568535089,1717912667.608538866,1717912668.648535728,1717912669.688536406,1717912670.728535414,1717912671.768534899,1717912672.804534435,1717912673.844535828,1717912674.884534836,1717912675.924534082,1717912676.964537144,1717912678.004534483,1717912679.044534922,1717912680.084534883,1717912681.124534845,1717912682.164534092,1717912683.204534054,1717912684.244534254,1717912685.284534931,1717912686.324534893,1717912687.364534616,1717912688.404535294,1717912689.444534779,1717912690.484534979,1717912691.524534702,1717912692.564534903,1717912693.604536057,1717912694.644535065,1717912695.684534311,1717912696.724533796,1717912697.764533997,1717912698.804535151,1717912699.844534874,1717912700.884534121,1717912701.924537897,1717912702.964535236,1717912704.004537582,1717912705.044534206,1717912706.084533930,1717912707.124535561,1717912708.164535761,1717912709.204534769,1717912710.244534492,1717912711.284533978,1717912712.324534416,1717912713.364535332,1717912714.404536247,1717912715.444534302,1717912716.484536171,1717912717.524533987,1717912718.564534664,1717912719.604534149,1717912720.043517590],"size":[0,0,0,0,0,0,0,0,0,0,0,0,0,0,0,0,0,0,0,0,0,0,0,0,0,0,0,0,0,0,0,0,0,0,0,0,0,0,0,0,0,0,0,0,0,0,0,0,0,0,0,0,0,0,0,0,0,0,0,0,0,0,0,0,0,0,0,0,0,0,0,0,0,0,0,0,0,0,0,0,0,0,0,0,0,0,0,0],"total_size":[2,1,1,1,1,1,1,1,1,1,1,1,1,1,1,1,1,1,1,1,1,1,1,1,1,1,1,1,1,1,1,1,1,1,1,1,1,1,1,1,1,1,1,1,1,1,1,1,1,1,1,1,1,1,1,1,1,1,1,1,1,1,1,1,1,1,1,1,1,1,1,1,1,1,1,1,1,1,1,1,1,1,1,1,1,1,1,0]}}}