{"address":"","progress_loop":{"progress_with_timeout":{"num":1065,"min":0.000000000.0,"max":0.104005575,"avg":0.103095218,"var":0.096854596,"sum":109.796407461},"progress_timeout_value_msec":{"num":1065,"min":100.000000000.0,"max":100.000000000.0,"avg":100.000000000.0,"var":0.000000000.0,"sum":106500.000000000.0},"progress_without_timeout":{"num":158430,"min":0.000000000.0,"max":0.000070810,"avg":0.000000113,"var":0.000000010,"sum":0.017829657},"trigger":{"num":52,"min":0.000000000.0,"max":0.000028849,"avg":0.000001417,"var":0.000000001,"sum":0.000073671}},"rpcs":{"65535:65535:14048217247822970879:0":{"rpc_id":-4398526825886580737,"provider_id":0,"parent_rpc_id":65535,"parent_provider_id":65535,"name":"get_file_data","origin":{"sent to ofi+cxi://0x23eb0000":{"iforward":{"duration":{"num":10,"min":0.000000715,"max":0.000035286,"avg":0.000004506,"var":0.000000001,"sum":0.000045061},"relative_timestamp_from_create":{"num":10,"min":0.000000000.0,"max":0.000004053,"avg":0.000000453,"var":0.000000000,"sum":0.000004530}},"forward_cb":{"duration":{"num":10,"min":0.000000000.0,"max":0.000000477,"avg":0.000000119,"var":0.000000000,"sum":0.000001192},"relative_timestamp_from_iforward_start":{"num":10,"min":0.000201702,"max":0.025702715,"avg":0.004498625,"var":0.000523086,"sum":0.044986248}},"iforward_wait":{"duration":{"num":10,"min":0.000201702,"max":0.025672674,"avg":0.004495335,"var":0.000521826,"sum":0.044953346},"relative_timestamp_from_iforward_end":{"num":10,"min":0.000000000.0,"max":0.000000238,"avg":0.000000072,"var":0.000000000,"sum":0.000000715}},"set_input":{"duration":{"num":10,"min":0.000000238,"max":0.000004768,"avg":0.000000763,"var":0.000000000,"sum":0.000007629},"relative_timestamp_from_iforward_start":{"num":10,"min":0.000000477,"max":0.000022650,"avg":0.000002789,"var":0.000000000,"sum":0.000027895}},"get_output":{"duration":{"num":10,"min":0.000000477,"max":0.000000954,"avg":0.000000739,"var":0.000000000,"sum":0.000007391},"relative_timestamp_from_wait_end":{"num":10,"min":0.000000000.0,"max":0.000000238,"avg":0.000000119,"var":0.000000000,"sum":0.000001192}}}},"target":{"received from ofi+cxi://0x23eb0000":{"handler":{"duration":{"num":10,"min":0.000000238,"max":0.000007153,"avg":0.000001121,"var":0.000000000,"sum":0.000011206}},"ult":{"duration":{"num":10,"min":0.000200510,"max":0.025641680,"avg":0.004490662,"var":0.000520577,"sum":0.044906616},"relative_timestamp_from_handler_start":{"num":10,"min":0.000000477,"max":0.000015020,"avg":0.000002146,"var":0.000000000,"sum":0.000021458}},"irespond":{"duration":{"num":10,"min":0.000016928,"max":0.000030279,"avg":0.000019288,"var":0.000000000,"sum":0.000192881},"relative_timestamp_from_ult_start":{"num":10,"min":0.000180960,"max":0.025607586,"avg":0.004469776,"var":0.000519966,"sum":0.044697762}},"respond_cb":{"duration":{"num":10,"min":0.000000000.0,"max":0.000000238,"avg":0.000000119,"var":0.000000000,"sum":0.000001192},"relative_timestamp_from_irespond_start":{"num":10,"min":0.000017405,"max":0.000031233,"avg":0.000019813,"var":0.000000000,"sum":0.000198126}},"irespond_wait":{"duration":{"num":10,"min":0.000000954,"max":0.000002146,"avg":0.000001097,"var":0.000000000,"sum":0.000010967},"relative_timestamp_from_irespond_end":{"num":10,"min":0.000000000.0,"max":0.000000238,"avg":0.000000072,"var":0.000000000,"sum":0.000000715}},"set_output":{"duration":{"num":10,"min":0.000009775,"max":0.000017405,"avg":0.000011253,"var":0.000000000,"sum":0.000112534},"relative_timestamp_from_irespond_start":{"num":10,"min":0.000000000.0,"max":0.000000715,"avg":0.000000167,"var":0.000000000,"sum":0.000001669}},"get_input":{"duration":{"num":10,"min":0.000000000.0,"max":0.000002146,"avg":0.000000381,"var":0.000000000,"sum":0.000003815},"relative_timestamp_from_ult_start":{"num":10,"min":0.000000000.0,"max":0.000003099,"avg":0.000000405,"var":0.000000000,"sum":0.000004053}}}}},"14048217247822970879:0:14048217247822970879:0":{"rpc_id":-4398526825886580737,"provider_id":0,"parent_rpc_id":-4398526825886580737,"parent_provider_id":0,"name":"get_file_data","origin":{"sent to ofi+cxi://0x23eb6600":{"iforward":{"duration":{"num":10,"min":0.000008345,"max":0.000041723,"avg":0.000012398,"var":0.000000001,"sum":0.000123978},"relative_timestamp_from_create":{"num":10,"min":0.000000000.0,"max":0.000000238,"avg":0.000000072,"var":0.000000000,"sum":0.000000715}},"forward_cb":{"duration":{"num":10,"min":0.000000000.0,"max":0.000001431,"avg":0.000000286,"var":0.000000000,"sum":0.000002861},"relative_timestamp_from_iforward_start":{"num":10,"min":0.000155926,"max":0.025475502,"avg":0.004446578,"var":0.000514896,"sum":0.044465780}},"iforward_wait":{"duration":{"num":10,"min":0.000148058,"max":0.025438786,"avg":0.004435015,"var":0.000513721,"sum":0.044350147},"relative_timestamp_from_iforward_end":{"num":10,"min":0.000000000.0,"max":0.000000238,"avg":0.000000095,"var":0.000000000,"sum":0.000000954}},"set_input":{"duration":{"num":10,"min":0.000000238,"max":0.000000715,"avg":0.000000429,"var":0.000000000,"sum":0.000004292},"relative_timestamp_from_iforward_start":{"num":10,"min":0.000000238,"max":0.000002384,"avg":0.000000715,"var":0.000000000,"sum":0.000007153}},"get_output":{"duration":{"num":10,"min":0.000000715,"max":0.000015020,"avg":0.000003147,"var":0.000000000,"sum":0.000031471},"relative_timestamp_from_wait_end":{"num":10,"min":0.000000000.0,"max":0.000017405,"avg":0.000001931,"var":0.000000000,"sum":0.000019312}}}}},"65535:65535:8686831390660034559:65535":{"rpc_id":8686831390660034559,"provider_id":65535,"parent_rpc_id":65535,"parent_provider_id":65535,"name":"__shutdown__","target":{"received from ofi+cxi://0x23e70601":{"handler":{"duration":{"num":1,"min":0.000015974,"max":0.000015974,"avg":0.000015974,"var":0.000000000.0,"sum":0.000015974}},"ult":{"duration":{"num":1,"min":0.000019312,"max":0.000019312,"avg":0.000019312,"var":0.000000000.0,"sum":0.000019312},"relative_timestamp_from_handler_start":{"num":1,"min":0.000020504,"max":0.000020504,"avg":0.000020504,"var":0.000000000.0,"sum":0.000020504}},"irespond":{"duration":{"num":1,"min":0.000009298,"max":0.000009298,"avg":0.000009298,"var":0.000000000.0,"sum":0.000009298},"relative_timestamp_from_ult_start":{"num":1,"min":0.000001192,"max":0.000001192,"avg":0.000001192,"var":0.000000000.0,"sum":0.000001192}},"respond_cb":{"duration":{"num":1,"min":0.000000477,"max":0.000000477,"avg":0.000000477,"var":0.000000000.0,"sum":0.000000477},"relative_timestamp_from_irespond_start":{"num":1,"min":0.000015020,"max":0.000015020,"avg":0.000015020,"var":0.000000000.0,"sum":0.000015020}},"irespond_wait":{"duration":{"num":1,"min":0.000006437,"max":0.000006437,"avg":0.000006437,"var":0.000000000.0,"sum":0.000006437},"relative_timestamp_from_irespond_end":{"num":1,"min":0.000000238,"max":0.000000238,"avg":0.000000238,"var":0.000000000.0,"sum":0.000000238}},"set_output":{"duration":{"num":1,"min":0.000000477,"max":0.000000477,"avg":0.000000477,"var":0.000000000.0,"sum":0.000000477},"relative_timestamp_from_irespond_start":{"num":1,"min":0.000001192,"max":0.000001192,"avg":0.000001192,"var":0.000000000.0,"sum":0.000001192}},"get_input":{"duration":{"num":0,"min":0.000000000.0,"max":0.000000000.0,"avg":0.000000000.0,"var":0.000000000.0,"sum":0.000000000.0},"relative_timestamp_from_ult_start":{"num":0,"min":0.000000000.0,"max":0.000000000.0,"avg":0.000000000.0,"var":0.000000000.0,"sum":0.000000000.0}}}}}}}