{"address":"","rpcs":{"get_file_data:0":{"timestamps":[1717913784.376403809,1717913785.457357645,1717913786.497359037,1717913787.537362814,1717913788.577358484,1717913789.617359877,1717913790.657357693,1717913791.697356939,1717913792.737359047,1717913793.777358294,1717913794.817358494,1717913795.853362083,1717913796.893359423,1717913797.933358192,1717913798.973356962,1717913800.013358831,1717913801.053358078,1717913802.093357563,1717913803.133357763,1717913804.173358440,1717913805.213357687,1717913806.253358364,1717913807.293358803,1717913808.333358288,1717913809.373357058,1717913810.413358450,1717913811.453357458,1717913812.493357420,1717913813.533357382,1717913814.573358297,1717913815.613359213,1717913816.653358221,1717913817.693356991,1717913818.733358860,1717913819.773358583,1717913820.813358784,1717913821.853358030,1717913822.893357038,1717913823.933356762,1717913824.973357201,1717913826.013359070,1717913827.053358316,1717913828.093357801,1717913829.133359194,1717913830.173357248,1717913831.213357925,1717913832.253356934,1717913833.293357611,1717913834.333357573,1717913835.373357534,1717913836.413357496,1717913837.453357220,1717913838.493359804,1717913839.533357620,1717913840.573358059,1717913841.613357782,1717913842.653358221,1717913843.693357229,1717913844.733356953,1717913845.773357630,1717913846.813356876,1717913847.853357553,1717913848.893361330,1717913849.933359146,1717913850.973358154,1717913852.013357639,1717913853.053358316,1717913854.093357086,1717913855.133356571,1717913856.173357248,1717913857.213358879,1717913858.253357887,1717913859.293360710,1717913860.333357573,1717913861.373357534,1717913862.413358212,1717913863.453357458,1717913864.493357897,1717913865.533358812,1717913866.573357582,1717913867.613357782,1717913868.649358749,1717913869.689357996,1717913870.729358673,1717913871.769358158,1717913872.809356928,1717913873.849358082,1717913874.889358759,1717913875.929357529,1717913876.969358206,1717913878.009356976,1717913879.049357891,1717913880.089358807,1717913881.129361153,1717913882.169358492,1717913883.209358931,1717913884.249357224,1717913885.289356947,1717913886.329357862,1717913887.369358540,1717913888.409359217,1717913889.449357271,1717913890.489357233,1717913891.529356956,1717913892.569357634,1717913893.609357357,1717913894.268435955],"count":[1,29,0,0,0,0,0,0,0,0,0,0,0,0,0,0,0,0,0,0,0,0,0,0,0,0,0,0,0,0,0,0,0,0,0,0,0,0,0,0,0,0,0,0,0,0,0,0,0,0,0,0,0,0,0,0,0,0,0,0,0,0,0,0,0,0,0,0,0,0,0,0,0,0,0,0,0,0,0,0,0,0,0,0,0,0,0,0,0,0,0,0,0,0,0,0,0,0,0,0,0,0,0,0,0,0,0],"bulk_size":[0,0,0,0,0,0,0,0,0,0,0,0,0,0,0,0,0,0,0,0,0,0,0,0,0,0,0,0,0,0,0,0,0,0,0,0,0,0,0,0,0,0,0,0,0,0,0,0,0,0,0,0,0,0,0,0,0,0,0,0,0,0,0,0,0,0,0,0,0,0,0,0,0,0,0,0,0,0,0,0,0,0,0,0,0,0,0,0,0,0,0,0,0,0,0,0,0,0,0,0,0,0,0,0,0,0,0]},"__shutdown__:65535":{"timestamps":[1717913894.268435955],"count":[1],"bulk_size":[0]}},"pools":{"__primary__":{"timestamps":[1717913784.376403809,1717913785.457357645,1717913786.497359037,1717913787.537362814,1717913788.577358484,1717913789.617359877,1717913790.657357693,1717913791.697356939,1717913792.737359047,1717913793.777358294,1717913794.817358494,1717913795.853362083,1717913796.893359423,1717913797.933358192,1717913798.973356962,1717913800.013358831,1717913801.053358078,1717913802.093357563,1717913803.133357763,1717913804.173358440,1717913805.213357687,1717913806.253358364,1717913807.293358803,1717913808.333358288,1717913809.373357058,1717913810.413358450,1717913811.453357458,1717913812.493357420,1717913813.533357382,1717913814.573358297,1717913815.613359213,1717913816.653358221,1717913817.693356991,1717913818.733358860,1717913819.773358583,1717913820.813358784,1717913821.853358030,1717913822.893357038,1717913823.933356762,1717913824.973357201,1717913826.013359070,1717913827.053358316,1717913828.093357801,1717913829.133359194,1717913830.173357248,1717913831.213357925,1717913832.253356934,1717913833.293357611,1717913834.333357573,1717913835.373357534,1717913836.413357496,1717913837.453357220,1717913838.493359804,1717913839.533357620,1717913840.573358059,1717913841.613357782,1717913842.653358221,1717913843.693357229,1717913844.733356953,1717913845.773357630,1717913846.813356876,1717913847.853357553,1717913848.893361330,1717913849.933359146,1717913850.973358154,1717913852.013357639,1717913853.053358316,1717913854.093357086,1717913855.133356571,1717913856.173357248,1717913857.213358879,1717913858.253357887,1717913859.293360710,1717913860.333357573,1717913861.373357534,1717913862.413358212,1717913863.453357458,1717913864.493357897,1717913865.533358812,1717913866.573357582,1717913867.613357782,1717913868.649358749,1717913869.689357996,1717913870.729358673,1717913871.769358158,1717913872.809356928,1717913873.849358082,1717913874.889358759,1717913875.929357529,1717913876.969358206,1717913878.009356976,1717913879.049357891,1717913880.089358807,1717913881.129361153,1717913882.169358492,1717913883.209358931,1717913884.249357224,1717913885.289356947,1717913886.329357862,1717913887.369358540,1717913888.409359217,1717913889.449357271,1717913890.489357233,1717913891.529356956,1717913892.569357634,1717913893.609357357,1717913894.268435955],"size":[0,0,0,0,0,0,0,0,0,0,0,0,0,0,0,0,0,0,0,0,0,0,0,0,0,0,0,0,0,0,0,0,0,0,0,0,0,0,0,0,0,0,0,0,0,0,0,0,0,0,0,0,0,0,0,0,0,0,0,0,0,0,0,0,0,0,0,0,0,0,0,0,0,0,0,0,0,0,0,0,0,0,0,0,0,0,0,0,0,0,0,0,0,0,0,0,0,0,0,0,0,0,0,0,0,0,0],"total_size":[2,1,1,1,1,1,1,1,1,1,1,1,1,1,1,1,1,1,1,1,1,1,1,1,1,1,1,1,1,1,1,1,1,1,1,1,1,1,1,1,1,1,1,1,1,1,1,1,1,1,1,1,1,1,1,1,1,1,1,1,1,1,1,1,1,1,1,1,1,1,1,1,1,1,1,1,1,1,1,1,1,1,1,1,1,1,1,1,1,1,1,1,1,1,1,1,1,1,1,1,1,1,1,1,1,1,0]}}}