{"address":"","progress_loop":{"progress_with_timeout":{"num":884,"min":0.000000000.0,"max":0.104008913,"avg":0.101617457,"var":0.211120537,"sum":89.829831839},"progress_timeout_value_msec":{"num":884,"min":100.000000000.0,"max":100.000000000.0,"avg":100.000000000.0,"var":0.000000000.0,"sum":88400.000000000.0},"progress_without_timeout":{"num":43388,"min":0.000000000.0,"max":0.000011683,"avg":0.000000112,"var":0.000000001,"sum":0.004879951},"trigger":{"num":102,"min":0.000000000.0,"max":0.000013351,"avg":0.000000619,"var":0.000000000,"sum":0.000063181}},"rpcs":{"65535:65535:14048217247822970879:0":{"rpc_id":-4398526825886580737,"provider_id":0,"parent_rpc_id":65535,"parent_provider_id":65535,"name":"get_file_data","origin":{"sent to ofi+cxi://0x24016600":{"iforward":{"duration":{"num":10,"min":0.000000715,"max":0.000032902,"avg":0.000004268,"var":0.000000001,"sum":0.000042677},"relative_timestamp_from_create":{"num":10,"min":0.000000000.0,"max":0.000004530,"avg":0.000000572,"var":0.000000000,"sum":0.000005722}},"forward_cb":{"duration":{"num":10,"min":0.000000000.0,"max":0.000000477,"avg":0.000000119,"var":0.000000000,"sum":0.000001192},"relative_timestamp_from_iforward_start":{"num":10,"min":0.000070333,"max":0.003357172,"avg":0.000746226,"var":0.000012224,"sum":0.007462263}},"iforward_wait":{"duration":{"num":10,"min":0.000070810,"max":0.003355742,"avg":0.000743151,"var":0.000012141,"sum":0.007431507},"relative_timestamp_from_iforward_end":{"num":10,"min":0.000000000.0,"max":0.000000238,"avg":0.000000095,"var":0.000000000,"sum":0.000000954}},"set_input":{"duration":{"num":10,"min":0.000000238,"max":0.000005007,"avg":0.000000811,"var":0.000000000,"sum":0.000008106},"relative_timestamp_from_iforward_start":{"num":10,"min":0.000000477,"max":0.000020266,"avg":0.000002551,"var":0.000000000,"sum":0.000025511}},"get_output":{"duration":{"num":10,"min":0.000000238,"max":0.000000715,"avg":0.000000358,"var":0.000000000,"sum":0.000003576},"relative_timestamp_from_wait_end":{"num":10,"min":0.000000000.0,"max":0.000000238,"avg":0.000000095,"var":0.000000000,"sum":0.000000954}}}},"target":{"received from ofi+cxi://0x24016600":{"handler":{"duration":{"num":10,"min":0.000000238,"max":0.000007153,"avg":0.000001144,"var":0.000000000,"sum":0.000011444}},"ult":{"duration":{"num":10,"min":0.000068903,"max":0.003351450,"avg":0.000738239,"var":0.000012044,"sum":0.007382393},"relative_timestamp_from_handler_start":{"num":10,"min":0.000000477,"max":0.000015974,"avg":0.000002337,"var":0.000000000,"sum":0.000023365}},"irespond":{"duration":{"num":10,"min":0.000000715,"max":0.000003338,"avg":0.000001144,"var":0.000000000,"sum":0.000011444},"relative_timestamp_from_ult_start":{"num":10,"min":0.000066519,"max":0.003348827,"avg":0.000735497,"var":0.000012029,"sum":0.007354975}},"respond_cb":{"duration":{"num":10,"min":0.000000000.0,"max":0.000000238,"avg":0.000000119,"var":0.000000000,"sum":0.000001192},"relative_timestamp_from_irespond_start":{"num":10,"min":0.000001192,"max":0.000004292,"avg":0.000001645,"var":0.000000000,"sum":0.000016451}},"irespond_wait":{"duration":{"num":10,"min":0.000000954,"max":0.000001907,"avg":0.000001144,"var":0.000000000,"sum":0.000011444},"relative_timestamp_from_irespond_end":{"num":10,"min":0.000000000.0,"max":0.000000238,"avg":0.000000095,"var":0.000000000,"sum":0.000000954}},"set_output":{"duration":{"num":10,"min":0.000000477,"max":0.000000954,"avg":0.000000739,"var":0.000000000,"sum":0.000007391},"relative_timestamp_from_irespond_start":{"num":10,"min":0.000000000.0,"max":0.000001431,"avg":0.000000215,"var":0.000000000,"sum":0.000002146}},"get_input":{"duration":{"num":10,"min":0.000000000.0,"max":0.000002146,"avg":0.000000381,"var":0.000000000,"sum":0.000003815},"relative_timestamp_from_ult_start":{"num":10,"min":0.000000000.0,"max":0.000003338,"avg":0.000000381,"var":0.000000000,"sum":0.000003815}}}}},"14048217247822970879:0:14048217247822970879:0":{"rpc_id":-4398526825886580737,"provider_id":0,"parent_rpc_id":-4398526825886580737,"parent_provider_id":0,"name":"get_file_data","origin":{"sent to ofi+cxi://0x23e90400":{"iforward":{"duration":{"num":30,"min":0.000001431,"max":0.000039816,"avg":0.000008686,"var":0.000000001,"sum":0.000260592},"relative_timestamp_from_create":{"num":30,"min":0.000000000.0,"max":0.000000477,"avg":0.000000103,"var":0.000000000,"sum":0.000003099}},"forward_cb":{"duration":{"num":30,"min":0.000000000.0,"max":0.000001192,"avg":0.000000127,"var":0.000000000,"sum":0.000003815},"relative_timestamp_from_iforward_start":{"num":30,"min":0.000039101,"max":0.005666971,"avg":0.000485492,"var":0.000042446,"sum":0.014564753}},"iforward_wait":{"duration":{"num":30,"min":0.000037670,"max":0.005656719,"avg":0.000477656,"var":0.000042305,"sum":0.014329672},"relative_timestamp_from_iforward_end":{"num":30,"min":0.000000000.0,"max":0.000000238,"avg":0.000000183,"var":0.000000000,"sum":0.000005484}},"set_input":{"duration":{"num":30,"min":0.000000000.0,"max":0.000000715,"avg":0.000000366,"var":0.000000000,"sum":0.000010967},"relative_timestamp_from_iforward_start":{"num":30,"min":0.000000238,"max":0.000002384,"avg":0.000000509,"var":0.000000000,"sum":0.000015259}},"get_output":{"duration":{"num":30,"min":0.000000238,"max":0.000004053,"avg":0.000000699,"var":0.000000000,"sum":0.000020981},"relative_timestamp_from_wait_end":{"num":30,"min":0.000000000.0,"max":0.000000477,"avg":0.000000127,"var":0.000000000,"sum":0.000003815}}}},"target":{"received from ofi+cxi://0x23ed0000":{"handler":{"duration":{"num":10,"min":0.000000238,"max":0.000001192,"avg":0.000000525,"var":0.000000000,"sum":0.000005245}},"ult":{"duration":{"num":10,"min":0.000071526,"max":0.005693197,"avg":0.000711513,"var":0.000027956,"sum":0.007115126},"relative_timestamp_from_handler_start":{"num":10,"min":0.000000477,"max":0.000001669,"avg":0.000000811,"var":0.000000000,"sum":0.000008106}},"irespond":{"duration":{"num":10,"min":0.000000477,"max":0.000010252,"avg":0.000001645,"var":0.000000000,"sum":0.000016451},"relative_timestamp_from_ult_start":{"num":10,"min":0.000060797,"max":0.005676270,"avg":0.000695324,"var":0.000027932,"sum":0.006953239}},"respond_cb":{"duration":{"num":10,"min":0.000000000.0,"max":0.000000238,"avg":0.000000048,"var":0.000000000,"sum":0.000000477},"relative_timestamp_from_irespond_start":{"num":10,"min":0.000008821,"max":0.000027657,"avg":0.000015616,"var":0.000000000,"sum":0.000156164}},"irespond_wait":{"duration":{"num":10,"min":0.000008345,"max":0.000018120,"avg":0.000014138,"var":0.000000000,"sum":0.000141382},"relative_timestamp_from_irespond_end":{"num":10,"min":0.000000000.0,"max":0.000000238,"avg":0.000000167,"var":0.000000000,"sum":0.000001669}},"set_output":{"duration":{"num":10,"min":0.000000238,"max":0.000000954,"avg":0.000000310,"var":0.000000000,"sum":0.000003099},"relative_timestamp_from_irespond_start":{"num":10,"min":0.000000000.0,"max":0.000000238,"avg":0.000000095,"var":0.000000000,"sum":0.000000954}},"get_input":{"duration":{"num":10,"min":0.000000000.0,"max":0.000000477,"avg":0.000000167,"var":0.000000000,"sum":0.000001669},"relative_timestamp_from_ult_start":{"num":10,"min":0.000000000.0,"max":0.000000477,"avg":0.000000143,"var":0.000000000,"sum":0.000001431}}},"received from ofi+cxi://0x23ef6200":{"handler":{"duration":{"num":10,"min":0.000000238,"max":0.000001192,"avg":0.000000525,"var":0.000000000,"sum":0.000005245}},"ult":{"duration":{"num":10,"min":0.000060320,"max":0.000079632,"avg":0.000072813,"var":0.000000000,"sum":0.000728130},"relative_timestamp_from_handler_start":{"num":10,"min":0.000000477,"max":0.000001907,"avg":0.000000811,"var":0.000000000,"sum":0.000008106}},"irespond":{"duration":{"num":10,"min":0.000000477,"max":0.000001192,"avg":0.000000644,"var":0.000000000,"sum":0.000006437},"relative_timestamp_from_ult_start":{"num":10,"min":0.000043154,"max":0.000068903,"avg":0.000057864,"var":0.000000000,"sum":0.000578642}},"respond_cb":{"duration":{"num":10,"min":0.000000000.0,"max":0.000000238,"avg":0.000000095,