{"address":"","rpcs":{"get_file_data:0":{"timestamps":[1717912745.586094379,1717912746.654740095,1717912747.694742203,1717912748.734740257,1717912749.774741411,1717912750.814740896,1717912751.854741812,1717912752.894741774,1717912753.934740305,1717912754.974741459,1717912756.014741659,1717912757.054740429,1717912758.094741106,1717912759.134740353,1717912760.174741268,1717912761.214740992,1717912762.254742622,1717912763.294740915,1717912764.334740400,1717912765.374740362,1717912766.414741039,1717912767.454740047,1717912768.494741440,1717912769.534740925,1717912770.574742794,1717912771.614740372,1717912772.654742241,1717912773.694739819,1717912774.734740734,1717912775.774743795,1717912776.814739943,1717912777.854739666,1717912778.894741058,1717912779.934740067,1717912780.974740982,1717912782.014740944,1717912783.054740429,1717912784.094742298,1717912785.134741545,1717912786.174741268,1717912787.214740038,1717912788.254740715,1717912789.294740677,1717912790.334740639,1717912791.374740839,1717912792.414741755,1717912793.454740524,1717912794.494739771,1717912795.534740448,1717912796.574743509,1717912797.614742517,1717912798.654740810,1717912799.694741011,1717912800.734741926,1717912801.774742126,1717912802.814741611,1717912803.854739666,1717912804.894744158,1717912805.934742212,1717912806.974741697,1717912808.014740229,1717912809.054740906,1717912810.094741106,1717912811.134740353,1717912812.174741745,1717912813.214740038,1717912814.254741907,1717912815.294740677,1717912816.334740400,1717912817.374740601,1717912818.414745808,1717912819.454741001,1717912820.494739771,1717912821.534741163,1717912822.574742317,1717912823.614739656,1717912824.654740334,1717912825.694741488,1717912826.734741211,1717912827.774740696,1717912828.814745188,1717912829.854740143,1717912830.894741058,1717912831.934740543,1717912832.974742889,1717912834.014740467,1717912835.054744244,1717912835.481600761],"count":[1,149,0,0,0,0,0,0,0,0,0,0,0,0,0,0,0,0,0,0,0,0,0,0,0,0,0,0,0,0,0,0,0,0,0,0,0,0,0,0,0,0,0,0,0,0,0,0,0,0,0,0,0,0,0,0,0,0,0,0,0,0,0,0,0,0,0,0,0,0,0,0,0,0,0,0,0,0,0,0,0,0,0,0,0,0,0,0],"bulk_size":[0,0,0,0,0,0,0,0,0,0,0,0,0,0,0,0,0,0,0,0,0,0,0,0,0,0,0,0,0,0,0,0,0,0,0,0,0,0,0,0,0,0,0,0,0,0,0,0,0,0,0,0,0,0,0,0,0,0,0,0,0,0,0,0,0,0,0,0,0,0,0,0,0,0,0,0,0,0,0,0,0,0,0,0,0,0,0,0]},"__shutdown__:65535":{"timestamps":[1717912835.481600761],"count":[1],"bulk_size":[0]}},"pools":{"__primary__":{"timestamps":[1717912745.586094379,1717912746.654740095,1717912747.694742203,1717912748.734740257,1717912749.774741411,1717912750.814740896,1717912751.854741812,1717912752.894741774,1717912753.934740305,1717912754.974741459,1717912756.014741659,1717912757.054740429,1717912758.094741106,1717912759.134740353,1717912760.174741268,1717912761.214740992,1717912762.254742622,1717912763.294740915,1717912764.334740400,1717912765.374740362,1717912766.414741039,1717912767.454740047,1717912768.494741440,1717912769.534740925,1717912770.574742794,1717912771.614740372,1717912772.654742241,1717912773.694739819,1717912774.734740734,1717912775.774743795,1717912776.814739943,1717912777.854739666,1717912778.894741058,1717912779.934740067,1717912780.974740982,1717912782.014740944,1717912783.054740429,1717912784.094742298,1717912785.134741545,1717912786.174741268,1717912787.214740038,1717912788.254740715,1717912789.294740677,1717912790.334740639,1717912791.374740839,1717912792.414741755,1717912793.454740524,1717912794.494739771,1717912795.534740448,1717912796.574743509,1717912797.614742517,1717912798.654740810,1717912799.694741011,1717912800.734741926,1717912801.774742126,1717912802.814741611,1717912803.854739666,1717912804.894744158,1717912805.934742212,1717912806.974741697,1717912808.014740229,1717912809.054740906,1717912810.094741106,1717912811.134740353,1717912812.174741745,1717912813.214740038,1717912814.254741907,1717912815.294740677,1717912816.334740400,1717912817.374740601,1717912818.414745808,1717912819.454741001,1717912820.494739771,1717912821.534741163,1717912822.574742317,1717912823.614739656,1717912824.654740334,1717912825.694741488,1717912826.734741211,1717912827.774740696,1717912828.814745188,1717912829.854740143,1717912830.894741058,1717912831.934740543,1717912832.974742889,1717912834.014740467,1717912835.054744244,1717912835.481600761],"size":[0,0,0,0,0,0,0,0,0,0,0,0,0,0,0,0,0,0,0,0,0,0,0,0,0,0,0,0,0,0,0,0,0,0,0,0,0,0,0,0,0,0,0,0,0,0,0,0,0,0,0,0,0,0,0,0,0,0,0,0,0,0,0,0,0,0,0,0,0,0,0,0,0,0,0,0,0,0,0,0,0,0,0,0,0,0,0,0],"total_size":[2,1,1,1,1,1,1,1,1,1,1,1,1,1,1,1,1,1,1,1,1,1,1,1,1,1,1,1,1,1,1,1,1,1,1,1,1,1,1,1,1,1,1,1,1,1,1,1,1,1,1,1,1,1,1,1,1,1,1,1,1,1,1,1,1,1,1,1,1,1,1,1,1,1,1,1,1,1,1,1,1,1,1,1,1,1,1,0]}}}