{"address":"","progress_loop":{"progress_with_timeout":{"num":1346,"min":0.000000715,"max":0.104013443,"avg":0.103264274,"var":0.098928877,"sum":138.993712187},"progress_timeout_value_msec":{"num":1346,"min":100.000000000.0,"max":100.000000000.0,"avg":100.000000000.0,"var":0.000000000.0,"sum":134600.000000000.0},"progress_without_timeout":{"num":2932532,"min":0.000000000.0,"max":0.000806570,"avg":0.000000113,"var":0.000001400,"sum":0.330165863},"trigger":{"num":52,"min":0.000000238,"max":0.000025988,"avg":0.000001788,"var":0.000000001,"sum":0.000092983}},"rpcs":{"65535:65535:14048217247822970879:0":{"rpc_id":-4398526825886580737,"provider_id":0,"parent_rpc_id":65535,"parent_provider_id":65535,"name":"get_file_data","origin":{"sent to ofi+cxi://0x23e96200":{"iforward":{"duration":{"num":10,"min":0.000002384,"max":0.000029087,"avg":0.000005174,"var":0.000000001,"sum":0.000051737},"relative_timestamp_from_create":{"num":10,"min":0.000000000.0,"max":0.000003099,"avg":0.000000429,"var":0.000000000,"sum":0.000004292}},"forward_cb":{"duration":{"num":10,"min":0.000000238,"max":0.000000477,"avg":0.000000262,"var":0.000000000,"sum":0.000002623},"relative_timestamp_from_iforward_start":{"num":10,"min":0.059590340,"max":0.124529123,"avg":0.085001540,"var":0.002467941,"sum":0.850015402}},"iforward_wait":{"duration":{"num":10,"min":0.059589863,"max":0.124588966,"avg":0.085007358,"var":0.002472697,"sum":0.850073576},"relative_timestamp_from_iforward_end":{"num":10,"min":0.000000000.0,"max":0.000000238,"avg":0.000000215,"var":0.000000000,"sum":0.000002146}},"set_input":{"duration":{"num":10,"min":0.000000238,"max":0.000003576,"avg":0.000000715,"var":0.000000000,"sum":0.000007153},"relative_timestamp_from_iforward_start":{"num":10,"min":0.000001669,"max":0.000019789,"avg":0.000003624,"var":0.000000000,"sum":0.000036240}},"get_output":{"duration":{"num":10,"min":0.000298023,"max":0.000937700,"avg":0.000472569,"var":0.000000308,"sum":0.004725695},"relative_timestamp_from_wait_end":{"num":10,"min":0.000000238,"max":0.000000477,"avg":0.000000381,"var":0.000000000,"sum":0.000003815}}}},"target":{"received from ofi+cxi://0x23e96200":{"handler":{"duration":{"num":10,"min":0.000000954,"max":0.000006914,"avg":0.000001597,"var":0.000000000,"sum":0.000015974}},"ult":{"duration":{"num":10,"min":0.059585810,"max":0.124562740,"avg":0.085000348,"var":0.002470911,"sum":0.850003481},"relative_timestamp_from_handler_start":{"num":10,"min":0.000001431,"max":0.000013590,"avg":0.000002956,"var":0.000000000,"sum":0.000029564}},"irespond":{"duration":{"num":10,"min":0.001228571,"max":0.001469374,"avg":0.001385498,"var":0.000000062,"sum":0.013854980},"relative_timestamp_from_ult_start":{"num":10,"min":0.058111668,"max":0.123244524,"avg":0.083601713,"var":0.002484899,"sum":0.836017132}},"respond_cb":{"duration":{"num":10,"min":0.000000000.0,"max":0.000000238,"avg":0.000000167,"var":0.000000000,"sum":0.000001669},"relative_timestamp_from_irespond_start":{"num":10,"min":0.001231194,"max":0.001471758,"avg":0.001387739,"var":0.000000062,"sum":0.013877392}},"irespond_wait":{"duration":{"num":10,"min":0.000002861,"max":0.000004053,"avg":0.000003529,"var":0.000000000,"sum":0.000035286},"relative_timestamp_from_irespond_end":{"num":10,"min":0.000000000.0,"max":0.000000238,"avg":0.000000119,"var":0.000000000,"sum":0.000001192}},"set_output":{"duration":{"num":10,"min":0.001152992,"max":0.001381636,"avg":0.001306224,"var":0.000000057,"sum":0.013062239},"relative_timestamp_from_irespond_start":{"num":10,"min":0.000000238,"max":0.000000954,"avg":0.000000405,"var":0.000000000,"sum":0.000004053}},"get_input":{"duration":{"num":10,"min":0.000000238,"max":0.000001669,"avg":0.000000501,"var":0.000000000,"sum":0.000005007},"relative_timestamp_from_ult_start":{"num":10,"min":0.000000238,"max":0.000002623,"avg":0.000000620,"var":0.000000000,"sum":0.000006199}}}}},"14048217247822970879:0:14048217247822970879:0":{"rpc_id":-4398526825886580737,"provider_id":0,"parent_rpc_id":-4398526825886580737,"parent_provider_id":0,"name":"get_file_data","origin":{"sent to ofi+cxi://0x23ed6200":{"iforward":{"duration":{"num":10,"min":0.000015259,"max":0.000030994,"avg":0.000018620,"var":0.000000000,"sum":0.000186205},"relative_timestamp_from_create":{"num":10,"min":0.000000000.0,"max":0.000000238,"avg":0.000000119,"var":0.000000000,"sum":0.000001192}},"forward_cb":{"duration":{"num":10,"min":0.000000000.0,"max":0.000001192,"avg":0.000000286,"var":0.000000000,"sum":0.000002861},"relative_timestamp_from_iforward_start":{"num":10,"min":0.056425095,"max":0.121820450,"avg":0.082027912,"var":0.002508269,"sum":0.820279121}},"iforward_wait":{"duration":{"num":10,"min":0.056434631,"max":0.121794462,"avg":0.082012820,"var":0.002506247,"sum":0.820128202},"relative_timestamp_from_iforward_end":{"num":10,"min":0.000000000.0,"max":0.000000477,"avg":0.000000238,"var":0.000000000,"sum":0.000002384}},"set_input":{"duration":{"num":10,"min":0.000000238,"max":0.000000715,"avg":0.000000453,"var":0.000000000,"sum":0.000004530},"relative_timestamp_from_iforward_start":{"num":10,"min":0.000000477,"max":0.000002146,"avg":0.000000811,"var":0.000000000,"sum":0.000008106}},"get_output":{"duration":{"num":10,"min":0.001312733,"max":0.001641273,"avg":0.001543474,"var":0.000000117,"sum":0.015434742},"relative_timestamp_from_wait_end":{"num":10,"min":0.000000238,"max":0.000001192,"avg":0.000000525,"var":0.000000000,"sum":0.000005245}}}}},"65535:65535:8686831390660034559:65535":{"rpc_id":8686831390660034559,"provider_id":65535,"parent_rpc_id":65535,"parent_provider_id":65535,"name":"__shutdown__","target":{"received from ofi+cxi://0x23e70601":{"handler":{"duration":{"num":1,"min":0.000014067,"max":0.000014067,"avg":0.000014067,"var":0.000000000.0,"sum":0.000014067}},"ult":{"duration":{"num":1,"min":0.000015736,"max":0.000015736,"avg":0.000015736,"var":0.000000000.0,"sum":0.000015736},"relative_timestamp_from_handler_start":{"num":1,"min":0.000018358,"max":0.000018358,"avg":0.000018358,"var":0.000000000.0,"sum":0.000018358}},"irespond":{"duration":{"num":1,"min":0.000006437,"max":0.000006437,"avg":0.000006437,"var":0.000000000.0,"sum":0.000006437},"relative_timestamp_from_ult_start":{"num":1,"min":0.000001431,"max":0.000001431,"avg":0.000001431,"var":0.000000000.0,"sum":0.000001431}},"respond_cb":{"duration":{"num":1,"min":0.000000477,"max":0.000000477,"avg":0.000000477,"var":0.000000000.0,"sum":0.000000477},"relative_timestamp_from_irespond_start":{"num":1,"min":0.000011683,"max":0.000011683,"avg":0.000011683,"var":0.000000000.0,"sum":0.000011683}},"irespond_wait":{"duration":{"num":1,"min":0.000006199,"max":0.000006199,"avg":0.000006199,"var":0.000000000.0,"sum":0.000006199},"relative_timestamp_from_irespond_end":{"num":1,"min":0.000000000.0,"max":0.000000000.0,"avg":0.000000000.0,"var":0.000000000.0,"sum":0.000000000.0}},"set_output":{"duration":{"num":1,"min":0.000000715,"max":0.000000715,"avg":0.000000715,"var":0.000000000.0,"sum":0.000000715},"relative_timestamp_from_irespond_start":{"num":1,"min":0.000000954,"max":0.000000954,"avg":0.000000954,"var":0.000000000.0,"sum":0.000000954}},"get_input":{"duration":{"num":0,"min":0.000000000.0,"max":0.000000000.0,"avg":0.000000000.0,"var":0.000000000.0,"sum":0.000000000.0},"relative_timestamp_from_ult_start":{"num":0,"min":0.000000000.0,"max":0.000000000.0,"avg":0.000000000.0,"var":0.000000000.0,"sum":0.000000000.0}}}}}}}