{"address":"","progress_loop":{"progress_with_timeout":{"num":872,"min":0.000021458,"max":0.104010344,"avg":0.103007267,"var":0.085913022,"sum":89.822336674},"progress_timeout_value_msec":{"num":872,"min":100.000000000.0,"max":100.000000000.0,"avg":100.000000000.0,"var":0.000000000.0,"sum":87200.000000000.0},"progress_without_timeout":{"num":493,"min":0.000000000.0,"max":0.000033379,"avg":0.000000631,"var":0.000000003,"sum":0.000310898},"trigger":{"num":462,"min":0.000000000.0,"max":0.002845764,"avg":0.000026015,"var":0.000028734,"sum":0.012018919}},"rpcs":{"65535:65535:14048217247822970879:0":{"rpc_id":-4398526825886580737,"provider_id":0,"parent_rpc_id":65535,"parent_provider_id":65535,"name":"get_file_data","origin":{"sent to ofi+cxi://0x23ef4200":{"iforward":{"duration":{"num":10,"min":0.000000477,"max":0.000030518,"avg":0.000003767,"var":0.000000001,"sum":0.000037670},"relative_timestamp_from_create":{"num":10,"min":0.000000000.0,"max":0.000004053,"avg":0.000000501,"var":0.000000000,"sum":0.000005007}},"forward_cb":{"duration":{"num":10,"min":0.000000000.0,"max":0.000000238,"avg":0.000000095,"var":0.000000000,"sum":0.000000954},"relative_timestamp_from_iforward_start":{"num":10,"min":0.000054121,"max":0.007663727,"avg":0.001119781,"var":0.000053711,"sum":0.011197805}},"iforward_wait":{"duration":{"num":10,"min":0.000072718,"max":0.007709742,"avg":0.001143146,"var":0.000053942,"sum":0.011431456},"relative_timestamp_from_iforward_end":{"num":10,"min":0.000000000.0,"max":0.000000238,"avg":0.000000048,"var":0.000000000,"sum":0.000000477}},"set_input":{"duration":{"num":10,"min":0.000000000.0,"max":0.000004530,"avg":0.000000644,"var":0.000000000,"sum":0.000006437},"relative_timestamp_from_iforward_start":{"num":10,"min":0.000000238,"max":0.000018835,"avg":0.000002289,"var":0.000000000,"sum":0.000022888}},"get_output":{"duration":{"num":10,"min":0.000000238,"max":0.000000715,"avg":0.000000358,"var":0.000000000,"sum":0.000003576},"relative_timestamp_from_wait_end":{"num":10,"min":0.000000000.0,"max":0.000000477,"avg":0.000000167,"var":0.000000000,"sum":0.000001669}}}},"target":{"received from ofi+cxi://0x23ef4200":{"handler":{"duration":{"num":10,"min":0.000000238,"max":0.000006199,"avg":0.000000930,"var":0.000000000,"sum":0.000009298}},"ult":{"duration":{"num":10,"min":0.000049114,"max":0.007134676,"avg":0.000821733,"var":0.000044340,"sum":0.008217335},"relative_timestamp_from_handler_start":{"num":10,"min":0.000000954,"max":0.002381563,"avg":0.000289512,"var":0.000005072,"sum":0.002895117}},"irespond":{"duration":{"num":10,"min":0.000000238,"max":0.000003099,"avg":0.000000834,"var":0.000000000,"sum":0.000008345},"relative_timestamp_from_ult_start":{"num":10,"min":0.000041246,"max":0.007060766,"avg":0.000799227,"var":0.000043620,"sum":0.007992268}},"respond_cb":{"duration":{"num":10,"min":0.000000000.0,"max":0.000000238,"avg":0.000000095,"var":0.000000000,"sum":0.000000954},"relative_timestamp_from_irespond_start":{"num":10,"min":0.000004053,"max":0.000070095,"avg":0.000019264,"var":0.000000004,"sum":0.000192642}},"irespond_wait":{"duration":{"num":10,"min":0.000006199,"max":0.000069618,"avg":0.000021315,"var":0.000000004,"sum":0.000213146},"relative_timestamp_from_irespond_end":{"num":10,"min":0.000000000.0,"max":0.000000238,"avg":0.000000024,"var":0.000000000,"sum":0.000000238}},"set_output":{"duration":{"num":10,"min":0.000000000.0,"max":0.000000954,"avg":0.000000358,"var":0.000000000,"sum":0.000003576},"relative_timestamp_from_irespond_start":{"num":10,"min":0.000000000.0,"max":0.000001192,"avg":0.000000262,"var":0.000000000,"sum":0.000002623}},"get_input":{"duration":{"num":10,"min":0.000000000.0,"max":0.000002384,"avg":0.000000405,"var":0.000000000,"sum":0.000004053},"relative_timestamp_from_ult_start":{"num":10,"min":0.000000000.0,"max":0.000007629,"avg":0.000000930,"var":0.000000000,"sum":0.000009298}}}}},"14048217247822970879:0:14048217247822970879:0":{"rpc_id":-4398526825886580737,"provider_id":0,"parent_rpc_id":-4398526825886580737,"parent_provider_id":0,"name":"get_file_data","origin":{"sent to ofi+cxi://0x23e70400":{"iforward":{"duration":{"num":150,"min":0.000000715,"max":0.000034809,"avg":0.000003082,"var":0.000000003,"sum":0.000462294},"relative_timestamp_from_create":{"num":150,"min":0.000000000.0,"max":0.000000477,"avg":0.000000102,"var":0.000000000,"sum":0.000015259}},"forward_cb":{"duration":{"num":150,"min":0.000000000.0,"max":0.000001907,"avg":0.000000119,"var":0.000000000,"sum":0.000017881},"relative_timestamp_from_iforward_start":{"num":150,"min":0.000010252,"max":0.006951332,"avg":0.000237106,"var":0.000115151,"sum":0.035565853}},"iforward_wait":{"duration":{"num":150,"min":0.000009298,"max":0.006926060,"avg":0.000292007,"var":0.000135312,"sum":0.043801069},"relative_timestamp_from_iforward_end":{"num":150,"min":0.000000000.0,"max":0.000000715,"avg":0.000000202,"var":0.000000000,"sum":0.000030279}},"set_input":{"duration":{"num":150,"min":0.000000000.0,"max":0.000000715,"avg":0.000000167,"var":0.000000000,"sum":0.000025034},"relative_timestamp_from_iforward_start":{"num":150,"min":0.000000238,"max":0.000002384,"avg":0.000000509,"var":0.000000000,"sum":0.000076294}},"get_output":{"duration":{"num":150,"min":0.000000238,"max":0.000008821,"avg":0.000000623,"var":0.000000000,"sum":0.000093460},"relative_timestamp_from_wait_end":{"num":150,"min":0.000000000.0,"max":0.000000954,"avg":0.000000126,"var":0.000000000,"sum":0.000018835}}}},"target":{"received from ofi+cxi://0x23e92000":{"handler":{"duration":{"num":70,"min":0.000000238,"max":0.002844334,"avg":0.000134969,"var":0.000022147,"sum":0.009447813}},"ult":{"duration":{"num":70,"min":0.000020742,"max":0.004536867,"avg":0.000655576,"var":0.000109510,"sum":0.045890331},"relative_timestamp_from_handler_start":{"num":70,"min":0.000000477,"max":0.006716967,"avg":0.000748600,"var":0.000209993,"sum":0.052402020}},"irespond":{"duration":{"num":70,"min":0.000000477,"max":0.000010967,"avg":0.000001880,"var":0.000000001,"sum":0.000131607},"relative_timestamp_from_ult_start":{"num":70,"min":0.000014305,"max":0.004446030,"avg":0.000193793,"var":0.000025114,"sum":0.013565540}},"respond_cb":{"duration":{"num":70,"min":0.000000000.0,"max":0.000000477,"avg":0.000000140,"var":0.000000000,"sum":0.000009775},"relative_timestamp_from_irespond_start":{"num":70,"min":0.000005245,"max":0.004429817,"avg":0.000429991,"var":0.000082281,"sum":0.030099392}},"irespond_wait":{"duration":{"num":70,"min":0.000004530,"max":0.004457951,"avg":0.000459426,"var":0.000084752,"sum":0.032159805},"relative_timestamp_from_irespond_end":{"num":70,"min":0.000000000.0,"max":0.000000477,"avg":0.000000163,"var":0.000000000,"sum":0.000011444}},"set_output":{"duration":{"num":70,"min":0.000000000.0,"max":0.000000954,"avg":0.000000300,"var":0.000000000,"sum":0.000020981},"relative_timestamp_from_irespond_start":{"num":70,"min":0.000000000.0,"max":0.000000238,"avg":0.000000095,"var":0.000000000,"sum":0.000006676}},"get_input":{"duration":{"num":70,"min":0.000000000.0,"max":0.000000715,"avg":0.000000170,"var":0.000000000,"sum":0.000011921},"relative_timestamp_from_ult_start":{"num":70,"min":0.000000000.0,"max":0.000002861,"avg":0.000000232,"var":0.000000000,"sum":0.000016212}}},"received from ofi+cxi://0x23ed6600":{"handler":{"duration":{"num":70,"min":0.000000238,"max":0.002365112,"avg":0.000034244,"var":0.000005512,"sum":0.002397060}},"ult":{"duration":{"num":70,"min":0.000020027,"max":0.004547358,"avg":0.000728413,"var":0.000133270,"sum":0.050988913},"relative_timestamp_from_handler_start":{"num":70,"min":0.000000477,"max":0.002849102,"avg":0.000326065,"var":0.000050491,"sum":0.022824526}},"irespond":{"duration":{"num":70,"min":0.000000477,"max":0.000018120,"avg":0.000001843,"var":0.000000001,"sum":0.000128984},"relative_timestamp_from_ult_start":{"num":70,"min":0.000014305,"max":0.004452467,"avg":0.000340649,"var":0.000065036,"sum":0.023845434}},"respond_cb":{"duration":{"num":70,"min":0.000000000.0,"max":0.000000477,