{"address":"","progress_loop":{"progress_with_timeout":{"num":1056,"min":0.030630112,"max":0.104005814,"avg":0.103930302,"var":0.005378014,"sum":109.750399351},"progress_timeout_value_msec":{"num":1056,"min":100.000000000.0,"max":100.000000000.0,"avg":100.000000000.0,"var":0.000000000.0,"sum":105600.000000000.0},"progress_without_timeout":{"num":284800,"min":0.000000000.0,"max":0.000105143,"avg":0.000000114,"var":0.000000038,"sum":0.032583475},"trigger":{"num":132,"min":0.000000000.0,"max":0.001825809,"avg":0.000014842,"var":0.000003305,"sum":0.001959085}},"rpcs":{"65535:65535:14048217247822970879:0":{"rpc_id":-4398526825886580737,"provider_id":0,"parent_rpc_id":65535,"parent_provider_id":65535,"name":"get_file_data","origin":{"sent to ofi+cxi://0x23ed0400":{"iforward":{"duration":{"num":10,"min":0.000000715,"max":0.000024796,"avg":0.000003314,"var":0.000000001,"sum":0.000033140},"relative_timestamp_from_create":{"num":10,"min":0.000000000.0,"max":0.000002623,"avg":0.000000405,"var":0.000000000,"sum":0.000004053}},"forward_cb":{"duration":{"num":10,"min":0.000000000.0,"max":0.000000238,"avg":0.000000119,"var":0.000000000,"sum":0.000001192},"relative_timestamp_from_iforward_start":{"num":10,"min":0.004761457,"max":0.013462543,"avg":0.008317924,"var":0.000088994,"sum":0.083179235}},"iforward_wait":{"duration":{"num":10,"min":0.004761219,"max":0.013462543,"avg":0.008319283,"var":0.000088919,"sum":0.083192825},"relative_timestamp_from_iforward_end":{"num":10,"min":0.000000000.0,"max":0.000000238,"avg":0.000000024,"var":0.000000000,"sum":0.000000238}},"set_input":{"duration":{"num":10,"min":0.000000238,"max":0.000003815,"avg":0.000000668,"var":0.000000000,"sum":0.000006676},"relative_timestamp_from_iforward_start":{"num":10,"min":0.000000238,"max":0.000015020,"avg":0.000001907,"var":0.000000000,"sum":0.000019073}},"get_output":{"duration":{"num":10,"min":0.000005484,"max":0.000035763,"avg":0.000009060,"var":0.000000001,"sum":0.000090599},"relative_timestamp_from_wait_end":{"num":10,"min":0.000000000.0,"max":0.000000477,"avg":0.000000143,"var":0.000000000,"sum":0.000001431}}}},"target":{"received from ofi+cxi://0x23ed0400":{"handler":{"duration":{"num":10,"min":0.000000238,"max":0.000005245,"avg":0.000000882,"var":0.000000000,"sum":0.000008821}},"ult":{"duration":{"num":10,"min":0.004760027,"max":0.013461351,"avg":0.008313537,"var":0.000089039,"sum":0.083135366},"relative_timestamp_from_handler_start":{"num":10,"min":0.000000477,"max":0.000011683,"avg":0.000001788,"var":0.000000000,"sum":0.000017881}},"irespond":{"duration":{"num":10,"min":0.000070333,"max":0.000085115,"avg":0.000074673,"var":0.000000000,"sum":0.000746727},"relative_timestamp_from_ult_start":{"num":10,"min":0.004686832,"max":0.013386011,"avg":0.008235335,"var":0.000089060,"sum":0.082353354}},"respond_cb":{"duration":{"num":10,"min":0.000000000.0,"max":0.000000238,"avg":0.000000119,"var":0.000000000,"sum":0.000001192},"relative_timestamp_from_irespond_start":{"num":10,"min":0.000070810,"max":0.000085831,"avg":0.000075436,"var":0.000000000,"sum":0.000754356}},"irespond_wait":{"duration":{"num":10,"min":0.000001192,"max":0.000004292,"avg":0.000001693,"var":0.000000000,"sum":0.000016928},"relative_timestamp_from_irespond_end":{"num":10,"min":0.000000000.0,"max":0.000000238,"avg":0.000000048,"var":0.000000000,"sum":0.000000477}},"set_output":{"duration":{"num":10,"min":0.000059843,"max":0.000067234,"avg":0.000063133,"var":0.000000000,"sum":0.000631332},"relative_timestamp_from_irespond_start":{"num":10,"min":0.000000000.0,"max":0.000000715,"avg":0.000000167,"var":0.000000000,"sum":0.000001669}},"get_input":{"duration":{"num":10,"min":0.000000000.0,"max":0.000002146,"avg":0.000000310,"var":0.000000000,"sum":0.000003099},"relative_timestamp_from_ult_start":{"num":10,"min":0.000000000.0,"max":0.000002384,"avg":0.000000405,"var":0.000000000,"sum":0.000004053}}}}},"14048217247822970879:0:14048217247822970879:0":{"rpc_id":-4398526825886580737,"provider_id":0,"parent_rpc_id":-4398526825886580737,"parent_provider_id":0,"name":"get_file_data","origin":{"sent to ofi+cxi://0x23eb4600":{"iforward":{"duration":{"num":30,"min":0.000001431,"max":0.000029087,"avg":0.000013010,"var":0.000000002,"sum":0.000390291},"relative_timestamp_from_create":{"num":30,"min":0.000000000.0,"max":0.000000238,"avg":0.000000119,"var":0.000000000,"sum":0.000003576}},"forward_cb":{"duration":{"num":30,"min":0.000000000.0,"max":0.000000954,"avg":0.000000135,"var":0.000000000,"sum":0.000004053},"relative_timestamp_from_iforward_start":{"num":30,"min":0.001363516,"max":0.016978979,"avg":0.007748810,"var":0.000410552,"sum":0.232464314}},"iforward_wait":{"duration":{"num":30,"min":0.001361609,"max":0.016962528,"avg":0.007736246,"var":0.000410265,"sum":0.232087374},"relative_timestamp_from_iforward_end":{"num":30,"min":0.000000000.0,"max":0.000000477,"avg":0.000000175,"var":0.000000000,"sum":0.000005245}},"set_input":{"duration":{"num":30,"min":0.000000000.0,"max":0.000000477,"avg":0.000000238,"var":0.000000000,"sum":0.000007153},"relative_timestamp_from_iforward_start":{"num":30,"min":0.000000238,"max":0.000001669,"avg":0.000000652,"var":0.000000000,"sum":0.000019550}},"get_output":{"duration":{"num":30,"min":0.000006676,"max":0.000066042,"avg":0.000042701,"var":0.000000012,"sum":0.001281023},"relative_timestamp_from_wait_end":{"num":30,"min":0.000000000.0,"max":0.000017643,"avg":0.000000771,"var":0.000000000,"sum":0.000023127}}}},"target":{"received from ofi+cxi://0x23e90000":{"handler":{"duration":{"num":10,"min":0.000000477,"max":0.000005245,"avg":0.000001264,"var":0.000000000,"sum":0.000012636}},"ult":{"duration":{"num":10,"min":0.002715588,"max":0.015544653,"avg":0.007974601,"var":0.000135254,"sum":0.079746008},"relative_timestamp_from_handler_start":{"num":10,"min":0.000000715,"max":0.000007153,"avg":0.000002313,"var":0.000000000,"sum":0.000023127}},"irespond":{"duration":{"num":10,"min":0.000052452,"max":0.000089169,"avg":0.000072050,"var":0.000000001,"sum":0.000720501},"relative_timestamp_from_ult_start":{"num":10,"min":0.002558708,"max":0.015390873,"avg":0.007798815,"var":0.000135333,"sum":0.077988148}},"respond_cb":{"duration":{"num":10,"min":0.000000000.0,"max":0.000000238,"avg":0.000000095,"var":0.000000000,"sum":0.000000954},"relative_timestamp_from_irespond_start":{"num":10,"min":0.000107288,"max":0.000271797,"avg":0.000174809,"var":0.000000023,"sum":0.001748085}},"irespond_wait":{"duration":{"num":10,"min":0.000036240,"max":0.000221252,"avg":0.000103021,"var":0.000000028,"sum":0.001030207},"relative_timestamp_from_irespond_end":{"num":10,"min":0.000000238,"max":0.000000477,"avg":0.000000358,"var":0.000000000,"sum":0.000003576}},"set_output":{"duration":{"num":10,"min":0.000039816,"max":0.000068665,"avg":0.000059175,"var":0.000000001,"sum":0.000591755},"relative_timestamp_from_irespond_start":{"num":10,"min":0.000000000.0,"max":0.000000477,"avg":0.000000143,"var":0.000000000,"sum":0.000001431}},"get_input":{"duration":{"num":10,"min":0.000000000.0,"max":0.000001192,"avg":0.000000334,"var":0.000000000,"sum":0.000003338},"relative_timestamp_from_ult_start":{"num":10,"min":0.000000000.0,"max":0.000000954,"avg":0.000000310,"var":0.000000000,"sum":0.000003099}}},"received from ofi+cxi://0x23e92400":{"handler":{"duration":{"num":10,"min":0.000000477,"max":0.001824856,"avg":0.000183129,"var":0.000002995,"sum":0.001831293}},"ult":{"duration":{"num":10,"min":0.001527548,"max":0.017198324,"avg":0.007533503,"var":0.000184986,"sum":0.075335026},"relative_timestamp_from_handler_start":{"num":10,"min":0.000000715,"max":0.001826048,"avg":0.000183535,"var":0.000002998,"sum":0.001835346}},"irespond":{"duration":{"num":10,"min":0.000069141,"max":0.000085592,"avg":0.000075269,"var":0.000000000,"sum":0.000752687},"relative_timestamp_from_ult_start":{"num":10,"min":0.001380205,"max":0.017051220,"avg":0.007380056,"var":0.000184503,"sum":0.073800564}},"respond_cb":{"duration":{"num":10,"min":0.000000000.0,"max":0.000000238,"avg":0.000000167,