{"address":"","progress_loop":{"progress_with_timeout":{"num":1308,"min":0.000000954,"max":0.104006052,"avg":0.103245064,"var":0.098500255,"sum":135.044543743},"progress_timeout_value_msec":{"num":1308,"min":100.000000000.0,"max":100.000000000.0,"avg":100.000000000.0,"var":0.000000000.0,"sum":130800.000000000.0},"progress_without_timeout":{"num":16325950,"min":0.000000000.0,"max":0.005966187,"avg":0.000000113,"var":0.000054813,"sum":1.838398457},"trigger":{"num":52,"min":0.000000238,"max":0.000032902,"avg":0.000002792,"var":0.000000002,"sum":0.000145197}},"rpcs":{"65535:65535:14048217247822970879:0":{"rpc_id":-4398526825886580737,"provider_id":0,"parent_rpc_id":65535,"parent_provider_id":65535,"name":"get_file_data","origin":{"sent to ofi+cxi://0x23e94200":{"iforward":{"duration":{"num":10,"min":0.000002623,"max":0.000031948,"avg":0.000005817,"var":0.000000001,"sum":0.000058174},"relative_timestamp_from_create":{"num":10,"min":0.000000000.0,"max":0.000003815,"avg":0.000000572,"var":0.000000000,"sum":0.000005722}},"forward_cb":{"duration":{"num":10,"min":0.000000238,"max":0.000000477,"avg":0.000000310,"var":0.000000000,"sum":0.000003099},"relative_timestamp_from_iforward_start":{"num":10,"min":0.358764172,"max":0.553139210,"avg":0.473886251,"var":0.023616447,"sum":4.738862514}},"iforward_wait":{"duration":{"num":10,"min":0.358764410,"max":0.553282022,"avg":0.473900652,"var":0.023639024,"sum":4.739006519},"relative_timestamp_from_iforward_end":{"num":10,"min":0.000000000.0,"max":0.000000477,"avg":0.000000143,"var":0.000000000,"sum":0.000001431}},"set_input":{"duration":{"num":10,"min":0.000000238,"max":0.000004768,"avg":0.000000882,"var":0.000000000,"sum":0.000008821},"relative_timestamp_from_iforward_start":{"num":10,"min":0.000001669,"max":0.000020027,"avg":0.000003886,"var":0.000000000,"sum":0.000038862}},"get_output":{"duration":{"num":10,"min":0.004880428,"max":0.008227110,"avg":0.006509829,"var":0.000006641,"sum":0.065098286},"relative_timestamp_from_wait_end":{"num":10,"min":0.000000238,"max":0.000000954,"avg":0.000000477,"var":0.000000000,"sum":0.000004768}}}},"target":{"received from ofi+cxi://0x23e94200":{"handler":{"duration":{"num":10,"min":0.000000954,"max":0.000006676,"avg":0.000001693,"var":0.000000000,"sum":0.000016928}},"ult":{"duration":{"num":10,"min":0.358759165,"max":0.553248644,"avg":0.473891950,"var":0.023633955,"sum":4.738919497},"relative_timestamp_from_handler_start":{"num":10,"min":0.000001431,"max":0.000014782,"avg":0.000003147,"var":0.000000000,"sum":0.000031471}},"irespond":{"duration":{"num":10,"min":0.005918503,"max":0.008074045,"avg":0.007726932,"var":0.000003733,"sum":0.077269316},"relative_timestamp_from_ult_start":{"num":10,"min":0.350841045,"max":0.545368195,"avg":0.466142154,"var":0.023653604,"sum":4.661421537}},"respond_cb":{"duration":{"num":10,"min":0.000000000.0,"max":0.000000477,"avg":0.000000238,"var":0.000000000,"sum":0.000002384},"relative_timestamp_from_irespond_start":{"num":10,"min":0.005920649,"max":0.008076906,"avg":0.007729864,"var":0.000003735,"sum":0.077298641}},"irespond_wait":{"duration":{"num":10,"min":0.000003576,"max":0.000005484,"avg":0.000004411,"var":0.000000000,"sum":0.000044107},"relative_timestamp_from_irespond_end":{"num":10,"min":0.000000000.0,"max":0.000000477,"avg":0.000000215,"var":0.000000000,"sum":0.000002146}},"set_output":{"duration":{"num":10,"min":0.005703449,"max":0.007826090,"avg":0.007488894,"var":0.000003641,"sum":0.074888945},"relative_timestamp_from_irespond_start":{"num":10,"min":0.000000238,"max":0.000001431,"avg":0.000000501,"var":0.000000000,"sum":0.000005007}},"get_input":{"duration":{"num":10,"min":0.000000238,"max":0.000001907,"avg":0.000000501,"var":0.000000000,"sum":0.000005007},"relative_timestamp_from_ult_start":{"num":10,"min":0.000000238,"max":0.000003576,"avg":0.000000691,"var":0.000000000,"sum":0.000006914}}}}},"14048217247822970879:0:14048217247822970879:0":{"rpc_id":-4398526825886580737,"provider_id":0,"parent_rpc_id":-4398526825886580737,"parent_provider_id":0,"name":"get_file_data","origin":{"sent to ofi+cxi://0x23ed2400":{"iforward":{"duration":{"num":10,"min":0.000015497,"max":0.000036955,"avg":0.000020790,"var":0.000000000,"sum":0.000207901},"relative_timestamp_from_create":{"num":10,"min":0.000000238,"max":0.000000477,"avg":0.000000262,"var":0.000000000,"sum":0.000002623}},"forward_cb":{"duration":{"num":10,"min":0.000000238,"max":0.000002623,"avg":0.000000596,"var":0.000000000,"sum":0.000005960},"relative_timestamp_from_iforward_start":{"num":10,"min":0.340302467,"max":0.535135984,"avg":0.455989718,"var":0.023770675,"sum":4.559897184}},"iforward_wait":{"duration":{"num":10,"min":0.340316057,"max":0.535108805,"avg":0.455973959,"var":0.023761759,"sum":4.559739590},"relative_timestamp_from_iforward_end":{"num":10,"min":0.000000000.0,"max":0.000000477,"avg":0.000000238,"var":0.000000000,"sum":0.000002384}},"set_input":{"duration":{"num":10,"min":0.000000238,"max":0.000000715,"avg":0.000000501,"var":0.000000000,"sum":0.000005007},"relative_timestamp_from_iforward_start":{"num":10,"min":0.000000954,"max":0.000002384,"avg":0.000001192,"var":0.000000000,"sum":0.000011921}},"get_output":{"duration":{"num":10,"min":0.007525444,"max":0.010611296,"avg":0.010112333,"var":0.000007652,"sum":0.101123333},"relative_timestamp_from_wait_end":{"num":10,"min":0.000000238,"max":0.000001669,"avg":0.000000525,"var":0.000000000,"sum":0.000005245}}}}},"65535:65535:8686831390660034559:65535":{"rpc_id":8686831390660034559,"provider_id":65535,"parent_rpc_id":65535,"parent_provider_id":65535,"name":"__shutdown__","target":{"received from ofi+cxi://0x23e70601":{"handler":{"duration":{"num":1,"min":0.000016689,"max":0.000016689,"avg":0.000016689,"var":0.000000000.0,"sum":0.000016689}},"ult":{"duration":{"num":1,"min":0.000018120,"max":0.000018120,"avg":0.000018120,"var":0.000000000.0,"sum":0.000018120},"relative_timestamp_from_handler_start":{"num":1,"min":0.000021458,"max":0.000021458,"avg":0.000021458,"var":0.000000000.0,"sum":0.000021458}},"irespond":{"duration":{"num":1,"min":0.000007629,"max":0.000007629,"avg":0.000007629,"var":0.000000000.0,"sum":0.000007629},"relative_timestamp_from_ult_start":{"num":1,"min":0.000001431,"max":0.000001431,"avg":0.000001431,"var":0.000000000.0,"sum":0.000001431}},"respond_cb":{"duration":{"num":1,"min":0.000000477,"max":0.000000477,"avg":0.000000477,"var":0.000000000.0,"sum":0.000000477},"relative_timestamp_from_irespond_start":{"num":1,"min":0.000013590,"max":0.000013590,"avg":0.000013590,"var":0.000000000.0,"sum":0.000013590}},"irespond_wait":{"duration":{"num":1,"min":0.000006676,"max":0.000006676,"avg":0.000006676,"var":0.000000000.0,"sum":0.000006676},"relative_timestamp_from_irespond_end":{"num":1,"min":0.000000238,"max":0.000000238,"avg":0.000000238,"var":0.000000000.0,"sum":0.000000238}},"set_output":{"duration":{"num":1,"min":0.000000715,"max":0.000000715,"avg":0.000000715,"var":0.000000000.0,"sum":0.000000715},"relative_timestamp_from_irespond_start":{"num":1,"min":0.000000954,"max":0.000000954,"avg":0.000000954,"var":0.000000000.0,"sum":0.000000954}},"get_input":{"duration":{"num":0,"min":0.000000000.0,"max":0.000000000.0,"avg":0.000000000.0,"var":0.000000000.0,"sum":0.000000000.0},"relative_timestamp_from_ult_start":{"num":0,"min":0.000000000.0,"max":0.000000000.0,"avg":0.000000000.0,"var":0.000000000.0,"sum":0.000000000.0}}}}}}}