{"address":"","progress_loop":{"progress_with_timeout":{"num":1310,"min":0.000000954,"max":0.104008913,"avg":0.103207221,"var":0.105169327,"sum":135.201459408},"progress_timeout_value_msec":{"num":1310,"min":100.000000000.0,"max":100.000000000.0,"avg":100.000000000.0,"var":0.000000000.0,"sum":131000.000000000.0},"progress_without_timeout":{"num":15670941,"min":0.000000000.0,"max":0.005914927,"avg":0.000000113,"var":0.000070245,"sum":1.768580437},"trigger":{"num":52,"min":0.000000238,"max":0.000026464,"avg":0.000001917,"var":0.000000001,"sum":0.000099659}},"rpcs":{"65535:65535:14048217247822970879:0":{"rpc_id":-4398526825886580737,"provider_id":0,"parent_rpc_id":65535,"parent_provider_id":65535,"name":"get_file_data","origin":{"sent to ofi+cxi://0x23ef6200":{"iforward":{"duration":{"num":10,"min":0.000002623,"max":0.000030756,"avg":0.000005889,"var":0.000000001,"sum":0.000058889},"relative_timestamp_from_create":{"num":10,"min":0.000000000.0,"max":0.000004053,"avg":0.000000596,"var":0.000000000,"sum":0.000005960}},"forward_cb":{"duration":{"num":10,"min":0.000000238,"max":0.000000477,"avg":0.000000262,"var":0.000000000,"sum":0.000002623},"relative_timestamp_from_iforward_start":{"num":10,"min":0.292310953,"max":0.539508581,"avg":0.456450725,"var":0.039706609,"sum":4.564507246}},"iforward_wait":{"duration":{"num":10,"min":0.292443514,"max":0.539507627,"avg":0.456463575,"var":0.039662990,"sum":4.564635754},"relative_timestamp_from_iforward_end":{"num":10,"min":0.000000000.0,"max":0.000000238,"avg":0.000000072,"var":0.000000000,"sum":0.000000715}},"set_input":{"duration":{"num":10,"min":0.000000238,"max":0.000004530,"avg":0.000000834,"var":0.000000000,"sum":0.000008345},"relative_timestamp_from_iforward_start":{"num":10,"min":0.000001669,"max":0.000018835,"avg":0.000003767,"var":0.000000000,"sum":0.000037670}},"get_output":{"duration":{"num":10,"min":0.005347729,"max":0.008699656,"avg":0.006825137,"var":0.000005952,"sum":0.068251371},"relative_timestamp_from_wait_end":{"num":10,"min":0.000000477,"max":0.000000715,"avg":0.000000525,"var":0.000000000,"sum":0.000005245}}}},"target":{"received from ofi+cxi://0x23ef6200":{"handler":{"duration":{"num":10,"min":0.000000715,"max":0.000006914,"avg":0.000001597,"var":0.000000000,"sum":0.000015974}},"ult":{"duration":{"num":10,"min":0.291920185,"max":0.539496660,"avg":0.456406188,"var":0.039832043,"sum":4.564061880},"relative_timestamp_from_handler_start":{"num":10,"min":0.000001192,"max":0.000507116,"avg":0.000052261,"var":0.000000230,"sum":0.000522614}},"irespond":{"duration":{"num":10,"min":0.006507874,"max":0.007967710,"avg":0.007721353,"var":0.000001690,"sum":0.077213526},"relative_timestamp_from_ult_start":{"num":10,"min":0.284034252,"max":0.531522036,"avg":0.448663235,"var":0.039800957,"sum":4.486632347}},"respond_cb":{"duration":{"num":10,"min":0.000000000.0,"max":0.000000477,"avg":0.000000215,"var":0.000000000,"sum":0.000002146},"relative_timestamp_from_irespond_start":{"num":10,"min":0.006510496,"max":0.007971048,"avg":0.007724404,"var":0.000001691,"sum":0.077244043}},"irespond_wait":{"duration":{"num":10,"min":0.000003576,"max":0.000006437,"avg":0.000004530,"var":0.000000000,"sum":0.000045300},"relative_timestamp_from_irespond_end":{"num":10,"min":0.000000000.0,"max":0.000000477,"avg":0.000000215,"var":0.000000000,"sum":0.000002146}},"set_output":{"duration":{"num":10,"min":0.006284237,"max":0.007742882,"avg":0.007496715,"var":0.000001689,"sum":0.074967146},"relative_timestamp_from_irespond_start":{"num":10,"min":0.000000238,"max":0.000001431,"avg":0.000000572,"var":0.000000000,"sum":0.000005722}},"get_input":{"duration":{"num":10,"min":0.000000238,"max":0.000002384,"avg":0.000000596,"var":0.000000000,"sum":0.000005960},"relative_timestamp_from_ult_start":{"num":10,"min":0.000000238,"max":0.000006914,"avg":0.000001097,"var":0.000000000,"sum":0.000010967}}}}},"14048217247822970879:0:14048217247822970879:0":{"rpc_id":-4398526825886580737,"provider_id":0,"parent_rpc_id":-4398526825886580737,"parent_provider_id":0,"name":"get_file_data","origin":{"sent to ofi+cxi://0x24016600":{"iforward":{"duration":{"num":10,"min":0.000014544,"max":0.000036716,"avg":0.000019670,"var":0.000000000,"sum":0.000196695},"relative_timestamp_from_create":{"num":10,"min":0.000000000.0,"max":0.000000238,"avg":0.000000215,"var":0.000000000,"sum":0.000002146}},"forward_cb":{"duration":{"num":10,"min":0.000000000.0,"max":0.000002146,"avg":0.000000453,"var":0.000000000,"sum":0.000004530},"relative_timestamp_from_iforward_start":{"num":10,"min":0.273703337,"max":0.521018744,"avg":0.438467884,"var":0.039765005,"sum":4.384678841}},"iforward_wait":{"duration":{"num":10,"min":0.273674011,"max":0.520999432,"avg":0.438452911,"var":0.039767614,"sum":4.384529114},"relative_timestamp_from_iforward_end":{"num":10,"min":0.000000000.0,"max":0.000000238,"avg":0.000000215,"var":0.000000000,"sum":0.000002146}},"set_input":{"duration":{"num":10,"min":0.000000000.0,"max":0.000000715,"avg":0.000000310,"var":0.000000000,"sum":0.000003099},"relative_timestamp_from_iforward_start":{"num":10,"min":0.000000715,"max":0.000002623,"avg":0.000001073,"var":0.000000000,"sum":0.000010729}},"get_output":{"duration":{"num":10,"min":0.008261442,"max":0.010560513,"avg":0.010157657,"var":0.000004139,"sum":0.101576567},"relative_timestamp_from_wait_end":{"num":10,"min":0.000000238,"max":0.000001431,"avg":0.000000596,"var":0.000000000,"sum":0.000005960}}}}},"65535:65535:8686831390660034559:65535":{"rpc_id":8686831390660034559,"provider_id":65535,"parent_rpc_id":65535,"parent_provider_id":65535,"name":"__shutdown__","target":{"received from ofi+cxi://0x23e70601":{"handler":{"duration":{"num":1,"min":0.000015259,"max":0.000015259,"avg":0.000015259,"var":0.000000000.0,"sum":0.000015259}},"ult":{"duration":{"num":1,"min":0.000019073,"max":0.000019073,"avg":0.000019073,"var":0.000000000.0,"sum":0.000019073},"relative_timestamp_from_handler_start":{"num":1,"min":0.000019789,"max":0.000019789,"avg":0.000019789,"var":0.000000000.0,"sum":0.000019789}},"irespond":{"duration":{"num":1,"min":0.000009298,"max":0.000009298,"avg":0.000009298,"var":0.000000000.0,"sum":0.000009298},"relative_timestamp_from_ult_start":{"num":1,"min":0.000001192,"max":0.000001192,"avg":0.000001192,"var":0.000000000.0,"sum":0.000001192}},"respond_cb":{"duration":{"num":1,"min":0.000000477,"max":0.000000477,"avg":0.000000477,"var":0.000000000.0,"sum":0.000000477},"relative_timestamp_from_irespond_start":{"num":1,"min":0.000015020,"max":0.000015020,"avg":0.000015020,"var":0.000000000.0,"sum":0.000015020}},"irespond_wait":{"duration":{"num":1,"min":0.000006199,"max":0.000006199,"avg":0.000006199,"var":0.000000000.0,"sum":0.000006199},"relative_timestamp_from_irespond_end":{"num":1,"min":0.000000238,"max":0.000000238,"avg":0.000000238,"var":0.000000000.0,"sum":0.000000238}},"set_output":{"duration":{"num":1,"min":0.000000477,"max":0.000000477,"avg":0.000000477,"var":0.000000000.0,"sum":0.000000477},"relative_timestamp_from_irespond_start":{"num":1,"min":0.000001192,"max":0.000001192,"avg":0.000001192,"var":0.000000000.0,"sum":0.000001192}},"get_input":{"duration":{"num":0,"min":0.000000000.0,"max":0.000000000.0,"avg":0.000000000.0,"var":0.000000000.0,"sum":0.000000000.0},"relative_timestamp_from_ult_start":{"num":0,"min":0.000000000.0,"max":0.000000000.0,"avg":0.000000000.0,"var":0.000000000.0,"sum":0.000000000.0}}}}}}}