{"address":"","progress_loop":{"progress_with_timeout":{"num":873,"min":0.000000000.0,"max":0.104005337,"avg":0.102883697,"var":0.097187464,"sum":89.817467690},"progress_timeout_value_msec":{"num":873,"min":100.000000000.0,"max":100.000000000.0,"avg":100.000000000.0,"var":0.000000000.0,"sum":87300.000000000.0},"progress_without_timeout":{"num":97452,"min":0.000000000.0,"max":0.000011683,"avg":0.000000111,"var":0.000000002,"sum":0.010856867},"trigger":{"num":42,"min":0.000000000.0,"max":0.000034094,"avg":0.000001521,"var":0.000000001,"sum":0.000063896}},"rpcs":{"65535:65535:14048217247822970879:0":{"rpc_id":-4398526825886580737,"provider_id":0,"parent_rpc_id":65535,"parent_provider_id":65535,"name":"get_file_data","origin":{"sent to ofi+cxi://0x23eb0000":{"iforward":{"duration":{"num":10,"min":0.000000715,"max":0.000033379,"avg":0.000004172,"var":0.000000001,"sum":0.000041723},"relative_timestamp_from_create":{"num":10,"min":0.000000000.0,"max":0.000003815,"avg":0.000000453,"var":0.000000000,"sum":0.000004530}},"forward_cb":{"duration":{"num":10,"min":0.000000000.0,"max":0.000000477,"avg":0.000000119,"var":0.000000000,"sum":0.000001192},"relative_timestamp_from_iforward_start":{"num":10,"min":0.000085831,"max":0.022798061,"avg":0.002803206,"var":0.000447142,"sum":0.028032064}},"iforward_wait":{"duration":{"num":10,"min":0.000085592,"max":0.022768974,"avg":0.002800059,"var":0.000445991,"sum":0.028000593},"relative_timestamp_from_iforward_end":{"num":10,"min":0.000000000.0,"max":0.000000238,"avg":0.000000119,"var":0.000000000,"sum":0.000001192}},"set_input":{"duration":{"num":10,"min":0.000000000.0,"max":0.000005245,"avg":0.000000739,"var":0.000000000,"sum":0.000007391},"relative_timestamp_from_iforward_start":{"num":10,"min":0.000000238,"max":0.000020981,"avg":0.000002575,"var":0.000000000,"sum":0.000025749}},"get_output":{"duration":{"num":10,"min":0.000000000.0,"max":0.000000477,"avg":0.000000143,"var":0.000000000,"sum":0.000001431},"relative_timestamp_from_wait_end":{"num":10,"min":0.000000000.0,"max":0.000000238,"avg":0.000000119,"var":0.000000000,"sum":0.000001192}}}},"target":{"received from ofi+cxi://0x23eb0000":{"handler":{"duration":{"num":10,"min":0.000000238,"max":0.000007391,"avg":0.000001049,"var":0.000000000,"sum":0.000010490}},"ult":{"duration":{"num":10,"min":0.000084400,"max":0.022246122,"avg":0.002746320,"var":0.000425420,"sum":0.027463198},"relative_timestamp_from_handler_start":{"num":10,"min":0.000000477,"max":0.000507116,"avg":0.000051284,"var":0.000000231,"sum":0.000512838}},"irespond":{"duration":{"num":10,"min":0.000000477,"max":0.000003099,"avg":0.000000834,"var":0.000000000,"sum":0.000008345},"relative_timestamp_from_ult_start":{"num":10,"min":0.000082493,"max":0.022239685,"avg":0.002744031,"var":0.000425241,"sum":0.027440310}},"respond_cb":{"duration":{"num":10,"min":0.000000000.0,"max":0.000000477,"avg":0.000000048,"var":0.000000000,"sum":0.000000477},"relative_timestamp_from_irespond_start":{"num":10,"min":0.000000954,"max":0.000004053,"avg":0.000001359,"var":0.000000000,"sum":0.000013590}},"irespond_wait":{"duration":{"num":10,"min":0.000000715,"max":0.000002146,"avg":0.000001049,"var":0.000000000,"sum":0.000010490},"relative_timestamp_from_irespond_end":{"num":10,"min":0.000000000.0,"max":0.000000238,"avg":0.000000095,"var":0.000000000,"sum":0.000000954}},"set_output":{"duration":{"num":10,"min":0.000000238,"max":0.000000954,"avg":0.000000477,"var":0.000000000,"sum":0.000004768},"relative_timestamp_from_irespond_start":{"num":10,"min":0.000000000.0,"max":0.000001192,"avg":0.000000215,"var":0.000000000,"sum":0.000002146}},"get_input":{"duration":{"num":10,"min":0.000000000.0,"max":0.000002384,"avg":0.000000334,"var":0.000000000,"sum":0.000003338},"relative_timestamp_from_ult_start":{"num":10,"min":0.000000000.0,"max":0.000007868,"avg":0.000000954,"var":0.000000000,"sum":0.000009537}}}}},"14048217247822970879:0:14048217247822970879:0":{"rpc_id":-4398526825886580737,"provider_id":0,"parent_rpc_id":-4398526825886580737,"parent_provider_id":0,"name":"get_file_data","origin":{"sent to ofi+cxi://0x23eb6600":{"iforward":{"duration":{"num":10,"min":0.000007629,"max":0.000041246,"avg":0.000011683,"var":0.000000001,"sum":0.000116825},"relative_timestamp_from_create":{"num":10,"min":0.000000000.0,"max":0.000000238,"avg":0.000000095,"var":0.000000000,"sum":0.000000954}},"forward_cb":{"duration":{"num":10,"min":0.000000000.0,"max":0.000001192,"avg":0.000000262,"var":0.000000000,"sum":0.000002623},"relative_timestamp_from_iforward_start":{"num":10,"min":0.000076056,"max":0.022125721,"avg":0.002726126,"var":0.000421091,"sum":0.027261257}},"iforward_wait":{"duration":{"num":10,"min":0.000067949,"max":0.022089481,"avg":0.002715206,"var":0.000420003,"sum":0.027152061},"relative_timestamp_from_iforward_end":{"num":10,"min":0.000000000.0,"max":0.000000238,"avg":0.000000143,"var":0.000000000,"sum":0.000001431}},"set_input":{"duration":{"num":10,"min":0.000000238,"max":0.000000715,"avg":0.000000453,"var":0.000000000,"sum":0.000004530},"relative_timestamp_from_iforward_start":{"num":10,"min":0.000000238,"max":0.000002384,"avg":0.000000596,"var":0.000000000,"sum":0.000005960}},"get_output":{"duration":{"num":10,"min":0.000000000.0,"max":0.000001431,"avg":0.000000286,"var":0.000000000,"sum":0.000002861},"relative_timestamp_from_wait_end":{"num":10,"min":0.000000000.0,"max":0.000000477,"avg":0.000000215,"var":0.000000000,"sum":0.000002146}}}}},"65535:65535:8686831390660034559:65535":{"rpc_id":8686831390660034559,"provider_id":65535,"parent_rpc_id":65535,"parent_provider_id":65535,"name":"__shutdown__","target":{"received from ofi+cxi://0x23e70601":{"handler":{"duration":{"num":1,"min":0.000021458,"max":0.000021458,"avg":0.000021458,"var":0.000000000.0,"sum":0.000021458}},"ult":{"duration":{"num":1,"min":0.000020027,"max":0.000020027,"avg":0.000020027,"var":0.000000000.0,"sum":0.000020027},"relative_timestamp_from_handler_start":{"num":1,"min":0.000026226,"max":0.000026226,"avg":0.000026226,"var":0.000000000.0,"sum":0.000026226}},"irespond":{"duration":{"num":1,"min":0.000010252,"max":0.000010252,"avg":0.000010252,"var":0.000000000.0,"sum":0.000010252},"relative_timestamp_from_ult_start":{"num":1,"min":0.000000954,"max":0.000000954,"avg":0.000000954,"var":0.000000000.0,"sum":0.000000954}},"respond_cb":{"duration":{"num":1,"min":0.000000238,"max":0.000000238,"avg":0.000000238,"var":0.000000000.0,"sum":0.000000238},"relative_timestamp_from_irespond_start":{"num":1,"min":0.000016212,"max":0.000016212,"avg":0.000016212,"var":0.000000000.0,"sum":0.000016212}},"irespond_wait":{"duration":{"num":1,"min":0.000006437,"max":0.000006437,"avg":0.000006437,"var":0.000000000.0,"sum":0.000006437},"relative_timestamp_from_irespond_end":{"num":1,"min":0.000000238,"max":0.000000238,"avg":0.000000238,"var":0.000000000.0,"sum":0.000000238}},"set_output":{"duration":{"num":1,"min":0.000000477,"max":0.000000477,"avg":0.000000477,"var":0.000000000.0,"sum":0.000000477},"relative_timestamp_from_irespond_start":{"num":1,"min":0.000001192,"max":0.000001192,"avg":0.000001192,"var":0.000000000.0,"sum":0.000001192}},"get_input":{"duration":{"num":0,"min":0.000000000.0,"max":0.000000000.0,"avg":0.000000000.0,"var":0.000000000.0,"sum":0.000000000.0},"relative_timestamp_from_ult_start":{"num":0,"min":0.000000000.0,"max":0.000000000.0,"avg":0.000000000.0,"var":0.000000000.0,"sum":0.000000000.0}}}}}}}