{"address":"","progress_loop":{"progress_with_timeout":{"num":870,"min":0.000001192,"max":0.104008436,"avg":0.103236662,"var":0.065579362,"sum":89.815895796},"progress_timeout_value_msec":{"num":870,"min":100.000000000.0,"max":100.000000000.0,"avg":100.000000000.0,"var":0.000000000.0,"sum":87000.000000000.0},"progress_without_timeout":{"num":82206,"min":0.000000000.0,"max":0.000066042,"avg":0.000000119,"var":0.000000011,"sum":0.009749889},"trigger":{"num":292,"min":0.000000000.0,"max":0.002122641,"avg":0.000007903,"var":0.000004488,"sum":0.002307653}},"rpcs":{"65535:65535:14048217247822970879:0":{"rpc_id":-4398526825886580737,"provider_id":0,"parent_rpc_id":65535,"parent_provider_id":65535,"name":"get_file_data","origin":{"sent to ofi+cxi://0x23e90400":{"iforward":{"duration":{"num":10,"min":0.000000715,"max":0.000026464,"avg":0.000003409,"var":0.000000001,"sum":0.000034094},"relative_timestamp_from_create":{"num":10,"min":0.000000000.0,"max":0.000003338,"avg":0.000000453,"var":0.000000000,"sum":0.000004530}},"forward_cb":{"duration":{"num":10,"min":0.000000000.0,"max":0.000000238,"avg":0.000000048,"var":0.000000000,"sum":0.000000477},"relative_timestamp_from_iforward_start":{"num":10,"min":0.000106573,"max":0.010317087,"avg":0.001415062,"var":0.000092913,"sum":0.014150620}},"iforward_wait":{"duration":{"num":10,"min":0.000106573,"max":0.010316610,"avg":0.001413870,"var":0.000092825,"sum":0.014138699},"relative_timestamp_from_iforward_end":{"num":10,"min":0.000000000.0,"max":0.000000238,"avg":0.000000072,"var":0.000000000,"sum":0.000000715}},"set_input":{"duration":{"num":10,"min":0.000000000.0,"max":0.000004053,"avg":0.000000668,"var":0.000000000,"sum":0.000006676},"relative_timestamp_from_iforward_start":{"num":10,"min":0.000000238,"max":0.000016212,"avg":0.000002050,"var":0.000000000,"sum":0.000020504}},"get_output":{"duration":{"num":10,"min":0.000000477,"max":0.000000715,"avg":0.000000525,"var":0.000000000,"sum":0.000005245},"relative_timestamp_from_wait_end":{"num":10,"min":0.000000000.0,"max":0.000000238,"avg":0.000000191,"var":0.000000000,"sum":0.000001907}}}},"target":{"received from ofi+cxi://0x23e90400":{"handler":{"duration":{"num":10,"min":0.000000238,"max":0.000006199,"avg":0.000000978,"var":0.000000000,"sum":0.000009775}},"ult":{"duration":{"num":10,"min":0.000103712,"max":0.010314941,"avg":0.001408172,"var":0.000092820,"sum":0.014081717},"relative_timestamp_from_handler_start":{"num":10,"min":0.000000715,"max":0.000012636,"avg":0.000002027,"var":0.000000000,"sum":0.000020266}},"irespond":{"duration":{"num":10,"min":0.000001907,"max":0.000021935,"avg":0.000014281,"var":0.000000000,"sum":0.000142813},"relative_timestamp_from_ult_start":{"num":10,"min":0.000086308,"max":0.010298491,"avg":0.001392126,"var":0.000092771,"sum":0.013921261}},"respond_cb":{"duration":{"num":10,"min":0.000000000.0,"max":0.000000238,"avg":0.000000072,"var":0.000000000,"sum":0.000000715},"relative_timestamp_from_irespond_start":{"num":10,"min":0.000002384,"max":0.000022888,"avg":0.000014949,"var":0.000000000,"sum":0.000149488}},"irespond_wait":{"duration":{"num":10,"min":0.000000954,"max":0.000002384,"avg":0.000001407,"var":0.000000000,"sum":0.000014067},"relative_timestamp_from_irespond_end":{"num":10,"min":0.000000000.0,"max":0.000000238,"avg":0.000000048,"var":0.000000000,"sum":0.000000477}},"set_output":{"duration":{"num":10,"min":0.000000715,"max":0.000010967,"avg":0.000007200,"var":0.000000000,"sum":0.000072002},"relative_timestamp_from_irespond_start":{"num":10,"min":0.000000000.0,"max":0.000000715,"avg":0.000000167,"var":0.000000000,"sum":0.000001669}},"get_input":{"duration":{"num":10,"min":0.000000000.0,"max":0.000001669,"avg":0.000000238,"var":0.000000000,"sum":0.000002384},"relative_timestamp_from_ult_start":{"num":10,"min":0.000000000.0,"max":0.000003099,"avg":0.000000453,"var":0.000000000,"sum":0.000004530}}}}},"14048217247822970879:0:14048217247822970879:0":{"rpc_id":-4398526825886580737,"provider_id":0,"parent_rpc_id":-4398526825886580737,"parent_provider_id":0,"name":"get_file_data","origin":{"sent to ofi+cxi://0x23e96600":{"iforward":{"duration":{"num":70,"min":0.000000954,"max":0.000033140,"avg":0.000005324,"var":0.000000002,"sum":0.000372648},"relative_timestamp_from_create":{"num":70,"min":0.000000000.0,"max":0.000000477,"avg":0.000000082,"var":0.000000000,"sum":0.000005722}},"forward_cb":{"duration":{"num":70,"min":0.000000000.0,"max":0.000001431,"avg":0.000000109,"var":0.000000000,"sum":0.000007629},"relative_timestamp_from_iforward_start":{"num":70,"min":0.000051975,"max":0.010290861,"avg":0.001430781,"var":0.000446685,"sum":0.100154638}},"iforward_wait":{"duration":{"num":70,"min":0.000050783,"max":0.010282755,"avg":0.001426114,"var":0.000446587,"sum":0.099828005},"relative_timestamp_from_iforward_end":{"num":70,"min":0.000000000.0,"max":0.000000477,"avg":0.000000194,"var":0.000000000,"sum":0.000013590}},"set_input":{"duration":{"num":70,"min":0.000000000.0,"max":0.000000715,"avg":0.000000204,"var":0.000000000,"sum":0.000014305},"relative_timestamp_from_iforward_start":{"num":70,"min":0.000000238,"max":0.000001907,"avg":0.000000463,"var":0.000000000,"sum":0.000032425}},"get_output":{"duration":{"num":70,"min":0.000000477,"max":0.000005245,"avg":0.000000943,"var":0.000000000,"sum":0.000066042},"relative_timestamp_from_wait_end":{"num":70,"min":0.000000000.0,"max":0.000007153,"avg":0.000000269,"var":0.000000000,"sum":0.000018835}}}},"target":{"received from ofi+cxi://0x24016600":{"handler":{"duration":{"num":30,"min":0.000000238,"max":0.002121687,"avg":0.000071462,"var":0.000004348,"sum":0.002143860}},"ult":{"duration":{"num":30,"min":0.000110388,"max":0.007783651,"avg":0.001961811,"var":0.000190394,"sum":0.058854342},"relative_timestamp_from_handler_start":{"num":30,"min":0.000000477,"max":0.002176285,"avg":0.000146763,"var":0.000008621,"sum":0.004402876}},"irespond":{"duration":{"num":30,"min":0.000001669,"max":0.000027657,"avg":0.000014027,"var":0.000000002,"sum":0.000420809},"relative_timestamp_from_ult_start":{"num":30,"min":0.000061989,"max":0.007761002,"avg":0.001814532,"var":0.000196267,"sum":0.054435968}},"respond_cb":{"duration":{"num":30,"min":0.000000000.0,"max":0.000000715,"avg":0.000000103,"var":0.000000000,"sum":0.000003099},"relative_timestamp_from_irespond_start":{"num":30,"min":0.000021219,"max":0.001392841,"avg":0.000143409,"var":0.000003000,"sum":0.004302263}},"irespond_wait":{"duration":{"num":30,"min":0.000019789,"max":0.001389742,"avg":0.000132680,"var":0.000003037,"sum":0.003980398},"relative_timestamp_from_irespond_end":{"num":30,"min":0.000000000.0,"max":0.000000715,"avg":0.000000278,"var":0.000000000,"sum":0.000008345}},"set_output":{"duration":{"num":30,"min":0.000000715,"max":0.000014305,"avg":0.000006191,"var":0.000000000,"sum":0.000185728},"relative_timestamp_from_irespond_start":{"num":30,"min":0.000000000.0,"max":0.000000477,"avg":0.000000087,"var":0.000000000,"sum":0.000002623}},"get_input":{"duration":{"num":30,"min":0.000000000.0,"max":0.000001192,"avg":0.000000215,"var":0.000000000,"sum":0.000006437},"relative_timestamp_from_ult_start":{"num":30,"min":0.000000000.0,"max":0.000000954,"avg":0.000000191,"var":0.000000000,"sum":0.000005722}}},"received from ofi+cxi://0x23eb6200":{"handler":{"duration":{"num":30,"min":0.000000238,"max":0.000001192,"avg":0.000000405,"var":0.000000000,"sum":0.000012159}},"ult":{"duration":{"num":30,"min":0.000076056,"max":0.007481337,"avg":0.001171772,"var":0.000149211,"sum":0.035153151},"relative_timestamp_from_handler_start":{"num":30,"min":0.000000477,"max":0.000056505,"avg":0.000002543,"var":0.000000003,"sum":0.000076294}},"irespond":{"duration":{"num":30,"min":0.000001907,"max":0.000022173,"avg":0.000007749,"var":0.000000002,"sum":0.000232458},"relative_timestamp_from_ult_start":{"num":30,"min":0.000059366,"max":0.007417917,"avg":0.001080092,"var":0.000149982,"sum":0.032402754}},"respond_cb":{"duration":{"num":30,"min":0.000000000.0,"max":0.000000238,"avg":0.000000095,