{"address":"","rpcs":{"get_file_data:0":{"timestamps":[1717914190.651909590,1717914191.668946743,1717914192.708944798,1717914193.748943806,1717914194.788943052,1717914195.828942776,1717914196.868943453,1717914197.908943415,1717914198.948943377,1717914199.988942623,1717914201.028942823,1717914202.068943024,1717914203.108944178,1717914204.148943663,1717914205.188942194,1717914206.228943586,1717914207.268943310,1717914208.308943272,1717914209.348943949,1717914210.388944626,1717914211.424943686,1717914212.464942694,1717914213.504943609,1717914214.544943094,1717914215.584942579,1717914216.624944925,1717914217.664942741,1717914218.704944372,1717914219.744944096,1717914220.784942150,1717914221.824943542,1717914222.864942551,1717914223.904943466,1717914224.944942713,1717914225.984943867,1717914227.024942636,1717914228.064943314,1717914229.104942799,1717914230.144943476,1717914231.184942722,1717914232.224942923,1717914233.264943361,1717914234.304943085,1717914235.344943523,1717914236.384943724,1717914237.424942732,1717914238.464944124,1717914239.504942894,1717914240.544943810,1717914241.584942579,1717914242.624944448,1717914243.664943695,1717914244.704943180,1717914245.744943142,1717914246.784944057,1717914247.824942589,1717914248.864942551,1717914249.904943705,1717914250.944942474,1717914251.984943151,1717914253.024943113,1717914254.064943075,1717914255.104944468,1717914256.144942522,1717914257.184944391,1717914258.224943399,1717914259.264943600,1717914260.304943323,1717914261.344942570,1717914262.384943008,1717914263.424944639,1717914264.464947462,1717914265.504942656,1717914266.544943571,1717914267.584943056,1717914268.624942303,1717914269.664944649,1717914270.704941988,1717914271.744944572,1717914272.784944534,1717914273.824942350,1717914274.864942074,1717914275.904943943,1717914276.944944143,1717914277.984949112,1717914279.024942875,1717914280.064944267,1717914281.104943037,1717914282.144942760,1717914283.184943438,1717914284.224943161,1717914285.264943600,1717914286.304942846,1717914287.344943285,1717914288.380943298,1717914289.420944691,1717914290.460943460,1717914291.500943661,1717914292.540943623,1717914293.580942392,1717914294.620943546,1717914295.660943508,1717914296.700942755,1717914297.740941763,1717914298.780942440,1717914299.820944071,1717914300.560487986],"count":[1,29,0,0,0,0,0,0,0,0,0,0,0,0,0,0,0,0,0,0,0,0,0,0,0,0,0,0,0,0,0,0,0,0,0,0,0,0,0,0,0,0,0,0,0,0,0,0,0,0,0,0,0,0,0,0,0,0,0,0,0,0,0,0,0,0,0,0,0,0,0,0,0,0,0,0,0,0,0,0,0,0,0,0,0,0,0,0,0,0,0,0,0,0,0,0,0,0,0,0,0,0,0,0,0,0,0],"bulk_size":[0,0,0,0,0,0,0,0,0,0,0,0,0,0,0,0,0,0,0,0,0,0,0,0,0,0,0,0,0,0,0,0,0,0,0,0,0,0,0,0,0,0,0,0,0,0,0,0,0,0,0,0,0,0,0,0,0,0,0,0,0,0,0,0,0,0,0,0,0,0,0,0,0,0,0,0,0,0,0,0,0,0,0,0,0,0,0,0,0,0,0,0,0,0,0,0,0,0,0,0,0,0,0,0,0,0,0]},"__shutdown__:65535":{"timestamps":[1717914300.560487986],"count":[1],"bulk_size":[0]}},"pools":{"__primary__":{"timestamps":[1717914190.651909590,1717914191.668946743,1717914192.708944798,1717914193.748943806,1717914194.788943052,1717914195.828942776,1717914196.868943453,1717914197.908943415,1717914198.948943377,1717914199.988942623,1717914201.028942823,1717914202.068943024,1717914203.108944178,1717914204.148943663,1717914205.188942194,1717914206.228943586,1717914207.268943310,1717914208.308943272,1717914209.348943949,1717914210.388944626,1717914211.424943686,1717914212.464942694,1717914213.504943609,1717914214.544943094,1717914215.584942579,1717914216.624944925,1717914217.664942741,1717914218.704944372,1717914219.744944096,1717914220.784942150,1717914221.824943542,1717914222.864942551,1717914223.904943466,1717914224.944942713,1717914225.984943867,1717914227.024942636,1717914228.064943314,1717914229.104942799,1717914230.144943476,1717914231.184942722,1717914232.224942923,1717914233.264943361,1717914234.304943085,1717914235.344943523,1717914236.384943724,1717914237.424942732,1717914238.464944124,1717914239.504942894,1717914240.544943810,1717914241.584942579,1717914242.624944448,1717914243.664943695,1717914244.704943180,1717914245.744943142,1717914246.784944057,1717914247.824942589,1717914248.864942551,1717914249.904943705,1717914250.944942474,1717914251.984943151,1717914253.024943113,1717914254.064943075,1717914255.104944468,1717914256.144942522,1717914257.184944391,1717914258.224943399,1717914259.264943600,1717914260.304943323,1717914261.344942570,1717914262.384943008,1717914263.424944639,1717914264.464947462,1717914265.504942656,1717914266.544943571,1717914267.584943056,1717914268.624942303,1717914269.664944649,1717914270.704941988,1717914271.744944572,1717914272.784944534,1717914273.824942350,1717914274.864942074,1717914275.904943943,1717914276.944944143,1717914277.984949112,1717914279.024942875,1717914280.064944267,1717914281.104943037,1717914282.144942760,1717914283.184943438,1717914284.224943161,1717914285.264943600,1717914286.304942846,1717914287.344943285,1717914288.380943298,1717914289.420944691,1717914290.460943460,1717914291.500943661,1717914292.540943623,1717914293.580942392,1717914294.620943546,1717914295.660943508,1717914296.700942755,1717914297.740941763,1717914298.780942440,1717914299.820944071,1717914300.560487986],"size":[0,0,0,0,0,0,0,0,0,0,0,0,0,0,0,0,0,0,0,0,0,0,0,0,0,0,0,0,0,0,0,0,0,0,0,0,0,0,0,0,0,0,0,0,0,0,0,0,0,0,0,0,0,0,0,0,0,0,0,0,0,0,0,0,0,0,0,0,0,0,0,0,0,0,0,0,0,0,0,0,0,0,0,0,0,0,0,0,0,0,0,0,0,0,0,0,0,0,0,0,0,0,0,0,0,0,0],"total_size":[2,1,1,1,1,1,1,1,1,1,1,1,1,1,1,1,1,1,1,1,1,1,1,1,1,1,1,1,1,1,1,1,1,1,1,1,1,1,1,1,1,1,1,1,1,1,1,1,1,1,1,1,1,1,1,1,1,1,1,1,1,1,1,1,1,1,1,1,1,1,1,1,1,1,1,1,1,1,1,1,1,1,1,1,1,1,1,1,1,1,1,1,1,1,1,1,1,1,1,1,1,1,1,1,1,1,0]}}}