{"address":"","rpcs":{"get_file_data:0":{"timestamps":[1717913668.912207365,1717913669.980715275,1717913671.020716190,1717913672.060715675,1717913673.100716591,1717913674.140716076,1717913675.180716991,1717913676.220718145,1717913677.260716200,1717913678.300715685,1717913679.340716839,1717913680.380716324,1717913681.420716524,1717913682.460715532,1717913683.500716209,1717913684.540716648,1717913685.580716133,1717913686.620716095,1717913687.660717249,1717913688.700715780,1717913689.740715981,1717913690.780716658,1717913691.820715666,1717913692.860716105,1717913693.900720358,1717913694.940715313,1717913695.980717659,1717913697.020716190,1717913698.060715914,1717913699.100719929,1717913700.140718460,1717913701.180715799,1717913702.220715761,1717913703.260718107,1717913704.300717354,1717913705.340717316,1717913706.380716085,1717913707.420717239,1717913708.456715345,1717913709.496715784,1717913710.536716461,1717913711.576720238,1717913712.616715908,1717913713.656716108,1717913714.696717501,1717913715.736715317,1717913716.776716232,1717913717.816716433,1717913718.856716156,1717913719.896716595,1717913720.936716318,1717913721.976716042,1717913723.016718149,1717913724.056716204,1717913725.096716881,1717913726.136716127,1717913727.176716089,1717913728.216716528,1717913729.256717682,1717913730.296717405,1717913731.336716652,1717913732.376717329,1717913733.416716814,1717913734.456717014,1717913735.496716738,1717913736.536717415,1717913737.576717377,1717913738.616715908,1717913739.656716347,1717913740.696715593,1717913741.736716509,1717913742.776717186,1717913743.816716194,1717913744.856715679,1717913745.896716356,1717913746.936715603,1717913747.976716995,1717913749.016716003,1717913750.056719542,1717913751.096717119,1717913752.136717081,1717913753.176717043,1717913754.216717482,1717913755.256716967,1717913756.296716213,1717913757.336715460,1717913758.376715899,1717913758.819858789],"count":[1,9,0,0,0,0,0,0,0,0,0,0,0,0,0,0,0,0,0,0,0,0,0,0,0,0,0,0,0,0,0,0,0,0,0,0,0,0,0,0,0,0,0,0,0,0,0,0,0,0,0,0,0,0,0,0,0,0,0,0,0,0,0,0,0,0,0,0,0,0,0,0,0,0,0,0,0,0,0,0,0,0,0,0,0,0,0,0],"bulk_size":[0,0,0,0,0,0,0,0,0,0,0,0,0,0,0,0,0,0,0,0,0,0,0,0,0,0,0,0,0,0,0,0,0,0,0,0,0,0,0,0,0,0,0,0,0,0,0,0,0,0,0,0,0,0,0,0,0,0,0,0,0,0,0,0,0,0,0,0,0,0,0,0,0,0,0,0,0,0,0,0,0,0,0,0,0,0,0,0]},"__shutdown__:65535":{"timestamps":[1717913758.819858789],"count":[1],"bulk_size":[0]}},"pools":{"__primary__":{"timestamps":[1717913668.912207365,1717913669.980715275,1717913671.020716190,1717913672.060715675,1717913673.100716591,1717913674.140716076,1717913675.180716991,1717913676.220718145,1717913677.260716200,1717913678.300715685,1717913679.340716839,1717913680.380716324,1717913681.420716524,1717913682.460715532,1717913683.500716209,1717913684.540716648,1717913685.580716133,1717913686.620716095,1717913687.660717249,1717913688.700715780,1717913689.740715981,1717913690.780716658,1717913691.820715666,1717913692.860716105,1717913693.900720358,1717913694.940715313,1717913695.980717659,1717913697.020716190,1717913698.060715914,1717913699.100719929,1717913700.140718460,1717913701.180715799,1717913702.220715761,1717913703.260718107,1717913704.300717354,1717913705.340717316,1717913706.380716085,1717913707.420717239,1717913708.456715345,1717913709.496715784,1717913710.536716461,1717913711.576720238,1717913712.616715908,1717913713.656716108,1717913714.696717501,1717913715.736715317,1717913716.776716232,1717913717.816716433,1717913718.856716156,1717913719.896716595,1717913720.936716318,1717913721.976716042,1717913723.016718149,1717913724.056716204,1717913725.096716881,1717913726.136716127,1717913727.176716089,1717913728.216716528,1717913729.256717682,1717913730.296717405,1717913731.336716652,1717913732.376717329,1717913733.416716814,1717913734.456717014,1717913735.496716738,1717913736.536717415,1717913737.576717377,1717913738.616715908,1717913739.656716347,1717913740.696715593,1717913741.736716509,1717913742.776717186,1717913743.816716194,1717913744.856715679,1717913745.896716356,1717913746.936715603,1717913747.976716995,1717913749.016716003,1717913750.056719542,1717913751.096717119,1717913752.136717081,1717913753.176717043,1717913754.216717482,1717913755.256716967,1717913756.296716213,1717913757.336715460,1717913758.376715899,1717913758.819858789],"size":[0,0,0,0,0,0,0,0,0,0,0,0,0,0,0,0,0,0,0,0,0,0,0,0,0,0,0,0,0,0,0,0,0,0,0,0,0,0,0,0,0,0,0,0,0,0,0,0,0,0,0,0,0,0,0,0,0,0,0,0,0,0,0,0,0,0,0,0,0,0,0,0,0,0,0,0,0,0,0,0,0,0,0,0,0,0,0,0],"total_size":[2,1,1,1,1,1,1,1,1,1,1,1,1,1,1,1,1,1,1,1,1,1,1,1,1,1,1,1,1,1,1,1,1,1,1,1,1,1,1,1,1,1,1,1,1,1,1,1,1,1,1,1,1,1,1,1,1,1,1,1,1,1,1,1,1,1,1,1,1,1,1,1,1,1,1,1,1,1,1,1,1,1,1,1,1,1,1,0]}}}