{"address":"","progress_loop":{"progress_with_timeout":{"num":1146,"min":0.000029564,"max":0.104009151,"avg":0.103845853,"var":0.015239340,"sum":119.007347584},"progress_timeout_value_msec":{"num":1146,"min":100.000000000.0,"max":100.000000000.0,"avg":100.000000000.0,"var":0.000000000.0,"sum":114600.000000000.0},"progress_without_timeout":{"num":34457,"min":0.000000000.0,"max":0.000106096,"avg":0.000000147,"var":0.000000066,"sum":0.005060434},"trigger":{"num":602,"min":0.000000238,"max":0.002744198,"avg":0.000048987,"var":0.000063675,"sum":0.029490232}},"rpcs":{"14048217247822970879:0:14048217247822970879:0":{"rpc_id":-4398526825886580737,"provider_id":0,"parent_rpc_id":-4398526825886580737,"parent_provider_id":0,"name":"get_file_data","target":{"received from ofi+cxi://0x23e96600":{"handler":{"duration":{"num":150,"min":0.000000238,"max":0.002290249,"avg":0.000067932,"var":0.000020064,"sum":0.010189772}},"ult":{"duration":{"num":150,"min":0.087408304,"max":3.765684128,"avg":2.570185936,"var":80.646375600,"sum":385.527890444},"relative_timestamp_from_handler_start":{"num":150,"min":0.000010014,"max":0.831349850,"avg":0.226384784,"var":4.782027577,"sum":33.957717657}},"irespond":{"duration":{"num":150,"min":0.023805141,"max":0.036200762,"avg":0.024807409,"var":0.000398396,"sum":3.721111298},"relative_timestamp_from_ult_start":{"num":150,"min":0.043698549,"max":0.044998169,"avg":0.044262967,"var":0.000021709,"sum":6.639445066}},"respond_cb":{"duration":{"num":150,"min":0.000000000.0,"max":0.000004768,"avg":0.000000423,"var":0.000000000,"sum":0.000063419},"relative_timestamp_from_irespond_start":{"num":150,"min":0.043390036,"max":3.512949944,"avg":2.463627493,"var":70.811116604,"sum":369.544123888}},"irespond_wait":{"duration":{"num":150,"min":0.019146442,"max":3.696562767,"avg":2.500909986,"var":80.511199124,"sum":375.136497974},"relative_timestamp_from_irespond_end":{"num":150,"min":0.000000000.0,"max":0.000000715,"avg":0.000000272,"var":0.000000000,"sum":0.000040770}},"set_output":{"duration":{"num":150,"min":0.023175001,"max":0.024260044,"avg":0.023791963,"var":0.000006409,"sum":3.568794489},"relative_timestamp_from_irespond_start":{"num":150,"min":0.000000238,"max":0.000003099,"avg":0.000000418,"var":0.000000000,"sum":0.000062704}},"get_input":{"duration":{"num":150,"min":0.000000238,"max":0.000005007,"avg":0.000000482,"var":0.000000000,"sum":0.000072241},"relative_timestamp_from_ult_start":{"num":150,"min":0.000000238,"max":0.000006676,"avg":0.000000631,"var":0.000000000,"sum":0.000094652}}},"received from ofi+cxi://0x23ef4200":{"handler":{"duration":{"num":150,"min":0.000000238,"max":0.002743244,"avg":0.000125572,"var":0.000041933,"sum":0.018835783}},"ult":{"duration":{"num":150,"min":0.349728823,"max":3.616252661,"avg":2.468690346,"var":69.418649263,"sum":370.303551912},"relative_timestamp_from_handler_start":{"num":150,"min":0.000008583,"max":1.040713310,"avg":0.266121645,"var":6.398452032,"sum":39.918246746}},"irespond":{"duration":{"num":150,"min":0.023729086,"max":0.034610271,"avg":0.024682741,"var":0.000242469,"sum":3.702411175},"relative_timestamp_from_ult_start":{"num":150,"min":0.042858362,"max":0.045121670,"avg":0.044284053,"var":0.000026034,"sum":6.642607927}},"respond_cb":{"duration":{"num":150,"min":0.000000000.0,"max":0.000000715,"avg":0.000000366,"var":0.000000000,"sum":0.000054836},"relative_timestamp_from_irespond_start":{"num":150,"min":0.302983046,"max":3.378913403,"avg":2.366992213,"var":60.173708827,"sum":355.048831940}},"irespond_wait":{"duration":{"num":150,"min":0.281260014,"max":3.536668777,"avg":2.399520226,"var":69.352873408,"sum":359.928033829},"relative_timestamp_from_irespond_end":{"num":150,"min":0.000000000.0,"max":0.000000715,"avg":0.000000267,"var":0.000000000,"sum":0.000040054}},"set_output":{"duration":{"num":150,"min":0.023101091,"max":0.024208546,"avg":0.023793607,"var":0.000006377,"sum":3.569041014},"relative_timestamp_from_irespond_start":{"num":150,"min":0.000000238,"max":0.000000715,"avg":0.000000415,"var":0.000000000,"sum":0.000062227}},"get_input":{"duration":{"num":150,"min":0.000000238,"max":0.000000715,"avg":0.000000467,"var":0.000000000,"sum":0.000070095},"relative_timestamp_from_ult_start":{"num":150,"min":0.000000238,"max":0.000000954,"avg":0.000000591,"var":0.000000000,"sum":0.000088692}}}}},"65535:65535:8686831390660034559:65535":{"rpc_id":8686831390660034559,"provider_id":65535,"parent_rpc_id":65535,"parent_provider_id":65535,"name":"__shutdown__","target":{"received from ofi+cxi://0x23e70601":{"handler":{"duration":{"num":1,"min":0.000022173,"max":0.000022173,"avg":0.000022173,"var":0.000000000.0,"sum":0.000022173}},"ult":{"duration":{"num":1,"min":0.000012398,"max":0.000012398,"avg":0.000012398,"var":0.000000000.0,"sum":0.000012398},"relative_timestamp_from_handler_start":{"num":1,"min":0.000024796,"max":0.000024796,"avg":0.000024796,"var":0.000000000.0,"sum":0.000024796}},"irespond":{"duration":{"num":1,"min":0.000003576,"max":0.000003576,"avg":0.000003576,"var":0.000000000.0,"sum":0.000003576},"relative_timestamp_from_ult_start":{"num":1,"min":0.000000715,"max":0.000000715,"avg":0.000000715,"var":0.000000000.0,"sum":0.000000715}},"respond_cb":{"duration":{"num":1,"min":0.000000238,"max":0.000000238,"avg":0.000000238,"var":0.000000000.0,"sum":0.000000238},"relative_timestamp_from_irespond_start":{"num":1,"min":0.000009298,"max":0.000009298,"avg":0.000009298,"var":0.000000000.0,"sum":0.000009298}},"irespond_wait":{"duration":{"num":1,"min":0.000006199,"max":0.000006199,"avg":0.000006199,"var":0.000000000.0,"sum":0.000006199},"relative_timestamp_from_irespond_end":{"num":1,"min":0.000000238,"max":0.000000238,"avg":0.000000238,"var":0.000000000.0,"sum":0.000000238}},"set_output":{"duration":{"num":1,"min":0.000000238,"max":0.000000238,"avg":0.000000238,"var":0.000000000.0,"sum":0.000000238},"relative_timestamp_from_irespond_start":{"num":1,"min":0.000000238,"max":0.000000238,"avg":0.000000238,"var":0.000000000.0,"sum":0.000000238}},"get_input":{"duration":{"num":0,"min":0.000000000.0,"max":0.000000000.0,"avg":0.000000000.0,"var":0.000000000.0,"sum":0.000000000.0},"relative_timestamp_from_ult_start":{"num":0,"min":0.000000000.0,"max":0.000000000.0,"avg":0.000000000.0,"var":0.000000000.0,"sum":0.000000000.0}}}}}}}