{"address":"","rpcs":{"get_file_data:0":{"timestamps":[1717914596.913618803,1717914597.919383526,1717914598.959384441,1717914599.999384642,1717914601.039383650,1717914602.079383612,1717914603.119384289,1717914604.159384727,1717914605.199387312,1717914606.239384174,1717914607.279384375,1717914608.319384336,1717914609.359384537,1717914610.399385452,1717914611.439384460,1717914612.479384422,1717914613.519383669,1717914614.559383631,1717914615.599384308,1717914616.639384985,1717914617.679384708,1717914618.719384670,1717914619.759383917,1717914620.799384117,1717914621.839384556,1717914622.879383564,1717914623.919384241,1717914624.959384918,1717914625.999384403,1717914627.039384365,1717914628.079384327,1717914629.119384766,1717914630.159384727,1717914631.199385643,1717914632.239384651,1717914633.279384375,1717914634.319384336,1717914635.359384537,1717914636.399384022,1717914637.439384460,1717914638.479384661,1717914639.519386053,1717914640.559384584,1717914641.599385977,1717914642.639384270,1717914643.679385662,1717914644.719383955,1717914645.759386301,1717914646.799385309,1717914647.839384556,1717914648.879385710,1717914649.919385433,1717914650.959384203,1717914651.999383688,1717914653.039384842,1717914654.079384327,1717914655.119385481,1717914656.159385204,1717914657.199384451,1717914658.239384174,1717914659.279384375,1717914660.319384575,1717914661.359383583,1717914662.399386406,1717914663.439384222,1717914664.479385376,1717914665.519385576,1717914666.559386492,1717914667.599384069,1717914668.639385462,1717914669.679383993,1717914670.719384432,1717914671.759384871,1717914672.799384117,1717914673.839384556,1717914674.879384041,1717914675.919384003,1717914676.959386587,1717914677.999383926,1717914679.039385319,1717914680.079385996,1717914681.119385242,1717914682.159384966,1717914683.199385166,1717914684.239384413,1717914685.279383898,1717914686.319385767,1717914687.355384827,1717914688.395385504,1717914689.435385466,1717914690.475385427,1717914691.515383959,1717914692.555385113,1717914693.595384121,1717914694.635384321,1717914695.675384760,1717914696.715385914,1717914697.755383730,1717914698.795386076,1717914699.835384130,1717914700.875384569,1717914701.915385723,1717914702.955385447,1717914703.995384693,1717914705.035384417,1717914706.075383902,1717914706.840106964],"count":[1,29,0,0,0,0,0,0,0,0,0,0,0,0,0,0,0,0,0,0,0,0,0,0,0,0,0,0,0,0,0,0,0,0,0,0,0,0,0,0,0,0,0,0,0,0,0,0,0,0,0,0,0,0,0,0,0,0,0,0,0,0,0,0,0,0,0,0,0,0,0,0,0,0,0,0,0,0,0,0,0,0,0,0,0,0,0,0,0,0,0,0,0,0,0,0,0,0,0,0,0,0,0,0,0,0,0],"bulk_size":[0,0,0,0,0,0,0,0,0,0,0,0,0,0,0,0,0,0,0,0,0,0,0,0,0,0,0,0,0,0,0,0,0,0,0,0,0,0,0,0,0,0,0,0,0,0,0,0,0,0,0,0,0,0,0,0,0,0,0,0,0,0,0,0,0,0,0,0,0,0,0,0,0,0,0,0,0,0,0,0,0,0,0,0,0,0,0,0,0,0,0,0,0,0,0,0,0,0,0,0,0,0,0,0,0,0,0]},"__shutdown__:65535":{"timestamps":[1717914706.840106964],"count":[1],"bulk_size":[0]}},"pools":{"__primary__":{"timestamps":[1717914596.913618803,1717914597.919383526,1717914598.959384441,1717914599.999384642,1717914601.039383650,1717914602.079383612,1717914603.119384289,1717914604.159384727,1717914605.199387312,1717914606.239384174,1717914607.279384375,1717914608.319384336,1717914609.359384537,1717914610.399385452,1717914611.439384460,1717914612.479384422,1717914613.519383669,1717914614.559383631,1717914615.599384308,1717914616.639384985,1717914617.679384708,1717914618.719384670,1717914619.759383917,1717914620.799384117,1717914621.839384556,1717914622.879383564,1717914623.919384241,1717914624.959384918,1717914625.999384403,1717914627.039384365,1717914628.079384327,1717914629.119384766,1717914630.159384727,1717914631.199385643,1717914632.239384651,1717914633.279384375,1717914634.319384336,1717914635.359384537,1717914636.399384022,1717914637.439384460,1717914638.479384661,1717914639.519386053,1717914640.559384584,1717914641.599385977,1717914642.639384270,1717914643.679385662,1717914644.719383955,1717914645.759386301,1717914646.799385309,1717914647.839384556,1717914648.879385710,1717914649.919385433,1717914650.959384203,1717914651.999383688,1717914653.039384842,1717914654.079384327,1717914655.119385481,1717914656.159385204,1717914657.199384451,1717914658.239384174,1717914659.279384375,1717914660.319384575,1717914661.359383583,1717914662.399386406,1717914663.439384222,1717914664.479385376,1717914665.519385576,1717914666.559386492,1717914667.599384069,1717914668.639385462,1717914669.679383993,1717914670.719384432,1717914671.759384871,1717914672.799384117,1717914673.839384556,1717914674.879384041,1717914675.919384003,1717914676.959386587,1717914677.999383926,1717914679.039385319,1717914680.079385996,1717914681.119385242,1717914682.159384966,1717914683.199385166,1717914684.239384413,1717914685.279383898,1717914686.319385767,1717914687.355384827,1717914688.395385504,1717914689.435385466,1717914690.475385427,1717914691.515383959,1717914692.555385113,1717914693.595384121,1717914694.635384321,1717914695.675384760,1717914696.715385914,1717914697.755383730,1717914698.795386076,1717914699.835384130,1717914700.875384569,1717914701.915385723,1717914702.955385447,1717914703.995384693,1717914705.035384417,1717914706.075383902,1717914706.840106964],"size":[0,0,0,0,0,0,0,0,0,0,0,0,0,0,0,0,0,0,0,0,0,0,0,0,0,0,0,0,0,0,0,0,0,0,0,0,0,0,0,0,0,0,0,0,0,0,0,0,0,0,0,0,0,0,0,0,0,0,0,0,0,0,0,0,0,0,0,0,0,0,0,0,0,0,0,0,0,0,0,0,0,0,0,0,0,0,0,0,0,0,0,0,0,0,0,0,0,0,0,0,0,0,0,0,0,0,0],"total_size":[2,1,1,1,1,1,1,1,1,1,1,1,1,1,1,1,1,1,1,1,1,1,1,1,1,1,1,1,1,1,1,1,1,1,1,1,1,1,1,1,1,1,1,1,1,1,1,1,1,1,1,1,1,1,1,1,1,1,1,1,1,1,1,1,1,1,1,1,1,1,1,1,1,1,1,1,1,1,1,1,1,1,1,1,1,1,1,1,1,1,1,1,1,1,1,1,1,1,1,1,1,1,1,1,1,1,0]}}}