{"address":"","rpcs":{"get_file_data:0":{"timestamps":[1717912976.414139986,1717912977.468414783,1717912978.508414268,1717912979.548414230,1717912980.588416815,1717912981.628415108,1717912982.668412924,1717912983.708414793,1717912984.748412371,1717912985.788415194,1717912986.828413010,1717912987.868413925,1717912988.908413410,1717912989.948414326,1717912990.988413334,1717912992.028413534,1717912993.068412781,1717912994.108414173,1717912995.148413420,1717912996.188413382,1717912997.228414059,1717912998.264415264,1717912999.304413795,1717913000.344413280,1717913001.384414434,1717913002.424413204,1717913003.464412689,1717913004.504412174,1717913005.544412851,1717913006.584413290,1717913007.624414444,1717913008.664412022,1717913009.704413891,1717913010.744413614,1717913011.784414053,1717913012.824412346,1717913013.864412546,1717913014.904412746,1717913015.944413662,1717913016.984412670,1717913018.024413347,1717913019.064414024,1717913020.104413509,1717913021.144412994,1717913022.184414148,1717913023.224413633,1717913024.264412880,1717913025.304421663,1717913026.344413996,1717913027.384413481,1717913028.424412012,1717913029.464412689,1717913030.504413605,1717913031.544412613,1717913032.584413290,1717913033.624413490,1717913034.664413691,1717913035.704412222,1717913036.744413853,1717913037.784412384,1717913038.824413300,1717913039.864412308,1717913040.904412985,1717913041.944411993,1717913042.984415054,1717913044.024413824,1717913045.064412355,1717913046.104413509,1717913047.144413471,1717913048.184413195,1717913049.224412918,1717913050.264412880,1717913051.304414034,1717913052.344412088,1717913053.384413719,1717913054.424413204,1717913055.464413643,1717913056.504413366,1717913057.544413567,1717913058.584417343,1717913059.624414206,1717913060.664414167,1717913061.704413891,1717913062.744414330,1717913063.784412861,1717913064.824413538,1717913065.864414930,1717913066.315272808],"count":[1,69,0,0,0,0,0,0,0,0,0,0,0,0,0,0,0,0,0,0,0,0,0,0,0,0,0,0,0,0,0,0,0,0,0,0,0,0,0,0,0,0,0,0,0,0,0,0,0,0,0,0,0,0,0,0,0,0,0,0,0,0,0,0,0,0,0,0,0,0,0,0,0,0,0,0,0,0,0,0,0,0,0,0,0,0,0,0],"bulk_size":[0,0,0,0,0,0,0,0,0,0,0,0,0,0,0,0,0,0,0,0,0,0,0,0,0,0,0,0,0,0,0,0,0,0,0,0,0,0,0,0,0,0,0,0,0,0,0,0,0,0,0,0,0,0,0,0,0,0,0,0,0,0,0,0,0,0,0,0,0,0,0,0,0,0,0,0,0,0,0,0,0,0,0,0,0,0,0,0]},"__shutdown__:65535":{"timestamps":[1717913066.315272808],"count":[1],"bulk_size":[0]}},"pools":{"__primary__":{"timestamps":[1717912976.414139986,1717912977.468414783,1717912978.508414268,1717912979.548414230,1717912980.588416815,1717912981.628415108,1717912982.668412924,1717912983.708414793,1717912984.748412371,1717912985.788415194,1717912986.828413010,1717912987.868413925,1717912988.908413410,1717912989.948414326,1717912990.988413334,1717912992.028413534,1717912993.068412781,1717912994.108414173,1717912995.148413420,1717912996.188413382,1717912997.228414059,1717912998.264415264,1717912999.304413795,1717913000.344413280,1717913001.384414434,1717913002.424413204,1717913003.464412689,1717913004.504412174,1717913005.544412851,1717913006.584413290,1717913007.624414444,1717913008.664412022,1717913009.704413891,1717913010.744413614,1717913011.784414053,1717913012.824412346,1717913013.864412546,1717913014.904412746,1717913015.944413662,1717913016.984412670,1717913018.024413347,1717913019.064414024,1717913020.104413509,1717913021.144412994,1717913022.184414148,1717913023.224413633,1717913024.264412880,1717913025.304421663,1717913026.344413996,1717913027.384413481,1717913028.424412012,1717913029.464412689,1717913030.504413605,1717913031.544412613,1717913032.584413290,1717913033.624413490,1717913034.664413691,1717913035.704412222,1717913036.744413853,1717913037.784412384,1717913038.824413300,1717913039.864412308,1717913040.904412985,1717913041.944411993,1717913042.984415054,1717913044.024413824,1717913045.064412355,1717913046.104413509,1717913047.144413471,1717913048.184413195,1717913049.224412918,1717913050.264412880,1717913051.304414034,1717913052.344412088,1717913053.384413719,1717913054.424413204,1717913055.464413643,1717913056.504413366,1717913057.544413567,1717913058.584417343,1717913059.624414206,1717913060.664414167,1717913061.704413891,1717913062.744414330,1717913063.784412861,1717913064.824413538,1717913065.864414930,1717913066.315272808],"size":[0,0,0,0,0,0,0,0,0,0,0,0,0,0,0,0,0,0,0,0,0,0,0,0,0,0,0,0,0,0,0,0,0,0,0,0,0,0,0,0,0,0,0,0,0,0,0,0,0,0,0,0,0,0,0,0,0,0,0,0,0,0,0,0,0,0,0,0,0,0,0,0,0,0,0,0,0,0,0,0,0,0,0,0,0,0,0,0],"total_size":[2,1,1,1,1,1,1,1,1,1,1,1,1,1,1,1,1,1,1,1,1,1,1,1,1,1,1,1,1,1,1,1,1,1,1,1,1,1,1,1,1,1,1,1,1,1,1,1,1,1,1,1,1,1,1,1,1,1,1,1,1,1,1,1,1,1,1,1,1,1,1,1,1,1,1,1,1,1,1,1,1,1,1,1,1,1,1,0]}}}