{"address":"","rpcs":{"get_file_data:0":{"timestamps":[1717914597.933551073,1717914598.973553896,1717914600.013552666,1717914601.053551197,1717914602.093551874,1717914603.133551359,1717914604.173552275,1717914605.213551521,1717914606.253551245,1717914607.293551922,1717914608.333552599,1717914609.373552322,1717914610.413551331,1717914611.453551292,1717914612.493551254,1717914613.533552170,1717914614.573550940,1717914615.613550901,1717914616.653551579,1717914617.693552494,1717914618.733551979,1717914619.773551464,1717914620.813551426,1717914621.853551388,1717914622.893553019,1717914623.933555126,1717914624.973550558,1717914626.013550520,1717914627.053551435,1717914628.093551397,1717914629.129550695,1717914630.169554710,1717914631.209551096,1717914632.249550343,1717914633.289551258,1717914634.329551220,1717914635.369554996,1717914636.409552097,1717914637.449551105,1717914638.489551306,1717914639.529551744,1717914640.569551229,1717914641.609552145,1717914642.649551153,1717914643.689552784,1717914644.729551315,1717914645.769551277,1717914646.809551239,1717914647.849551201,1717914648.889551401,1717914649.929553032,1717914650.969551325,1717914652.009551287,1717914653.049550772,1717914654.089552402,1717914655.129550695,1717914656.169551134,1717914657.209551334,1717914658.249551535,1717914659.289551973,1717914660.329550982,1717914661.369552135,1717914662.409551620,1717914663.449551344,1717914664.489551544,1717914665.529551268,1717914666.569552183,1717914667.609551191,1717914668.649550676,1717914669.689551115,1717914670.729551315,1717914671.769551277,1717914672.809551239,1717914673.849550486,1717914674.889550924,1717914675.929552317,1717914676.969551325,1717914678.009551525,1717914679.049550772,1717914680.089553118,1717914681.129552841,1717914682.169551134,1717914683.209552050,1717914684.249551296,1717914685.289551020,1717914686.329551220,1717914687.369551420,1717914688.409552813,1717914689.449551344,1717914690.489550591,1717914691.529551029,1717914692.569551468,1717914693.609550953,1717914694.649551153,1717914695.689552069,1717914696.729550600,1717914697.769553423,1717914698.809554577,1717914699.849552155,1717914700.889551401,1717914701.929551840,1717914702.969551325,1717914704.009550810,1717914705.049550772,1717914706.089550972,1717914706.866495848],"count":[300,0,0,0,0,0,0,0,0,0,0,0,0,0,0,0,0,0,0,0,0,0,0,0,0,0,0,0,0,0,0,0,0,0,0,0,0,0,0,0,0,0,0,0,0,0,0,0,0,0,0,0,0,0,0,0,0,0,0,0,0,0,0,0,0,0,0,0,0,0,0,0,0,0,0,0,0,0,0,0,0,0,0,0,0,0,0,0,0,0,0,0,0,0,0,0,0,0,0,0,0,0,0,0,0,0],"bulk_size":[0,0,0,0,0,0,0,0,0,0,0,0,0,0,0,0,0,0,0,0,0,0,0,0,0,0,0,0,0,0,0,0,0,0,0,0,0,0,0,0,0,0,0,0,0,0,0,0,0,0,0,0,0,0,0,0,0,0,0,0,0,0,0,0,0,0,0,0,0,0,0,0,0,0,0,0,0,0,0,0,0,0,0,0,0,0,0,0,0,0,0,0,0,0,0,0,0,0,0,0,0,0,0,0,0,0]},"__shutdown__:65535":{"timestamps":[1717914706.866495848],"count":[1],"bulk_size":[0]}},"pools":{"__primary__":{"timestamps":[1717914596.903027296,1717914597.933551073,1717914598.973553896,1717914600.013552666,1717914601.053551197,1717914602.093551874,1717914603.133551359,1717914604.173552275,1717914605.213551521,1717914606.253551245,1717914607.293551922,1717914608.333552599,1717914609.373552322,1717914610.413551331,1717914611.453551292,1717914612.493551254,1717914613.533552170,1717914614.573550940,1717914615.613550901,1717914616.653551579,1717914617.693552494,1717914618.733551979,1717914619.773551464,1717914620.813551426,1717914621.853551388,1717914622.893553019,1717914623.933555126,1717914624.973550558,1717914626.013550520,1717914627.053551435,1717914628.093551397,1717914629.129550695,1717914630.169554710,1717914631.209551096,1717914632.249550343,1717914633.289551258,1717914634.329551220,1717914635.369554996,1717914636.409552097,1717914637.449551105,1717914638.489551306,1717914639.529551744,1717914640.569551229,1717914641.609552145,1717914642.649551153,1717914643.689552784,1717914644.729551315,1717914645.769551277,1717914646.809551239,1717914647.849551201,1717914648.889551401,1717914649.929553032,1717914650.969551325,1717914652.009551287,1717914653.049550772,1717914654.089552402,1717914655.129550695,1717914656.169551134,1717914657.209551334,1717914658.249551535,1717914659.289551973,1717914660.329550982,1717914661.369552135,1717914662.409551620,1717914663.449551344,1717914664.489551544,1717914665.529551268,1717914666.569552183,1717914667.609551191,1717914668.649550676,1717914669.689551115,1717914670.729551315,1717914671.769551277,1717914672.809551239,1717914673.849550486,1717914674.889550924,1717914675.929552317,1717914676.969551325,1717914678.009551525,1717914679.049550772,1717914680.089553118,1717914681.129552841,1717914682.169551134,1717914683.209552050,1717914684.249551296,1717914685.289551020,1717914686.329551220,1717914687.369551420,1717914688.409552813,1717914689.449551344,1717914690.489550591,1717914691.529551029,1717914692.569551468,1717914693.609550953,1717914694.649551153,1717914695.689552069,1717914696.729550600,1717914697.769553423,1717914698.809554577,1717914699.849552155,1717914700.889551401,1717914701.929551840,1717914702.969551325,1717914704.009550810,1717914705.049550772,1717914706.089550972,1717914706.866495848],"size":[0,0,0,0,0,0,0,0,0,0,0,0,0,0,0,0,0,0,0,0,0,0,0,0,0,0,0,0,0,0,0,0,0,0,0,0,0,0,0,0,0,0,0,0,0,0,0,0,0,0,0,0,0,0,0,0,0,0,0,0,0,0,0,0,0,0,0,0,0,0,0,0,0,0,0,0,0,0,0,0,0,0,0,0,0,0,0,0,0,0,0,0,0,0,0,0,0,0,0,0,0,0,0,0,0,0,0],"total_size":[1,1,1,1,1,1,1,1,1,1,1,1,1,1,1,1,1,1,1,1,1,1,1,1,1,1,1,1,1,1,1,1,1,1,1,1,1,1,1,1,1,1,1,1,1,1,1,1,1,1,1,1,1,1,1,1,1,1,1,1,1,1,1,1,1,1,1,1,1,1,1,1,1,1,1,1,1,1,1,1,1,1,1,1,1,1,1,1,1,1,1,1,1,1,1,1,1,1,1,1,1,1,1,1,1,1,0]}}}