{"address":"","progress_loop":{"progress_with_timeout":{"num":867,"min":0.000000715,"max":0.104013920,"avg":0.103606902,"var":0.032789143,"sum":89.827183723},"progress_timeout_value_msec":{"num":867,"min":100.000000000.0,"max":100.000000000.0,"avg":100.000000000.0,"var":0.000000000.0,"sum":86700.000000000.0},"progress_without_timeout":{"num":31147,"min":0.000000000.0,"max":0.000063896,"avg":0.000000122,"var":0.000000007,"sum":0.003793240},"trigger":{"num":132,"min":0.000000000.0,"max":0.001897097,"avg":0.000015185,"var":0.000003569,"sum":0.002004385}},"rpcs":{"65535:65535:14048217247822970879:0":{"rpc_id":-4398526825886580737,"provider_id":0,"parent_rpc_id":65535,"parent_provider_id":65535,"name":"get_file_data","origin":{"sent to ofi+cxi://0x23eb6200":{"iforward":{"duration":{"num":10,"min":0.000000715,"max":0.000026226,"avg":0.000003481,"var":0.000000001,"sum":0.000034809},"relative_timestamp_from_create":{"num":10,"min":0.000000000.0,"max":0.000003338,"avg":0.000000381,"var":0.000000000,"sum":0.000003815}},"forward_cb":{"duration":{"num":10,"min":0.000000000.0,"max":0.000000238,"avg":0.000000095,"var":0.000000000,"sum":0.000000954},"relative_timestamp_from_iforward_start":{"num":10,"min":0.000128031,"max":0.004359484,"avg":0.001127505,"var":0.000023098,"sum":0.011275053}},"iforward_wait":{"duration":{"num":10,"min":0.000128031,"max":0.004360199,"avg":0.001130748,"var":0.000022942,"sum":0.011307478},"relative_timestamp_from_iforward_end":{"num":10,"min":0.000000000.0,"max":0.000000238,"avg":0.000000072,"var":0.000000000,"sum":0.000000715}},"set_input":{"duration":{"num":10,"min":0.000000000.0,"max":0.000004053,"avg":0.000000644,"var":0.000000000,"sum":0.000006437},"relative_timestamp_from_iforward_start":{"num":10,"min":0.000000477,"max":0.000015497,"avg":0.000002050,"var":0.000000000,"sum":0.000020504}},"get_output":{"duration":{"num":10,"min":0.000000238,"max":0.000000477,"avg":0.000000453,"var":0.000000000,"sum":0.000004530},"relative_timestamp_from_wait_end":{"num":10,"min":0.000000000.0,"max":0.000000238,"avg":0.000000095,"var":0.000000000,"sum":0.000000954}}}},"target":{"received from ofi+cxi://0x23eb6200":{"handler":{"duration":{"num":10,"min":0.000000238,"max":0.000006437,"avg":0.000000954,"var":0.000000000,"sum":0.000009537}},"ult":{"duration":{"num":10,"min":0.000126600,"max":0.004358053,"avg":0.001121187,"var":0.000022982,"sum":0.011211872},"relative_timestamp_from_handler_start":{"num":10,"min":0.000000477,"max":0.000013351,"avg":0.000001907,"var":0.000000000,"sum":0.000019073}},"irespond":{"duration":{"num":10,"min":0.000001431,"max":0.000017166,"avg":0.000011683,"var":0.000000000,"sum":0.000116825},"relative_timestamp_from_ult_start":{"num":10,"min":0.000112534,"max":0.004343510,"avg":0.001107311,"var":0.000022945,"sum":0.011073112}},"respond_cb":{"duration":{"num":10,"min":0.000000000.0,"max":0.000000238,"avg":0.000000095,"var":0.000000000,"sum":0.000000954},"relative_timestamp_from_irespond_start":{"num":10,"min":0.000001907,"max":0.000018597,"avg":0.000012541,"var":0.000000000,"sum":0.000125408}},"irespond_wait":{"duration":{"num":10,"min":0.000000954,"max":0.000002861,"avg":0.000001788,"var":0.000000000,"sum":0.000017881},"relative_timestamp_from_irespond_end":{"num":10,"min":0.000000000.0,"max":0.000000238,"avg":0.000000048,"var":0.000000000,"sum":0.000000477}},"set_output":{"duration":{"num":10,"min":0.000000238,"max":0.000006199,"avg":0.000004482,"var":0.000000000,"sum":0.000044823},"relative_timestamp_from_irespond_start":{"num":10,"min":0.000000000.0,"max":0.000000954,"avg":0.000000191,"var":0.000000000,"sum":0.000001907}},"get_input":{"duration":{"num":10,"min":0.000000000.0,"max":0.000001907,"avg":0.000000286,"var":0.000000000,"sum":0.000002861},"relative_timestamp_from_ult_start":{"num":10,"min":0.000000000.0,"max":0.000002623,"avg":0.000000405,"var":0.000000000,"sum":0.000004053}}}}},"14048217247822970879:0:14048217247822970879:0":{"rpc_id":-4398526825886580737,"provider_id":0,"parent_rpc_id":-4398526825886580737,"parent_provider_id":0,"name":"get_file_data","origin":{"sent to ofi+cxi://0x23e90400":{"iforward":{"duration":{"num":30,"min":0.000001192,"max":0.000049114,"avg":0.000008162,"var":0.000000002,"sum":0.000244856},"relative_timestamp_from_create":{"num":30,"min":0.000000000.0,"max":0.000000238,"avg":0.000000087,"var":0.000000000,"sum":0.000002623}},"forward_cb":{"duration":{"num":30,"min":0.000000000.0,"max":0.000001431,"avg":0.000000199,"var":0.000000000,"sum":0.000005960},"relative_timestamp_from_iforward_start":{"num":30,"min":0.000086546,"max":0.004976749,"avg":0.001004060,"var":0.000078941,"sum":0.030121803}},"iforward_wait":{"duration":{"num":30,"min":0.000078917,"max":0.004963875,"avg":0.000996884,"var":0.000078709,"sum":0.029906511},"relative_timestamp_from_iforward_end":{"num":30,"min":0.000000000.0,"max":0.000000238,"avg":0.000000111,"var":0.000000000,"sum":0.000003338}},"set_input":{"duration":{"num":30,"min":0.000000000.0,"max":0.000000477,"avg":0.000000254,"var":0.000000000,"sum":0.000007629},"relative_timestamp_from_iforward_start":{"num":30,"min":0.000000238,"max":0.000002384,"avg":0.000000509,"var":0.000000000,"sum":0.000015259}},"get_output":{"duration":{"num":30,"min":0.000000238,"max":0.000003099,"avg":0.000000723,"var":0.000000000,"sum":0.000021696},"relative_timestamp_from_wait_end":{"num":30,"min":0.000000000.0,"max":0.000002623,"avg":0.000000215,"var":0.000000000,"sum":0.000006437}}}},"target":{"received from ofi+cxi://0x23ed4200":{"handler":{"duration":{"num":10,"min":0.000000238,"max":0.000003099,"avg":0.000000763,"var":0.000000000,"sum":0.000007629}},"ult":{"duration":{"num":10,"min":0.000138283,"max":0.004975319,"avg":0.001241827,"var":0.000034593,"sum":0.012418270},"relative_timestamp_from_handler_start":{"num":10,"min":0.000000477,"max":0.000004053,"avg":0.000001311,"var":0.000000000,"sum":0.000013113}},"irespond":{"duration":{"num":10,"min":0.000001907,"max":0.000022888,"avg":0.000012374,"var":0.000000000,"sum":0.000123739},"relative_timestamp_from_ult_start":{"num":10,"min":0.000101805,"max":0.004855394,"avg":0.001189876,"var":0.000033921,"sum":0.011898756}},"respond_cb":{"duration":{"num":10,"min":0.000000000.0,"max":0.000000238,"avg":0.000000024,"var":0.000000000,"sum":0.000000238},"relative_timestamp_from_irespond_start":{"num":10,"min":0.000036001,"max":0.000118732,"avg":0.000050044,"var":0.000000006,"sum":0.000500441}},"irespond_wait":{"duration":{"num":10,"min":0.000024796,"max":0.000095844,"avg":0.000039029,"var":0.000000004,"sum":0.000390291},"relative_timestamp_from_irespond_end":{"num":10,"min":0.000000000.0,"max":0.000000477,"avg":0.000000262,"var":0.000000000,"sum":0.000002623}},"set_output":{"duration":{"num":10,"min":0.000000477,"max":0.000005722,"avg":0.000004554,"var":0.000000000,"sum":0.000045538},"relative_timestamp_from_irespond_start":{"num":10,"min":0.000000000.0,"max":0.000000477,"avg":0.000000072,"var":0.000000000,"sum":0.000000715}},"get_input":{"duration":{"num":10,"min":0.000000000.0,"max":0.000000715,"avg":0.000000191,"var":0.000000000,"sum":0.000001907},"relative_timestamp_from_ult_start":{"num":10,"min":0.000000000.0,"max":0.000000477,"avg":0.000000167,"var":0.000000000,"sum":0.000001669}}},"received from ofi+cxi://0x23ef4600":{"handler":{"duration":{"num":10,"min":0.000000238,"max":0.001895905,"avg":0.000189972,"var":0.000003234,"sum":0.001899719}},"ult":{"duration":{"num":10,"min":0.000117302,"max":0.005090475,"avg":0.000798678,"var":0.000021888,"sum":0.007986784},"relative_timestamp_from_handler_start":{"num":10,"min":0.000000477,"max":0.001897335,"avg":0.000190330,"var":0.000003238,"sum":0.001903296}},"irespond":{"duration":{"num":10,"min":0.000001669,"max":0.000026464,"avg":0.000014210,"var":0.000000000,"sum":0.000142097},"relative_timestamp_from_ult_start":{"num":10,"min":0.000091314,"max":0.004992008,"avg":0.000749898,"var":0.000021427,"sum":0.007498980}},"respond_cb":{"duration":{"num":10,"min":0.000000000.0,"max":0.000000238,"avg":0.000000048,