{"address":"","rpcs":{"get_file_data:0":{"timestamps":[1717912514.733940125,1717912515.818866491,1717912516.858867884,1717912517.898866415,1717912518.938865662,1717912519.978867531,1717912521.018865824,1717912522.058866739,1717912523.098868132,1717912524.138866186,1717912525.178866625,1717912526.218866587,1717912527.258867502,1717912528.298868418,1717912529.338870525,1717912530.378866673,1717912531.418866396,1717912532.458866119,1717912533.498866081,1717912534.538866758,1717912535.578867674,1717912536.618867397,1717912537.658868074,1717912538.698867321,1717912539.738867283,1717912540.778866053,1717912541.818866968,1717912542.858867645,1717912543.898866415,1717912544.938866377,1717912545.978867292,1717912547.018866062,1717912548.058868170,1717912549.098867178,1717912550.138866663,1717912551.178866625,1717912552.218866587,1717912553.258867502,1717912554.298866749,1717912555.338866472,1717912556.378867865,1717912557.418866634,1717912558.458867073,1717912559.498866558,1717912560.538867474,1717912561.578867674,1717912562.618868589,1717912563.658865929,1717912564.698868513,1717912565.738866806,1717912566.778867006,1717912567.818866491,1717912568.858866692,1717912569.898869038,1717912570.938868284,1717912571.978866339,1717912573.018867493,1717912574.058866739,1717912575.098866701,1717912576.138866663,1717912577.178866386,1717912578.218870163,1717912579.258866310,1717912580.298865557,1717912581.338866711,1717912582.378866196,1717912583.418868065,1717912584.458867550,1717912585.498867512,1717912586.538866758,1717912587.578870773,1717912588.618866444,1717912589.658867359,1717912590.698866606,1717912591.738866329,1717912592.778866529,1717912593.818867922,1717912594.858866453,1717912595.898867846,1717912596.938866615,1717912597.978866577,1717912599.018866777,1717912600.058867216,1717912601.098866463,1717912602.138868093,1717912603.178867102,1717912604.218868017,1717912604.614116192],"count":[1,9,0,0,0,0,0,0,0,0,0,0,0,0,0,0,0,0,0,0,0,0,0,0,0,0,0,0,0,0,0,0,0,0,0,0,0,0,0,0,0,0,0,0,0,0,0,0,0,0,0,0,0,0,0,0,0,0,0,0,0,0,0,0,0,0,0,0,0,0,0,0,0,0,0,0,0,0,0,0,0,0,0,0,0,0,0,0],"bulk_size":[0,0,0,0,0,0,0,0,0,0,0,0,0,0,0,0,0,0,0,0,0,0,0,0,0,0,0,0,0,0,0,0,0,0,0,0,0,0,0,0,0,0,0,0,0,0,0,0,0,0,0,0,0,0,0,0,0,0,0,0,0,0,0,0,0,0,0,0,0,0,0,0,0,0,0,0,0,0,0,0,0,0,0,0,0,0,0,0]},"__shutdown__:65535":{"timestamps":[1717912604.614116192],"count":[1],"bulk_size":[0]}},"pools":{"__primary__":{"timestamps":[1717912514.733940125,1717912515.818866491,1717912516.858867884,1717912517.898866415,1717912518.938865662,1717912519.978867531,1717912521.018865824,1717912522.058866739,1717912523.098868132,1717912524.138866186,1717912525.178866625,1717912526.218866587,1717912527.258867502,1717912528.298868418,1717912529.338870525,1717912530.378866673,1717912531.418866396,1717912532.458866119,1717912533.498866081,1717912534.538866758,1717912535.578867674,1717912536.618867397,1717912537.658868074,1717912538.698867321,1717912539.738867283,1717912540.778866053,1717912541.818866968,1717912542.858867645,1717912543.898866415,1717912544.938866377,1717912545.978867292,1717912547.018866062,1717912548.058868170,1717912549.098867178,1717912550.138866663,1717912551.178866625,1717912552.218866587,1717912553.258867502,1717912554.298866749,1717912555.338866472,1717912556.378867865,1717912557.418866634,1717912558.458867073,1717912559.498866558,1717912560.538867474,1717912561.578867674,1717912562.618868589,1717912563.658865929,1717912564.698868513,1717912565.738866806,1717912566.778867006,1717912567.818866491,1717912568.858866692,1717912569.898869038,1717912570.938868284,1717912571.978866339,1717912573.018867493,1717912574.058866739,1717912575.098866701,1717912576.138866663,1717912577.178866386,1717912578.218870163,1717912579.258866310,1717912580.298865557,1717912581.338866711,1717912582.378866196,1717912583.418868065,1717912584.458867550,1717912585.498867512,1717912586.538866758,1717912587.578870773,1717912588.618866444,1717912589.658867359,1717912590.698866606,1717912591.738866329,1717912592.778866529,1717912593.818867922,1717912594.858866453,1717912595.898867846,1717912596.938866615,1717912597.978866577,1717912599.018866777,1717912600.058867216,1717912601.098866463,1717912602.138868093,1717912603.178867102,1717912604.218868017,1717912604.614116192],"size":[0,0,0,0,0,0,0,0,0,0,0,0,0,0,0,0,0,0,0,0,0,0,0,0,0,0,0,0,0,0,0,0,0,0,0,0,0,0,0,0,0,0,0,0,0,0,0,0,0,0,0,0,0,0,0,0,0,0,0,0,0,0,0,0,0,0,0,0,0,0,0,0,0,0,0,0,0,0,0,0,0,0,0,0,0,0,0,0],"total_size":[2,1,1,1,1,1,1,1,1,1,1,1,1,1,1,1,1,1,1,1,1,1,1,1,1,1,1,1,1,1,1,1,1,1,1,1,1,1,1,1,1,1,1,1,1,1,1,1,1,1,1,1,1,1,1,1,1,1,1,1,1,1,1,1,1,1,1,1,1,1,1,1,1,1,1,1,1,1,1,1,1,1,1,1,1,1,1,0]}}}