{"address":"","progress_loop":{"progress_with_timeout":{"num":1158,"min":0.000000715,"max":0.104010344,"avg":0.103171085,"var":0.096916780,"sum":119.472116232},"progress_timeout_value_msec":{"num":1158,"min":100.000000000.0,"max":100.000000000.0,"avg":100.000000000.0,"var":0.000000000.0,"sum":115800.000000000.0},"progress_without_timeout":{"num":69556188,"min":0.000000000.0,"max":0.022475958,"avg":0.000000114,"var":0.004990523,"sum":7.943013906},"trigger":{"num":52,"min":0.000000238,"max":0.000039577,"avg":0.000002999,"var":0.000000002,"sum":0.000155926}},"rpcs":{"65535:65535:14048217247822970879:0":{"rpc_id":-4398526825886580737,"provider_id":0,"parent_rpc_id":65535,"parent_provider_id":65535,"name":"get_file_data","origin":{"sent to ofi+cxi://0x23eb4200":{"iforward":{"duration":{"num":10,"min":0.000002623,"max":0.000037432,"avg":0.000006557,"var":0.000000001,"sum":0.000065565},"relative_timestamp_from_create":{"num":10,"min":0.000000238,"max":0.000004768,"avg":0.000000691,"var":0.000000000,"sum":0.000006914}},"forward_cb":{"duration":{"num":10,"min":0.000000238,"max":0.000000477,"avg":0.000000310,"var":0.000000000,"sum":0.000003099},"relative_timestamp_from_iforward_start":{"num":10,"min":1.469196320,"max":2.176591158,"avg":2.013496232,"var":0.380639008,"sum":20.134962320}},"iforward_wait":{"duration":{"num":10,"min":1.469421387,"max":2.176816463,"avg":2.013722157,"var":0.380641981,"sum":20.137221575},"relative_timestamp_from_iforward_end":{"num":10,"min":0.000000000.0,"max":0.000000238,"avg":0.000000167,"var":0.000000000,"sum":0.000001669}},"set_input":{"duration":{"num":10,"min":0.000000238,"max":0.000004768,"avg":0.000000882,"var":0.000000000,"sum":0.000008821},"relative_timestamp_from_iforward_start":{"num":10,"min":0.000001907,"max":0.000024080,"avg":0.000004435,"var":0.000000000,"sum":0.000044346}},"get_output":{"duration":{"num":10,"min":0.023011208,"max":0.023652554,"avg":0.023239970,"var":0.000000392,"sum":0.232399702},"relative_timestamp_from_wait_end":{"num":10,"min":0.000000238,"max":0.000000715,"avg":0.000000405,"var":0.000000000,"sum":0.000004053}}}},"target":{"received from ofi+cxi://0x23eb4200":{"handler":{"duration":{"num":10,"min":0.000000954,"max":0.000007153,"avg":0.000001717,"var":0.000000000,"sum":0.000017166}},"ult":{"duration":{"num":10,"min":1.468926668,"max":2.176810980,"avg":2.013666916,"var":0.381173859,"sum":20.136669159},"relative_timestamp_from_handler_start":{"num":10,"min":0.000001907,"max":0.000476837,"avg":0.000049615,"var":0.000000203,"sum":0.000496149}},"irespond":{"duration":{"num":10,"min":0.027030945,"max":0.027895689,"avg":0.027428436,"var":0.000000454,"sum":0.274284363},"relative_timestamp_from_ult_start":{"num":10,"min":1.441235781,"max":2.149225712,"avg":1.986004162,"var":0.381172680,"sum":19.860041618}},"respond_cb":{"duration":{"num":10,"min":0.000000000.0,"max":0.000000477,"avg":0.000000262,"var":0.000000000,"sum":0.000002623},"relative_timestamp_from_irespond_start":{"num":10,"min":0.027033329,"max":0.027898073,"avg":0.027431083,"var":0.000000454,"sum":0.274310827}},"irespond_wait":{"duration":{"num":10,"min":0.000002861,"max":0.000005722,"avg":0.000003958,"var":0.000000000,"sum":0.000039577},"relative_timestamp_from_irespond_end":{"num":10,"min":0.000000000.0,"max":0.000000477,"avg":0.000000215,"var":0.000000000,"sum":0.000002146}},"set_output":{"duration":{"num":10,"min":0.026324987,"max":0.027184725,"avg":0.026722622,"var":0.000000446,"sum":0.267226219},"relative_timestamp_from_irespond_start":{"num":10,"min":0.000000238,"max":0.000001669,"avg":0.000000525,"var":0.000000000,"sum":0.000005245}},"get_input":{"duration":{"num":10,"min":0.000000238,"max":0.000002623,"avg":0.000000548,"var":0.000000000,"sum":0.000005484},"relative_timestamp_from_ult_start":{"num":10,"min":0.000000238,"max":0.000007391,"avg":0.000001216,"var":0.000000000,"sum":0.000012159}}}}},"14048217247822970879:0:14048217247822970879:0":{"rpc_id":-4398526825886580737,"provider_id":0,"parent_rpc_id":-4398526825886580737,"parent_provider_id":0,"name":"get_file_data","origin":{"sent to ofi+cxi://0x23ed6200":{"iforward":{"duration":{"num":10,"min":0.000014544,"max":0.000034571,"avg":0.000017357,"var":0.000000000,"sum":0.000173569},"relative_timestamp_from_create":{"num":10,"min":0.000000000.0,"max":0.000000477,"avg":0.000000191,"var":0.000000000,"sum":0.000001907}},"forward_cb":{"duration":{"num":10,"min":0.000000477,"max":0.000024557,"avg":0.000003171,"var":0.000000001,"sum":0.000031710},"relative_timestamp_from_iforward_start":{"num":10,"min":1.413367510,"max":2.121964216,"avg":1.958391762,"var":0.381527735,"sum":19.583917618}},"iforward_wait":{"duration":{"num":10,"min":1.413341522,"max":2.121951103,"avg":1.958379030,"var":0.381535254,"sum":19.583790302},"relative_timestamp_from_iforward_end":{"num":10,"min":0.000000000.0,"max":0.000000238,"avg":0.000000191,"var":0.000000000,"sum":0.000001907}},"set_input":{"duration":{"num":10,"min":0.000000000.0,"max":0.000000715,"avg":0.000000334,"var":0.000000000,"sum":0.000003338},"relative_timestamp_from_iforward_start":{"num":10,"min":0.000000715,"max":0.000002146,"avg":0.000001001,"var":0.000000000,"sum":0.000010014}},"get_output":{"duration":{"num":10,"min":0.026909113,"max":0.027985811,"avg":0.027559924,"var":0.000000967,"sum":0.275599241},"relative_timestamp_from_wait_end":{"num":10,"min":0.000000477,"max":0.000001669,"avg":0.000000811,"var":0.000000000,"sum":0.000008106}}}}},"65535:65535:8686831390660034559:65535":{"rpc_id":8686831390660034559,"provider_id":65535,"parent_rpc_id":65535,"parent_provider_id":65535,"name":"__shutdown__","target":{"received from ofi+cxi://0x23e70601":{"handler":{"duration":{"num":1,"min":0.000027418,"max":0.000027418,"avg":0.000027418,"var":0.000000000.0,"sum":0.000027418}},"ult":{"duration":{"num":1,"min":0.000018120,"max":0.000018120,"avg":0.000018120,"var":0.000000000.0,"sum":0.000018120},"relative_timestamp_from_handler_start":{"num":1,"min":0.000032187,"max":0.000032187,"avg":0.000032187,"var":0.000000000.0,"sum":0.000032187}},"irespond":{"duration":{"num":1,"min":0.000007629,"max":0.000007629,"avg":0.000007629,"var":0.000000000.0,"sum":0.000007629},"relative_timestamp_from_ult_start":{"num":1,"min":0.000001192,"max":0.000001192,"avg":0.000001192,"var":0.000000000.0,"sum":0.000001192}},"respond_cb":{"duration":{"num":1,"min":0.000000477,"max":0.000000477,"avg":0.000000477,"var":0.000000000.0,"sum":0.000000477},"relative_timestamp_from_irespond_start":{"num":1,"min":0.000013828,"max":0.000013828,"avg":0.000013828,"var":0.000000000.0,"sum":0.000013828}},"irespond_wait":{"duration":{"num":1,"min":0.000006676,"max":0.000006676,"avg":0.000006676,"var":0.000000000.0,"sum":0.000006676},"relative_timestamp_from_irespond_end":{"num":1,"min":0.000000238,"max":0.000000238,"avg":0.000000238,"var":0.000000000.0,"sum":0.000000238}},"set_output":{"duration":{"num":1,"min":0.000000477,"max":0.000000477,"avg":0.000000477,"var":0.000000000.0,"sum":0.000000477},"relative_timestamp_from_irespond_start":{"num":1,"min":0.000000954,"max":0.000000954,"avg":0.000000954,"var":0.000000000.0,"sum":0.000000954}},"get_input":{"duration":{"num":0,"min":0.000000000.0,"max":0.000000000.0,"avg":0.000000000.0,"var":0.000000000.0,"sum":0.000000000.0},"relative_timestamp_from_ult_start":{"num":0,"min":0.000000000.0,"max":0.000000000.0,"avg":0.000000000.0,"var":0.000000000.0,"sum":0.000000000.0}}}}}}}