{"address":"","progress_loop":{"progress_with_timeout":{"num":1064,"min":0.000000238,"max":0.104008913,"avg":0.103042206,"var":0.102435024,"sum":109.636906862},"progress_timeout_value_msec":{"num":1064,"min":100.000000000.0,"max":100.000000000.0,"avg":100.000000000.0,"var":0.000000000.0,"sum":106400.000000000.0},"progress_without_timeout":{"num":709134,"min":0.000000000.0,"max":0.000243425,"avg":0.000000113,"var":0.000000113,"sum":0.079807043},"trigger":{"num":52,"min":0.000000238,"max":0.000022650,"avg":0.000001440,"var":0.000000001,"sum":0.000074863}},"rpcs":{"65535:65535:14048217247822970879:0":{"rpc_id":-4398526825886580737,"provider_id":0,"parent_rpc_id":65535,"parent_provider_id":65535,"name":"get_file_data","origin":{"sent to ofi+cxi://0x23e96200":{"iforward":{"duration":{"num":10,"min":0.000001192,"max":0.000031948,"avg":0.000004554,"var":0.000000001,"sum":0.000045538},"relative_timestamp_from_create":{"num":10,"min":0.000000000.0,"max":0.000004292,"avg":0.000000572,"var":0.000000000,"sum":0.000005722}},"forward_cb":{"duration":{"num":10,"min":0.000000000.0,"max":0.000000238,"avg":0.000000191,"var":0.000000000,"sum":0.000001907},"relative_timestamp_from_iforward_start":{"num":10,"min":0.010991812,"max":0.034424305,"avg":0.020423174,"var":0.000523079,"sum":0.204231739}},"iforward_wait":{"duration":{"num":10,"min":0.010992289,"max":0.034424305,"avg":0.020422840,"var":0.000522985,"sum":0.204228401},"relative_timestamp_from_iforward_end":{"num":10,"min":0.000000000.0,"max":0.000000477,"avg":0.000000119,"var":0.000000000,"sum":0.000001192}},"set_input":{"duration":{"num":10,"min":0.000000000.0,"max":0.000005245,"avg":0.000000787,"var":0.000000000,"sum":0.000007868},"relative_timestamp_from_iforward_start":{"num":10,"min":0.000000715,"max":0.000018835,"avg":0.000002789,"var":0.000000000,"sum":0.000027895}},"get_output":{"duration":{"num":10,"min":0.000021219,"max":0.000145912,"avg":0.000034833,"var":0.000000014,"sum":0.000348330},"relative_timestamp_from_wait_end":{"num":10,"min":0.000000000.0,"max":0.000000477,"avg":0.000000215,"var":0.000000000,"sum":0.000002146}}}},"target":{"received from ofi+cxi://0x23e96200":{"handler":{"duration":{"num":10,"min":0.000000477,"max":0.000008583,"avg":0.000001431,"var":0.000000000,"sum":0.000014305}},"ult":{"duration":{"num":10,"min":0.010990143,"max":0.034418821,"avg":0.020417547,"var":0.000522244,"sum":0.204175472},"relative_timestamp_from_handler_start":{"num":10,"min":0.000000715,"max":0.000015497,"avg":0.000002503,"var":0.000000000,"sum":0.000025034}},"irespond":{"duration":{"num":10,"min":0.000279665,"max":0.000288010,"avg":0.000284290,"var":0.000000000,"sum":0.002842903},"relative_timestamp_from_ult_start":{"num":10,"min":0.010699749,"max":0.034128428,"avg":0.020127749,"var":0.000521608,"sum":0.201277494}},"respond_cb":{"duration":{"num":10,"min":0.000000000.0,"max":0.000000477,"avg":0.000000167,"var":0.000000000,"sum":0.000001669},"relative_timestamp_from_irespond_start":{"num":10,"min":0.000280857,"max":0.000288963,"avg":0.000285530,"var":0.000000000,"sum":0.002855301}},"irespond_wait":{"duration":{"num":10,"min":0.000001669,"max":0.000002861,"avg":0.000002050,"var":0.000000000,"sum":0.000020504},"relative_timestamp_from_irespond_end":{"num":10,"min":0.000000000.0,"max":0.000000477,"avg":0.000000167,"var":0.000000000,"sum":0.000001669}},"set_output":{"duration":{"num":10,"min":0.000253677,"max":0.000262737,"avg":0.000259352,"var":0.000000000,"sum":0.002593517},"relative_timestamp_from_irespond_start":{"num":10,"min":0.000000000.0,"max":0.000000954,"avg":0.000000215,"var":0.000000000,"sum":0.000002146}},"get_input":{"duration":{"num":10,"min":0.000000238,"max":0.000001907,"avg":0.000000405,"var":0.000000000,"sum":0.000004053},"relative_timestamp_from_ult_start":{"num":10,"min":0.000000238,"max":0.000003099,"avg":0.000000572,"var":0.000000000,"sum":0.000005722}}}}},"14048217247822970879:0:14048217247822970879:0":{"rpc_id":-4398526825886580737,"provider_id":0,"parent_rpc_id":-4398526825886580737,"parent_provider_id":0,"name":"get_file_data","origin":{"sent to ofi+cxi://0x23ed6200":{"iforward":{"duration":{"num":10,"min":0.000010014,"max":0.000032663,"avg":0.000013065,"var":0.000000000,"sum":0.000130653},"relative_timestamp_from_create":{"num":10,"min":0.000000000.0,"max":0.000000477,"avg":0.000000167,"var":0.000000000,"sum":0.000001669}},"forward_cb":{"duration":{"num":10,"min":0.000000000.0,"max":0.000000954,"avg":0.000000238,"var":0.000000000,"sum":0.000002384},"relative_timestamp_from_iforward_start":{"num":10,"min":0.010401487,"max":0.033845901,"avg":0.019836950,"var":0.000519676,"sum":0.198369503}},"iforward_wait":{"duration":{"num":10,"min":0.010410547,"max":0.033834696,"avg":0.019826603,"var":0.000518907,"sum":0.198266029},"relative_timestamp_from_iforward_end":{"num":10,"min":0.000000000.0,"max":0.000000238,"avg":0.000000191,"var":0.000000000,"sum":0.000001907}},"set_input":{"duration":{"num":10,"min":0.000000238,"max":0.000000477,"avg":0.000000286,"var":0.000000000,"sum":0.000002861},"relative_timestamp_from_iforward_start":{"num":10,"min":0.000000238,"max":0.000002146,"avg":0.000000596,"var":0.000000000,"sum":0.000005960}},"get_output":{"duration":{"num":10,"min":0.000267029,"max":0.000271082,"avg":0.000269246,"var":0.000000000,"sum":0.002692461},"relative_timestamp_from_wait_end":{"num":10,"min":0.000000238,"max":0.000000715,"avg":0.000000286,"var":0.000000000,"sum":0.000002861}}}}},"65535:65535:8686831390660034559:65535":{"rpc_id":8686831390660034559,"provider_id":65535,"parent_rpc_id":65535,"parent_provider_id":65535,"name":"__shutdown__","target":{"received from ofi+cxi://0x23e70601":{"handler":{"duration":{"num":1,"min":0.000012398,"max":0.000012398,"avg":0.000012398,"var":0.000000000.0,"sum":0.000012398}},"ult":{"duration":{"num":1,"min":0.000015974,"max":0.000015974,"avg":0.000015974,"var":0.000000000.0,"sum":0.000015974},"relative_timestamp_from_handler_start":{"num":1,"min":0.000015736,"max":0.000015736,"avg":0.000015736,"var":0.000000000.0,"sum":0.000015736}},"irespond":{"duration":{"num":1,"min":0.000006199,"max":0.000006199,"avg":0.000006199,"var":0.000000000.0,"sum":0.000006199},"relative_timestamp_from_ult_start":{"num":1,"min":0.000001192,"max":0.000001192,"avg":0.000001192,"var":0.000000000.0,"sum":0.000001192}},"respond_cb":{"duration":{"num":1,"min":0.000000477,"max":0.000000477,"avg":0.000000477,"var":0.000000000.0,"sum":0.000000477},"relative_timestamp_from_irespond_start":{"num":1,"min":0.000011921,"max":0.000011921,"avg":0.000011921,"var":0.000000000.0,"sum":0.000011921}},"irespond_wait":{"duration":{"num":1,"min":0.000006199,"max":0.000006199,"avg":0.000006199,"var":0.000000000.0,"sum":0.000006199},"relative_timestamp_from_irespond_end":{"num":1,"min":0.000000477,"max":0.000000477,"avg":0.000000477,"var":0.000000000.0,"sum":0.000000477}},"set_output":{"duration":{"num":1,"min":0.000000715,"max":0.000000715,"avg":0.000000715,"var":0.000000000.0,"sum":0.000000715},"relative_timestamp_from_irespond_start":{"num":1,"min":0.000000954,"max":0.000000954,"avg":0.000000954,"var":0.000000000.0,"sum":0.000000954}},"get_input":{"duration":{"num":0,"min":0.000000000.0,"max":0.000000000.0,"avg":0.000000000.0,"var":0.000000000.0,"sum":0.000000000.0},"relative_timestamp_from_ult_start":{"num":0,"min":0.000000000.0,"max":0.000000000.0,"avg":0.000000000.0,"var":0.000000000.0,"sum":0.000000000.0}}}}}}}