{"address":"","rpcs":{"get_file_data:0":{"timestamps":[1717913322.667558670,1717913323.759058475,1717913324.799060345,1717913325.839058876,1717913326.879058599,1717913327.919059277,1717913328.959059954,1717913329.999058247,1717913331.039059162,1717913332.075058699,1717913333.115060329,1717913334.155058146,1717913335.195058107,1717913336.235059500,1717913337.275059223,1717913338.315058470,1717913339.355058193,1717913340.395061970,1717913341.435058117,1717913342.475058556,1717913343.515058279,1717913344.555059195,1717913345.595058918,1717913346.635060072,1717913347.675059557,1717913348.715058804,1717913349.755059242,1717913350.795058012,1717913351.835058212,1717913352.875057936,1717913353.915058374,1717913354.955058575,1717913355.995060205,1717913357.035060644,1717913358.075058699,1717913359.115058661,1717913360.155060530,1717913361.195059061,1717913362.235058546,1717913363.275058746,1717913364.315059900,1717913365.355059147,1717913366.395058393,1717913367.435059071,1717913368.475058794,1717913369.515058994,1717913370.555058718,1717913371.595057964,1717913372.635058641,1717913373.675058603,1717913374.715058565,1717913375.755058765,1717913376.795060158,1717913377.835059404,1717913378.875058889,1717913379.915058613,1717913380.955059528,1717913381.995059967,1717913383.035058975,1717913384.075058699,1717913385.115057945,1717913386.155057907,1717913387.195062637,1717913388.235058069,1717913389.275062561,1717913390.315059423,1717913391.355058193,1717913392.395058870,1717913393.435059786,1717913394.475058556,1717913395.515058041,1717913396.555058002,1717913397.595059395,1717913398.635058641,1717913399.675057888,1717913400.715059280,1717913401.755059242,1717913402.795062780,1717913403.835058689,1717913404.875057936,1717913405.915060282,1717913406.955059528,1717913407.995059252,1717913409.035058022,1717913410.075059652,1717913411.111059189,1717913412.151058674,1717913412.565792322],"count":[1,69,0,0,0,0,0,0,0,0,0,0,0,0,0,0,0,0,0,0,0,0,0,0,0,0,0,0,0,0,0,0,0,0,0,0,0,0,0,0,0,0,0,0,0,0,0,0,0,0,0,0,0,0,0,0,0,0,0,0,0,0,0,0,0,0,0,0,0,0,0,0,0,0,0,0,0,0,0,0,0,0,0,0,0,0,0,0],"bulk_size":[0,0,0,0,0,0,0,0,0,0,0,0,0,0,0,0,0,0,0,0,0,0,0,0,0,0,0,0,0,0,0,0,0,0,0,0,0,0,0,0,0,0,0,0,0,0,0,0,0,0,0,0,0,0,0,0,0,0,0,0,0,0,0,0,0,0,0,0,0,0,0,0,0,0,0,0,0,0,0,0,0,0,0,0,0,0,0,0]},"__shutdown__:65535":{"timestamps":[1717913412.565792322],"count":[1],"bulk_size":[0]}},"pools":{"__primary__":{"timestamps":[1717913322.667558670,1717913323.759058475,1717913324.799060345,1717913325.839058876,1717913326.879058599,1717913327.919059277,1717913328.959059954,1717913329.999058247,1717913331.039059162,1717913332.075058699,1717913333.115060329,1717913334.155058146,1717913335.195058107,1717913336.235059500,1717913337.275059223,1717913338.315058470,1717913339.355058193,1717913340.395061970,1717913341.435058117,1717913342.475058556,1717913343.515058279,1717913344.555059195,1717913345.595058918,1717913346.635060072,1717913347.675059557,1717913348.715058804,1717913349.755059242,1717913350.795058012,1717913351.835058212,1717913352.875057936,1717913353.915058374,1717913354.955058575,1717913355.995060205,1717913357.035060644,1717913358.075058699,1717913359.115058661,1717913360.155060530,1717913361.195059061,1717913362.235058546,1717913363.275058746,1717913364.315059900,1717913365.355059147,1717913366.395058393,1717913367.435059071,1717913368.475058794,1717913369.515058994,1717913370.555058718,1717913371.595057964,1717913372.635058641,1717913373.675058603,1717913374.715058565,1717913375.755058765,1717913376.795060158,1717913377.835059404,1717913378.875058889,1717913379.915058613,1717913380.955059528,1717913381.995059967,1717913383.035058975,1717913384.075058699,1717913385.115057945,1717913386.155057907,1717913387.195062637,1717913388.235058069,1717913389.275062561,1717913390.315059423,1717913391.355058193,1717913392.395058870,1717913393.435059786,1717913394.475058556,1717913395.515058041,1717913396.555058002,1717913397.595059395,1717913398.635058641,1717913399.675057888,1717913400.715059280,1717913401.755059242,1717913402.795062780,1717913403.835058689,1717913404.875057936,1717913405.915060282,1717913406.955059528,1717913407.995059252,1717913409.035058022,1717913410.075059652,1717913411.111059189,1717913412.151058674,1717913412.565792322],"size":[0,0,0,0,0,0,0,0,0,0,0,0,0,0,0,0,0,0,0,0,0,0,0,0,0,0,0,0,0,0,0,0,0,0,0,0,0,0,0,0,0,0,0,0,0,0,0,0,0,0,0,0,0,0,0,0,0,0,0,0,0,0,0,0,0,0,0,0,0,0,0,0,0,0,0,0,0,0,0,0,0,0,0,0,0,0,0,0],"total_size":[2,1,1,1,1,1,1,1,1,1,1,1,1,1,1,1,1,1,1,1,1,1,1,1,1,1,1,1,1,1,1,1,1,1,1,1,1,1,1,1,1,1,1,1,1,1,1,1,1,1,1,1,1,1,1,1,1,1,1,1,1,1,1,1,1,1,1,1,1,1,1,1,1,1,1,1,1,1,1,1,1,1,1,1,1,1,1,0]}}}