{"address":"","rpcs":{"get_file_data:0":{"timestamps":[1717912399.330435514,1717912400.380412579,1717912401.420412779,1717912402.460414648,1717912403.496412277,1717912404.536412477,1717912405.576413631,1717912406.616416931,1717912407.656412125,1717912408.696413517,1717912409.736413479,1717912410.776415586,1717912411.816412449,1717912412.856414795,1717912413.896412134,1717912414.936417341,1717912415.976414204,1717912417.016413212,1717912418.056414127,1717912419.096412182,1717912420.136416197,1717912421.176412106,1717912422.216412544,1717912423.256414652,1717912424.296414137,1717912425.336413860,1717912426.376411915,1717912427.416413546,1717912428.456413746,1717912429.496413708,1717912430.536412716,1717912431.576412916,1717912432.616417170,1717912433.656412601,1717912434.696413755,1717912435.736413956,1717912436.776412725,1717912437.816412687,1717912438.856414318,1717912439.896412611,1717912440.936413050,1717912441.976417780,1717912443.016414404,1717912444.056413651,1717912445.096412659,1717912446.136412382,1717912447.176413298,1717912448.216412544,1717912449.256412506,1717912450.296416044,1717912451.336413145,1717912452.376413822,1717912453.416415691,1717912454.456413269,1717912455.496412754,1717912456.536413193,1717912457.576413393,1717912458.616413355,1717912459.656412601,1717912460.696413279,1717912461.736413240,1717912462.776412725,1717912463.816413641,1717912464.856414080,1717912465.896412849,1717912466.936412573,1717912467.976413012,1717912469.016412973,1717912470.056415081,1717912471.096416235,1717912472.136412859,1717912473.176417112,1717912474.216414690,1717912475.256413460,1717912476.296415329,1717912477.332412481,1717912478.372412920,1717912479.412412882,1717912480.452414036,1717912481.492413282,1717912482.532413244,1717912483.572413206,1717912484.612413883,1717912485.652413607,1717912486.692413807,1717912487.732412815,1717912488.772413731,1717912489.195116043],"count":[1,69,0,0,0,0,0,0,0,0,0,0,0,0,0,0,0,0,0,0,0,0,0,0,0,0,0,0,0,0,0,0,0,0,0,0,0,0,0,0,0,0,0,0,0,0,0,0,0,0,0,0,0,0,0,0,0,0,0,0,0,0,0,0,0,0,0,0,0,0,0,0,0,0,0,0,0,0,0,0,0,0,0,0,0,0,0,0],"bulk_size":[0,0,0,0,0,0,0,0,0,0,0,0,0,0,0,0,0,0,0,0,0,0,0,0,0,0,0,0,0,0,0,0,0,0,0,0,0,0,0,0,0,0,0,0,0,0,0,0,0,0,0,0,0,0,0,0,0,0,0,0,0,0,0,0,0,0,0,0,0,0,0,0,0,0,0,0,0,0,0,0,0,0,0,0,0,0,0,0]},"__shutdown__:65535":{"timestamps":[1717912489.195116043],"count":[1],"bulk_size":[0]}},"pools":{"__primary__":{"timestamps":[1717912399.330435514,1717912400.380412579,1717912401.420412779,1717912402.460414648,1717912403.496412277,1717912404.536412477,1717912405.576413631,1717912406.616416931,1717912407.656412125,1717912408.696413517,1717912409.736413479,1717912410.776415586,1717912411.816412449,1717912412.856414795,1717912413.896412134,1717912414.936417341,1717912415.976414204,1717912417.016413212,1717912418.056414127,1717912419.096412182,1717912420.136416197,1717912421.176412106,1717912422.216412544,1717912423.256414652,1717912424.296414137,1717912425.336413860,1717912426.376411915,1717912427.416413546,1717912428.456413746,1717912429.496413708,1717912430.536412716,1717912431.576412916,1717912432.616417170,1717912433.656412601,1717912434.696413755,1717912435.736413956,1717912436.776412725,1717912437.816412687,1717912438.856414318,1717912439.896412611,1717912440.936413050,1717912441.976417780,1717912443.016414404,1717912444.056413651,1717912445.096412659,1717912446.136412382,1717912447.176413298,1717912448.216412544,1717912449.256412506,1717912450.296416044,1717912451.336413145,1717912452.376413822,1717912453.416415691,1717912454.456413269,1717912455.496412754,1717912456.536413193,1717912457.576413393,1717912458.616413355,1717912459.656412601,1717912460.696413279,1717912461.736413240,1717912462.776412725,1717912463.816413641,1717912464.856414080,1717912465.896412849,1717912466.936412573,1717912467.976413012,1717912469.016412973,1717912470.056415081,1717912471.096416235,1717912472.136412859,1717912473.176417112,1717912474.216414690,1717912475.256413460,1717912476.296415329,1717912477.332412481,1717912478.372412920,1717912479.412412882,1717912480.452414036,1717912481.492413282,1717912482.532413244,1717912483.572413206,1717912484.612413883,1717912485.652413607,1717912486.692413807,1717912487.732412815,1717912488.772413731,1717912489.195116043],"size":[0,0,0,0,0,0,0,0,0,0,0,0,0,0,0,0,0,0,0,0,0,0,0,0,0,0,0,0,0,0,0,0,0,0,0,0,0,0,0,0,0,0,0,0,0,0,0,0,0,0,0,0,0,0,0,0,0,0,0,0,0,0,0,0,0,0,0,0,0,0,0,0,0,0,0,0,0,0,0,0,0,0,0,0,0,0,0,0],"total_size":[2,1,1,1,1,1,1,1,1,1,1,1,1,1,1,1,1,1,1,1,1,1,1,1,1,1,1,1,1,1,1,1,1,1,1,1,1,1,1,1,1,1,1,1,1,1,1,1,1,1,1,1,1,1,1,1,1,1,1,1,1,1,1,1,1,1,1,1,1,1,1,1,1,1,1,1,1,1,1,1,1,1,1,1,1,1,1,0]}}}