{"address":"","progress_loop":{"progress_with_timeout":{"num":955,"min":0.053313732,"max":0.104005098,"avg":0.103941586,"var":0.002582724,"sum":99.264214993},"progress_timeout_value_msec":{"num":955,"min":100.000000000.0,"max":100.000000000.0,"avg":100.000000000.0,"var":0.000000000.0,"sum":95500.000000000.0},"progress_without_timeout":{"num":110570401,"min":0.000000000.0,"max":0.043419838,"avg":0.000000135,"var":0.098538253,"sum":14.921555042},"trigger":{"num":292,"min":0.000000238,"max":0.002746582,"avg":0.000016012,"var":0.000009373,"sum":0.004675388}},"rpcs":{"65535:65535:14048217247822970879:0":{"rpc_id":-4398526825886580737,"provider_id":0,"parent_rpc_id":65535,"parent_provider_id":65535,"name":"get_file_data","origin":{"sent to ofi+cxi://0x23ed6600":{"iforward":{"duration":{"num":10,"min":0.000003099,"max":0.000027657,"avg":0.000005937,"var":0.000000001,"sum":0.000059366},"relative_timestamp_from_create":{"num":10,"min":0.000000477,"max":0.000003815,"avg":0.000001216,"var":0.000000000,"sum":0.000012159}},"forward_cb":{"duration":{"num":10,"min":0.000000238,"max":0.000000477,"avg":0.000000334,"var":0.000000000,"sum":0.000003338},"relative_timestamp_from_iforward_start":{"num":10,"min":1.777613878,"max":4.053029776,"avg":3.753571177,"var":4.422430836,"sum":37.535711765}},"iforward_wait":{"duration":{"num":10,"min":1.777953386,"max":4.053311586,"avg":3.753850746,"var":4.422165252,"sum":37.538507462},"relative_timestamp_from_iforward_end":{"num":10,"min":0.000000000.0,"max":0.000000477,"avg":0.000000215,"var":0.000000000,"sum":0.000002146}},"set_input":{"duration":{"num":10,"min":0.000000238,"max":0.000004292,"avg":0.000000739,"var":0.000000000,"sum":0.000007391},"relative_timestamp_from_iforward_start":{"num":10,"min":0.000002384,"max":0.000016928,"avg":0.000004125,"var":0.000000000,"sum":0.000041246}},"get_output":{"duration":{"num":10,"min":0.044076204,"max":0.044527054,"avg":0.044289780,"var":0.000000127,"sum":0.442897797},"relative_timestamp_from_wait_end":{"num":10,"min":0.000000477,"max":0.000000954,"avg":0.000000715,"var":0.000000000,"sum":0.000007153}}}},"target":{"received from ofi+cxi://0x23ed6600":{"handler":{"duration":{"num":10,"min":0.000000477,"max":0.000006676,"avg":0.000001407,"var":0.000000000,"sum":0.000014067}},"ult":{"duration":{"num":10,"min":1.777463675,"max":4.053306580,"avg":3.753796601,"var":4.424078104,"sum":37.537966013},"relative_timestamp_from_handler_start":{"num":10,"min":0.000001192,"max":0.000474453,"avg":0.000048900,"var":0.000000201,"sum":0.000488997}},"irespond":{"duration":{"num":10,"min":0.048065186,"max":0.049592018,"avg":0.048568797,"var":0.000002060,"sum":0.485687971},"relative_timestamp_from_ult_start":{"num":10,"min":1.728883982,"max":4.004776716,"avg":3.704940224,"var":4.423153939,"sum":37.049402237}},"respond_cb":{"duration":{"num":10,"min":0.000000238,"max":0.000000238,"avg":0.000000238,"var":0.000000000.0,"sum":0.000002384},"relative_timestamp_from_irespond_start":{"num":10,"min":0.048067808,"max":0.049594879,"avg":0.048571610,"var":0.000002061,"sum":0.485716105}},"irespond_wait":{"duration":{"num":10,"min":0.000004053,"max":0.000004768,"avg":0.000004268,"var":0.000000000,"sum":0.000042677},"relative_timestamp_from_irespond_end":{"num":10,"min":0.000000238,"max":0.000000477,"avg":0.000000358,"var":0.000000000,"sum":0.000003576}},"set_output":{"duration":{"num":10,"min":0.046755314,"max":0.048384190,"avg":0.047174573,"var":0.000002541,"sum":0.471745729},"relative_timestamp_from_irespond_start":{"num":10,"min":0.000000238,"max":0.000001192,"avg":0.000000501,"var":0.000000000,"sum":0.000005007}},"get_input":{"duration":{"num":10,"min":0.000000238,"max":0.000002384,"avg":0.000000548,"var":0.000000000,"sum":0.000005484},"relative_timestamp_from_ult_start":{"num":10,"min":0.000000238,"max":0.000006437,"avg":0.000001049,"var":0.000000000,"sum":0.000010490}}}}},"14048217247822970879:0:14048217247822970879:0":{"rpc_id":-4398526825886580737,"provider_id":0,"parent_rpc_id":-4398526825886580737,"parent_provider_id":0,"name":"get_file_data","origin":{"sent to ofi+cxi://0x23ef4200":{"iforward":{"duration":{"num":70,"min":0.000008106,"max":0.001222372,"avg":0.000418864,"var":0.000009054,"sum":0.029320478},"relative_timestamp_from_create":{"num":70,"min":0.000000000.0,"max":0.000000954,"avg":0.000000351,"var":0.000000000,"sum":0.000024557}},"forward_cb":{"duration":{"num":70,"min":0.000000238,"max":0.000022173,"avg":0.000000964,"var":0.000000001,"sum":0.000067472},"relative_timestamp_from_iforward_start":{"num":70,"min":1.680138350,"max":3.956264019,"avg":3.612513542,"var":11.331911928,"sum":252.875947952}},"iforward_wait":{"duration":{"num":70,"min":1.680111647,"max":3.955631018,"avg":3.612096620,"var":11.325812848,"sum":252.846763372},"relative_timestamp_from_iforward_end":{"num":70,"min":0.000000000.0,"max":0.000000715,"avg":0.000000320,"var":0.000000000,"sum":0.000022411}},"set_input":{"duration":{"num":70,"min":0.000000000.0,"max":0.000000954,"avg":0.000000398,"var":0.000000000,"sum":0.000027895},"relative_timestamp_from_iforward_start":{"num":70,"min":0.000000477,"max":0.000002623,"avg":0.000001536,"var":0.000000000,"sum":0.000107527}},"get_output":{"duration":{"num":70,"min":0.043881893,"max":0.049396992,"avg":0.046019588,"var":0.000299888,"sum":3.221371174},"relative_timestamp_from_wait_end":{"num":70,"min":0.000000477,"max":0.000001192,"avg":0.000000753,"var":0.000000000,"sum":0.000052691}}}},"target":{"received from ofi+cxi://0x23ed6200":{"handler":{"duration":{"num":30,"min":0.000001431,"max":0.002745390,"avg":0.000139530,"var":0.000008852,"sum":0.004185915}},"ult":{"duration":{"num":30,"min":2.474968672,"max":4.109870195,"avg":3.766994270,"var":4.116468168,"sum":113.009828091},"relative_timestamp_from_handler_start":{"num":30,"min":0.000002146,"max":0.002747297,"avg":0.000257357,"var":0.000010421,"sum":0.007720709}},"irespond":{"duration":{"num":30,"min":0.047825098,"max":0.049418926,"avg":0.048507524,"var":0.000005127,"sum":1.455225706},"relative_timestamp_from_ult_start":{"num":30,"min":2.265282869,"max":3.995084047,"avg":3.638858430,"var":4.389033727,"sum":109.165752888}},"respond_cb":{"duration":{"num":30,"min":0.000000000.0,"max":0.000000477,"avg":0.000000318,"var":0.000000000,"sum":0.000009537},"relative_timestamp_from_irespond_start":{"num":30,"min":0.086709261,"max":0.213394403,"avg":0.127831499,"var":0.076398308,"sum":3.834944963}},"irespond_wait":{"duration":{"num":30,"min":0.037794828,"max":0.164018631,"avg":0.079324698,"var":0.076126872,"sum":2.379740953},"relative_timestamp_from_irespond_end":{"num":30,"min":0.000000000.0,"max":0.000000477,"avg":0.000000302,"var":0.000000000,"sum":0.000009060}},"set_output":{"duration":{"num":30,"min":0.046607971,"max":0.047783852,"avg":0.047018385,"var":0.000002403,"sum":1.410551548},"relative_timestamp_from_irespond_start":{"num":30,"min":0.000000000.0,"max":0.000000715,"avg":0.000000302,"var":0.000000000,"sum":0.000009060}},"get_input":{"duration":{"num":30,"min":0.000000238,"max":0.000000715,"avg":0.000000517,"var":0.000000000,"sum":0.000015497},"relative_timestamp_from_ult_start":{"num":30,"min":0.000000238,"max":0.000001192,"avg":0.000000556,"var":0.000000000,"sum":0.000016689}}},"received from ofi+cxi://0x23ef2400":{"handler":{"duration":{"num":30,"min":0.000000715,"max":0.000003815,"avg":0.000002074,"var":0.000000000,"sum":0.000062227}},"ult":{"duration":{"num":30,"min":2.618939638,"max":4.155145884,"avg":3.799703606,"var":2.619893862,"sum":113.991108179},"relative_timestamp_from_handler_start":{"num":30,"min":0.000001431,"max":0.000005007,"avg":0.000002797,"var":0.000000000,"sum":0.000083923}},"irespond":{"duration":{"num":30,"min":0.047936678,"max":0.049233675,"avg":0.048431889,"var":0.000002880,"sum":1.452956676},"relative_timestamp_from_ult_start":{"num":30,"min":2.524275541,"max":3.973599911,"avg":3.663502733,"var":2.490668579,"sum":109.905081987}},"respond_cb":{"duration":{"num":30,"min":0.000000238,"max":0.000000715,"avg":0.000000342,