{"address":"","progress_loop":{"progress_with_timeout":{"num":1058,"min":0.000001192,"max":0.104006529,"avg":0.103811539,"var":0.018694668,"sum":109.832608461},"progress_timeout_value_msec":{"num":1058,"min":100.000000000.0,"max":100.000000000.0,"avg":100.000000000.0,"var":0.000000000.0,"sum":105800.000000000.0},"progress_without_timeout":{"num":4223,"min":0.000000000.0,"max":0.000075102,"avg":0.000000194,"var":0.000000009,"sum":0.000817776},"trigger":{"num":132,"min":0.000000000.0,"max":0.001840830,"avg":0.000014610,"var":0.000003361,"sum":0.001928568}},"rpcs":{"65535:65535:14048217247822970879:0":{"rpc_id":-4398526825886580737,"provider_id":0,"parent_rpc_id":65535,"parent_provider_id":65535,"name":"get_file_data","origin":{"sent to ofi+cxi://0x23eb6200":{"iforward":{"duration":{"num":10,"min":0.000000715,"max":0.000030994,"avg":0.000003934,"var":0.000000001,"sum":0.000039339},"relative_timestamp_from_create":{"num":10,"min":0.000000000.0,"max":0.000004053,"avg":0.000000453,"var":0.000000000,"sum":0.000004530}},"forward_cb":{"duration":{"num":10,"min":0.000000000.0,"max":0.000000238,"avg":0.000000072,"var":0.000000000,"sum":0.000000715},"relative_timestamp_from_iforward_start":{"num":10,"min":0.000164747,"max":0.002307892,"avg":0.000404167,"var":0.000004031,"sum":0.004041672}},"iforward_wait":{"duration":{"num":10,"min":0.000164509,"max":0.002281427,"avg":0.000405502,"var":0.000003916,"sum":0.004055023},"relative_timestamp_from_iforward_end":{"num":10,"min":0.000000000.0,"max":0.000000238,"avg":0.000000119,"var":0.000000000,"sum":0.000001192}},"set_input":{"duration":{"num":10,"min":0.000000000.0,"max":0.000004768,"avg":0.000000715,"var":0.000000000,"sum":0.000007153},"relative_timestamp_from_iforward_start":{"num":10,"min":0.000000238,"max":0.000019073,"avg":0.000002384,"var":0.000000000,"sum":0.000023842}},"get_output":{"duration":{"num":10,"min":0.000000477,"max":0.000000954,"avg":0.000000691,"var":0.000000000,"sum":0.000006914},"relative_timestamp_from_wait_end":{"num":10,"min":0.000000000.0,"max":0.000000238,"avg":0.000000143,"var":0.000000000,"sum":0.000001431}}}},"target":{"received from ofi+cxi://0x23eb6200":{"handler":{"duration":{"num":10,"min":0.000000238,"max":0.000006914,"avg":0.000001049,"var":0.000000000,"sum":0.000010490}},"ult":{"duration":{"num":10,"min":0.000161171,"max":0.002251148,"avg":0.000391531,"var":0.000003847,"sum":0.003915310},"relative_timestamp_from_handler_start":{"num":10,"min":0.000000477,"max":0.000014782,"avg":0.000002360,"var":0.000000000,"sum":0.000023603}},"irespond":{"duration":{"num":10,"min":0.000016689,"max":0.000023842,"avg":0.000018477,"var":0.000000000,"sum":0.000184774},"relative_timestamp_from_ult_start":{"num":10,"min":0.000141859,"max":0.002202511,"avg":0.000367379,"var":0.000003746,"sum":0.003673792}},"respond_cb":{"duration":{"num":10,"min":0.000000000.0,"max":0.000000238,"avg":0.000000119,"var":0.000000000,"sum":0.000001192},"relative_timestamp_from_irespond_start":{"num":10,"min":0.000017166,"max":0.000046253,"avg":0.000022817,"var":0.000000001,"sum":0.000228167}},"irespond_wait":{"duration":{"num":10,"min":0.000000954,"max":0.000023365,"avg":0.000005221,"var":0.000000001,"sum":0.000052214},"relative_timestamp_from_irespond_end":{"num":10,"min":0.000000000.0,"max":0.000000238,"avg":0.000000119,"var":0.000000000,"sum":0.000001192}},"set_output":{"duration":{"num":10,"min":0.000009537,"max":0.000015259,"avg":0.000010586,"var":0.000000000,"sum":0.000105858},"relative_timestamp_from_irespond_start":{"num":10,"min":0.000000000.0,"max":0.000000954,"avg":0.000000143,"var":0.000000000,"sum":0.000001431}},"get_input":{"duration":{"num":10,"min":0.000000000.0,"max":0.000002146,"avg":0.000000334,"var":0.000000000,"sum":0.000003338},"relative_timestamp_from_ult_start":{"num":10,"min":0.000000000.0,"max":0.000003338,"avg":0.000000477,"var":0.000000000,"sum":0.000004768}}}}},"14048217247822970879:0:14048217247822970879:0":{"rpc_id":-4398526825886580737,"provider_id":0,"parent_rpc_id":-4398526825886580737,"parent_provider_id":0,"name":"get_file_data","origin":{"sent to ofi+cxi://0x23e90400":{"iforward":{"duration":{"num":30,"min":0.000001431,"max":0.000038147,"avg":0.000008297,"var":0.000000001,"sum":0.000248909},"relative_timestamp_from_create":{"num":30,"min":0.000000000.0,"max":0.000000238,"avg":0.000000064,"var":0.000000000,"sum":0.000001907}},"forward_cb":{"duration":{"num":30,"min":0.000000000.0,"max":0.000001431,"avg":0.000000119,"var":0.000000000,"sum":0.000003576},"relative_timestamp_from_iforward_start":{"num":30,"min":0.000096083,"max":0.002072096,"avg":0.000253312,"var":0.000004446,"sum":0.007599354}},"iforward_wait":{"duration":{"num":30,"min":0.000094652,"max":0.002039671,"avg":0.000245372,"var":0.000004349,"sum":0.007361174},"relative_timestamp_from_iforward_end":{"num":30,"min":0.000000000.0,"max":0.000000715,"avg":0.000000215,"var":0.000000000,"sum":0.000006437}},"set_input":{"duration":{"num":30,"min":0.000000000.0,"max":0.000000715,"avg":0.000000310,"var":0.000000000,"sum":0.000009298},"relative_timestamp_from_iforward_start":{"num":30,"min":0.000000238,"max":0.000002384,"avg":0.000000548,"var":0.000000000,"sum":0.000016451}},"get_output":{"duration":{"num":30,"min":0.000000715,"max":0.000012398,"avg":0.000001542,"var":0.000000000,"sum":0.000046253},"relative_timestamp_from_wait_end":{"num":30,"min":0.000000000.0,"max":0.000000715,"avg":0.000000143,"var":0.000000000,"sum":0.000004292}}}},"target":{"received from ofi+cxi://0x23ed4200":{"handler":{"duration":{"num":10,"min":0.000000238,"max":0.000001431,"avg":0.000000572,"var":0.000000000,"sum":0.000005722}},"ult":{"duration":{"num":10,"min":0.000158310,"max":0.000409126,"avg":0.000220370,"var":0.000000048,"sum":0.002203703},"relative_timestamp_from_handler_start":{"num":10,"min":0.000000477,"max":0.001843929,"avg":0.000185299,"var":0.000003057,"sum":0.001852989}},"irespond":{"duration":{"num":10,"min":0.000002384,"max":0.000034809,"avg":0.000018644,"var":0.000000001,"sum":0.000186443},"relative_timestamp_from_ult_start":{"num":10,"min":0.000122547,"max":0.000299215,"avg":0.000158930,"var":0.000000025,"sum":0.001589298}},"respond_cb":{"duration":{"num":10,"min":0.000000000.0,"max":0.000000238,"avg":0.000000072,"var":0.000000000,"sum":0.000000715},"relative_timestamp_from_irespond_start":{"num":10,"min":0.000031710,"max":0.000108957,"avg":0.000060821,"var":0.000000004,"sum":0.000608206}},"irespond_wait":{"duration":{"num":10,"min":0.000029325,"max":0.000082731,"avg":0.000042319,"var":0.000000003,"sum":0.000423193},"relative_timestamp_from_irespond_end":{"num":10,"min":0.000000000.0,"max":0.000000477,"avg":0.000000215,"var":0.000000000,"sum":0.000002146}},"set_output":{"duration":{"num":10,"min":0.000001192,"max":0.000014067,"avg":0.000009370,"var":0.000000000,"sum":0.000093699},"relative_timestamp_from_irespond_start":{"num":10,"min":0.000000000.0,"max":0.000000238,"avg":0.000000095,"var":0.000000000,"sum":0.000000954}},"get_input":{"duration":{"num":10,"min":0.000000238,"max":0.000000477,"avg":0.000000262,"var":0.000000000,"sum":0.000002623},"relative_timestamp_from_ult_start":{"num":10,"min":0.000000000.0,"max":0.000001192,"avg":0.000000191,"var":0.000000000,"sum":0.000001907}}},"received from ofi+cxi://0x23ef4600":{"handler":{"duration":{"num":10,"min":0.000000238,"max":0.001839638,"avg":0.000184345,"var":0.000003044,"sum":0.001843452}},"ult":{"duration":{"num":10,"min":0.000148296,"max":0.001221418,"avg":0.000333261,"var":0.000000922,"sum":0.003332615},"relative_timestamp_from_handler_start":{"num":10,"min":0.000000477,"max":0.001898050,"avg":0.000193739,"var":0.000003228,"sum":0.001937389}},"irespond":{"duration":{"num":10,"min":0.000016928,"max":0.000024319,"avg":0.000019240,"var":0.000000000,"sum":0.000192404},"relative_timestamp_from_ult_start":{"num":10,"min":0.000101089,"max":0.001167774,"avg":0.000274110,"var":0.000000919,"sum":0.002741098}},"respond_cb":{"duration":{"num":10,"min":0.000000000.0,"max":0.000000238,"avg":0.000000119,