{"address":"","rpcs":{"get_file_data:0":{"timestamps":[1717913207.277507544,1717913208.340661049,1717913209.380659103,1717913210.420660496,1717913211.460659981,1717913212.500661373,1717913213.540659904,1717913214.580661535,1717913215.620658875,1717913216.660659790,1717913217.700659513,1717913218.740659952,1717913219.780660152,1717913220.820661545,1717913221.860658884,1717913222.900660992,1717913223.940658808,1717913224.980661392,1717913226.020659208,1717913227.060658932,1717913228.100659132,1717913229.140659809,1717913230.180660009,1717913231.220659494,1717913232.260659695,1717913233.300660133,1717913234.340658903,1717913235.380658865,1717913236.420659065,1717913237.460661411,1717913238.500661135,1717913239.540659189,1717913240.580659866,1717913241.620661020,1717913242.660660505,1717913243.700659513,1717913244.740659952,1717913245.780660152,1717913246.820659876,1717913247.860659122,1717913248.900659084,1717913249.940659285,1717913250.976659775,1717913252.016659498,1717913253.056660175,1717913254.096658945,1717913255.136660337,1717913256.176659107,1717913257.216659069,1717913258.256659985,1717913259.296659946,1717913260.336659431,1717913261.376659393,1717913262.416659832,1717913263.456660748,1717913264.496659756,1717913265.536659241,1717913266.576662302,1717913267.616660595,1717913268.656659603,1717913269.696660995,1717913270.736661911,1717913271.776659012,1717913272.816660881,1717913273.856661320,1717913274.896661758,1717913275.936661243,1717913276.976660728,1717913278.016661167,1717913279.056658983,1717913280.096660852,1717913281.136659861,1717913282.176661015,1717913283.216659069,1717913284.256660223,1717913285.296660423,1717913286.336659670,1717913287.376659870,1717913288.416659832,1717913289.456660986,1717913290.496660233,1717913291.536659956,1717913292.576660633,1717913293.616659880,1717913294.656660318,1717913295.696659088,1717913296.736659527,1717913297.163785696],"count":[1,9,0,0,0,0,0,0,0,0,0,0,0,0,0,0,0,0,0,0,0,0,0,0,0,0,0,0,0,0,0,0,0,0,0,0,0,0,0,0,0,0,0,0,0,0,0,0,0,0,0,0,0,0,0,0,0,0,0,0,0,0,0,0,0,0,0,0,0,0,0,0,0,0,0,0,0,0,0,0,0,0,0,0,0,0,0,0],"bulk_size":[0,0,0,0,0,0,0,0,0,0,0,0,0,0,0,0,0,0,0,0,0,0,0,0,0,0,0,0,0,0,0,0,0,0,0,0,0,0,0,0,0,0,0,0,0,0,0,0,0,0,0,0,0,0,0,0,0,0,0,0,0,0,0,0,0,0,0,0,0,0,0,0,0,0,0,0,0,0,0,0,0,0,0,0,0,0,0,0]},"__shutdown__:65535":{"timestamps":[1717913297.163785696],"count":[1],"bulk_size":[0]}},"pools":{"__primary__":{"timestamps":[1717913207.277507544,1717913208.340661049,1717913209.380659103,1717913210.420660496,1717913211.460659981,1717913212.500661373,1717913213.540659904,1717913214.580661535,1717913215.620658875,1717913216.660659790,1717913217.700659513,1717913218.740659952,1717913219.780660152,1717913220.820661545,1717913221.860658884,1717913222.900660992,1717913223.940658808,1717913224.980661392,1717913226.020659208,1717913227.060658932,1717913228.100659132,1717913229.140659809,1717913230.180660009,1717913231.220659494,1717913232.260659695,1717913233.300660133,1717913234.340658903,1717913235.380658865,1717913236.420659065,1717913237.460661411,1717913238.500661135,1717913239.540659189,1717913240.580659866,1717913241.620661020,1717913242.660660505,1717913243.700659513,1717913244.740659952,1717913245.780660152,1717913246.820659876,1717913247.860659122,1717913248.900659084,1717913249.940659285,1717913250.976659775,1717913252.016659498,1717913253.056660175,1717913254.096658945,1717913255.136660337,1717913256.176659107,1717913257.216659069,1717913258.256659985,1717913259.296659946,1717913260.336659431,1717913261.376659393,1717913262.416659832,1717913263.456660748,1717913264.496659756,1717913265.536659241,1717913266.576662302,1717913267.616660595,1717913268.656659603,1717913269.696660995,1717913270.736661911,1717913271.776659012,1717913272.816660881,1717913273.856661320,1717913274.896661758,1717913275.936661243,1717913276.976660728,1717913278.016661167,1717913279.056658983,1717913280.096660852,1717913281.136659861,1717913282.176661015,1717913283.216659069,1717913284.256660223,1717913285.296660423,1717913286.336659670,1717913287.376659870,1717913288.416659832,1717913289.456660986,1717913290.496660233,1717913291.536659956,1717913292.576660633,1717913293.616659880,1717913294.656660318,1717913295.696659088,1717913296.736659527,1717913297.163785696],"size":[0,0,0,0,0,0,0,0,0,0,0,0,0,0,0,0,0,0,0,0,0,0,0,0,0,0,0,0,0,0,0,0,0,0,0,0,0,0,0,0,0,0,0,0,0,0,0,0,0,0,0,0,0,0,0,0,0,0,0,0,0,0,0,0,0,0,0,0,0,0,0,0,0,0,0,0,0,0,0,0,0,0,0,0,0,0,0,0],"total_size":[2,1,1,1,1,1,1,1,1,1,1,1,1,1,1,1,1,1,1,1,1,1,1,1,1,1,1,1,1,1,1,1,1,1,1,1,1,1,1,1,1,1,1,1,1,1,1,1,1,1,1,1,1,1,1,1,1,1,1,1,1,1,1,1,1,1,1,1,1,1,1,1,1,1,1,1,1,1,1,1,1,1,1,1,1,1,1,0]}}}