{"address":"","rpcs":{"get_file_data:0":{"timestamps":[1717912399.342732430,1717912400.410739660,1717912401.450741768,1717912402.490739822,1717912403.530740976,1717912404.570739269,1717912405.610740423,1717912406.650740385,1717912407.690743208,1717912408.730739594,1717912409.770741701,1717912410.810739756,1717912411.850740194,1717912412.890740871,1717912413.930742025,1717912414.970740795,1717912416.010740519,1717912417.050740719,1717912418.090743780,1717912419.130740166,1717912420.170740366,1717912421.210740089,1717912422.250740767,1717912423.290740252,1717912424.330742359,1717912425.370740175,1717912426.410740614,1717912427.450740099,1717912428.490740538,1717912429.530740738,1717912430.570740461,1717912431.610740900,1717912432.650747061,1717912433.690740824,1717912434.730741978,1717912435.770742178,1717912436.810740948,1717912437.850739956,1717912438.890739918,1717912439.930741787,1717912440.970741034,1717912442.010739803,1717912443.050739765,1717912444.090740919,1717912445.130740166,1717912446.166742086,1717912447.206741095,1717912448.246740580,1717912449.286742210,1717912450.326741219,1717912451.366741419,1717912452.406740665,1717912453.446740389,1717912454.486740828,1717912455.526740789,1717912456.566741228,1717912457.606741428,1717912458.646741152,1717912459.686740875,1717912460.726740837,1717912461.766741514,1717912462.806739807,1717912463.846741438,1717912464.886741400,1717912465.926740408,1717912466.966740847,1717912468.006739616,1717912469.046741486,1717912470.086739779,1717912471.126740217,1717912472.166739702,1717912473.206740856,1717912474.246742010,1717912475.286740780,1717912476.326740265,1717912477.366741419,1717912478.406740427,1717912479.446739912,1717912480.486740112,1717912481.526740789,1717912482.566739798,1717912483.606741667,1717912484.646739960,1717912485.686741352,1717912486.726740360,1717912487.766740084,1717912488.806740522,1717912489.189723730],"count":[1,149,0,0,0,0,0,0,0,0,0,0,0,0,0,0,0,0,0,0,0,0,0,0,0,0,0,0,0,0,0,0,0,0,0,0,0,0,0,0,0,0,0,0,0,0,0,0,0,0,0,0,0,0,0,0,0,0,0,0,0,0,0,0,0,0,0,0,0,0,0,0,0,0,0,0,0,0,0,0,0,0,0,0,0,0,0,0],"bulk_size":[0,0,0,0,0,0,0,0,0,0,0,0,0,0,0,0,0,0,0,0,0,0,0,0,0,0,0,0,0,0,0,0,0,0,0,0,0,0,0,0,0,0,0,0,0,0,0,0,0,0,0,0,0,0,0,0,0,0,0,0,0,0,0,0,0,0,0,0,0,0,0,0,0,0,0,0,0,0,0,0,0,0,0,0,0,0,0,0]},"__shutdown__:65535":{"timestamps":[1717912489.189723730],"count":[1],"bulk_size":[0]}},"pools":{"__primary__":{"timestamps":[1717912399.342732430,1717912400.410739660,1717912401.450741768,1717912402.490739822,1717912403.530740976,1717912404.570739269,1717912405.610740423,1717912406.650740385,1717912407.690743208,1717912408.730739594,1717912409.770741701,1717912410.810739756,1717912411.850740194,1717912412.890740871,1717912413.930742025,1717912414.970740795,1717912416.010740519,1717912417.050740719,1717912418.090743780,1717912419.130740166,1717912420.170740366,1717912421.210740089,1717912422.250740767,1717912423.290740252,1717912424.330742359,1717912425.370740175,1717912426.410740614,1717912427.450740099,1717912428.490740538,1717912429.530740738,1717912430.570740461,1717912431.610740900,1717912432.650747061,1717912433.690740824,1717912434.730741978,1717912435.770742178,1717912436.810740948,1717912437.850739956,1717912438.890739918,1717912439.930741787,1717912440.970741034,1717912442.010739803,1717912443.050739765,1717912444.090740919,1717912445.130740166,1717912446.166742086,1717912447.206741095,1717912448.246740580,1717912449.286742210,1717912450.326741219,1717912451.366741419,1717912452.406740665,1717912453.446740389,1717912454.486740828,1717912455.526740789,1717912456.566741228,1717912457.606741428,1717912458.646741152,1717912459.686740875,1717912460.726740837,1717912461.766741514,1717912462.806739807,1717912463.846741438,1717912464.886741400,1717912465.926740408,1717912466.966740847,1717912468.006739616,1717912469.046741486,1717912470.086739779,1717912471.126740217,1717912472.166739702,1717912473.206740856,1717912474.246742010,1717912475.286740780,1717912476.326740265,1717912477.366741419,1717912478.406740427,1717912479.446739912,1717912480.486740112,1717912481.526740789,1717912482.566739798,1717912483.606741667,1717912484.646739960,1717912485.686741352,1717912486.726740360,1717912487.766740084,1717912488.806740522,1717912489.189723730],"size":[0,0,0,0,0,0,0,0,0,0,0,0,0,0,0,0,0,0,0,0,0,0,0,0,0,0,0,0,0,0,0,0,0,0,0,0,0,0,0,0,0,0,0,0,0,0,0,0,0,0,0,0,0,0,0,0,0,0,0,0,0,0,0,0,0,0,0,0,0,0,0,0,0,0,0,0,0,0,0,0,0,0,0,0,0,0,0,0],"total_size":[2,1,1,1,1,1,1,1,1,1,1,1,1,1,1,1,1,1,1,1,1,1,1,1,1,1,1,1,1,1,1,1,1,1,1,1,1,1,1,1,1,1,1,1,1,1,1,1,1,1,1,1,1,1,1,1,1,1,1,1,1,1,1,1,1,1,1,1,1,1,1,1,1,1,1,1,1,1,1,1,1,1,1,1,1,1,1,0]}}}