{"address":"","progress_loop":{"progress_with_timeout":{"num":1147,"min":0.036365986,"max":0.104009390,"avg":0.103933898,"var":0.004601244,"sum":119.212180614},"progress_timeout_value_msec":{"num":1147,"min":100.000000000.0,"max":100.000000000.0,"avg":100.000000000.0,"var":0.000000000.0,"sum":114700.000000000.0},"progress_without_timeout":{"num":37766357,"min":0.000000000.0,"max":0.024317503,"avg":0.000000180,"var":0.044024711,"sum":6.786922216},"trigger":{"num":612,"min":0.000000238,"max":0.003651857,"avg":0.000018696,"var":0.000029035,"sum":0.011441946}},"rpcs":{"65535:65535:14048217247822970879:0":{"rpc_id":-4398526825886580737,"provider_id":0,"parent_rpc_id":65535,"parent_provider_id":65535,"name":"get_file_data","origin":{"sent to ofi+cxi://0x23ef4200":{"iforward":{"duration":{"num":10,"min":0.000002861,"max":0.000032902,"avg":0.000006294,"var":0.000000001,"sum":0.000062943},"relative_timestamp_from_create":{"num":10,"min":0.000000238,"max":0.000004292,"avg":0.000000787,"var":0.000000000,"sum":0.000007868}},"forward_cb":{"duration":{"num":10,"min":0.000000238,"max":0.000000477,"avg":0.000000334,"var":0.000000000,"sum":0.000003338},"relative_timestamp_from_iforward_start":{"num":10,"min":0.554326296,"max":2.018454790,"avg":1.770155954,"var":1.670350473,"sum":17.701559544}},"iforward_wait":{"duration":{"num":10,"min":0.554529190,"max":2.018641710,"avg":1.770387316,"var":1.670416771,"sum":17.703873158},"relative_timestamp_from_iforward_end":{"num":10,"min":0.000000000.0,"max":0.000000238,"avg":0.000000143,"var":0.000000000,"sum":0.000001431}},"set_input":{"duration":{"num":10,"min":0.000000238,"max":0.000005007,"avg":0.000000954,"var":0.000000000,"sum":0.000009537},"relative_timestamp_from_iforward_start":{"num":10,"min":0.000001907,"max":0.000020027,"avg":0.000004125,"var":0.000000000,"sum":0.000041246}},"get_output":{"duration":{"num":10,"min":0.022337675,"max":0.023506880,"avg":0.022926259,"var":0.000001178,"sum":0.229262590},"relative_timestamp_from_wait_end":{"num":10,"min":0.000000477,"max":0.000000954,"avg":0.000000691,"var":0.000000000,"sum":0.000006914}}}},"target":{"received from ofi+cxi://0x23ef4200":{"handler":{"duration":{"num":10,"min":0.000000715,"max":0.000007153,"avg":0.000001836,"var":0.000000000,"sum":0.000018358}},"ult":{"duration":{"num":10,"min":0.553885937,"max":2.018635988,"avg":1.763677454,"var":1.655136705,"sum":17.636774540},"relative_timestamp_from_handler_start":{"num":10,"min":0.000001431,"max":0.000626326,"avg":0.000064540,"var":0.000000351,"sum":0.000645399}},"irespond":{"duration":{"num":10,"min":0.024570465,"max":0.027595282,"avg":0.025387073,"var":0.000012363,"sum":0.253870726},"relative_timestamp_from_ult_start":{"num":10,"min":0.528434992,"max":1.990849018,"avg":1.738112807,"var":1.654380408,"sum":17.381128073}},"respond_cb":{"duration":{"num":10,"min":0.000000238,"max":0.000000477,"avg":0.000000286,"var":0.000000000,"sum":0.000002861},"relative_timestamp_from_irespond_start":{"num":10,"min":0.024573803,"max":0.027597427,"avg":0.025389743,"var":0.000012358,"sum":0.253897429}},"irespond_wait":{"duration":{"num":10,"min":0.000003338,"max":0.000008106,"avg":0.000004840,"var":0.000000000,"sum":0.000048399},"relative_timestamp_from_irespond_end":{"num":10,"min":0.000000000.0,"max":0.000000477,"avg":0.000000238,"var":0.000000000,"sum":0.000002384}},"set_output":{"duration":{"num":10,"min":0.023932934,"max":0.026912928,"avg":0.024684882,"var":0.000012457,"sum":0.246848822},"relative_timestamp_from_irespond_start":{"num":10,"min":0.000000238,"max":0.000001192,"avg":0.000000548,"var":0.000000000,"sum":0.000005484}},"get_input":{"duration":{"num":10,"min":0.000000238,"max":0.000002623,"avg":0.000000596,"var":0.000000000,"sum":0.000005960},"relative_timestamp_from_ult_start":{"num":10,"min":0.000000238,"max":0.000007391,"avg":0.000001168,"var":0.000000000,"sum":0.000011683}}}}},"14048217247822970879:0:14048217247822970879:0":{"rpc_id":-4398526825886580737,"provider_id":0,"parent_rpc_id":-4398526825886580737,"parent_provider_id":0,"name":"get_file_data","origin":{"sent to ofi+cxi://0x23e70400":{"iforward":{"duration":{"num":150,"min":0.000002623,"max":0.000777483,"avg":0.000019657,"var":0.000001246,"sum":0.002948523},"relative_timestamp_from_create":{"num":150,"min":0.000000000.0,"max":0.000000954,"avg":0.000000362,"var":0.000000000,"sum":0.000054359}},"forward_cb":{"duration":{"num":150,"min":0.000000238,"max":0.000022411,"avg":0.000001381,"var":0.000000002,"sum":0.000207186},"relative_timestamp_from_iforward_start":{"num":150,"min":0.505322218,"max":1.963133335,"avg":1.735524918,"var":8.732330279,"sum":260.328737736}},"iforward_wait":{"duration":{"num":150,"min":0.505291700,"max":1.962478399,"avg":1.735507237,"var":8.731954850,"sum":260.326085567},"relative_timestamp_from_iforward_end":{"num":150,"min":0.000000000.0,"max":0.000000954,"avg":0.000000321,"var":0.000000000,"sum":0.000048161}},"set_input":{"duration":{"num":150,"min":0.000000238,"max":0.000000715,"avg":0.000000442,"var":0.000000000,"sum":0.000066280},"relative_timestamp_from_iforward_start":{"num":150,"min":0.000000477,"max":0.000002146,"avg":0.000001348,"var":0.000000000,"sum":0.000202179}},"get_output":{"duration":{"num":150,"min":0.021892071,"max":0.028086901,"avg":0.022842302,"var":0.000227829,"sum":3.426345348},"relative_timestamp_from_wait_end":{"num":150,"min":0.000000238,"max":0.000001192,"avg":0.000000660,"var":0.000000000,"sum":0.000098944}}}},"target":{"received from ofi+cxi://0x23e92000":{"handler":{"duration":{"num":70,"min":0.000000477,"max":0.001831532,"avg":0.000028239,"var":0.000003299,"sum":0.001976728}},"ult":{"duration":{"num":70,"min":0.772645950,"max":2.057320356,"avg":1.818483298,"var":4.753959699,"sum":127.293830872},"relative_timestamp_from_handler_start":{"num":70,"min":0.000001192,"max":0.008615017,"avg":0.000582927,"var":0.000240911,"sum":0.040804863}},"irespond":{"duration":{"num":70,"min":0.024305820,"max":0.028269529,"avg":0.025153307,"var":0.000043664,"sum":1.760731459},"relative_timestamp_from_ult_start":{"num":70,"min":0.726533175,"max":1.952772379,"avg":1.747165588,"var":4.571922089,"sum":122.301591158}},"respond_cb":{"duration":{"num":70,"min":0.000000000.0,"max":0.000002384,"avg":0.000000351,"var":0.000000000,"sum":0.000024557},"relative_timestamp_from_irespond_start":{"num":70,"min":0.044232845,"max":0.110415697,"avg":0.071135051,"var":0.047344548,"sum":4.979453564}},"irespond_wait":{"duration":{"num":70,"min":0.019137859,"max":0.083493233,"avg":0.045987916,"var":0.046879086,"sum":3.219154119},"relative_timestamp_from_irespond_end":{"num":70,"min":0.000000238,"max":0.000000715,"avg":0.000000364,"var":0.000000000,"sum":0.000025511}},"set_output":{"duration":{"num":70,"min":0.023549318,"max":0.027597666,"avg":0.024315745,"var":0.000046294,"sum":1.702102184},"relative_timestamp_from_irespond_start":{"num":70,"min":0.000000238,"max":0.000001669,"avg":0.000000412,"var":0.000000000,"sum":0.000028849}},"get_input":{"duration":{"num":70,"min":0.000000238,"max":0.000000954,"avg":0.000000463,"var":0.000000000,"sum":0.000032425},"relative_timestamp_from_ult_start":{"num":70,"min":0.000000238,"max":0.000001192,"avg":0.000000487,"var":0.000000000,"sum":0.000034094}}},"received from ofi+cxi://0x23ed6600":{"handler":{"duration":{"num":70,"min":0.000000715,"max":0.003650427,"avg":0.000123082,"var":0.000024799,"sum":0.008615732}},"ult":{"duration":{"num":70,"min":0.980948925,"max":2.057058573,"avg":1.833726961,"var":2.699092940,"sum":128.360887289},"relative_timestamp_from_handler_start":{"num":70,"min":0.000001192,"max":0.006843805,"avg":0.000354263,"var":0.000109817,"sum":0.024798393}},"irespond":{"duration":{"num":70,"min":0.024516582,"max":0.025902033,"avg":0.024959445,"var":0.000005225,"sum":1.747161150},"relative_timestamp_from_ult_start":{"num":70,"min":0.933892727,"max":1.949393034,"avg":1.773133826,"var":2.497137713,"sum":124.119367838}},"respond_cb":{"duration":{"num":70,"min":0.000000000.0,"max":0.000000715,"avg":0.000000286,