{"address":"","rpcs":{"get_file_data:0":{"timestamps":[1717914190.641633749,1717914191.667057991,1717914192.707061529,1717914193.747058630,1717914194.787058830,1717914195.827058077,1717914196.867058039,1717914197.907058477,1717914198.947061539,1717914199.987058878,1717914201.027058601,1717914202.067058802,1717914203.107059479,1717914204.147059202,1717914205.187058449,1717914206.223060369,1717914207.263061523,1717914208.303059578,1717914209.343057871,1717914210.383059025,1717914211.423059225,1717914212.463058710,1717914213.503060102,1717914214.543058872,1717914215.583058357,1717914216.623058319,1717914217.663062811,1717914218.703058720,1717914219.743060350,1717914220.783058643,1717914221.823060513,1717914222.863059521,1717914223.903058529,1717914224.943058729,1717914225.983058691,1717914227.023058653,1717914228.063059092,1717914229.103058815,1717914230.143059015,1717914231.183061838,1717914232.223058701,1717914233.263058662,1717914234.303060293,1717914235.343058348,1717914236.383060455,1717914237.423058510,1717914238.463059425,1717914239.503058910,1717914240.543058395,1717914241.583059072,1717914242.623059511,1717914243.663058519,1717914244.703059435,1717914245.743057966,1717914246.783059359,1717914247.823059320,1717914248.863060713,1717914249.903059244,1717914250.943060398,1717914251.983058691,1717914253.023060322,1717914254.063058376,1717914255.103060007,1717914256.143059254,1717914257.183059454,1717914258.223057985,1717914259.263059378,1717914260.303061008,1717914261.343057871,1717914262.383058071,1717914263.423058748,1717914264.463060379,1717914265.503058195,1717914266.543058634,1717914267.583060265,1717914268.623058796,1717914269.663058996,1717914270.703059912,1717914271.743058681,1717914272.783059835,1717914273.823059559,1717914274.863058805,1717914275.903058290,1717914276.943059921,1717914277.983060598,1717914279.023058653,1717914280.063061476,1717914281.103059053,1717914282.143058300,1717914283.183060408,1717914284.223059893,1717914285.259059429,1717914286.299060106,1717914287.339057922,1717914288.379059315,1717914289.419058323,1717914290.459059477,1717914291.499058723,1717914292.539058447,1717914293.579058886,1717914294.619059086,1717914295.659058809,1717914296.699058533,1717914297.739058018,1717914298.779057980,1717914299.819060326,1717914300.566553831],"count":[1,69,0,0,0,0,0,0,0,0,0,0,0,0,0,0,0,0,0,0,0,0,0,0,0,0,0,0,0,0,0,0,0,0,0,0,0,0,0,0,0,0,0,0,0,0,0,0,0,0,0,0,0,0,0,0,0,0,0,0,0,0,0,0,0,0,0,0,0,0,0,0,0,0,0,0,0,0,0,0,0,0,0,0,0,0,0,0,0,0,0,0,0,0,0,0,0,0,0,0,0,0,0,0,0,0,0],"bulk_size":[0,0,0,0,0,0,0,0,0,0,0,0,0,0,0,0,0,0,0,0,0,0,0,0,0,0,0,0,0,0,0,0,0,0,0,0,0,0,0,0,0,0,0,0,0,0,0,0,0,0,0,0,0,0,0,0,0,0,0,0,0,0,0,0,0,0,0,0,0,0,0,0,0,0,0,0,0,0,0,0,0,0,0,0,0,0,0,0,0,0,0,0,0,0,0,0,0,0,0,0,0,0,0,0,0,0,0]},"__shutdown__:65535":{"timestamps":[1717914300.566553831],"count":[1],"bulk_size":[0]}},"pools":{"__primary__":{"timestamps":[1717914190.641633749,1717914191.667057991,1717914192.707061529,1717914193.747058630,1717914194.787058830,1717914195.827058077,1717914196.867058039,1717914197.907058477,1717914198.947061539,1717914199.987058878,1717914201.027058601,1717914202.067058802,1717914203.107059479,1717914204.147059202,1717914205.187058449,1717914206.223060369,1717914207.263061523,1717914208.303059578,1717914209.343057871,1717914210.383059025,1717914211.423059225,1717914212.463058710,1717914213.503060102,1717914214.543058872,1717914215.583058357,1717914216.623058319,1717914217.663062811,1717914218.703058720,1717914219.743060350,1717914220.783058643,1717914221.823060513,1717914222.863059521,1717914223.903058529,1717914224.943058729,1717914225.983058691,1717914227.023058653,1717914228.063059092,1717914229.103058815,1717914230.143059015,1717914231.183061838,1717914232.223058701,1717914233.263058662,1717914234.303060293,1717914235.343058348,1717914236.383060455,1717914237.423058510,1717914238.463059425,1717914239.503058910,1717914240.543058395,1717914241.583059072,1717914242.623059511,1717914243.663058519,1717914244.703059435,1717914245.743057966,1717914246.783059359,1717914247.823059320,1717914248.863060713,1717914249.903059244,1717914250.943060398,1717914251.983058691,1717914253.023060322,1717914254.063058376,1717914255.103060007,1717914256.143059254,1717914257.183059454,1717914258.223057985,1717914259.263059378,1717914260.303061008,1717914261.343057871,1717914262.383058071,1717914263.423058748,1717914264.463060379,1717914265.503058195,1717914266.543058634,1717914267.583060265,1717914268.623058796,1717914269.663058996,1717914270.703059912,1717914271.743058681,1717914272.783059835,1717914273.823059559,1717914274.863058805,1717914275.903058290,1717914276.943059921,1717914277.983060598,1717914279.023058653,1717914280.063061476,1717914281.103059053,1717914282.143058300,1717914283.183060408,1717914284.223059893,1717914285.259059429,1717914286.299060106,1717914287.339057922,1717914288.379059315,1717914289.419058323,1717914290.459059477,1717914291.499058723,1717914292.539058447,1717914293.579058886,1717914294.619059086,1717914295.659058809,1717914296.699058533,1717914297.739058018,1717914298.779057980,1717914299.819060326,1717914300.566553831],"size":[0,0,0,0,0,0,0,0,0,0,0,0,0,0,0,0,0,0,0,0,0,0,0,0,0,0,0,0,0,0,0,0,0,0,0,0,0,0,0,0,0,0,0,0,0,0,0,0,0,0,0,0,0,0,0,0,0,0,0,0,0,0,0,0,0,0,0,0,0,0,0,0,0,0,0,0,0,0,0,0,0,0,0,0,0,0,0,0,0,0,0,0,0,0,0,0,0,0,0,0,0,0,0,0,0,0,0],"total_size":[2,1,1,1,1,1,1,1,1,1,1,1,1,1,1,1,1,1,1,1,1,1,1,1,1,1,1,1,1,1,1,1,1,1,1,1,1,1,1,1,1,1,1,1,1,1,1,1,1,1,1,1,1,1,1,1,1,1,1,1,1,1,1,1,1,1,1,1,1,1,1,1,1,1,1,1,1,1,1,1,1,1,1,1,1,1,1,1,1,1,1,1,1,1,1,1,1,1,1,1,1,1,1,1,1,1,0]}}}