{"address":"","progress_loop":{"progress_with_timeout":{"num":865,"min":0.000021458,"max":0.104013205,"avg":0.103838112,"var":0.011744422,"sum":89.819966793},"progress_timeout_value_msec":{"num":865,"min":100.000000000.0,"max":100.000000000.0,"avg":100.000000000.0,"var":0.000000000.0,"sum":86500.000000000.0},"progress_without_timeout":{"num":104558,"min":0.000000000.0,"max":0.000012636,"avg":0.000000111,"var":0.000000002,"sum":0.011646748},"trigger":{"num":102,"min":0.000000000.0,"max":0.001426935,"avg":0.000014759,"var":0.000002014,"sum":0.001505375}},"rpcs":{"65535:65535:14048217247822970879:0":{"rpc_id":-4398526825886580737,"provider_id":0,"parent_rpc_id":65535,"parent_provider_id":65535,"name":"get_file_data","origin":{"sent to ofi+cxi://0x23ed2400":{"iforward":{"duration":{"num":10,"min":0.000000954,"max":0.000039577,"avg":0.000004935,"var":0.000000001,"sum":0.000049353},"relative_timestamp_from_create":{"num":10,"min":0.000000000.0,"max":0.000004530,"avg":0.000000501,"var":0.000000000,"sum":0.000005007}},"forward_cb":{"duration":{"num":10,"min":0.000000000.0,"max":0.000000238,"avg":0.000000143,"var":0.000000000,"sum":0.000001431},"relative_timestamp_from_iforward_start":{"num":10,"min":0.000083685,"max":0.021820545,"avg":0.003181744,"var":0.000406633,"sum":0.031817436}},"iforward_wait":{"duration":{"num":10,"min":0.000083447,"max":0.021785736,"avg":0.003178239,"var":0.000405337,"sum":0.031782389},"relative_timestamp_from_iforward_end":{"num":10,"min":0.000000000.0,"max":0.000000238,"avg":0.000000048,"var":0.000000000,"sum":0.000000477}},"set_input":{"duration":{"num":10,"min":0.000000238,"max":0.000005245,"avg":0.000000858,"var":0.000000000,"sum":0.000008583},"relative_timestamp_from_iforward_start":{"num":10,"min":0.000000238,"max":0.000026464,"avg":0.000003123,"var":0.000000001,"sum":0.000031233}},"get_output":{"duration":{"num":10,"min":0.000000238,"max":0.000000477,"avg":0.000000310,"var":0.000000000,"sum":0.000003099},"relative_timestamp_from_wait_end":{"num":10,"min":0.000000000.0,"max":0.000000477,"avg":0.000000191,"var":0.000000000,"sum":0.000001907}}}},"target":{"received from ofi+cxi://0x23ed2400":{"handler":{"duration":{"num":10,"min":0.000000238,"max":0.000006676,"avg":0.000001073,"var":0.000000000,"sum":0.000010729}},"ult":{"duration":{"num":10,"min":0.000081778,"max":0.021277428,"avg":0.003123713,"var":0.000386659,"sum":0.031237125},"relative_timestamp_from_handler_start":{"num":10,"min":0.000000477,"max":0.000491619,"avg":0.000051785,"var":0.000000215,"sum":0.000517845}},"irespond":{"duration":{"num":10,"min":0.000000238,"max":0.000003338,"avg":0.000001144,"var":0.000000000,"sum":0.000011444},"relative_timestamp_from_ult_start":{"num":10,"min":0.000080109,"max":0.021270514,"avg":0.003120923,"var":0.000386491,"sum":0.031209230}},"respond_cb":{"duration":{"num":10,"min":0.000000000.0,"max":0.000000477,"avg":0.000000119,"var":0.000000000,"sum":0.000001192},"relative_timestamp_from_irespond_start":{"num":10,"min":0.000000715,"max":0.000004053,"avg":0.000001693,"var":0.000000000,"sum":0.000016928}},"irespond_wait":{"duration":{"num":10,"min":0.000000715,"max":0.000002146,"avg":0.000001168,"var":0.000000000,"sum":0.000011683},"relative_timestamp_from_irespond_end":{"num":10,"min":0.000000000.0,"max":0.000000238,"avg":0.000000143,"var":0.000000000,"sum":0.000001431}},"set_output":{"duration":{"num":10,"min":0.000000238,"max":0.000001192,"avg":0.000000715,"var":0.000000000,"sum":0.000007153},"relative_timestamp_from_irespond_start":{"num":10,"min":0.000000000.0,"max":0.000000954,"avg":0.000000215,"var":0.000000000,"sum":0.000002146}},"get_input":{"duration":{"num":10,"min":0.000000000.0,"max":0.000002384,"avg":0.000000358,"var":0.000000000,"sum":0.000003576},"relative_timestamp_from_ult_start":{"num":10,"min":0.000000000.0,"max":0.000008106,"avg":0.000000906,"var":0.000000000,"sum":0.000009060}}}}},"14048217247822970879:0:14048217247822970879:0":{"rpc_id":-4398526825886580737,"provider_id":0,"parent_rpc_id":-4398526825886580737,"parent_provider_id":0,"name":"get_file_data","origin":{"sent to ofi+cxi://0x23e92000":{"iforward":{"duration":{"num":30,"min":0.000001431,"max":0.000040531,"avg":0.000008845,"var":0.000000001,"sum":0.000265360},"relative_timestamp_from_create":{"num":30,"min":0.000000000.0,"max":0.000000477,"avg":0.000000072,"var":0.000000000,"sum":0.000002146}},"forward_cb":{"duration":{"num":30,"min":0.000000000.0,"max":0.000001907,"avg":0.000000230,"var":0.000000000,"sum":0.000006914},"relative_timestamp_from_iforward_start":{"num":30,"min":0.000043631,"max":0.021159649,"avg":0.003003248,"var":0.000958059,"sum":0.090097427}},"iforward_wait":{"duration":{"num":30,"min":0.000041246,"max":0.021125555,"avg":0.002997915,"var":0.000956912,"sum":0.089937449},"relative_timestamp_from_iforward_end":{"num":30,"min":0.000000000.0,"max":0.000000238,"avg":0.000000191,"var":0.000000000,"sum":0.000005722}},"set_input":{"duration":{"num":30,"min":0.000000000.0,"max":0.000000954,"avg":0.000000342,"var":0.000000000,"sum":0.000010252},"relative_timestamp_from_iforward_start":{"num":30,"min":0.000000238,"max":0.000002384,"avg":0.000000636,"var":0.000000000,"sum":0.000019073}},"get_output":{"duration":{"num":30,"min":0.000000238,"max":0.000007153,"avg":0.000000866,"var":0.000000000,"sum":0.000025988},"relative_timestamp_from_wait_end":{"num":30,"min":0.000000000.0,"max":0.000000954,"avg":0.000000199,"var":0.000000000,"sum":0.000005960}}}},"target":{"received from ofi+cxi://0x23e94600":{"handler":{"duration":{"num":10,"min":0.000000238,"max":0.000004768,"avg":0.000001168,"var":0.000000000,"sum":0.000011683}},"ult":{"duration":{"num":10,"min":0.000070095,"max":0.019437790,"avg":0.003073382,"var":0.000316647,"sum":0.030733824},"relative_timestamp_from_handler_start":{"num":10,"min":0.000000477,"max":0.000005484,"avg":0.000001574,"var":0.000000000,"sum":0.000015736}},"irespond":{"duration":{"num":10,"min":0.000000715,"max":0.000011683,"avg":0.000002170,"var":0.000000000,"sum":0.000021696},"relative_timestamp_from_ult_start":{"num":10,"min":0.000060558,"max":0.019412279,"avg":0.003058767,"var":0.000316326,"sum":0.030587673}},"respond_cb":{"duration":{"num":10,"min":0.000000000.0,"max":0.000000238,"avg":0.000000167,"var":0.000000000,"sum":0.000001669},"relative_timestamp_from_irespond_start":{"num":10,"min":0.000005960,"max":0.000031948,"avg":0.000012183,"var":0.000000001,"sum":0.000121832}},"irespond_wait":{"duration":{"num":10,"min":0.000005722,"max":0.000046015,"avg":0.000011873,"var":0.000000001,"sum":0.000118732},"relative_timestamp_from_irespond_end":{"num":10,"min":0.000000000.0,"max":0.000000477,"avg":0.000000191,"var":0.000000000,"sum":0.000001907}},"set_output":{"duration":{"num":10,"min":0.000000238,"max":0.000001192,"avg":0.000000429,"var":0.000000000,"sum":0.000004292},"relative_timestamp_from_irespond_start":{"num":10,"min":0.000000000.0,"max":0.000000477,"avg":0.000000191,"var":0.000000000,"sum":0.000001907}},"get_input":{"duration":{"num":10,"min":0.000000000.0,"max":0.000000477,"avg":0.000000167,"var":0.000000000,"sum":0.000001669},"relative_timestamp_from_ult_start":{"num":10,"min":0.000000000.0,"max":0.000000715,"avg":0.000000262,"var":0.000000000,"sum":0.000002623}}},"received from ofi+cxi://0x23e94200":{"handler":{"duration":{"num":10,"min":0.000000238,"max":0.001425743,"avg":0.000142956,"var":0.000001828,"sum":0.001429558}},"ult":{"duration":{"num":10,"min":0.000056028,"max":0.017625093,"avg":0.002885771,"var":0.000260100,"sum":0.028857708},"relative_timestamp_from_handler_start":{"num":10,"min":0.000000477,"max":0.001427889,"avg":0.000143385,"var":0.000001833,"sum":0.001433849}},"irespond":{"duration":{"num":10,"min":0.000000477,"max":0.000008821,"avg":0.000001526,"var":0.000000000,"sum":0.000015259},"relative_timestamp_from_ult_start":{"num":10,"min":0.000049591,"max":0.017607689,"avg":0.002877426,"var":0.000259804,"sum":0.028774261}},"respond_cb":{"duration":{"num":10,"min":0.000000000.0,"max":0.000000238,"avg":0.000000072,