{"address":"","progress_loop":{"progress_with_timeout":{"num":873,"min":0.000000000.0,"max":0.104009628,"avg":0.102859279,"var":0.099197927,"sum":89.796150446},"progress_timeout_value_msec":{"num":873,"min":100.000000000.0,"max":100.000000000.0,"avg":100.000000000.0,"var":0.000000000.0,"sum":87300.000000000.0},"progress_without_timeout":{"num":171284,"min":0.000000000.0,"max":0.000007868,"avg":0.000000111,"var":0.000000002,"sum":0.018994570},"trigger":{"num":42,"min":0.000000000.0,"max":0.000023127,"avg":0.000001107,"var":0.000000001,"sum":0.000046492}},"rpcs":{"65535:65535:14048217247822970879:0":{"rpc_id":-4398526825886580737,"provider_id":0,"parent_rpc_id":65535,"parent_provider_id":65535,"name":"get_file_data","origin":{"sent to ofi+cxi://0x23ef4600":{"iforward":{"duration":{"num":10,"min":0.000000715,"max":0.000022888,"avg":0.000003076,"var":0.000000000,"sum":0.000030756},"relative_timestamp_from_create":{"num":10,"min":0.000000000.0,"max":0.000003099,"avg":0.000000381,"var":0.000000000,"sum":0.000003815}},"forward_cb":{"duration":{"num":10,"min":0.000000000.0,"max":0.000000238,"avg":0.000000095,"var":0.000000000,"sum":0.000000954},"relative_timestamp_from_iforward_start":{"num":10,"min":0.000097036,"max":0.019922733,"avg":0.004838133,"var":0.000417976,"sum":0.048381329}},"iforward_wait":{"duration":{"num":10,"min":0.000096798,"max":0.019922495,"avg":0.004836011,"var":0.000417653,"sum":0.048360109},"relative_timestamp_from_iforward_end":{"num":10,"min":0.000000000.0,"max":0.000000238,"avg":0.000000048,"var":0.000000000,"sum":0.000000477}},"set_input":{"duration":{"num":10,"min":0.000000238,"max":0.000003576,"avg":0.000000596,"var":0.000000000,"sum":0.000005960},"relative_timestamp_from_iforward_start":{"num":10,"min":0.000000238,"max":0.000013828,"avg":0.000001788,"var":0.000000000,"sum":0.000017881}},"get_output":{"duration":{"num":10,"min":0.000000000.0,"max":0.000000238,"avg":0.000000167,"var":0.000000000,"sum":0.000001669},"relative_timestamp_from_wait_end":{"num":10,"min":0.000000000.0,"max":0.000000238,"avg":0.000000095,"var":0.000000000,"sum":0.000000954}}}},"target":{"received from ofi+cxi://0x23ef4600":{"handler":{"duration":{"num":10,"min":0.000000238,"max":0.000005484,"avg":0.000000858,"var":0.000000000,"sum":0.000008583}},"ult":{"duration":{"num":10,"min":0.000095844,"max":0.019921064,"avg":0.004786873,"var":0.000410142,"sum":0.047868729},"relative_timestamp_from_handler_start":{"num":10,"min":0.000000477,"max":0.000466824,"avg":0.000047255,"var":0.000000196,"sum":0.000472546}},"irespond":{"duration":{"num":10,"min":0.000000477,"max":0.000002146,"avg":0.000000787,"var":0.000000000,"sum":0.000007868},"relative_timestamp_from_ult_start":{"num":10,"min":0.000093937,"max":0.019919157,"avg":0.004784703,"var":0.000410094,"sum":0.047847033}},"respond_cb":{"duration":{"num":10,"min":0.000000000.0,"max":0.000000238,"avg":0.000000072,"var":0.000000000,"sum":0.000000715},"relative_timestamp_from_irespond_start":{"num":10,"min":0.000000954,"max":0.000002861,"avg":0.000001240,"var":0.000000000,"sum":0.000012398}},"irespond_wait":{"duration":{"num":10,"min":0.000000954,"max":0.000001907,"avg":0.000001073,"var":0.000000000,"sum":0.000010729},"relative_timestamp_from_irespond_end":{"num":10,"min":0.000000000.0,"max":0.000000000.0,"avg":0.000000000.0,"var":0.000000000.0,"sum":0.000000000.0}},"set_output":{"duration":{"num":10,"min":0.000000238,"max":0.000000715,"avg":0.000000429,"var":0.000000000,"sum":0.000004292},"relative_timestamp_from_irespond_start":{"num":10,"min":0.000000000.0,"max":0.000000954,"avg":0.000000191,"var":0.000000000,"sum":0.000001907}},"get_input":{"duration":{"num":10,"min":0.000000000.0,"max":0.000002146,"avg":0.000000358,"var":0.000000000,"sum":0.000003576},"relative_timestamp_from_ult_start":{"num":10,"min":0.000000000.0,"max":0.000005245,"avg":0.000000644,"var":0.000000000,"sum":0.000006437}}}}},"14048217247822970879:0:14048217247822970879:0":{"rpc_id":-4398526825886580737,"provider_id":0,"parent_rpc_id":-4398526825886580737,"parent_provider_id":0,"name":"get_file_data","origin":{"sent to ofi+cxi://0x23eb6200":{"iforward":{"duration":{"num":10,"min":0.000007391,"max":0.000028133,"avg":0.000009990,"var":0.000000000,"sum":0.000099897},"relative_timestamp_from_create":{"num":10,"min":0.000000000.0,"max":0.000000477,"avg":0.000000095,"var":0.000000000,"sum":0.000000954}},"forward_cb":{"duration":{"num":10,"min":0.000000000.0,"max":0.000000954,"avg":0.000000143,"var":0.000000000,"sum":0.000001431},"relative_timestamp_from_iforward_start":{"num":10,"min":0.000087976,"max":0.019912720,"avg":0.004769659,"var":0.000408837,"sum":0.047696590}},"iforward_wait":{"duration":{"num":10,"min":0.000079632,"max":0.019904852,"avg":0.004760146,"var":0.000408573,"sum":0.047601461},"relative_timestamp_from_iforward_end":{"num":10,"min":0.000000238,"max":0.000000238,"avg":0.000000238,"var":0.000000000.0,"sum":0.000002384}},"set_input":{"duration":{"num":10,"min":0.000000000.0,"max":0.000000477,"avg":0.000000286,"var":0.000000000,"sum":0.000002861},"relative_timestamp_from_iforward_start":{"num":10,"min":0.000000238,"max":0.000001907,"avg":0.000000525,"var":0.000000000,"sum":0.000005245}},"get_output":{"duration":{"num":10,"min":0.000000000.0,"max":0.000001431,"avg":0.000000334,"var":0.000000000,"sum":0.000003338},"relative_timestamp_from_wait_end":{"num":10,"min":0.000000000.0,"max":0.000000477,"avg":0.000000143,"var":0.000000000,"sum":0.000001431}}}}},"65535:65535:8686831390660034559:65535":{"rpc_id":8686831390660034559,"provider_id":65535,"parent_rpc_id":65535,"parent_provider_id":65535,"name":"__shutdown__","target":{"received from ofi+cxi://0x23e70601":{"handler":{"duration":{"num":1,"min":0.000016212,"max":0.000016212,"avg":0.000016212,"var":0.000000000.0,"sum":0.000016212}},"ult":{"duration":{"num":1,"min":0.000012636,"max":0.000012636,"avg":0.000012636,"var":0.000000000.0,"sum":0.000012636},"relative_timestamp_from_handler_start":{"num":1,"min":0.000018835,"max":0.000018835,"avg":0.000018835,"var":0.000000000.0,"sum":0.000018835}},"irespond":{"duration":{"num":1,"min":0.000004768,"max":0.000004768,"avg":0.000004768,"var":0.000000000.0,"sum":0.000004768},"relative_timestamp_from_ult_start":{"num":1,"min":0.000000715,"max":0.000000715,"avg":0.000000715,"var":0.000000000.0,"sum":0.000000715}},"respond_cb":{"duration":{"num":1,"min":0.000000477,"max":0.000000477,"avg":0.000000477,"var":0.000000000.0,"sum":0.000000477},"relative_timestamp_from_irespond_start":{"num":1,"min":0.000009775,"max":0.000009775,"avg":0.000009775,"var":0.000000000.0,"sum":0.000009775}},"irespond_wait":{"duration":{"num":1,"min":0.000005722,"max":0.000005722,"avg":0.000005722,"var":0.000000000.0,"sum":0.000005722},"relative_timestamp_from_irespond_end":{"num":1,"min":0.000000000.0,"max":0.000000000.0,"avg":0.000000000.0,"var":0.000000000.0,"sum":0.000000000.0}},"set_output":{"duration":{"num":1,"min":0.000000238,"max":0.000000238,"avg":0.000000238,"var":0.000000000.0,"sum":0.000000238},"relative_timestamp_from_irespond_start":{"num":1,"min":0.000000715,"max":0.000000715,"avg":0.000000715,"var":0.000000000.0,"sum":0.000000715}},"get_input":{"duration":{"num":0,"min":0.000000000.0,"max":0.000000000.0,"avg":0.000000000.0,"var":0.000000000.0,"sum":0.000000000.0},"relative_timestamp_from_ult_start":{"num":0,"min":0.000000000.0,"max":0.000000000.0,"avg":0.000000000.0,"var":0.000000000.0,"sum":0.000000000.0}}}}}}}