{"address":"","rpcs":{"get_file_data:0":{"timestamps":[1717914596.910667896,1717914597.915059090,1717914598.955059052,1717914599.995058775,1717914601.035059452,1717914602.075064659,1717914603.115059853,1717914604.155057907,1717914605.195058584,1717914606.235058069,1717914607.275058031,1717914608.315059423,1717914609.355058670,1717914610.395058155,1717914611.435058832,1717914612.475058556,1717914613.515058756,1717914614.555058718,1717914615.595059156,1717914616.635058165,1717914617.675058842,1717914618.715058088,1717914619.755058765,1717914620.795059681,1717914621.835057974,1717914622.875060320,1717914623.915059090,1717914624.955057859,1717914625.995058775,1717914627.035059452,1717914628.075060129,1717914629.115059853,1717914630.155059099,1717914631.195058584,1717914632.235059261,1717914633.275058746,1717914634.315058708,1717914635.355058670,1717914636.395058870,1717914637.435058594,1717914638.475058794,1717914639.515060186,1717914640.555058002,1717914641.595062256,1717914642.635060549,1717914643.675059795,1717914644.715059042,1717914645.755058050,1717914646.795058489,1717914647.835059881,1717914648.875061512,1717914649.915060043,1717914650.955058098,1717914651.995058775,1717914653.035058498,1717914654.075058699,1717914655.115061522,1717914656.155058622,1717914657.195058823,1717914658.235058308,1717914659.275059938,1717914660.315061092,1717914661.355057955,1717914662.395058632,1717914663.435059071,1717914664.475059032,1717914665.515060186,1717914666.555059671,1717914667.595058441,1717914668.635060310,1717914669.675058603,1717914670.715057850,1717914671.755058527,1717914672.795060396,1717914673.835058451,1717914674.875058651,1717914675.915058613,1717914676.951058865,1717914677.991058588,1717914679.031057835,1717914680.071060896,1717914681.111058474,1717914682.151060343,1717914683.191060066,1717914684.231058121,1717914685.271059036,1717914686.311058521,1717914687.351059437,1717914688.391058683,1717914689.431057930,1717914690.471058607,1717914691.511058092,1717914692.551059246,1717914693.591058731,1717914694.631059408,1717914695.671059132,1717914696.711059093,1717914697.751057863,1717914698.791058779,1717914699.831058264,1717914700.871059895,1717914701.911058664,1717914702.951059103,1717914703.991058588,1717914705.031059265,1717914706.071058750,1717914706.807978392],"count":[1,69,0,0,0,0,0,0,0,0,0,0,0,0,0,0,0,0,0,0,0,0,0,0,0,0,0,0,0,0,0,0,0,0,0,0,0,0,0,0,0,0,0,0,0,0,0,0,0,0,0,0,0,0,0,0,0,0,0,0,0,0,0,0,0,0,0,0,0,0,0,0,0,0,0,0,0,0,0,0,0,0,0,0,0,0,0,0,0,0,0,0,0,0,0,0,0,0,0,0,0,0,0,0,0,0,0],"bulk_size":[0,0,0,0,0,0,0,0,0,0,0,0,0,0,0,0,0,0,0,0,0,0,0,0,0,0,0,0,0,0,0,0,0,0,0,0,0,0,0,0,0,0,0,0,0,0,0,0,0,0,0,0,0,0,0,0,0,0,0,0,0,0,0,0,0,0,0,0,0,0,0,0,0,0,0,0,0,0,0,0,0,0,0,0,0,0,0,0,0,0,0,0,0,0,0,0,0,0,0,0,0,0,0,0,0,0,0]},"__shutdown__:65535":{"timestamps":[1717914706.807978392],"count":[1],"bulk_size":[0]}},"pools":{"__primary__":{"timestamps":[1717914596.910667896,1717914597.915059090,1717914598.955059052,1717914599.995058775,1717914601.035059452,1717914602.075064659,1717914603.115059853,1717914604.155057907,1717914605.195058584,1717914606.235058069,1717914607.275058031,1717914608.315059423,1717914609.355058670,1717914610.395058155,1717914611.435058832,1717914612.475058556,1717914613.515058756,1717914614.555058718,1717914615.595059156,1717914616.635058165,1717914617.675058842,1717914618.715058088,1717914619.755058765,1717914620.795059681,1717914621.835057974,1717914622.875060320,1717914623.915059090,1717914624.955057859,1717914625.995058775,1717914627.035059452,1717914628.075060129,1717914629.115059853,1717914630.155059099,1717914631.195058584,1717914632.235059261,1717914633.275058746,1717914634.315058708,1717914635.355058670,1717914636.395058870,1717914637.435058594,1717914638.475058794,1717914639.515060186,1717914640.555058002,1717914641.595062256,1717914642.635060549,1717914643.675059795,1717914644.715059042,1717914645.755058050,1717914646.795058489,1717914647.835059881,1717914648.875061512,1717914649.915060043,1717914650.955058098,1717914651.995058775,1717914653.035058498,1717914654.075058699,1717914655.115061522,1717914656.155058622,1717914657.195058823,1717914658.235058308,1717914659.275059938,1717914660.315061092,1717914661.355057955,1717914662.395058632,1717914663.435059071,1717914664.475059032,1717914665.515060186,1717914666.555059671,1717914667.595058441,1717914668.635060310,1717914669.675058603,1717914670.715057850,1717914671.755058527,1717914672.795060396,1717914673.835058451,1717914674.875058651,1717914675.915058613,1717914676.951058865,1717914677.991058588,1717914679.031057835,1717914680.071060896,1717914681.111058474,1717914682.151060343,1717914683.191060066,1717914684.231058121,1717914685.271059036,1717914686.311058521,1717914687.351059437,1717914688.391058683,1717914689.431057930,1717914690.471058607,1717914691.511058092,1717914692.551059246,1717914693.591058731,1717914694.631059408,1717914695.671059132,1717914696.711059093,1717914697.751057863,1717914698.791058779,1717914699.831058264,1717914700.871059895,1717914701.911058664,1717914702.951059103,1717914703.991058588,1717914705.031059265,1717914706.071058750,1717914706.807978392],"size":[0,0,0,0,0,0,0,0,0,0,0,0,0,0,0,0,0,0,0,0,0,0,0,0,0,0,0,0,0,0,0,0,0,0,0,0,0,0,0,0,0,0,0,0,0,0,0,0,0,0,0,0,0,0,0,0,0,0,0,0,0,0,0,0,0,0,0,0,0,0,0,0,0,0,0,0,0,0,0,0,0,0,0,0,0,0,0,0,0,0,0,0,0,0,0,0,0,0,0,0,0,0,0,0,0,0,0],"total_size":[2,1,1,1,1,1,1,1,1,1,1,1,1,1,1,1,1,1,1,1,1,1,1,1,1,1,1,1,1,1,1,1,1,1,1,1,1,1,1,1,1,1,1,1,1,1,1,1,1,1,1,1,1,1,1,1,1,1,1,1,1,1,1,1,1,1,1,1,1,1,1,1,1,1,1,1,1,1,1,1,1,1,1,1,1,1,1,1,1,1,1,1,1,1,1,1,1,1,1,1,1,1,1,1,1,1,0]}}}