{"address":"","progress_loop":{"progress_with_timeout":{"num":1064,"min":0.000000238,"max":0.104011536,"avg":0.103042679,"var":0.102490511,"sum":109.637409925},"progress_timeout_value_msec":{"num":1064,"min":100.000000000.0,"max":100.000000000.0,"avg":100.000000000.0,"var":0.000000000.0,"sum":106400.000000000.0},"progress_without_timeout":{"num":699347,"min":0.000000000.0,"max":0.000241995,"avg":0.000000113,"var":0.000000117,"sum":0.078806877},"trigger":{"num":52,"min":0.000000238,"max":0.000021458,"avg":0.000001408,"var":0.000000001,"sum":0.000073195}},"rpcs":{"65535:65535:14048217247822970879:0":{"rpc_id":-4398526825886580737,"provider_id":0,"parent_rpc_id":65535,"parent_provider_id":65535,"name":"get_file_data","origin":{"sent to ofi+cxi://0x23e90000":{"iforward":{"duration":{"num":10,"min":0.000001431,"max":0.000025034,"avg":0.000004029,"var":0.000000000,"sum":0.000040293},"relative_timestamp_from_create":{"num":10,"min":0.000000000.0,"max":0.000003576,"avg":0.000000477,"var":0.000000000,"sum":0.000004768}},"forward_cb":{"duration":{"num":10,"min":0.000000000.0,"max":0.000000238,"avg":0.000000191,"var":0.000000000,"sum":0.000001907},"relative_timestamp_from_iforward_start":{"num":10,"min":0.011277676,"max":0.034432650,"avg":0.020198679,"var":0.000430172,"sum":0.201986790}},"iforward_wait":{"duration":{"num":10,"min":0.011278152,"max":0.034432411,"avg":0.020199227,"var":0.000430239,"sum":0.201992273},"relative_timestamp_from_iforward_end":{"num":10,"min":0.000000000.0,"max":0.000000238,"avg":0.000000072,"var":0.000000000,"sum":0.000000715}},"set_input":{"duration":{"num":10,"min":0.000000238,"max":0.000004053,"avg":0.000000668,"var":0.000000000,"sum":0.000006676},"relative_timestamp_from_iforward_start":{"num":10,"min":0.000000954,"max":0.000015020,"avg":0.000002551,"var":0.000000000,"sum":0.000025511}},"get_output":{"duration":{"num":10,"min":0.000021458,"max":0.000141144,"avg":0.000034189,"var":0.000000013,"sum":0.000341892},"relative_timestamp_from_wait_end":{"num":10,"min":0.000000000.0,"max":0.000000477,"avg":0.000000286,"var":0.000000000,"sum":0.000002861}}}},"target":{"received from ofi+cxi://0x23e90000":{"handler":{"duration":{"num":10,"min":0.000000477,"max":0.000006199,"avg":0.000001311,"var":0.000000000,"sum":0.000013113}},"ult":{"duration":{"num":10,"min":0.011275768,"max":0.034425974,"avg":0.020194101,"var":0.000429705,"sum":0.201941013},"relative_timestamp_from_handler_start":{"num":10,"min":0.000000954,"max":0.000012636,"avg":0.000002241,"var":0.000000000,"sum":0.000022411}},"irespond":{"duration":{"num":10,"min":0.000289440,"max":0.000326395,"avg":0.000304556,"var":0.000000001,"sum":0.003045559},"relative_timestamp_from_ult_start":{"num":10,"min":0.010946274,"max":0.034131050,"avg":0.019883704,"var":0.000430217,"sum":0.198837042}},"respond_cb":{"duration":{"num":10,"min":0.000000000.0,"max":0.000000238,"avg":0.000000191,"var":0.000000000,"sum":0.000001907},"relative_timestamp_from_irespond_start":{"num":10,"min":0.000291109,"max":0.000327587,"avg":0.000305986,"var":0.000000001,"sum":0.003059864}},"irespond_wait":{"duration":{"num":10,"min":0.000001907,"max":0.000003099,"avg":0.000002289,"var":0.000000000,"sum":0.000022888},"relative_timestamp_from_irespond_end":{"num":10,"min":0.000000000.0,"max":0.000000238,"avg":0.000000191,"var":0.000000000,"sum":0.000001907}},"set_output":{"duration":{"num":10,"min":0.000264168,"max":0.000286818,"avg":0.000276875,"var":0.000000001,"sum":0.002768755},"relative_timestamp_from_irespond_start":{"num":10,"min":0.000000000.0,"max":0.000001192,"avg":0.000000286,"var":0.000000000,"sum":0.000002861}},"get_input":{"duration":{"num":10,"min":0.000000238,"max":0.000002146,"avg":0.000000477,"var":0.000000000,"sum":0.000004768},"relative_timestamp_from_ult_start":{"num":10,"min":0.000000000.0,"max":0.000002623,"avg":0.000000501,"var":0.000000000,"sum":0.000005007}}}}},"14048217247822970879:0:14048217247822970879:0":{"rpc_id":-4398526825886580737,"provider_id":0,"parent_rpc_id":-4398526825886580737,"parent_provider_id":0,"name":"get_file_data","origin":{"sent to ofi+cxi://0x23ed0400":{"iforward":{"duration":{"num":10,"min":0.000010490,"max":0.000032663,"avg":0.000014162,"var":0.000000000,"sum":0.000141621},"relative_timestamp_from_create":{"num":10,"min":0.000000000.0,"max":0.000000238,"avg":0.000000119,"var":0.000000000,"sum":0.000001192}},"forward_cb":{"duration":{"num":10,"min":0.000000000.0,"max":0.000001192,"avg":0.000000262,"var":0.000000000,"sum":0.000002623},"relative_timestamp_from_iforward_start":{"num":10,"min":0.010614157,"max":0.033834219,"avg":0.019572449,"var":0.000429793,"sum":0.195724487}},"iforward_wait":{"duration":{"num":10,"min":0.010624886,"max":0.033822775,"avg":0.019561291,"var":0.000429118,"sum":0.195612907},"relative_timestamp_from_iforward_end":{"num":10,"min":0.000000238,"max":0.000000238,"avg":0.000000238,"var":0.000000000.0,"sum":0.000002384}},"set_input":{"duration":{"num":10,"min":0.000000238,"max":0.000000477,"avg":0.000000429,"var":0.000000000,"sum":0.000004292},"relative_timestamp_from_iforward_start":{"num":10,"min":0.000000477,"max":0.000001907,"avg":0.000000787,"var":0.000000000,"sum":0.000007868}},"get_output":{"duration":{"num":10,"min":0.000269651,"max":0.000303984,"avg":0.000288820,"var":0.000000001,"sum":0.002888203},"relative_timestamp_from_wait_end":{"num":10,"min":0.000000000.0,"max":0.000000715,"avg":0.000000238,"var":0.000000000,"sum":0.000002384}}}}},"65535:65535:8686831390660034559:65535":{"rpc_id":8686831390660034559,"provider_id":65535,"parent_rpc_id":65535,"parent_provider_id":65535,"name":"__shutdown__","target":{"received from ofi+cxi://0x23e70601":{"handler":{"duration":{"num":1,"min":0.000012636,"max":0.000012636,"avg":0.000012636,"var":0.000000000.0,"sum":0.000012636}},"ult":{"duration":{"num":1,"min":0.000013590,"max":0.000013590,"avg":0.000013590,"var":0.000000000.0,"sum":0.000013590},"relative_timestamp_from_handler_start":{"num":1,"min":0.000016212,"max":0.000016212,"avg":0.000016212,"var":0.000000000.0,"sum":0.000016212}},"irespond":{"duration":{"num":1,"min":0.000005484,"max":0.000005484,"avg":0.000005484,"var":0.000000000.0,"sum":0.000005484},"relative_timestamp_from_ult_start":{"num":1,"min":0.000000954,"max":0.000000954,"avg":0.000000954,"var":0.000000000.0,"sum":0.000000954}},"respond_cb":{"duration":{"num":1,"min":0.000000477,"max":0.000000477,"avg":0.000000477,"var":0.000000000.0,"sum":0.000000477},"relative_timestamp_from_irespond_start":{"num":1,"min":0.000010490,"max":0.000010490,"avg":0.000010490,"var":0.000000000.0,"sum":0.000010490}},"irespond_wait":{"duration":{"num":1,"min":0.000005484,"max":0.000005484,"avg":0.000005484,"var":0.000000000.0,"sum":0.000005484},"relative_timestamp_from_irespond_end":{"num":1,"min":0.000000238,"max":0.000000238,"avg":0.000000238,"var":0.000000000.0,"sum":0.000000238}},"set_output":{"duration":{"num":1,"min":0.000000477,"max":0.000000477,"avg":0.000000477,"var":0.000000000.0,"sum":0.000000477},"relative_timestamp_from_irespond_start":{"num":1,"min":0.000000954,"max":0.000000954,"avg":0.000000954,"var":0.000000000.0,"sum":0.000000954}},"get_input":{"duration":{"num":0,"min":0.000000000.0,"max":0.000000000.0,"avg":0.000000000.0,"var":0.000000000.0,"sum":0.000000000.0},"relative_timestamp_from_ult_start":{"num":0,"min":0.000000000.0,"max":0.000000000.0,"avg":0.000000000.0,"var":0.000000000.0,"sum":0.000000000.0}}}}}}}