{"address":"","rpcs":{"get_file_data:0":{"timestamps":[1717914056.221552372,1717914057.261552095,1717914058.301552296,1717914059.341552019,1717914060.381554604,1717914061.421551943,1717914062.461551189,1717914063.501551151,1717914064.541551113,1717914065.581552029,1717914066.621552229,1717914067.661551476,1717914068.701552391,1717914069.741551399,1717914070.781552315,1717914071.821551800,1717914072.861551523,1717914073.901551962,1717914074.941551447,1717914075.981550694,1717914077.021551847,1717914078.061551571,1717914079.101552010,1717914080.141555071,1717914081.181550980,1717914082.221552372,1717914083.261551380,1717914084.301551580,1717914085.341551304,1717914086.381552935,1717914087.421551228,1717914088.461551189,1717914089.501552820,1717914090.541550636,1717914091.581551313,1717914092.621552229,1717914093.661550999,1717914094.701551199,1717914095.741552591,1717914096.781551600,1717914097.821552038,1717914098.861551523,1717914099.901552200,1717914100.941551924,1717914101.981552839,1717914103.021551847,1717914104.061551094,1717914105.101552010,1717914106.141551256,1717914107.181550980,1717914108.221551418,1717914109.261552334,1717914110.301551580,1717914111.341551065,1717914112.381550789,1717914113.421551228,1717914114.461552382,1717914115.501552343,1717914116.541551828,1717914117.581551075,1717914118.617552280,1717914119.657551527,1717914120.697551012,1717914121.737552166,1717914122.777550936,1717914123.817551136,1717914124.857551575,1717914125.897552729,1717914126.937550783,1717914127.977552652,1717914129.017551661,1717914130.057552338,1717914131.097551823,1717914132.137552023,1717914133.177550793,1717914134.217550993,1717914135.257551908,1717914136.297551155,1717914137.337550879,1717914138.377551317,1717914139.417551279,1717914140.457552195,1717914141.497551918,1717914142.537551641,1717914143.577551603,1717914144.617551804,1717914145.657552242,1717914146.697551489,1717914147.737550974,1717914148.777551413,1717914149.817551136,1717914150.857551336,1717914151.897551060,1717914152.937551260,1717914153.977550507,1717914155.017550945,1717914156.057551146,1717914157.097550631,1717914158.137554884,1717914159.177550793,1717914160.217552423,1717914161.257551432,1717914162.297552586,1717914163.337551594,1717914164.377551556,1717914165.213675976],"count":[300,0,0,0,0,0,0,0,0,0,0,0,0,0,0,0,0,0,0,0,0,0,0,0,0,0,0,0,0,0,0,0,0,0,0,0,0,0,0,0,0,0,0,0,0,0,0,0,0,0,0,0,0,0,0,0,0,0,0,0,0,0,0,0,0,0,0,0,0,0,0,0,0,0,0,0,0,0,0,0,0,0,0,0,0,0,0,0,0,0,0,0,0,0,0,0,0,0,0,0,0,0,0,0,0,0],"bulk_size":[0,0,0,0,0,0,0,0,0,0,0,0,0,0,0,0,0,0,0,0,0,0,0,0,0,0,0,0,0,0,0,0,0,0,0,0,0,0,0,0,0,0,0,0,0,0,0,0,0,0,0,0,0,0,0,0,0,0,0,0,0,0,0,0,0,0,0,0,0,0,0,0,0,0,0,0,0,0,0,0,0,0,0,0,0,0,0,0,0,0,0,0,0,0,0,0,0,0,0,0,0,0,0,0,0,0]},"__shutdown__:65535":{"timestamps":[1717914165.213675976],"count":[1],"bulk_size":[0]}},"pools":{"__primary__":{"timestamps":[1717914055.216863871,1717914056.221552372,1717914057.261552095,1717914058.301552296,1717914059.341552019,1717914060.381554604,1717914061.421551943,1717914062.461551189,1717914063.501551151,1717914064.541551113,1717914065.581552029,1717914066.621552229,1717914067.661551476,1717914068.701552391,1717914069.741551399,1717914070.781552315,1717914071.821551800,1717914072.861551523,1717914073.901551962,1717914074.941551447,1717914075.981550694,1717914077.021551847,1717914078.061551571,1717914079.101552010,1717914080.141555071,1717914081.181550980,1717914082.221552372,1717914083.261551380,1717914084.301551580,1717914085.341551304,1717914086.381552935,1717914087.421551228,1717914088.461551189,1717914089.501552820,1717914090.541550636,1717914091.581551313,1717914092.621552229,1717914093.661550999,1717914094.701551199,1717914095.741552591,1717914096.781551600,1717914097.821552038,1717914098.861551523,1717914099.901552200,1717914100.941551924,1717914101.981552839,1717914103.021551847,1717914104.061551094,1717914105.101552010,1717914106.141551256,1717914107.181550980,1717914108.221551418,1717914109.261552334,1717914110.301551580,1717914111.341551065,1717914112.381550789,1717914113.421551228,1717914114.461552382,1717914115.501552343,1717914116.541551828,1717914117.581551075,1717914118.617552280,1717914119.657551527,1717914120.697551012,1717914121.737552166,1717914122.777550936,1717914123.817551136,1717914124.857551575,1717914125.897552729,1717914126.937550783,1717914127.977552652,1717914129.017551661,1717914130.057552338,1717914131.097551823,1717914132.137552023,1717914133.177550793,1717914134.217550993,1717914135.257551908,1717914136.297551155,1717914137.337550879,1717914138.377551317,1717914139.417551279,1717914140.457552195,1717914141.497551918,1717914142.537551641,1717914143.577551603,1717914144.617551804,1717914145.657552242,1717914146.697551489,1717914147.737550974,1717914148.777551413,1717914149.817551136,1717914150.857551336,1717914151.897551060,1717914152.937551260,1717914153.977550507,1717914155.017550945,1717914156.057551146,1717914157.097550631,1717914158.137554884,1717914159.177550793,1717914160.217552423,1717914161.257551432,1717914162.297552586,1717914163.337551594,1717914164.377551556,1717914165.213675976],"size":[0,0,0,0,0,0,0,0,0,0,0,0,0,0,0,0,0,0,0,0,0,0,0,0,0,0,0,0,0,0,0,0,0,0,0,0,0,0,0,0,0,0,0,0,0,0,0,0,0,0,0,0,0,0,0,0,0,0,0,0,0,0,0,0,0,0,0,0,0,0,0,0,0,0,0,0,0,0,0,0,0,0,0,0,0,0,0,0,0,0,0,0,0,0,0,0,0,0,0,0,0,0,0,0,0,0,0],"total_size":[1,1,1,1,1,1,1,1,1,1,1,1,1,1,1,1,1,1,1,1,1,1,1,1,1,1,1,1,1,1,1,1,1,1,1,1,1,1,1,1,1,1,1,1,1,1,1,1,1,1,1,1,1,1,1,1,1,1,1,1,1,1,1,1,1,1,1,1,1,1,1,1,1,1,1,1,1,1,1,1,1,1,1,1,1,1,1,1,1,1,1,1,1,1,1,1,1,1,1,1,1,1,1,1,1,1,0]}}}