{"address":"","progress_loop":{"progress_with_timeout":{"num":1346,"min":0.000000715,"max":0.104004622,"avg":0.103261429,"var":0.098850181,"sum":138.989883900},"progress_timeout_value_msec":{"num":1346,"min":100.000000000.0,"max":100.000000000.0,"avg":100.000000000.0,"var":0.000000000.0,"sum":134600.000000000.0},"progress_without_timeout":{"num":2881753,"min":0.000000000.0,"max":0.000810623,"avg":0.000000115,"var":0.000001410,"sum":0.330634594},"trigger":{"num":52,"min":0.000000238,"max":0.000030041,"avg":0.000001917,"var":0.000000001,"sum":0.000099659}},"rpcs":{"65535:65535:14048217247822970879:0":{"rpc_id":-4398526825886580737,"provider_id":0,"parent_rpc_id":65535,"parent_provider_id":65535,"name":"get_file_data","origin":{"sent to ofi+cxi://0x23eb0400":{"iforward":{"duration":{"num":10,"min":0.000002384,"max":0.000033617,"avg":0.000005841,"var":0.000000001,"sum":0.000058413},"relative_timestamp_from_create":{"num":10,"min":0.000000000.0,"max":0.000003815,"avg":0.000000572,"var":0.000000000,"sum":0.000005722}},"forward_cb":{"duration":{"num":10,"min":0.000000000.0,"max":0.000000715,"avg":0.000000262,"var":0.000000000,"sum":0.000002623},"relative_timestamp_from_iforward_start":{"num":10,"min":0.055711746,"max":0.128915071,"avg":0.084496641,"var":0.003263866,"sum":0.844966412}},"iforward_wait":{"duration":{"num":10,"min":0.055711746,"max":0.128990412,"avg":0.084504056,"var":0.003270552,"sum":0.845040560},"relative_timestamp_from_iforward_end":{"num":10,"min":0.000000000.0,"max":0.000000238,"avg":0.000000095,"var":0.000000000,"sum":0.000000954}},"set_input":{"duration":{"num":10,"min":0.000000238,"max":0.000004768,"avg":0.000000906,"var":0.000000000,"sum":0.000009060},"relative_timestamp_from_iforward_start":{"num":10,"min":0.000001431,"max":0.000021219,"avg":0.000003743,"var":0.000000000,"sum":0.000037432}},"get_output":{"duration":{"num":10,"min":0.000296831,"max":0.000966311,"avg":0.000423503,"var":0.000000358,"sum":0.004235029},"relative_timestamp_from_wait_end":{"num":10,"min":0.000000238,"max":0.000000715,"avg":0.000000477,"var":0.000000000,"sum":0.000004768}}}},"target":{"received from ofi+cxi://0x23eb0400":{"handler":{"duration":{"num":10,"min":0.000000954,"max":0.000005007,"avg":0.000001478,"var":0.000000000,"sum":0.000014782}},"ult":{"duration":{"num":10,"min":0.055706978,"max":0.128501415,"avg":0.084450245,"var":0.003227516,"sum":0.844502449},"relative_timestamp_from_handler_start":{"num":10,"min":0.000001669,"max":0.000473022,"avg":0.000048971,"var":0.000000200,"sum":0.000489712}},"irespond":{"duration":{"num":10,"min":0.001227617,"max":0.001506805,"avg":0.001389480,"var":0.000000099,"sum":0.013894796},"relative_timestamp_from_ult_start":{"num":10,"min":0.054194689,"max":0.127164364,"avg":0.083045030,"var":0.003247190,"sum":0.830450296}},"respond_cb":{"duration":{"num":10,"min":0.000000000.0,"max":0.000000238,"avg":0.000000095,"var":0.000000000,"sum":0.000000954},"relative_timestamp_from_irespond_start":{"num":10,"min":0.001231194,"max":0.001509428,"avg":0.001392198,"var":0.000000099,"sum":0.013921976}},"irespond_wait":{"duration":{"num":10,"min":0.000003338,"max":0.000005245,"avg":0.000004101,"var":0.000000000,"sum":0.000041008},"relative_timestamp_from_irespond_end":{"num":10,"min":0.000000000.0,"max":0.000000477,"avg":0.000000167,"var":0.000000000,"sum":0.000001669}},"set_output":{"duration":{"num":10,"min":0.001144171,"max":0.001427889,"avg":0.001308942,"var":0.000000097,"sum":0.013089418},"relative_timestamp_from_irespond_start":{"num":10,"min":0.000000238,"max":0.000001431,"avg":0.000000429,"var":0.000000000,"sum":0.000004292}},"get_input":{"duration":{"num":10,"min":0.000000238,"max":0.000002384,"avg":0.000000525,"var":0.000000000,"sum":0.000005245},"relative_timestamp_from_ult_start":{"num":10,"min":0.000000238,"max":0.000006676,"avg":0.000001073,"var":0.000000000,"sum":0.000010729}}}}},"14048217247822970879:0:14048217247822970879:0":{"rpc_id":-4398526825886580737,"provider_id":0,"parent_rpc_id":-4398526825886580737,"parent_provider_id":0,"name":"get_file_data","origin":{"sent to ofi+cxi://0x23eb6600":{"iforward":{"duration":{"num":10,"min":0.000015974,"max":0.000033617,"avg":0.000021005,"var":0.000000000,"sum":0.000210047},"relative_timestamp_from_create":{"num":10,"min":0.000000000.0,"max":0.000000477,"avg":0.000000167,"var":0.000000000,"sum":0.000001669}},"forward_cb":{"duration":{"num":10,"min":0.000000000.0,"max":0.000001669,"avg":0.000000429,"var":0.000000000,"sum":0.000004292},"relative_timestamp_from_iforward_start":{"num":10,"min":0.052497864,"max":0.125688076,"avg":0.081463408,"var":0.003272709,"sum":0.814634085}},"iforward_wait":{"duration":{"num":10,"min":0.052506208,"max":0.125661373,"avg":0.081446362,"var":0.003270444,"sum":0.814463615},"relative_timestamp_from_iforward_end":{"num":10,"min":0.000000000.0,"max":0.000000238,"avg":0.000000191,"var":0.000000000,"sum":0.000001907}},"set_input":{"duration":{"num":10,"min":0.000000238,"max":0.000000715,"avg":0.000000525,"var":0.000000000,"sum":0.000005245},"relative_timestamp_from_iforward_start":{"num":10,"min":0.000000715,"max":0.000002146,"avg":0.000001073,"var":0.000000000,"sum":0.000010729}},"get_output":{"duration":{"num":10,"min":0.001334190,"max":0.001666307,"avg":0.001546884,"var":0.000000150,"sum":0.015468836},"relative_timestamp_from_wait_end":{"num":10,"min":0.000000238,"max":0.000000954,"avg":0.000000429,"var":0.000000000,"sum":0.000004292}}}}},"65535:65535:8686831390660034559:65535":{"rpc_id":8686831390660034559,"provider_id":65535,"parent_rpc_id":65535,"parent_provider_id":65535,"name":"__shutdown__","target":{"received from ofi+cxi://0x23e70601":{"handler":{"duration":{"num":1,"min":0.000016928,"max":0.000016928,"avg":0.000016928,"var":0.000000000.0,"sum":0.000016928}},"ult":{"duration":{"num":1,"min":0.000017405,"max":0.000017405,"avg":0.000017405,"var":0.000000000.0,"sum":0.000017405},"relative_timestamp_from_handler_start":{"num":1,"min":0.000021935,"max":0.000021935,"avg":0.000021935,"var":0.000000000.0,"sum":0.000021935}},"irespond":{"duration":{"num":1,"min":0.000007391,"max":0.000007391,"avg":0.000007391,"var":0.000000000.0,"sum":0.000007391},"relative_timestamp_from_ult_start":{"num":1,"min":0.000001192,"max":0.000001192,"avg":0.000001192,"var":0.000000000.0,"sum":0.000001192}},"respond_cb":{"duration":{"num":1,"min":0.000000477,"max":0.000000477,"avg":0.000000477,"var":0.000000000.0,"sum":0.000000477},"relative_timestamp_from_irespond_start":{"num":1,"min":0.000013351,"max":0.000013351,"avg":0.000013351,"var":0.000000000.0,"sum":0.000013351}},"irespond_wait":{"duration":{"num":1,"min":0.000006914,"max":0.000006914,"avg":0.000006914,"var":0.000000000.0,"sum":0.000006914},"relative_timestamp_from_irespond_end":{"num":1,"min":0.000000000.0,"max":0.000000000.0,"avg":0.000000000.0,"var":0.000000000.0,"sum":0.000000000.0}},"set_output":{"duration":{"num":1,"min":0.000000477,"max":0.000000477,"avg":0.000000477,"var":0.000000000.0,"sum":0.000000477},"relative_timestamp_from_irespond_start":{"num":1,"min":0.000001431,"max":0.000001431,"avg":0.000001431,"var":0.000000000.0,"sum":0.000001431}},"get_input":{"duration":{"num":0,"min":0.000000000.0,"max":0.000000000.0,"avg":0.000000000.0,"var":0.000000000.0,"sum":0.000000000.0},"relative_timestamp_from_ult_start":{"num":0,"min":0.000000000.0,"max":0.000000000.0,"avg":0.000000000.0,"var":0.000000000.0,"sum":0.000000000.0}}}}}}}