{"address":"","progress_loop":{"progress_with_timeout":{"num":864,"min":0.067111731,"max":0.104013205,"avg":0.103950292,"var":0.001378183,"sum":89.813051939},"progress_timeout_value_msec":{"num":864,"min":100.000000000.0,"max":100.000000000.0,"avg":100.000000000.0,"var":0.000000000.0,"sum":86400.000000000.0},"progress_without_timeout":{"num":117894,"min":0.000000000.0,"max":0.000011444,"avg":0.000000112,"var":0.000000002,"sum":0.013215065},"trigger":{"num":102,"min":0.000000000.0,"max":0.001425505,"avg":0.000014791,"var":0.000002011,"sum":0.001508713}},"rpcs":{"65535:65535:14048217247822970879:0":{"rpc_id":-4398526825886580737,"provider_id":0,"parent_rpc_id":65535,"parent_provider_id":65535,"name":"get_file_data","origin":{"sent to ofi+cxi://0x23ef2400":{"iforward":{"duration":{"num":10,"min":0.000000477,"max":0.000025034,"avg":0.000003290,"var":0.000000001,"sum":0.000032902},"relative_timestamp_from_create":{"num":10,"min":0.000000000.0,"max":0.000003338,"avg":0.000000405,"var":0.000000000,"sum":0.000004053}},"forward_cb":{"duration":{"num":10,"min":0.000000000.0,"max":0.000000238,"avg":0.000000119,"var":0.000000000,"sum":0.000001192},"relative_timestamp_from_iforward_start":{"num":10,"min":0.000119686,"max":0.014129162,"avg":0.003542161,"var":0.000195513,"sum":0.035421610}},"iforward_wait":{"duration":{"num":10,"min":0.000119686,"max":0.014120817,"avg":0.003543758,"var":0.000195392,"sum":0.035437584},"relative_timestamp_from_iforward_end":{"num":10,"min":0.000000000.0,"max":0.000000238,"avg":0.000000048,"var":0.000000000,"sum":0.000000477}},"set_input":{"duration":{"num":10,"min":0.000000000.0,"max":0.000003815,"avg":0.000000548,"var":0.000000000,"sum":0.000005484},"relative_timestamp_from_iforward_start":{"num":10,"min":0.000000238,"max":0.000015259,"avg":0.000001955,"var":0.000000000,"sum":0.000019550}},"get_output":{"duration":{"num":10,"min":0.000000000.0,"max":0.000000477,"avg":0.000000119,"var":0.000000000,"sum":0.000001192},"relative_timestamp_from_wait_end":{"num":10,"min":0.000000000.0,"max":0.000000238,"avg":0.000000143,"var":0.000000000,"sum":0.000001431}}}},"target":{"received from ofi+cxi://0x23ef2400":{"handler":{"duration":{"num":10,"min":0.000000238,"max":0.000005722,"avg":0.000000882,"var":0.000000000,"sum":0.000008821}},"ult":{"duration":{"num":10,"min":0.000118017,"max":0.013608217,"avg":0.003488541,"var":0.000184775,"sum":0.034885406},"relative_timestamp_from_handler_start":{"num":10,"min":0.000000477,"max":0.000487328,"avg":0.000049353,"var":0.000000213,"sum":0.000493526}},"irespond":{"duration":{"num":10,"min":0.000000238,"max":0.000002146,"avg":0.000000715,"var":0.000000000,"sum":0.000007153},"relative_timestamp_from_ult_start":{"num":10,"min":0.000115633,"max":0.013601780,"avg":0.003485966,"var":0.000184683,"sum":0.034859657}},"respond_cb":{"duration":{"num":10,"min":0.000000000.0,"max":0.000000477,"avg":0.000000119,"var":0.000000000,"sum":0.000001192},"relative_timestamp_from_irespond_start":{"num":10,"min":0.000000715,"max":0.000003338,"avg":0.000001383,"var":0.000000000,"sum":0.000013828}},"irespond_wait":{"duration":{"num":10,"min":0.000000715,"max":0.000003338,"avg":0.000001502,"var":0.000000000,"sum":0.000015020},"relative_timestamp_from_irespond_end":{"num":10,"min":0.000000000.0,"max":0.000000238,"avg":0.000000072,"var":0.000000000,"sum":0.000000715}},"set_output":{"duration":{"num":10,"min":0.000000238,"max":0.000000715,"avg":0.000000381,"var":0.000000000,"sum":0.000003815},"relative_timestamp_from_irespond_start":{"num":10,"min":0.000000000.0,"max":0.000000715,"avg":0.000000143,"var":0.000000000,"sum":0.000001431}},"get_input":{"duration":{"num":10,"min":0.000000000.0,"max":0.000002146,"avg":0.000000286,"var":0.000000000,"sum":0.000002861},"relative_timestamp_from_ult_start":{"num":10,"min":0.000000000.0,"max":0.000005007,"avg":0.000000668,"var":0.000000000,"sum":0.000006676}}}}},"14048217247822970879:0:14048217247822970879:0":{"rpc_id":-4398526825886580737,"provider_id":0,"parent_rpc_id":-4398526825886580737,"parent_provider_id":0,"name":"get_file_data","origin":{"sent to ofi+cxi://0x23ed6600":{"iforward":{"duration":{"num":30,"min":0.000001192,"max":0.000032187,"avg":0.000008329,"var":0.000000001,"sum":0.000249863},"relative_timestamp_from_create":{"num":30,"min":0.000000000.0,"max":0.000000238,"avg":0.000000095,"var":0.000000000,"sum":0.000002861}},"forward_cb":{"duration":{"num":30,"min":0.000000000.0,"max":0.000001669,"avg":0.000000159,"var":0.000000000,"sum":0.000004768},"relative_timestamp_from_iforward_start":{"num":30,"min":0.000035048,"max":0.013520956,"avg":0.003319875,"var":0.000448129,"sum":0.099596262}},"iforward_wait":{"duration":{"num":30,"min":0.000033617,"max":0.013493061,"avg":0.003313708,"var":0.000447498,"sum":0.099411249},"relative_timestamp_from_iforward_end":{"num":30,"min":0.000000000.0,"max":0.000000477,"avg":0.000000167,"var":0.000000000,"sum":0.000005007}},"set_input":{"duration":{"num":30,"min":0.000000000.0,"max":0.000000715,"avg":0.000000246,"var":0.000000000,"sum":0.000007391},"relative_timestamp_from_iforward_start":{"num":30,"min":0.000000238,"max":0.000002384,"avg":0.000000548,"var":0.000000000,"sum":0.000016451}},"get_output":{"duration":{"num":30,"min":0.000000000.0,"max":0.000000715,"avg":0.000000183,"var":0.000000000,"sum":0.000005484},"relative_timestamp_from_wait_end":{"num":30,"min":0.000000000.0,"max":0.000000715,"avg":0.000000199,"var":0.000000000,"sum":0.000005960}}}},"target":{"received from ofi+cxi://0x23ef6600":{"handler":{"duration":{"num":10,"min":0.000000238,"max":0.000005245,"avg":0.000001168,"var":0.000000000,"sum":0.000011683}},"ult":{"duration":{"num":10,"min":0.000072718,"max":0.013543844,"avg":0.003471684,"var":0.000173782,"sum":0.034716845},"relative_timestamp_from_handler_start":{"num":10,"min":0.000000477,"max":0.000007629,"avg":0.000001812,"var":0.000000000,"sum":0.000018120}},"irespond":{"duration":{"num":10,"min":0.000000477,"max":0.000010490,"avg":0.000001621,"var":0.000000000,"sum":0.000016212},"relative_timestamp_from_ult_start":{"num":10,"min":0.000066280,"max":0.013483763,"avg":0.003460693,"var":0.000172685,"sum":0.034606934}},"respond_cb":{"duration":{"num":10,"min":0.000000000.0,"max":0.000000238,"avg":0.000000143,"var":0.000000000,"sum":0.000001431},"relative_timestamp_from_irespond_start":{"num":10,"min":0.000004530,"max":0.000034571,"avg":0.000007987,"var":0.000000001,"sum":0.000079870}},"irespond_wait":{"duration":{"num":10,"min":0.000004292,"max":0.000049114,"avg":0.000008941,"var":0.000000002,"sum":0.000089407},"relative_timestamp_from_irespond_end":{"num":10,"min":0.000000000.0,"max":0.000000238,"avg":0.000000191,"var":0.000000000,"sum":0.000001907}},"set_output":{"duration":{"num":10,"min":0.000000238,"max":0.000000715,"avg":0.000000310,"var":0.000000000,"sum":0.000003099},"relative_timestamp_from_irespond_start":{"num":10,"min":0.000000000.0,"max":0.000000238,"avg":0.000000119,"var":0.000000000,"sum":0.000001192}},"get_input":{"duration":{"num":10,"min":0.000000000.0,"max":0.000001192,"avg":0.000000286,"var":0.000000000,"sum":0.000002861},"relative_timestamp_from_ult_start":{"num":10,"min":0.000000000.0,"max":0.000000954,"avg":0.000000215,"var":0.000000000,"sum":0.000002146}}},"received from ofi+cxi://0x23ef0000":{"handler":{"duration":{"num":10,"min":0.000000238,"max":0.001424551,"avg":0.000142837,"var":0.000001825,"sum":0.001428366}},"ult":{"duration":{"num":10,"min":0.000045776,"max":0.007836819,"avg":0.003058052,"var":0.000091694,"sum":0.030580521},"relative_timestamp_from_handler_start":{"num":10,"min":0.000000477,"max":0.001426458,"avg":0.000143290,"var":0.000001829,"sum":0.001432896}},"irespond":{"duration":{"num":10,"min":0.000000477,"max":0.000008345,"avg":0.000001478,"var":0.000000000,"sum":0.000014782},"relative_timestamp_from_ult_start":{"num":10,"min":0.000040531,"max":0.007820606,"avg":0.003050494,"var":0.000091614,"sum":0.030504942}},"respond_cb":{"duration":{"num":10,"min":0.000000000.0,"max":0.000000238,