{"address":"","progress_loop":{"progress_with_timeout":{"num":1065,"min":0.000000000.0,"max":0.104007006,"avg":0.103083838,"var":0.097541737,"sum":109.784287453},"progress_timeout_value_msec":{"num":1065,"min":100.000000000.0,"max":100.000000000.0,"avg":100.000000000.0,"var":0.000000000.0,"sum":106500.000000000.0},"progress_without_timeout":{"num":235774,"min":0.000000000.0,"max":0.000092745,"avg":0.000000113,"var":0.000000023,"sum":0.026647568},"trigger":{"num":52,"min":0.000000000.0,"max":0.000029564,"avg":0.000001421,"var":0.000000001,"sum":0.000073910}},"rpcs":{"65535:65535:14048217247822970879:0":{"rpc_id":-4398526825886580737,"provider_id":0,"parent_rpc_id":65535,"parent_provider_id":65535,"name":"get_file_data","origin":{"sent to ofi+cxi://0x23eb2400":{"iforward":{"duration":{"num":10,"min":0.000000715,"max":0.000034094,"avg":0.000004435,"var":0.000000001,"sum":0.000044346},"relative_timestamp_from_create":{"num":10,"min":0.000000000.0,"max":0.000004530,"avg":0.000000525,"var":0.000000000,"sum":0.000005245}},"forward_cb":{"duration":{"num":10,"min":0.000000000.0,"max":0.000000238,"avg":0.000000072,"var":0.000000000,"sum":0.000000715},"relative_timestamp_from_iforward_start":{"num":10,"min":0.001785755,"max":0.018712997,"avg":0.006703830,"var":0.000271355,"sum":0.067038298}},"iforward_wait":{"duration":{"num":10,"min":0.001785755,"max":0.018683195,"avg":0.006700540,"var":0.000270637,"sum":0.067005396},"relative_timestamp_from_iforward_end":{"num":10,"min":0.000000000.0,"max":0.000000238,"avg":0.000000119,"var":0.000000000,"sum":0.000001192}},"set_input":{"duration":{"num":10,"min":0.000000238,"max":0.000004768,"avg":0.000000811,"var":0.000000000,"sum":0.000008106},"relative_timestamp_from_iforward_start":{"num":10,"min":0.000000477,"max":0.000021696,"avg":0.000002742,"var":0.000000000,"sum":0.000027418}},"get_output":{"duration":{"num":10,"min":0.000002623,"max":0.000003099,"avg":0.000002813,"var":0.000000000,"sum":0.000028133},"relative_timestamp_from_wait_end":{"num":10,"min":0.000000000.0,"max":0.000000477,"avg":0.000000119,"var":0.000000000,"sum":0.000001192}}}},"target":{"received from ofi+cxi://0x23eb2400":{"handler":{"duration":{"num":10,"min":0.000000238,"max":0.000007391,"avg":0.000001097,"var":0.000000000,"sum":0.000010967}},"ult":{"duration":{"num":10,"min":0.001784563,"max":0.018651247,"avg":0.006695771,"var":0.000269878,"sum":0.066957712},"relative_timestamp_from_handler_start":{"num":10,"min":0.000000477,"max":0.000015974,"avg":0.000002241,"var":0.000000000,"sum":0.000022411}},"irespond":{"duration":{"num":10,"min":0.000041962,"max":0.000055552,"avg":0.000045085,"var":0.000000000,"sum":0.000450850},"relative_timestamp_from_ult_start":{"num":10,"min":0.001740456,"max":0.018592119,"avg":0.006649017,"var":0.000269514,"sum":0.066490173}},"respond_cb":{"duration":{"num":10,"min":0.000000000.0,"max":0.000000238,"avg":0.000000024,"var":0.000000000,"sum":0.000000238},"relative_timestamp_from_irespond_start":{"num":10,"min":0.000042439,"max":0.000056505,"avg":0.000045657,"var":0.000000000,"sum":0.000456572}},"irespond_wait":{"duration":{"num":10,"min":0.000000954,"max":0.000001907,"avg":0.000001144,"var":0.000000000,"sum":0.000011444},"relative_timestamp_from_irespond_end":{"num":10,"min":0.000000000.0,"max":0.000000238,"avg":0.000000072,"var":0.000000000,"sum":0.000000715}},"set_output":{"duration":{"num":10,"min":0.000033379,"max":0.000041962,"avg":0.000035548,"var":0.000000000,"sum":0.000355482},"relative_timestamp_from_irespond_start":{"num":10,"min":0.000000000.0,"max":0.000000715,"avg":0.000000143,"var":0.000000000,"sum":0.000001431}},"get_input":{"duration":{"num":10,"min":0.000000000.0,"max":0.000001907,"avg":0.000000310,"var":0.000000000,"sum":0.000003099},"relative_timestamp_from_ult_start":{"num":10,"min":0.000000000.0,"max":0.000003576,"avg":0.000000477,"var":0.000000000,"sum":0.000004768}}}}},"14048217247822970879:0:14048217247822970879:0":{"rpc_id":-4398526825886580737,"provider_id":0,"parent_rpc_id":-4398526825886580737,"parent_provider_id":0,"name":"get_file_data","origin":{"sent to ofi+cxi://0x23ef2000":{"iforward":{"duration":{"num":10,"min":0.000008345,"max":0.000036716,"avg":0.000012112,"var":0.000000001,"sum":0.000121117},"relative_timestamp_from_create":{"num":10,"min":0.000000000.0,"max":0.000000238,"avg":0.000000095,"var":0.000000000,"sum":0.000000954}},"forward_cb":{"duration":{"num":10,"min":0.000000000.0,"max":0.000001431,"avg":0.000000286,"var":0.000000000,"sum":0.000002861},"relative_timestamp_from_iforward_start":{"num":10,"min":0.001706839,"max":0.018433571,"avg":0.006617856,"var":0.000265916,"sum":0.066178560}},"iforward_wait":{"duration":{"num":10,"min":0.001698256,"max":0.018402100,"avg":0.006606507,"var":0.000265404,"sum":0.066065073},"relative_timestamp_from_iforward_end":{"num":10,"min":0.000000000.0,"max":0.000000238,"avg":0.000000191,"var":0.000000000,"sum":0.000001907}},"set_input":{"duration":{"num":10,"min":0.000000238,"max":0.000000954,"avg":0.000000548,"var":0.000000000,"sum":0.000005484},"relative_timestamp_from_iforward_start":{"num":10,"min":0.000000238,"max":0.000002146,"avg":0.000000596,"var":0.000000000,"sum":0.000005960}},"get_output":{"duration":{"num":10,"min":0.000003338,"max":0.000038385,"avg":0.000010371,"var":0.000000002,"sum":0.000103712},"relative_timestamp_from_wait_end":{"num":10,"min":0.000000000.0,"max":0.000019312,"avg":0.000002074,"var":0.000000000,"sum":0.000020742}}}}},"65535:65535:8686831390660034559:65535":{"rpc_id":8686831390660034559,"provider_id":65535,"parent_rpc_id":65535,"parent_provider_id":65535,"name":"__shutdown__","target":{"received from ofi+cxi://0x23e70601":{"handler":{"duration":{"num":1,"min":0.000015736,"max":0.000015736,"avg":0.000015736,"var":0.000000000.0,"sum":0.000015736}},"ult":{"duration":{"num":1,"min":0.000017643,"max":0.000017643,"avg":0.000017643,"var":0.000000000.0,"sum":0.000017643},"relative_timestamp_from_handler_start":{"num":1,"min":0.000020504,"max":0.000020504,"avg":0.000020504,"var":0.000000000.0,"sum":0.000020504}},"irespond":{"duration":{"num":1,"min":0.000007629,"max":0.000007629,"avg":0.000007629,"var":0.000000000.0,"sum":0.000007629},"relative_timestamp_from_ult_start":{"num":1,"min":0.000001431,"max":0.000001431,"avg":0.000001431,"var":0.000000000.0,"sum":0.000001431}},"respond_cb":{"duration":{"num":1,"min":0.000000477,"max":0.000000477,"avg":0.000000477,"var":0.000000000.0,"sum":0.000000477},"relative_timestamp_from_irespond_start":{"num":1,"min":0.000013113,"max":0.000013113,"avg":0.000013113,"var":0.000000000.0,"sum":0.000013113}},"irespond_wait":{"duration":{"num":1,"min":0.000005960,"max":0.000005960,"avg":0.000005960,"var":0.000000000.0,"sum":0.000005960},"relative_timestamp_from_irespond_end":{"num":1,"min":0.000000238,"max":0.000000238,"avg":0.000000238,"var":0.000000000.0,"sum":0.000000238}},"set_output":{"duration":{"num":1,"min":0.000000715,"max":0.000000715,"avg":0.000000715,"var":0.000000000.0,"sum":0.000000715},"relative_timestamp_from_irespond_start":{"num":1,"min":0.000001192,"max":0.000001192,"avg":0.000001192,"var":0.000000000.0,"sum":0.000001192}},"get_input":{"duration":{"num":0,"min":0.000000000.0,"max":0.000000000.0,"avg":0.000000000.0,"var":0.000000000.0,"sum":0.000000000.0},"relative_timestamp_from_ult_start":{"num":0,"min":0.000000000.0,"max":0.000000000.0,"avg":0.000000000.0,"var":0.000000000.0,"sum":0.000000000.0}}}}}}}