{"address":"","rpcs":{"get_file_data:0":{"timestamps":[1717912283.945682287,1717912284.963291883,1717912286.003292799,1717912287.043291807,1717912288.083290815,1717912289.123291492,1717912290.163290739,1717912291.203292131,1717912292.243291855,1717912293.283291578,1717912294.323291302,1717912295.363293171,1717912296.403292179,1717912297.443293095,1717912298.483291864,1717912299.523292065,1717912300.563291788,1717912301.603296041,1717912302.643292189,1717912303.683292150,1717912304.723291636,1717912305.763292074,1717912306.803292036,1717912307.843292236,1717912308.883291483,1717912309.923291445,1717912310.963292122,1717912312.003292561,1717912313.043291569,1717912314.083291531,1717912315.123291731,1717912316.163292408,1717912317.203292131,1717912318.243292093,1717912319.283291578,1717912320.323291779,1717912321.363291502,1717912322.403292179,1717912323.443295717,1717912324.483292580,1717912325.523292542,1717912326.563292027,1717912327.603291035,1717912328.643291712,1717912329.683291435,1717912330.723296642,1717912331.763292313,1717912332.803292274,1717912333.843292713,1717912334.883296490,1717912335.923291922,1717912336.963291407,1717912338.003292799,1717912339.043291330,1717912340.083292246,1717912341.123292208,1717912342.163292885,1717912343.203290939,1717912344.243292093,1717912345.283292055,1717912346.323292017,1717912347.363291979,1717912348.403294563,1717912349.443290949,1717912350.483292818,1717912351.523293018,1717912352.563292742,1717912353.603292227,1717912354.643293142,1717912355.683292866,1717912356.723292828,1717912357.763292789,1717912358.803292513,1717912359.843292475,1717912360.883291006,1717912361.923291922,1717912362.959291697,1717912363.999291658,1717912365.039292812,1717912366.079292536,1717912367.119291544,1717912368.159292221,1717912369.199292660,1717912370.239291668,1717912371.279292107,1717912372.319291353,1717912373.359292269,1717912373.754404068],"count":[1,29,0,0,0,0,0,0,0,0,0,0,0,0,0,0,0,0,0,0,0,0,0,0,0,0,0,0,0,0,0,0,0,0,0,0,0,0,0,0,0,0,0,0,0,0,0,0,0,0,0,0,0,0,0,0,0,0,0,0,0,0,0,0,0,0,0,0,0,0,0,0,0,0,0,0,0,0,0,0,0,0,0,0,0,0,0,0],"bulk_size":[0,0,0,0,0,0,0,0,0,0,0,0,0,0,0,0,0,0,0,0,0,0,0,0,0,0,0,0,0,0,0,0,0,0,0,0,0,0,0,0,0,0,0,0,0,0,0,0,0,0,0,0,0,0,0,0,0,0,0,0,0,0,0,0,0,0,0,0,0,0,0,0,0,0,0,0,0,0,0,0,0,0,0,0,0,0,0,0]},"__shutdown__:65535":{"timestamps":[1717912373.754404068],"count":[1],"bulk_size":[0]}},"pools":{"__primary__":{"timestamps":[1717912283.945682287,1717912284.963291883,1717912286.003292799,1717912287.043291807,1717912288.083290815,1717912289.123291492,1717912290.163290739,1717912291.203292131,1717912292.243291855,1717912293.283291578,1717912294.323291302,1717912295.363293171,1717912296.403292179,1717912297.443293095,1717912298.483291864,1717912299.523292065,1717912300.563291788,1717912301.603296041,1717912302.643292189,1717912303.683292150,1717912304.723291636,1717912305.763292074,1717912306.803292036,1717912307.843292236,1717912308.883291483,1717912309.923291445,1717912310.963292122,1717912312.003292561,1717912313.043291569,1717912314.083291531,1717912315.123291731,1717912316.163292408,1717912317.203292131,1717912318.243292093,1717912319.283291578,1717912320.323291779,1717912321.363291502,1717912322.403292179,1717912323.443295717,1717912324.483292580,1717912325.523292542,1717912326.563292027,1717912327.603291035,1717912328.643291712,1717912329.683291435,1717912330.723296642,1717912331.763292313,1717912332.803292274,1717912333.843292713,1717912334.883296490,1717912335.923291922,1717912336.963291407,1717912338.003292799,1717912339.043291330,1717912340.083292246,1717912341.123292208,1717912342.163292885,1717912343.203290939,1717912344.243292093,1717912345.283292055,1717912346.323292017,1717912347.363291979,1717912348.403294563,1717912349.443290949,1717912350.483292818,1717912351.523293018,1717912352.563292742,1717912353.603292227,1717912354.643293142,1717912355.683292866,1717912356.723292828,1717912357.763292789,1717912358.803292513,1717912359.843292475,1717912360.883291006,1717912361.923291922,1717912362.959291697,1717912363.999291658,1717912365.039292812,1717912366.079292536,1717912367.119291544,1717912368.159292221,1717912369.199292660,1717912370.239291668,1717912371.279292107,1717912372.319291353,1717912373.359292269,1717912373.754404068],"size":[0,0,0,0,0,0,0,0,0,0,0,0,0,0,0,0,0,0,0,0,0,0,0,0,0,0,0,0,0,0,0,0,0,0,0,0,0,0,0,0,0,0,0,0,0,0,0,0,0,0,0,0,0,0,0,0,0,0,0,0,0,0,0,0,0,0,0,0,0,0,0,0,0,0,0,0,0,0,0,0,0,0,0,0,0,0,0,0],"total_size":[2,1,1,1,1,1,1,1,1,1,1,1,1,1,1,1,1,1,1,1,1,1,1,1,1,1,1,1,1,1,1,1,1,1,1,1,1,1,1,1,1,1,1,1,1,1,1,1,1,1,1,1,1,1,1,1,1,1,1,1,1,1,1,1,1,1,1,1,1,1,1,1,1,1,1,1,1,1,1,1,1,1,1,1,1,1,1,0]}}}