{"address":"","rpcs":{"get_file_data:0":{"timestamps":[1717913207.270164490,1717913208.328103542,1717913209.368101358,1717913210.408101320,1717913211.448101282,1717913212.488102436,1717913213.528100967,1717913214.568101168,1717913215.608102322,1717913216.648101091,1717913217.688102484,1717913218.728101492,1717913219.768101454,1717913220.808102608,1717913221.848101139,1717913222.888101339,1717913223.928102016,1717913224.968101263,1717913226.008101225,1717913227.048101187,1717913228.088102102,1717913229.128101826,1717913230.168101072,1717913231.208102226,1717913232.248101234,1717913233.288101435,1717913234.328100681,1717913235.368101358,1717913236.408101559,1717913237.444101572,1717913238.484101772,1717913239.524101257,1717913240.564101219,1717913241.604101181,1717913242.644101858,1717913243.684101343,1717913244.724102497,1717913245.764101028,1717913246.804101706,1717913247.844100714,1717913248.884101152,1717913249.924100876,1717913250.964101315,1717913252.004101753,1717913253.044101477,1717913254.084102154,1717913255.124102592,1717913256.164102077,1717913257.204100847,1717913258.244101524,1717913259.284101963,1717913260.324100494,1717913261.364103317,1717913262.404101610,1717913263.444104195,1717913264.484101534,1717913265.524101019,1717913266.564101458,1717913267.604100704,1717913268.644101143,1717913269.684101582,1717913270.724100590,1717913271.764101267,1717913272.804100275,1717913273.844102383,1717913274.884100676,1717913275.924100637,1717913276.964100599,1717913278.004103184,1717913279.044101000,1717913280.084101439,1717913281.124101400,1717913282.164100885,1717913283.204101324,1717913284.244101286,1717913285.284101248,1717913286.324101686,1717913287.364103079,1717913288.404101610,1717913289.444101334,1717913290.484102249,1717913291.524101019,1717913292.564101219,1717913293.604100704,1717913294.644100904,1717913295.684101820,1717913296.724102974,1717913297.174334526],"count":[1,9,0,0,0,0,0,0,0,0,0,0,0,0,0,0,0,0,0,0,0,0,0,0,0,0,0,0,0,0,0,0,0,0,0,0,0,0,0,0,0,0,0,0,0,0,0,0,0,0,0,0,0,0,0,0,0,0,0,0,0,0,0,0,0,0,0,0,0,0,0,0,0,0,0,0,0,0,0,0,0,0,0,0,0,0,0,0],"bulk_size":[0,0,0,0,0,0,0,0,0,0,0,0,0,0,0,0,0,0,0,0,0,0,0,0,0,0,0,0,0,0,0,0,0,0,0,0,0,0,0,0,0,0,0,0,0,0,0,0,0,0,0,0,0,0,0,0,0,0,0,0,0,0,0,0,0,0,0,0,0,0,0,0,0,0,0,0,0,0,0,0,0,0,0,0,0,0,0,0]},"__shutdown__:65535":{"timestamps":[1717913297.174334526],"count":[1],"bulk_size":[0]}},"pools":{"__primary__":{"timestamps":[1717913207.270164490,1717913208.328103542,1717913209.368101358,1717913210.408101320,1717913211.448101282,1717913212.488102436,1717913213.528100967,1717913214.568101168,1717913215.608102322,1717913216.648101091,1717913217.688102484,1717913218.728101492,1717913219.768101454,1717913220.808102608,1717913221.848101139,1717913222.888101339,1717913223.928102016,1717913224.968101263,1717913226.008101225,1717913227.048101187,1717913228.088102102,1717913229.128101826,1717913230.168101072,1717913231.208102226,1717913232.248101234,1717913233.288101435,1717913234.328100681,1717913235.368101358,1717913236.408101559,1717913237.444101572,1717913238.484101772,1717913239.524101257,1717913240.564101219,1717913241.604101181,1717913242.644101858,1717913243.684101343,1717913244.724102497,1717913245.764101028,1717913246.804101706,1717913247.844100714,1717913248.884101152,1717913249.924100876,1717913250.964101315,1717913252.004101753,1717913253.044101477,1717913254.084102154,1717913255.124102592,1717913256.164102077,1717913257.204100847,1717913258.244101524,1717913259.284101963,1717913260.324100494,1717913261.364103317,1717913262.404101610,1717913263.444104195,1717913264.484101534,1717913265.524101019,1717913266.564101458,1717913267.604100704,1717913268.644101143,1717913269.684101582,1717913270.724100590,1717913271.764101267,1717913272.804100275,1717913273.844102383,1717913274.884100676,1717913275.924100637,1717913276.964100599,1717913278.004103184,1717913279.044101000,1717913280.084101439,1717913281.124101400,1717913282.164100885,1717913283.204101324,1717913284.244101286,1717913285.284101248,1717913286.324101686,1717913287.364103079,1717913288.404101610,1717913289.444101334,1717913290.484102249,1717913291.524101019,1717913292.564101219,1717913293.604100704,1717913294.644100904,1717913295.684101820,1717913296.724102974,1717913297.174334526],"size":[0,0,0,0,0,0,0,0,0,0,0,0,0,0,0,0,0,0,0,0,0,0,0,0,0,0,0,0,0,0,0,0,0,0,0,0,0,0,0,0,0,0,0,0,0,0,0,0,0,0,0,0,0,0,0,0,0,0,0,0,0,0,0,0,0,0,0,0,0,0,0,0,0,0,0,0,0,0,0,0,0,0,0,0,0,0,0,0],"total_size":[2,1,1,1,1,1,1,1,1,1,1,1,1,1,1,1,1,1,1,1,1,1,1,1,1,1,1,1,1,1,1,1,1,1,1,1,1,1,1,1,1,1,1,1,1,1,1,1,1,1,1,1,1,1,1,1,1,1,1,1,1,1,1,1,1,1,1,1,1,1,1,1,1,1,1,1,1,1,1,1,1,1,1,1,1,1,1,0]}}}