{"address":"","rpcs":{"get_file_data:0":{"timestamps":[1717913784.375742674,1717913785.422817230,1717913786.462817430,1717913787.502818346,1717913788.542816877,1717913789.582819223,1717913790.622817993,1717913791.662817001,1717913792.702816963,1717913793.742817402,1717913794.782817364,1717913795.822818756,1717913796.862816811,1717913797.902818680,1717913798.942817926,1717913799.982817888,1717913801.022818089,1717913802.062817812,1717913803.102817535,1717913804.142818451,1717913805.182819128,1717913806.222816706,1717913807.262821198,1717913808.302817583,1717913809.342818022,1717913810.382817507,1717913811.422817469,1717913812.462818146,1717913813.498817921,1717913814.538816929,1717913815.578817368,1717913816.618818045,1717913817.658817530,1717913818.698817730,1717913819.738817215,1717913820.778817415,1717913821.818816662,1717913822.858818293,1717913823.898817778,1717913824.938817501,1717913825.978816986,1717913827.018816948,1717913828.058817387,1717913829.098818779,1717913830.138818026,1717913831.178817511,1717913832.218818665,1717913833.258817434,1717913834.298817873,1717913835.338817835,1717913836.378817081,1717913837.418817520,1717913838.458817482,1717913839.498817444,1717913840.538817883,1717913841.578817844,1717913842.618817568,1717913843.658816814,1717913844.698818684,1717913845.738818169,1717913846.778817415,1717913847.818817616,1717913848.858817577,1717913849.898817062,1717913850.938818455,1717913851.978817463,1717913853.018817425,1717913854.058817625,1717913855.098816872,1717913856.138816833,1717913857.178817749,1717913858.218817472,1717913859.258817911,1717913860.298817635,1717913861.338817120,1717913862.378818035,1717913863.418818235,1717913864.458817959,1717913865.498818636,1717913866.538817644,1717913867.578818560,1717913868.618818045,1717913869.658816814,1717913870.698817492,1717913871.738817453,1717913872.778817654,1717913873.818819284,1717913874.858816624,1717913875.898817301,1717913876.938817739,1717913877.978817463,1717913879.018817663,1717913880.058817625,1717913881.098816872,1717913882.138817072,1717913883.178817511,1717913884.218817472,1717913885.258818388,1717913886.298818350,1717913887.338817358,1717913888.374817371,1717913889.414817095,1717913890.454817772,1717913891.494817257,1717913892.534817457,1717913893.574817419,1717913894.274063110],"count":[1,9,0,0,0,0,0,0,0,0,0,0,0,0,0,0,0,0,0,0,0,0,0,0,0,0,0,0,0,0,0,0,0,0,0,0,0,0,0,0,0,0,0,0,0,0,0,0,0,0,0,0,0,0,0,0,0,0,0,0,0,0,0,0,0,0,0,0,0,0,0,0,0,0,0,0,0,0,0,0,0,0,0,0,0,0,0,0,0,0,0,0,0,0,0,0,0,0,0,0,0,0,0,0,0,0,0],"bulk_size":[0,0,0,0,0,0,0,0,0,0,0,0,0,0,0,0,0,0,0,0,0,0,0,0,0,0,0,0,0,0,0,0,0,0,0,0,0,0,0,0,0,0,0,0,0,0,0,0,0,0,0,0,0,0,0,0,0,0,0,0,0,0,0,0,0,0,0,0,0,0,0,0,0,0,0,0,0,0,0,0,0,0,0,0,0,0,0,0,0,0,0,0,0,0,0,0,0,0,0,0,0,0,0,0,0,0,0]},"__shutdown__:65535":{"timestamps":[1717913894.274063110],"count":[1],"bulk_size":[0]}},"pools":{"__primary__":{"timestamps":[1717913784.375742674,1717913785.422817230,1717913786.462817430,1717913787.502818346,1717913788.542816877,1717913789.582819223,1717913790.622817993,1717913791.662817001,1717913792.702816963,1717913793.742817402,1717913794.782817364,1717913795.822818756,1717913796.862816811,1717913797.902818680,1717913798.942817926,1717913799.982817888,1717913801.022818089,1717913802.062817812,1717913803.102817535,1717913804.142818451,1717913805.182819128,1717913806.222816706,1717913807.262821198,1717913808.302817583,1717913809.342818022,1717913810.382817507,1717913811.422817469,1717913812.462818146,1717913813.498817921,1717913814.538816929,1717913815.578817368,1717913816.618818045,1717913817.658817530,1717913818.698817730,1717913819.738817215,1717913820.778817415,1717913821.818816662,1717913822.858818293,1717913823.898817778,1717913824.938817501,1717913825.978816986,1717913827.018816948,1717913828.058817387,1717913829.098818779,1717913830.138818026,1717913831.178817511,1717913832.218818665,1717913833.258817434,1717913834.298817873,1717913835.338817835,1717913836.378817081,1717913837.418817520,1717913838.458817482,1717913839.498817444,1717913840.538817883,1717913841.578817844,1717913842.618817568,1717913843.658816814,1717913844.698818684,1717913845.738818169,1717913846.778817415,1717913847.818817616,1717913848.858817577,1717913849.898817062,1717913850.938818455,1717913851.978817463,1717913853.018817425,1717913854.058817625,1717913855.098816872,1717913856.138816833,1717913857.178817749,1717913858.218817472,1717913859.258817911,1717913860.298817635,1717913861.338817120,1717913862.378818035,1717913863.418818235,1717913864.458817959,1717913865.498818636,1717913866.538817644,1717913867.578818560,1717913868.618818045,1717913869.658816814,1717913870.698817492,1717913871.738817453,1717913872.778817654,1717913873.818819284,1717913874.858816624,1717913875.898817301,1717913876.938817739,1717913877.978817463,1717913879.018817663,1717913880.058817625,1717913881.098816872,1717913882.138817072,1717913883.178817511,1717913884.218817472,1717913885.258818388,1717913886.298818350,1717913887.338817358,1717913888.374817371,1717913889.414817095,1717913890.454817772,1717913891.494817257,1717913892.534817457,1717913893.574817419,1717913894.274063110],"size":[0,0,0,0,0,0,0,0,0,0,0,0,0,0,0,0,0,0,0,0,0,0,0,0,0,0,0,0,0,0,0,0,0,0,0,0,0,0,0,0,0,0,0,0,0,0,0,0,0,0,0,0,0,0,0,0,0,0,0,0,0,0,0,0,0,0,0,0,0,0,0,0,0,0,0,0,0,0,0,0,0,0,0,0,0,0,0,0,0,0,0,0,0,0,0,0,0,0,0,0,0,0,0,0,0,0,0],"total_size":[2,1,1,1,1,1,1,1,1,1,1,1,1,1,1,1,1,1,1,1,1,1,1,1,1,1,1,1,1,1,1,1,1,1,1,1,1,1,1,1,1,1,1,1,1,1,1,1,1,1,1,1,1,1,1,1,1,1,1,1,1,1,1,1,1,1,1,1,1,1,1,1,1,1,1,1,1,1,1,1,1,1,1,1,1,1,1,1,1,1,1,1,1,1,1,1,1,1,1,1,1,1,1,1,1,1,0]}}}