{"address":"","rpcs":{"get_file_data:0":{"timestamps":[1717912283.986410856,1717912285.067386150,1717912286.107385159,1717912287.147384405,1717912288.187384605,1717912289.227385759,1717912290.267386675,1717912291.307385921,1717912292.347384691,1717912293.387385845,1717912294.427384853,1717912295.467385054,1717912296.507385254,1717912297.547384262,1717912298.587385893,1717912299.627385139,1717912300.667386532,1717912301.707384348,1717912302.747384071,1717912303.787384272,1717912304.827385426,1717912305.867385864,1717912306.907385349,1717912307.947386026,1717912308.987384319,1717912310.027384758,1717912311.067385674,1717912312.107383966,1717912313.147384644,1717912314.187386036,1717912315.227385044,1717912316.267385483,1717912317.307384014,1717912318.347384453,1717912319.387384415,1717912320.427384853,1717912321.467384815,1717912322.507385015,1717912323.547384977,1717912324.587384939,1717912325.627383947,1717912326.667385817,1717912327.707385063,1717912328.747385263,1717912329.787385702,1717912330.827388287,1717912331.867386818,1717912332.907384396,1717912333.947384357,1717912334.987384081,1717912336.027384520,1717912337.067383766,1717912338.107384920,1717912339.147384882,1717912340.187384129,1717912341.227385521,1717912342.267384291,1717912343.307386637,1717912344.347384453,1717912345.387384415,1717912346.423384905,1717912347.463384390,1717912348.503384113,1717912349.543384790,1717912350.583385706,1717912351.623383999,1717912352.663384914,1717912353.703383923,1717912354.743383884,1717912355.783384085,1717912356.823385000,1717912357.863384724,1717912358.903385401,1717912359.943385363,1717912360.983384848,1717912362.023385525,1717912363.063384295,1717912364.103385687,1717912365.143384457,1717912366.183385611,1717912367.223384857,1717912368.263384581,1717912369.303383827,1717912370.343384266,1717912371.383384466,1717912372.423384428,1717912373.463384867,1717912373.766587734],"count":[1,29,0,0,0,0,0,0,0,0,0,0,0,0,0,0,0,0,0,0,0,0,0,0,0,0,0,0,0,0,0,0,0,0,0,0,0,0,0,0,0,0,0,0,0,0,0,0,0,0,0,0,0,0,0,0,0,0,0,0,0,0,0,0,0,0,0,0,0,0,0,0,0,0,0,0,0,0,0,0,0,0,0,0,0,0,0,0],"bulk_size":[0,0,0,0,0,0,0,0,0,0,0,0,0,0,0,0,0,0,0,0,0,0,0,0,0,0,0,0,0,0,0,0,0,0,0,0,0,0,0,0,0,0,0,0,0,0,0,0,0,0,0,0,0,0,0,0,0,0,0,0,0,0,0,0,0,0,0,0,0,0,0,0,0,0,0,0,0,0,0,0,0,0,0,0,0,0,0,0]},"__shutdown__:65535":{"timestamps":[1717912373.766587734],"count":[1],"bulk_size":[0]}},"pools":{"__primary__":{"timestamps":[1717912283.986410856,1717912285.067386150,1717912286.107385159,1717912287.147384405,1717912288.187384605,1717912289.227385759,1717912290.267386675,1717912291.307385921,1717912292.347384691,1717912293.387385845,1717912294.427384853,1717912295.467385054,1717912296.507385254,1717912297.547384262,1717912298.587385893,1717912299.627385139,1717912300.667386532,1717912301.707384348,1717912302.747384071,1717912303.787384272,1717912304.827385426,1717912305.867385864,1717912306.907385349,1717912307.947386026,1717912308.987384319,1717912310.027384758,1717912311.067385674,1717912312.107383966,1717912313.147384644,1717912314.187386036,1717912315.227385044,1717912316.267385483,1717912317.307384014,1717912318.347384453,1717912319.387384415,1717912320.427384853,1717912321.467384815,1717912322.507385015,1717912323.547384977,1717912324.587384939,1717912325.627383947,1717912326.667385817,1717912327.707385063,1717912328.747385263,1717912329.787385702,1717912330.827388287,1717912331.867386818,1717912332.907384396,1717912333.947384357,1717912334.987384081,1717912336.027384520,1717912337.067383766,1717912338.107384920,1717912339.147384882,1717912340.187384129,1717912341.227385521,1717912342.267384291,1717912343.307386637,1717912344.347384453,1717912345.387384415,1717912346.423384905,1717912347.463384390,1717912348.503384113,1717912349.543384790,1717912350.583385706,1717912351.623383999,1717912352.663384914,1717912353.703383923,1717912354.743383884,1717912355.783384085,1717912356.823385000,1717912357.863384724,1717912358.903385401,1717912359.943385363,1717912360.983384848,1717912362.023385525,1717912363.063384295,1717912364.103385687,1717912365.143384457,1717912366.183385611,1717912367.223384857,1717912368.263384581,1717912369.303383827,1717912370.343384266,1717912371.383384466,1717912372.423384428,1717912373.463384867,1717912373.766587734],"size":[0,0,0,0,0,0,0,0,0,0,0,0,0,0,0,0,0,0,0,0,0,0,0,0,0,0,0,0,0,0,0,0,0,0,0,0,0,0,0,0,0,0,0,0,0,0,0,0,0,0,0,0,0,0,0,0,0,0,0,0,0,0,0,0,0,0,0,0,0,0,0,0,0,0,0,0,0,0,0,0,0,0,0,0,0,0,0,0],"total_size":[2,1,1,1,1,1,1,1,1,1,1,1,1,1,1,1,1,1,1,1,1,1,1,1,1,1,1,1,1,1,1,1,1,1,1,1,1,1,1,1,1,1,1,1,1,1,1,1,1,1,1,1,1,1,1,1,1,1,1,1,1,1,1,1,1,1,1,1,1,1,1,1,1,1,1,1,1,1,1,1,1,1,1,1,1,1,1,0]}}}