{"address":"","progress_loop":{"progress_with_timeout":{"num":1330,"min":0.000000954,"max":0.104007959,"avg":0.103222561,"var":0.105256963,"sum":137.286006451},"progress_timeout_value_msec":{"num":1330,"min":100.000000000.0,"max":100.000000000.0,"avg":100.000000000.0,"var":0.000000000.0,"sum":133000.000000000.0},"progress_without_timeout":{"num":8652345,"min":0.000000000.0,"max":0.003051758,"avg":0.000000113,"var":0.000017976,"sum":0.977064610},"trigger":{"num":52,"min":0.000000238,"max":0.000025749,"avg":0.000001921,"var":0.000000001,"sum":0.000099897}},"rpcs":{"65535:65535:14048217247822970879:0":{"rpc_id":-4398526825886580737,"provider_id":0,"parent_rpc_id":65535,"parent_provider_id":65535,"name":"get_file_data","origin":{"sent to ofi+cxi://0x23ef6600":{"iforward":{"duration":{"num":10,"min":0.000002384,"max":0.000028133,"avg":0.000005245,"var":0.000000001,"sum":0.000052452},"relative_timestamp_from_create":{"num":10,"min":0.000000000.0,"max":0.000003576,"avg":0.000000548,"var":0.000000000,"sum":0.000005484}},"forward_cb":{"duration":{"num":10,"min":0.000000000.0,"max":0.000000477,"avg":0.000000191,"var":0.000000000,"sum":0.000001907},"relative_timestamp_from_iforward_start":{"num":10,"min":0.204256296,"max":0.295127153,"avg":0.252130222,"var":0.006306430,"sum":2.521302223}},"iforward_wait":{"duration":{"num":10,"min":0.204256058,"max":0.295127630,"avg":0.252141213,"var":0.006308901,"sum":2.521412134},"relative_timestamp_from_iforward_end":{"num":10,"min":0.000000000.0,"max":0.000000238,"avg":0.000000095,"var":0.000000000,"sum":0.000000954}},"set_input":{"duration":{"num":10,"min":0.000000238,"max":0.000004530,"avg":0.000000930,"var":0.000000000,"sum":0.000009298},"relative_timestamp_from_iforward_start":{"num":10,"min":0.000001431,"max":0.000017166,"avg":0.000003242,"var":0.000000000,"sum":0.000032425}},"get_output":{"duration":{"num":10,"min":0.003243446,"max":0.004121304,"avg":0.003587794,"var":0.000000494,"sum":0.035877943},"relative_timestamp_from_wait_end":{"num":10,"min":0.000000238,"max":0.000000715,"avg":0.000000405,"var":0.000000000,"sum":0.000004053}}}},"target":{"received from ofi+cxi://0x23ef6600":{"handler":{"duration":{"num":10,"min":0.000000954,"max":0.000006676,"avg":0.000001717,"var":0.000000000,"sum":0.000017166}},"ult":{"duration":{"num":10,"min":0.204251528,"max":0.295121431,"avg":0.252133489,"var":0.006307857,"sum":2.521334887},"relative_timestamp_from_handler_start":{"num":10,"min":0.000001669,"max":0.000013590,"avg":0.000003099,"var":0.000000000,"sum":0.000030994}},"irespond":{"duration":{"num":10,"min":0.004088402,"max":0.004393816,"avg":0.004330158,"var":0.000000067,"sum":0.043301582},"relative_timestamp_from_ult_start":{"num":10,"min":0.199876308,"max":0.290771246,"avg":0.247784829,"var":0.006313256,"sum":2.477848291}},"respond_cb":{"duration":{"num":10,"min":0.000000000.0,"max":0.000000477,"avg":0.000000215,"var":0.000000000,"sum":0.000002146},"relative_timestamp_from_irespond_start":{"num":10,"min":0.004091740,"max":0.004395962,"avg":0.004332685,"var":0.000000067,"sum":0.043326855}},"irespond_wait":{"duration":{"num":10,"min":0.000003338,"max":0.000005007,"avg":0.000003839,"var":0.000000000,"sum":0.000038385},"relative_timestamp_from_irespond_end":{"num":10,"min":0.000000000.0,"max":0.000000477,"avg":0.000000191,"var":0.000000000,"sum":0.000001907}},"set_output":{"duration":{"num":10,"min":0.003937006,"max":0.004244566,"avg":0.004182267,"var":0.000000069,"sum":0.041822672},"relative_timestamp_from_irespond_start":{"num":10,"min":0.000000238,"max":0.000001192,"avg":0.000000405,"var":0.000000000,"sum":0.000004053}},"get_input":{"duration":{"num":10,"min":0.000000238,"max":0.000001907,"avg":0.000000501,"var":0.000000000,"sum":0.000005007},"relative_timestamp_from_ult_start":{"num":10,"min":0.000000238,"max":0.000002861,"avg":0.000000668,"var":0.000000000,"sum":0.000006676}}}}},"14048217247822970879:0:14048217247822970879:0":{"rpc_id":-4398526825886580737,"provider_id":0,"parent_rpc_id":-4398526825886580737,"parent_provider_id":0,"name":"get_file_data","origin":{"sent to ofi+cxi://0x23ef2400":{"iforward":{"duration":{"num":10,"min":0.000017881,"max":0.000032425,"avg":0.000020432,"var":0.000000000,"sum":0.000204325},"relative_timestamp_from_create":{"num":10,"min":0.000000000.0,"max":0.000000238,"avg":0.000000143,"var":0.000000000,"sum":0.000001431}},"forward_cb":{"duration":{"num":10,"min":0.000000000.0,"max":0.000001907,"avg":0.000000381,"var":0.000000000,"sum":0.000003815},"relative_timestamp_from_iforward_start":{"num":10,"min":0.194370985,"max":0.285356045,"avg":0.242394447,"var":0.006335321,"sum":2.423944473}},"iforward_wait":{"duration":{"num":10,"min":0.194384098,"max":0.285338640,"avg":0.242378426,"var":0.006332079,"sum":2.423784256},"relative_timestamp_from_iforward_end":{"num":10,"min":0.000000238,"max":0.000000238,"avg":0.000000238,"var":0.000000000.0,"sum":0.000002384}},"set_input":{"duration":{"num":10,"min":0.000000238,"max":0.000000477,"avg":0.000000405,"var":0.000000000,"sum":0.000004053},"relative_timestamp_from_iforward_start":{"num":10,"min":0.000000715,"max":0.000001907,"avg":0.000000906,"var":0.000000000,"sum":0.000009060}},"get_output":{"duration":{"num":10,"min":0.004990339,"max":0.005469084,"avg":0.005357218,"var":0.000000165,"sum":0.053572178},"relative_timestamp_from_wait_end":{"num":10,"min":0.000000238,"max":0.000001192,"avg":0.000000429,"var":0.000000000,"sum":0.000004292}}}}},"65535:65535:8686831390660034559:65535":{"rpc_id":8686831390660034559,"provider_id":65535,"parent_rpc_id":65535,"parent_provider_id":65535,"name":"__shutdown__","target":{"received from ofi+cxi://0x23e70601":{"handler":{"duration":{"num":1,"min":0.000014544,"max":0.000014544,"avg":0.000014544,"var":0.000000000.0,"sum":0.000014544}},"ult":{"duration":{"num":1,"min":0.000017166,"max":0.000017166,"avg":0.000017166,"var":0.000000000.0,"sum":0.000017166},"relative_timestamp_from_handler_start":{"num":1,"min":0.000018597,"max":0.000018597,"avg":0.000018597,"var":0.000000000.0,"sum":0.000018597}},"irespond":{"duration":{"num":1,"min":0.000006676,"max":0.000006676,"avg":0.000006676,"var":0.000000000.0,"sum":0.000006676},"relative_timestamp_from_ult_start":{"num":1,"min":0.000001431,"max":0.000001431,"avg":0.000001431,"var":0.000000000.0,"sum":0.000001431}},"respond_cb":{"duration":{"num":1,"min":0.000000477,"max":0.000000477,"avg":0.000000477,"var":0.000000000.0,"sum":0.000000477},"relative_timestamp_from_irespond_start":{"num":1,"min":0.000012636,"max":0.000012636,"avg":0.000012636,"var":0.000000000.0,"sum":0.000012636}},"irespond_wait":{"duration":{"num":1,"min":0.000006676,"max":0.000006676,"avg":0.000006676,"var":0.000000000.0,"sum":0.000006676},"relative_timestamp_from_irespond_end":{"num":1,"min":0.000000238,"max":0.000000238,"avg":0.000000238,"var":0.000000000.0,"sum":0.000000238}},"set_output":{"duration":{"num":1,"min":0.000000238,"max":0.000000238,"avg":0.000000238,"var":0.000000000.0,"sum":0.000000238},"relative_timestamp_from_irespond_start":{"num":1,"min":0.000001192,"max":0.000001192,"avg":0.000001192,"var":0.000000000.0,"sum":0.000001192}},"get_input":{"duration":{"num":0,"min":0.000000000.0,"max":0.000000000.0,"avg":0.000000000.0,"var":0.000000000.0,"sum":0.000000000.0},"relative_timestamp_from_ult_start":{"num":0,"min":0.000000000.0,"max":0.000000000.0,"avg":0.000000000.0,"var":0.000000000.0,"sum":0.000000000.0}}}}}}}