{"address":"","rpcs":{"get_file_data:0":{"timestamps":[1717913784.391848087,1717913785.459292889,1717913786.499291897,1717913787.539293289,1717913788.579291821,1717913789.619291544,1717913790.659291506,1717913791.699292183,1717913792.739303112,1717913793.779292107,1717913794.819291353,1717913795.859291077,1717913796.899291992,1717913797.939292192,1717913798.979292154,1717913800.019294262,1717913801.059291601,1717913802.099290848,1717913803.139292240,1717913804.179291964,1717913805.219292402,1717913806.259291649,1717913807.299292088,1717913808.339292049,1717913809.379292011,1717913810.419291735,1717913811.459291935,1717913812.499291897,1717913813.539292574,1717913814.579292536,1717913815.619292498,1717913816.659292698,1717913817.699291945,1717913818.739293098,1717913819.779292583,1717913820.819291830,1717913821.859292507,1717913822.899291039,1717913823.939291477,1717913824.979291439,1717913826.019292593,1717913827.059293032,1717913828.099291086,1717913829.139291286,1717913830.179292202,1717913831.219292641,1717913832.259292126,1717913833.299291372,1717913834.339293242,1717913835.379292011,1717913836.419292212,1717913837.459291935,1717913838.499297142,1717913839.539291620,1717913840.579294920,1717913841.619291782,1717913842.659292459,1717913843.699292421,1717913844.739292383,1717913845.779291391,1717913846.819292068,1717913847.859292030,1717913848.899292707,1717913849.939292431,1717913850.979292154,1717913852.019291401,1717913853.059292555,1717913854.099291086,1717913855.139292002,1717913856.179291487,1717913857.219292641,1717913858.259291649,1717913859.299295425,1717913860.335294724,1717913861.375292778,1717913862.415294886,1717913863.455293894,1717913864.495291710,1717913865.535291672,1717913866.575292826,1717913867.615293026,1717913868.655298233,1717913869.695292711,1717913870.735291481,1717913871.775293589,1717913872.815293074,1717913873.855291843,1717913874.895292521,1717913875.935291529,1717913876.975291014,1717913878.015292883,1717913879.055292130,1717913880.095293760,1717913881.135291576,1717913882.175292492,1717913883.215292215,1717913884.255291700,1717913885.295291901,1717913886.335291862,1717913887.375291824,1717913888.415291548,1717913889.455296040,1717913890.495293617,1717913891.535291672,1717913892.575293303,1717913893.615292788,1717913894.278907061],"count":[1,29,0,0,0,0,0,0,0,0,0,0,0,0,0,0,0,0,0,0,0,0,0,0,0,0,0,0,0,0,0,0,0,0,0,0,0,0,0,0,0,0,0,0,0,0,0,0,0,0,0,0,0,0,0,0,0,0,0,0,0,0,0,0,0,0,0,0,0,0,0,0,0,0,0,0,0,0,0,0,0,0,0,0,0,0,0,0,0,0,0,0,0,0,0,0,0,0,0,0,0,0,0,0,0,0,0],"bulk_size":[0,0,0,0,0,0,0,0,0,0,0,0,0,0,0,0,0,0,0,0,0,0,0,0,0,0,0,0,0,0,0,0,0,0,0,0,0,0,0,0,0,0,0,0,0,0,0,0,0,0,0,0,0,0,0,0,0,0,0,0,0,0,0,0,0,0,0,0,0,0,0,0,0,0,0,0,0,0,0,0,0,0,0,0,0,0,0,0,0,0,0,0,0,0,0,0,0,0,0,0,0,0,0,0,0,0,0]},"__shutdown__:65535":{"timestamps":[1717913894.278907061],"count":[1],"bulk_size":[0]}},"pools":{"__primary__":{"timestamps":[1717913784.391848087,1717913785.459292889,1717913786.499291897,1717913787.539293289,1717913788.579291821,1717913789.619291544,1717913790.659291506,1717913791.699292183,1717913792.739303112,1717913793.779292107,1717913794.819291353,1717913795.859291077,1717913796.899291992,1717913797.939292192,1717913798.979292154,1717913800.019294262,1717913801.059291601,1717913802.099290848,1717913803.139292240,1717913804.179291964,1717913805.219292402,1717913806.259291649,1717913807.299292088,1717913808.339292049,1717913809.379292011,1717913810.419291735,1717913811.459291935,1717913812.499291897,1717913813.539292574,1717913814.579292536,1717913815.619292498,1717913816.659292698,1717913817.699291945,1717913818.739293098,1717913819.779292583,1717913820.819291830,1717913821.859292507,1717913822.899291039,1717913823.939291477,1717913824.979291439,1717913826.019292593,1717913827.059293032,1717913828.099291086,1717913829.139291286,1717913830.179292202,1717913831.219292641,1717913832.259292126,1717913833.299291372,1717913834.339293242,1717913835.379292011,1717913836.419292212,1717913837.459291935,1717913838.499297142,1717913839.539291620,1717913840.579294920,1717913841.619291782,1717913842.659292459,1717913843.699292421,1717913844.739292383,1717913845.779291391,1717913846.819292068,1717913847.859292030,1717913848.899292707,1717913849.939292431,1717913850.979292154,1717913852.019291401,1717913853.059292555,1717913854.099291086,1717913855.139292002,1717913856.179291487,1717913857.219292641,1717913858.259291649,1717913859.299295425,1717913860.335294724,1717913861.375292778,1717913862.415294886,1717913863.455293894,1717913864.495291710,1717913865.535291672,1717913866.575292826,1717913867.615293026,1717913868.655298233,1717913869.695292711,1717913870.735291481,1717913871.775293589,1717913872.815293074,1717913873.855291843,1717913874.895292521,1717913875.935291529,1717913876.975291014,1717913878.015292883,1717913879.055292130,1717913880.095293760,1717913881.135291576,1717913882.175292492,1717913883.215292215,1717913884.255291700,1717913885.295291901,1717913886.335291862,1717913887.375291824,1717913888.415291548,1717913889.455296040,1717913890.495293617,1717913891.535291672,1717913892.575293303,1717913893.615292788,1717913894.278907061],"size":[0,0,0,0,0,0,0,0,0,0,0,0,0,0,0,0,0,0,0,0,0,0,0,0,0,0,0,0,0,0,0,0,0,0,0,0,0,0,0,0,0,0,0,0,0,0,0,0,0,0,0,0,0,0,0,0,0,0,0,0,0,0,0,0,0,0,0,0,0,0,0,0,0,0,0,0,0,0,0,0,0,0,0,0,0,0,0,0,0,0,0,0,0,0,0,0,0,0,0,0,0,0,0,0,0,0,0],"total_size":[2,1,1,1,1,1,1,1,1,1,1,1,1,1,1,1,1,1,1,1,1,1,1,1,1,1,1,1,1,1,1,1,1,1,1,1,1,1,1,1,1,1,1,1,1,1,1,1,1,1,1,1,1,1,1,1,1,1,1,1,1,1,1,1,1,1,1,1,1,1,1,1,1,1,1,1,1,1,1,1,1,1,1,1,1,1,1,1,1,1,1,1,1,1,1,1,1,1,1,1,1,1,1,1,1,1,0]}}}