{"address":"","progress_loop":{"progress_with_timeout":{"num":1062,"min":0.000000477,"max":0.104010344,"avg":0.103053781,"var":0.099905583,"sum":109.443115711},"progress_timeout_value_msec":{"num":1062,"min":100.000000000.0,"max":100.000000000.0,"avg":100.000000000.0,"var":0.000000000.0,"sum":106200.000000000.0},"progress_without_timeout":{"num":1375611,"min":0.000000000.0,"max":0.000417471,"avg":0.000000113,"var":0.000000357,"sum":0.155942678},"trigger":{"num":52,"min":0.000000238,"max":0.000030756,"avg":0.000001811,"var":0.000000001,"sum":0.000094175}},"rpcs":{"65535:65535:14048217247822970879:0":{"rpc_id":-4398526825886580737,"provider_id":0,"parent_rpc_id":65535,"parent_provider_id":65535,"name":"get_file_data","origin":{"sent to ofi+cxi://0x23eb0400":{"iforward":{"duration":{"num":10,"min":0.000001907,"max":0.000033140,"avg":0.000005412,"var":0.000000001,"sum":0.000054121},"relative_timestamp_from_create":{"num":10,"min":0.000000000.0,"max":0.000004530,"avg":0.000000572,"var":0.000000000,"sum":0.000005722}},"forward_cb":{"duration":{"num":10,"min":0.000000000.0,"max":0.000000477,"avg":0.000000238,"var":0.000000000,"sum":0.000002384},"relative_timestamp_from_iforward_start":{"num":10,"min":0.021704674,"max":0.064111233,"avg":0.039840937,"var":0.001330476,"sum":0.398409367}},"iforward_wait":{"duration":{"num":10,"min":0.021704197,"max":0.064136982,"avg":0.039843082,"var":0.001331762,"sum":0.398430824},"relative_timestamp_from_iforward_end":{"num":10,"min":0.000000000.0,"max":0.000000477,"avg":0.000000238,"var":0.000000000,"sum":0.000002384}},"set_input":{"duration":{"num":10,"min":0.000000238,"max":0.000005007,"avg":0.000000906,"var":0.000000000,"sum":0.000009060},"relative_timestamp_from_iforward_start":{"num":10,"min":0.000001192,"max":0.000020266,"avg":0.000003433,"var":0.000000000,"sum":0.000034332}},"get_output":{"duration":{"num":10,"min":0.000071526,"max":0.000324249,"avg":0.000103521,"var":0.000000054,"sum":0.001035213},"relative_timestamp_from_wait_end":{"num":10,"min":0.000000238,"max":0.000000477,"avg":0.000000310,"var":0.000000000,"sum":0.000003099}}}},"target":{"received from ofi+cxi://0x23eb0400":{"handler":{"duration":{"num":10,"min":0.000000715,"max":0.000006914,"avg":0.000001502,"var":0.000000000,"sum":0.000015020}},"ult":{"duration":{"num":10,"min":0.021700859,"max":0.063642502,"avg":0.039790082,"var":0.001307968,"sum":0.397900820},"relative_timestamp_from_handler_start":{"num":10,"min":0.000001192,"max":0.000477552,"avg":0.000049090,"var":0.000000204,"sum":0.000490904}},"irespond":{"duration":{"num":10,"min":0.000580072,"max":0.000636101,"avg":0.000596404,"var":0.000000002,"sum":0.005964041},"relative_timestamp_from_ult_start":{"num":10,"min":0.021061420,"max":0.063003063,"avg":0.039184260,"var":0.001307859,"sum":0.391842604}},"respond_cb":{"duration":{"num":10,"min":0.000000000.0,"max":0.000000238,"avg":0.000000143,"var":0.000000000,"sum":0.000001431},"relative_timestamp_from_irespond_start":{"num":10,"min":0.000581741,"max":0.000637770,"avg":0.000598264,"var":0.000000002,"sum":0.005982637}},"irespond_wait":{"duration":{"num":10,"min":0.000002623,"max":0.000005007,"avg":0.000003076,"var":0.000000000,"sum":0.000030756},"relative_timestamp_from_irespond_end":{"num":10,"min":0.000000000.0,"max":0.000000238,"avg":0.000000095,"var":0.000000000,"sum":0.000000954}},"set_output":{"duration":{"num":10,"min":0.000533819,"max":0.000596046,"avg":0.000556517,"var":0.000000003,"sum":0.005565166},"relative_timestamp_from_irespond_start":{"num":10,"min":0.000000000.0,"max":0.000001431,"avg":0.000000381,"var":0.000000000,"sum":0.000003815}},"get_input":{"duration":{"num":10,"min":0.000000238,"max":0.000002384,"avg":0.000000453,"var":0.000000000,"sum":0.000004530},"relative_timestamp_from_ult_start":{"num":10,"min":0.000000238,"max":0.000008106,"avg":0.000001168,"var":0.000000000,"sum":0.000011683}}}}},"14048217247822970879:0:14048217247822970879:0":{"rpc_id":-4398526825886580737,"provider_id":0,"parent_rpc_id":-4398526825886580737,"parent_provider_id":0,"name":"get_file_data","origin":{"sent to ofi+cxi://0x23eb6600":{"iforward":{"duration":{"num":10,"min":0.000013351,"max":0.000036240,"avg":0.000016785,"var":0.000000000,"sum":0.000167847},"relative_timestamp_from_create":{"num":10,"min":0.000000000.0,"max":0.000000477,"avg":0.000000143,"var":0.000000000,"sum":0.000001431}},"forward_cb":{"duration":{"num":10,"min":0.000000000.0,"max":0.000001431,"avg":0.000000286,"var":0.000000000,"sum":0.000002861},"relative_timestamp_from_iforward_start":{"num":10,"min":0.020426273,"max":0.062306166,"avg":0.038556385,"var":0.001305358,"sum":0.385563850}},"iforward_wait":{"duration":{"num":10,"min":0.020432711,"max":0.062274933,"avg":0.038542581,"var":0.001303763,"sum":0.385425806},"relative_timestamp_from_iforward_end":{"num":10,"min":0.000000000.0,"max":0.000000238,"avg":0.000000215,"var":0.000000000,"sum":0.000002146}},"set_input":{"duration":{"num":10,"min":0.000000238,"max":0.000000477,"avg":0.000000405,"var":0.000000000,"sum":0.000004053},"relative_timestamp_from_iforward_start":{"num":10,"min":0.000000715,"max":0.000002623,"avg":0.000001001,"var":0.000000000,"sum":0.000010014}},"get_output":{"duration":{"num":10,"min":0.000558853,"max":0.000627041,"avg":0.000598431,"var":0.000000004,"sum":0.005984306},"relative_timestamp_from_wait_end":{"num":10,"min":0.000000000.0,"max":0.000000715,"avg":0.000000310,"var":0.000000000,"sum":0.000003099}}}}},"65535:65535:8686831390660034559:65535":{"rpc_id":8686831390660034559,"provider_id":65535,"parent_rpc_id":65535,"parent_provider_id":65535,"name":"__shutdown__","target":{"received from ofi+cxi://0x23e70601":{"handler":{"duration":{"num":1,"min":0.000017166,"max":0.000017166,"avg":0.000017166,"var":0.000000000.0,"sum":0.000017166}},"ult":{"duration":{"num":1,"min":0.000018120,"max":0.000018120,"avg":0.000018120,"var":0.000000000.0,"sum":0.000018120},"relative_timestamp_from_handler_start":{"num":1,"min":0.000021935,"max":0.000021935,"avg":0.000021935,"var":0.000000000.0,"sum":0.000021935}},"irespond":{"duration":{"num":1,"min":0.000006914,"max":0.000006914,"avg":0.000006914,"var":0.000000000.0,"sum":0.000006914},"relative_timestamp_from_ult_start":{"num":1,"min":0.000001431,"max":0.000001431,"avg":0.000001431,"var":0.000000000.0,"sum":0.000001431}},"respond_cb":{"duration":{"num":1,"min":0.000000715,"max":0.000000715,"avg":0.000000715,"var":0.000000000.0,"sum":0.000000715},"relative_timestamp_from_irespond_start":{"num":1,"min":0.000012875,"max":0.000012875,"avg":0.000012875,"var":0.000000000.0,"sum":0.000012875}},"irespond_wait":{"duration":{"num":1,"min":0.000006914,"max":0.000006914,"avg":0.000006914,"var":0.000000000.0,"sum":0.000006914},"relative_timestamp_from_irespond_end":{"num":1,"min":0.000000238,"max":0.000000238,"avg":0.000000238,"var":0.000000000.0,"sum":0.000000238}},"set_output":{"duration":{"num":1,"min":0.000000477,"max":0.000000477,"avg":0.000000477,"var":0.000000000.0,"sum":0.000000477},"relative_timestamp_from_irespond_start":{"num":1,"min":0.000000954,"max":0.000000954,"avg":0.000000954,"var":0.000000000.0,"sum":0.000000954}},"get_input":{"duration":{"num":0,"min":0.000000000.0,"max":0.000000000.0,"avg":0.000000000.0,"var":0.000000000.0,"sum":0.000000000.0},"relative_timestamp_from_ult_start":{"num":0,"min":0.000000000.0,"max":0.000000000.0,"avg":0.000000000.0,"var":0.000000000.0,"sum":0.000000000.0}}}}}}}