{"address":"","progress_loop":{"progress_with_timeout":{"num":981,"min":0.000000715,"max":0.104007959,"avg":0.102981965,"var":0.099278171,"sum":101.025307178},"progress_timeout_value_msec":{"num":981,"min":100.000000000.0,"max":100.000000000.0,"avg":100.000000000.0,"var":0.000000000.0,"sum":98100.000000000.0},"progress_without_timeout":{"num":132475270,"min":0.000000000.0,"max":0.043311834,"avg":0.000000115,"var":0.017842856,"sum":15.233289719},"trigger":{"num":52,"min":0.000000238,"max":0.000028372,"avg":0.000002595,"var":0.000000001,"sum":0.000134945}},"rpcs":{"65535:65535:14048217247822970879:0":{"rpc_id":-4398526825886580737,"provider_id":0,"parent_rpc_id":65535,"parent_provider_id":65535,"name":"get_file_data","origin":{"sent to ofi+cxi://0x23ef6200":{"iforward":{"duration":{"num":10,"min":0.000002623,"max":0.000031471,"avg":0.000006247,"var":0.000000001,"sum":0.000062466},"relative_timestamp_from_create":{"num":10,"min":0.000000238,"max":0.000004292,"avg":0.000001001,"var":0.000000000,"sum":0.000010014}},"forward_cb":{"duration":{"num":10,"min":0.000000238,"max":0.000000477,"avg":0.000000262,"var":0.000000000,"sum":0.000002623},"relative_timestamp_from_iforward_start":{"num":10,"min":1.228411674,"max":4.313551903,"avg":3.836613154,"var":7.633932245,"sum":38.366131544}},"iforward_wait":{"duration":{"num":10,"min":1.228738070,"max":4.313890934,"avg":3.836942482,"var":7.633957736,"sum":38.369424820},"relative_timestamp_from_iforward_end":{"num":10,"min":0.000000000.0,"max":0.000000238,"avg":0.000000119,"var":0.000000000,"sum":0.000001192}},"set_input":{"duration":{"num":10,"min":0.000000238,"max":0.000004768,"avg":0.000000811,"var":0.000000000,"sum":0.000008106},"relative_timestamp_from_iforward_start":{"num":10,"min":0.000002146,"max":0.000019312,"avg":0.000004435,"var":0.000000000,"sum":0.000044346}},"get_output":{"duration":{"num":10,"min":0.044212341,"max":0.045362234,"avg":0.044466424,"var":0.000001032,"sum":0.444664240},"relative_timestamp_from_wait_end":{"num":10,"min":0.000000477,"max":0.000000954,"avg":0.000000548,"var":0.000000000,"sum":0.000005484}}}},"target":{"received from ofi+cxi://0x23ef6200":{"handler":{"duration":{"num":10,"min":0.000000715,"max":0.000006914,"avg":0.000001550,"var":0.000000000,"sum":0.000015497}},"ult":{"duration":{"num":10,"min":1.228228331,"max":4.313885212,"avg":3.836885619,"var":7.636582726,"sum":38.368856192},"relative_timestamp_from_handler_start":{"num":10,"min":0.000001431,"max":0.000491858,"avg":0.000050759,"var":0.000000216,"sum":0.000507593}},"irespond":{"duration":{"num":10,"min":0.048407555,"max":0.049825668,"avg":0.048843360,"var":0.000001658,"sum":0.488433599},"relative_timestamp_from_ult_start":{"num":10,"min":1.178968430,"max":4.264858007,"avg":3.787705564,"var":7.637338597,"sum":37.877055645}},"respond_cb":{"duration":{"num":10,"min":0.000000238,"max":0.000000477,"avg":0.000000286,"var":0.000000000,"sum":0.000002861},"relative_timestamp_from_irespond_start":{"num":10,"min":0.048409700,"max":0.049827814,"avg":0.048845768,"var":0.000001659,"sum":0.488457680}},"irespond_wait":{"duration":{"num":10,"min":0.000002861,"max":0.000005007,"avg":0.000003648,"var":0.000000000,"sum":0.000036478},"relative_timestamp_from_irespond_end":{"num":10,"min":0.000000000.0,"max":0.000000477,"avg":0.000000262,"var":0.000000000,"sum":0.000002623}},"set_output":{"duration":{"num":10,"min":0.047053814,"max":0.048472404,"avg":0.047492337,"var":0.000001656,"sum":0.474923372},"relative_timestamp_from_irespond_start":{"num":10,"min":0.000000238,"max":0.000000954,"avg":0.000000525,"var":0.000000000,"sum":0.000005245}},"get_input":{"duration":{"num":10,"min":0.000000238,"max":0.000002623,"avg":0.000000548,"var":0.000000000,"sum":0.000005484},"relative_timestamp_from_ult_start":{"num":10,"min":0.000000477,"max":0.000006199,"avg":0.000001144,"var":0.000000000,"sum":0.000011444}}}}},"14048217247822970879:0:14048217247822970879:0":{"rpc_id":-4398526825886580737,"provider_id":0,"parent_rpc_id":-4398526825886580737,"parent_provider_id":0,"name":"get_file_data","origin":{"sent to ofi+cxi://0x24016600":{"iforward":{"duration":{"num":10,"min":0.000013828,"max":0.000038385,"avg":0.000018024,"var":0.000000000,"sum":0.000180244},"relative_timestamp_from_create":{"num":10,"min":0.000000000.0,"max":0.000000238,"avg":0.000000167,"var":0.000000000,"sum":0.000001669}},"forward_cb":{"duration":{"num":10,"min":0.000000238,"max":0.000002146,"avg":0.000000644,"var":0.000000000,"sum":0.000006437},"relative_timestamp_from_iforward_start":{"num":10,"min":1.129674673,"max":4.216300964,"avg":3.739435816,"var":7.643234388,"sum":37.394358158}},"iforward_wait":{"duration":{"num":10,"min":1.129643679,"max":4.216286898,"avg":3.739419723,"var":7.643320583,"sum":37.394197226},"relative_timestamp_from_iforward_end":{"num":10,"min":0.000000000.0,"max":0.000000238,"avg":0.000000215,"var":0.000000000,"sum":0.000002146}},"set_input":{"duration":{"num":10,"min":0.000000238,"max":0.000000477,"avg":0.000000310,"var":0.000000000,"sum":0.000003099},"relative_timestamp_from_iforward_start":{"num":10,"min":0.000000477,"max":0.000002861,"avg":0.000000978,"var":0.000000000,"sum":0.000009775}},"get_output":{"duration":{"num":10,"min":0.046257257,"max":0.049147129,"avg":0.048216319,"var":0.000005182,"sum":0.482163191},"relative_timestamp_from_wait_end":{"num":10,"min":0.000000477,"max":0.000001669,"avg":0.000000954,"var":0.000000000,"sum":0.000009537}}}}},"65535:65535:8686831390660034559:65535":{"rpc_id":8686831390660034559,"provider_id":65535,"parent_rpc_id":65535,"parent_provider_id":65535,"name":"__shutdown__","target":{"received from ofi+cxi://0x23e70601":{"handler":{"duration":{"num":1,"min":0.000019550,"max":0.000019550,"avg":0.000019550,"var":0.000000000.0,"sum":0.000019550}},"ult":{"duration":{"num":1,"min":0.000014544,"max":0.000014544,"avg":0.000014544,"var":0.000000000.0,"sum":0.000014544},"relative_timestamp_from_handler_start":{"num":1,"min":0.000022650,"max":0.000022650,"avg":0.000022650,"var":0.000000000.0,"sum":0.000022650}},"irespond":{"duration":{"num":1,"min":0.000005484,"max":0.000005484,"avg":0.000005484,"var":0.000000000.0,"sum":0.000005484},"relative_timestamp_from_ult_start":{"num":1,"min":0.000000715,"max":0.000000715,"avg":0.000000715,"var":0.000000000.0,"sum":0.000000715}},"respond_cb":{"duration":{"num":1,"min":0.000000477,"max":0.000000477,"avg":0.000000477,"var":0.000000000.0,"sum":0.000000477},"relative_timestamp_from_irespond_start":{"num":1,"min":0.000010967,"max":0.000010967,"avg":0.000010967,"var":0.000000000.0,"sum":0.000010967}},"irespond_wait":{"duration":{"num":1,"min":0.000005960,"max":0.000005960,"avg":0.000005960,"var":0.000000000.0,"sum":0.000005960},"relative_timestamp_from_irespond_end":{"num":1,"min":0.000000238,"max":0.000000238,"avg":0.000000238,"var":0.000000000.0,"sum":0.000000238}},"set_output":{"duration":{"num":1,"min":0.000000238,"max":0.000000238,"avg":0.000000238,"var":0.000000000.0,"sum":0.000000238},"relative_timestamp_from_irespond_start":{"num":1,"min":0.000000477,"max":0.000000477,"avg":0.000000477,"var":0.000000000.0,"sum":0.000000477}},"get_input":{"duration":{"num":0,"min":0.000000000.0,"max":0.000000000.0,"avg":0.000000000.0,"var":0.000000000.0,"sum":0.000000000.0},"relative_timestamp_from_ult_start":{"num":0,"min":0.000000000.0,"max":0.000000000.0,"avg":0.000000000.0,"var":0.000000000.0,"sum":0.000000000.0}}}}}}}