{"address":"","progress_loop":{"progress_with_timeout":{"num":1056,"min":0.000003338,"max":0.104013920,"avg":0.103823693,"var":0.016816712,"sum":109.637820005},"progress_timeout_value_msec":{"num":1056,"min":100.000000000.0,"max":100.000000000.0,"avg":100.000000000.0,"var":0.000000000.0,"sum":105600.000000000.0},"progress_without_timeout":{"num":539909,"min":0.000000000.0,"max":0.000569582,"avg":0.000000136,"var":0.000001474,"sum":0.073647976},"trigger":{"num":612,"min":0.000000000.0,"max":0.002817631,"avg":0.000015350,"var":0.000020031,"sum":0.009394169}},"rpcs":{"65535:65535:14048217247822970879:0":{"rpc_id":-4398526825886580737,"provider_id":0,"parent_rpc_id":65535,"parent_provider_id":65535,"name":"get_file_data","origin":{"sent to ofi+cxi://0x23e96600":{"iforward":{"duration":{"num":10,"min":0.000000954,"max":0.000025511,"avg":0.000003791,"var":0.000000001,"sum":0.000037909},"relative_timestamp_from_create":{"num":10,"min":0.000000000.0,"max":0.000003099,"avg":0.000000358,"var":0.000000000,"sum":0.000003576}},"forward_cb":{"duration":{"num":10,"min":0.000000000.0,"max":0.000000238,"avg":0.000000167,"var":0.000000000,"sum":0.000001669},"relative_timestamp_from_iforward_start":{"num":10,"min":0.000849724,"max":0.030503511,"avg":0.013295794,"var":0.001178875,"sum":0.132957935}},"iforward_wait":{"duration":{"num":10,"min":0.000849962,"max":0.030503750,"avg":0.013302112,"var":0.001178205,"sum":0.133021116},"relative_timestamp_from_iforward_end":{"num":10,"min":0.000000000.0,"max":0.000000238,"avg":0.000000048,"var":0.000000000,"sum":0.000000477}},"set_input":{"duration":{"num":10,"min":0.000000238,"max":0.000004053,"avg":0.000000691,"var":0.000000000,"sum":0.000006914},"relative_timestamp_from_iforward_start":{"num":10,"min":0.000000715,"max":0.000015020,"avg":0.000002313,"var":0.000000000,"sum":0.000023127}},"get_output":{"duration":{"num":10,"min":0.000021219,"max":0.000153780,"avg":0.000043368,"var":0.000000020,"sum":0.000433683},"relative_timestamp_from_wait_end":{"num":10,"min":0.000000000.0,"max":0.000000477,"avg":0.000000238,"var":0.000000000,"sum":0.000002384}}}},"target":{"received from ofi+cxi://0x23e96600":{"handler":{"duration":{"num":10,"min":0.000000477,"max":0.000006914,"avg":0.000001192,"var":0.000000000,"sum":0.000011921}},"ult":{"duration":{"num":10,"min":0.000842333,"max":0.030501366,"avg":0.013290405,"var":0.001179397,"sum":0.132904053},"relative_timestamp_from_handler_start":{"num":10,"min":0.000000715,"max":0.000014305,"avg":0.000002933,"var":0.000000000,"sum":0.000029325}},"irespond":{"duration":{"num":10,"min":0.000028372,"max":0.000299931,"avg":0.000241208,"var":0.000000060,"sum":0.002412081},"relative_timestamp_from_ult_start":{"num":10,"min":0.000561953,"max":0.030224800,"avg":0.012912321,"var":0.001194859,"sum":0.129123211}},"respond_cb":{"duration":{"num":10,"min":0.000000000.0,"max":0.000000238,"avg":0.000000119,"var":0.000000000,"sum":0.000001192},"relative_timestamp_from_irespond_start":{"num":10,"min":0.000029087,"max":0.001400948,"avg":0.000372910,"var":0.000001283,"sum":0.003729105}},"irespond_wait":{"duration":{"num":10,"min":0.000001431,"max":0.001125574,"avg":0.000133419,"var":0.000001125,"sum":0.001334190},"relative_timestamp_from_irespond_end":{"num":10,"min":0.000000000.0,"max":0.000000238,"avg":0.000000143,"var":0.000000000,"sum":0.000001431}},"set_output":{"duration":{"num":10,"min":0.000027418,"max":0.000257254,"avg":0.000213885,"var":0.000000048,"sum":0.002138853},"relative_timestamp_from_irespond_start":{"num":10,"min":0.000000000.0,"max":0.000000715,"avg":0.000000167,"var":0.000000000,"sum":0.000001669}},"get_input":{"duration":{"num":10,"min":0.000000000.0,"max":0.000002623,"avg":0.000000453,"var":0.000000000,"sum":0.000004530},"relative_timestamp_from_ult_start":{"num":10,"min":0.000000000.0,"max":0.000002623,"avg":0.000000453,"var":0.000000000,"sum":0.000004530}}}}},"14048217247822970879:0:14048217247822970879:0":{"rpc_id":-4398526825886580737,"provider_id":0,"parent_rpc_id":-4398526825886580737,"parent_provider_id":0,"name":"get_file_data","origin":{"sent to ofi+cxi://0x23e70400":{"iforward":{"duration":{"num":150,"min":0.000001192,"max":0.000072241,"avg":0.000006355,"var":0.000000023,"sum":0.000953197},"relative_timestamp_from_create":{"num":150,"min":0.000000000.0,"max":0.000000238,"avg":0.000000124,"var":0.000000000,"sum":0.000018597}},"forward_cb":{"duration":{"num":150,"min":0.000000000.0,"max":0.000011683,"avg":0.000000335,"var":0.000000000,"sum":0.000050306},"relative_timestamp_from_iforward_start":{"num":150,"min":0.000496626,"max":0.032411098,"avg":0.016844443,"var":0.006651173,"sum":2.526666403}},"iforward_wait":{"duration":{"num":150,"min":0.000486374,"max":0.032348156,"avg":0.016853782,"var":0.006606998,"sum":2.528067350},"relative_timestamp_from_iforward_end":{"num":150,"min":0.000000000.0,"max":0.000000715,"avg":0.000000218,"var":0.000000000,"sum":0.000032663}},"set_input":{"duration":{"num":150,"min":0.000000000.0,"max":0.000000477,"avg":0.000000230,"var":0.000000000,"sum":0.000034571},"relative_timestamp_from_iforward_start":{"num":150,"min":0.000000238,"max":0.000002146,"avg":0.000000690,"var":0.000000000,"sum":0.000103474}},"get_output":{"duration":{"num":150,"min":0.000025749,"max":0.000264406,"avg":0.000041078,"var":0.000000372,"sum":0.006161690},"relative_timestamp_from_wait_end":{"num":150,"min":0.000000000.0,"max":0.000000954,"avg":0.000000297,"var":0.000000000,"sum":0.000044584}}}},"target":{"received from ofi+cxi://0x23e90400":{"handler":{"duration":{"num":70,"min":0.000000477,"max":0.002816677,"avg":0.000094662,"var":0.000014289,"sum":0.006626368}},"ult":{"duration":{"num":70,"min":0.001304626,"max":0.029845238,"avg":0.017385803,"var":0.003081180,"sum":1.217006207},"relative_timestamp_from_handler_start":{"num":70,"min":0.000000715,"max":0.002823830,"avg":0.000132292,"var":0.000019074,"sum":0.009260416}},"irespond":{"duration":{"num":70,"min":0.000029087,"max":0.000336170,"avg":0.000171794,"var":0.000000804,"sum":0.012025595},"relative_timestamp_from_ult_start":{"num":70,"min":0.000772238,"max":0.029280186,"avg":0.016912580,"var":0.003189716,"sum":1.183880568}},"respond_cb":{"duration":{"num":70,"min":0.000000000.0,"max":0.000000477,"avg":0.000000133,"var":0.000000000,"sum":0.000009298},"relative_timestamp_from_irespond_start":{"num":70,"min":0.000065804,"max":0.004861116,"avg":0.000469426,"var":0.000037961,"sum":0.032859802}},"irespond_wait":{"duration":{"num":70,"min":0.000035763,"max":0.004636765,"avg":0.000300458,"var":0.000036080,"sum":0.021032095},"relative_timestamp_from_irespond_end":{"num":70,"min":0.000000000.0,"max":0.000000715,"avg":0.000000344,"var":0.000000000,"sum":0.000024080}},"set_output":{"duration":{"num":70,"min":0.000027180,"max":0.000258684,"avg":0.000144771,"var":0.000000579,"sum":0.010133982},"relative_timestamp_from_irespond_start":{"num":70,"min":0.000000000.0,"max":0.000000477,"avg":0.000000191,"var":0.000000000,"sum":0.000013351}},"get_input":{"duration":{"num":70,"min":0.000000000.0,"max":0.000000715,"avg":0.000000252,"var":0.000000000,"sum":0.000017643},"relative_timestamp_from_ult_start":{"num":70,"min":0.000000000.0,"max":0.000000715,"avg":0.000000266,"var":0.000000000,"sum":0.000018597}}},"received from ofi+cxi://0x23eb4600":{"handler":{"duration":{"num":70,"min":0.000000238,"max":0.002289772,"avg":0.000033549,"var":0.000005164,"sum":0.002348423}},"ult":{"duration":{"num":70,"min":0.009733915,"max":0.032854557,"avg":0.017910119,"var":0.001957502,"sum":1.253708363},"relative_timestamp_from_handler_start":{"num":70,"min":0.000000477,"max":0.002356768,"avg":0.000106352,"var":0.000015678,"sum":0.007444620}},"irespond":{"duration":{"num":70,"min":0.000028610,"max":0.000372410,"avg":0.000199618,"var":0.000000720,"sum":0.013973236},"relative_timestamp_from_ult_start":{"num":70,"min":0.007766724,"max":0.032464027,"avg":0.017483132,"var":0.002008599,"sum":1.223819256}},"respond_cb":{"duration":{"num":70,"min":0.000000000.0,"max":0.000000477,