{"address":"","rpcs":{"get_file_data:0":{"timestamps":[1717913919.814626455,1717913920.909358740,1717913921.949358702,1717913922.989358664,1717913924.029357672,1717913925.069361448,1717913926.109357119,1717913927.149359226,1717913928.189357042,1717913929.229357004,1717913930.269357920,1717913931.309357166,1717913932.349357128,1717913933.389357805,1717913934.429358244,1717913935.469357491,1717913936.509357929,1717913937.549359322,1717913938.589358330,1717913939.629357815,1717913940.669357061,1717913941.705359697,1717913942.745357037,1717913943.785357475,1717913944.825357437,1717913945.865359306,1717913946.905359268,1717913947.945359707,1717913948.985357285,1717913950.025360107,1717913951.065358162,1717913952.105359554,1717913953.145357609,1717913954.185359240,1717913955.225359201,1717913956.265358210,1717913957.305357456,1717913958.345358849,1717913959.385358334,1717913960.425357580,1717913961.465358019,1717913962.505356789,1717913963.545356989,1717913964.585357666,1717913965.625358820,1717913966.665358782,1717913967.705360413,1717913968.745359182,1717913969.785358906,1717913970.825358868,1717913971.865359068,1717913972.905358791,1717913973.945357084,1717913974.985358000,1717913976.025357246,1717913977.065358877,1717913978.105357170,1717913979.145358324,1717913980.185358047,1717913981.225357533,1717913982.265357018,1717913983.305359125,1717913984.345357895,1717913985.385358334,1717913986.425357819,1717913987.465356827,1717913988.505357504,1717913989.545358181,1717913990.585357904,1717913991.625358343,1717913992.665357113,1717913993.705358028,1717913994.745357752,1717913995.785357237,1717913996.825360537,1717913997.865358353,1717913998.905358791,1717913999.945358276,1717914000.985358477,1717914002.025357246,1717914003.065358162,1717914004.105358362,1717914005.145357370,1717914006.185358047,1717914007.225357056,1717914008.265357733,1717914009.305357933,1717914010.345357418,1717914011.385359049,1717914012.425359249,1717914013.465357542,1717914014.505357742,1717914015.541357756,1717914016.581357718,1717914017.621357679,1717914018.661357880,1717914019.701357603,1717914020.741359949,1717914021.781360149,1717914022.821357012,1717914023.861357212,1717914024.901358604,1717914025.941356897,1717914026.981357574,1717914028.021356821,1717914029.061358213,1717914029.712287426],"count":[1,29,0,0,0,0,0,0,0,0,0,0,0,0,0,0,0,0,0,0,0,0,0,0,0,0,0,0,0,0,0,0,0,0,0,0,0,0,0,0,0,0,0,0,0,0,0,0,0,0,0,0,0,0,0,0,0,0,0,0,0,0,0,0,0,0,0,0,0,0,0,0,0,0,0,0,0,0,0,0,0,0,0,0,0,0,0,0,0,0,0,0,0,0,0,0,0,0,0,0,0,0,0,0,0,0,0],"bulk_size":[0,0,0,0,0,0,0,0,0,0,0,0,0,0,0,0,0,0,0,0,0,0,0,0,0,0,0,0,0,0,0,0,0,0,0,0,0,0,0,0,0,0,0,0,0,0,0,0,0,0,0,0,0,0,0,0,0,0,0,0,0,0,0,0,0,0,0,0,0,0,0,0,0,0,0,0,0,0,0,0,0,0,0,0,0,0,0,0,0,0,0,0,0,0,0,0,0,0,0,0,0,0,0,0,0,0,0]},"__shutdown__:65535":{"timestamps":[1717914029.712287426],"count":[1],"bulk_size":[0]}},"pools":{"__primary__":{"timestamps":[1717913919.814626455,1717913920.909358740,1717913921.949358702,1717913922.989358664,1717913924.029357672,1717913925.069361448,1717913926.109357119,1717913927.149359226,1717913928.189357042,1717913929.229357004,1717913930.269357920,1717913931.309357166,1717913932.349357128,1717913933.389357805,1717913934.429358244,1717913935.469357491,1717913936.509357929,1717913937.549359322,1717913938.589358330,1717913939.629357815,1717913940.669357061,1717913941.705359697,1717913942.745357037,1717913943.785357475,1717913944.825357437,1717913945.865359306,1717913946.905359268,1717913947.945359707,1717913948.985357285,1717913950.025360107,1717913951.065358162,1717913952.105359554,1717913953.145357609,1717913954.185359240,1717913955.225359201,1717913956.265358210,1717913957.305357456,1717913958.345358849,1717913959.385358334,1717913960.425357580,1717913961.465358019,1717913962.505356789,1717913963.545356989,1717913964.585357666,1717913965.625358820,1717913966.665358782,1717913967.705360413,1717913968.745359182,1717913969.785358906,1717913970.825358868,1717913971.865359068,1717913972.905358791,1717913973.945357084,1717913974.985358000,1717913976.025357246,1717913977.065358877,1717913978.105357170,1717913979.145358324,1717913980.185358047,1717913981.225357533,1717913982.265357018,1717913983.305359125,1717913984.345357895,1717913985.385358334,1717913986.425357819,1717913987.465356827,1717913988.505357504,1717913989.545358181,1717913990.585357904,1717913991.625358343,1717913992.665357113,1717913993.705358028,1717913994.745357752,1717913995.785357237,1717913996.825360537,1717913997.865358353,1717913998.905358791,1717913999.945358276,1717914000.985358477,1717914002.025357246,1717914003.065358162,1717914004.105358362,1717914005.145357370,1717914006.185358047,1717914007.225357056,1717914008.265357733,1717914009.305357933,1717914010.345357418,1717914011.385359049,1717914012.425359249,1717914013.465357542,1717914014.505357742,1717914015.541357756,1717914016.581357718,1717914017.621357679,1717914018.661357880,1717914019.701357603,1717914020.741359949,1717914021.781360149,1717914022.821357012,1717914023.861357212,1717914024.901358604,1717914025.941356897,1717914026.981357574,1717914028.021356821,1717914029.061358213,1717914029.712287426],"size":[0,0,0,0,0,0,0,0,0,0,0,0,0,0,0,0,0,0,0,0,0,0,0,0,0,0,0,0,0,0,0,0,0,0,0,0,0,0,0,0,0,0,0,0,0,0,0,0,0,0,0,0,0,0,0,0,0,0,0,0,0,0,0,0,0,0,0,0,0,0,0,0,0,0,0,0,0,0,0,0,0,0,0,0,0,0,0,0,0,0,0,0,0,0,0,0,0,0,0,0,0,0,0,0,0,0,0],"total_size":[2,1,1,1,1,1,1,1,1,1,1,1,1,1,1,1,1,1,1,1,1,1,1,1,1,1,1,1,1,1,1,1,1,1,1,1,1,1,1,1,1,1,1,1,1,1,1,1,1,1,1,1,1,1,1,1,1,1,1,1,1,1,1,1,1,1,1,1,1,1,1,1,1,1,1,1,1,1,1,1,1,1,1,1,1,1,1,1,1,1,1,1,1,1,1,1,1,1,1,1,1,1,1,1,1,1,0]}}}