{"address":"","rpcs":{"get_file_data:0":{"timestamps":[1717913322.668752909,1717913323.757629871,1717913324.797629595,1717913325.837631941,1717913326.877630949,1717913327.917629957,1717913328.957630873,1717913329.997628689,1717913331.037629843,1717913332.077630758,1717913333.117630005,1717913334.157628536,1717913335.197628975,1717913336.237630606,1717913337.277629852,1717913338.317630768,1717913339.357630730,1717913340.397629738,1717913341.437630415,1717913342.477629900,1717913343.517630816,1717913344.557631254,1717913345.597630262,1717913346.637631416,1717913347.677634478,1717913348.717631817,1717913349.757629156,1717913350.797629595,1717913351.837630272,1717913352.877631426,1717913353.917630196,1717913354.957632780,1717913355.997630835,1717913357.037630320,1717913358.077630758,1717913359.117629528,1717913360.157629490,1717913361.197630167,1717913362.237629652,1717913363.277631044,1717913364.317630291,1717913365.357633352,1717913366.397631884,1717913367.433630228,1717913368.473629236,1717913369.513632059,1717913370.553630352,1717913371.593629599,1717913372.633631706,1717913373.673630238,1717913374.713631630,1717913375.753628731,1717913376.793630123,1717913377.833630562,1717913378.873630047,1717913379.913629532,1717913380.953629494,1717913381.993630409,1717913383.033630133,1717913384.073629141,1717913385.113630772,1717913386.153631210,1717913387.193630457,1717913388.233630657,1717913389.273630857,1717913390.313629150,1717913391.353630066,1717913392.393630028,1717913393.433629751,1717913394.473629236,1717913395.513629198,1717913396.553630352,1717913397.593630314,1717913398.633628607,1717913399.673629761,1717913400.713631392,1717913401.753631592,1717913402.793628931,1717913403.833629847,1717913404.873629808,1717913405.913630724,1717913406.953630447,1717913407.993629456,1717913409.033630371,1717913410.073631287,1717913411.113629103,1717913412.153630018,1717913412.580629826],"count":[1,29,0,0,0,0,0,0,0,0,0,0,0,0,0,0,0,0,0,0,0,0,0,0,0,0,0,0,0,0,0,0,0,0,0,0,0,0,0,0,0,0,0,0,0,0,0,0,0,0,0,0,0,0,0,0,0,0,0,0,0,0,0,0,0,0,0,0,0,0,0,0,0,0,0,0,0,0,0,0,0,0,0,0,0,0,0,0],"bulk_size":[0,0,0,0,0,0,0,0,0,0,0,0,0,0,0,0,0,0,0,0,0,0,0,0,0,0,0,0,0,0,0,0,0,0,0,0,0,0,0,0,0,0,0,0,0,0,0,0,0,0,0,0,0,0,0,0,0,0,0,0,0,0,0,0,0,0,0,0,0,0,0,0,0,0,0,0,0,0,0,0,0,0,0,0,0,0,0,0]},"__shutdown__:65535":{"timestamps":[1717913412.580629826],"count":[1],"bulk_size":[0]}},"pools":{"__primary__":{"timestamps":[1717913322.668752909,1717913323.757629871,1717913324.797629595,1717913325.837631941,1717913326.877630949,1717913327.917629957,1717913328.957630873,1717913329.997628689,1717913331.037629843,1717913332.077630758,1717913333.117630005,1717913334.157628536,1717913335.197628975,1717913336.237630606,1717913337.277629852,1717913338.317630768,1717913339.357630730,1717913340.397629738,1717913341.437630415,1717913342.477629900,1717913343.517630816,1717913344.557631254,1717913345.597630262,1717913346.637631416,1717913347.677634478,1717913348.717631817,1717913349.757629156,1717913350.797629595,1717913351.837630272,1717913352.877631426,1717913353.917630196,1717913354.957632780,1717913355.997630835,1717913357.037630320,1717913358.077630758,1717913359.117629528,1717913360.157629490,1717913361.197630167,1717913362.237629652,1717913363.277631044,1717913364.317630291,1717913365.357633352,1717913366.397631884,1717913367.433630228,1717913368.473629236,1717913369.513632059,1717913370.553630352,1717913371.593629599,1717913372.633631706,1717913373.673630238,1717913374.713631630,1717913375.753628731,1717913376.793630123,1717913377.833630562,1717913378.873630047,1717913379.913629532,1717913380.953629494,1717913381.993630409,1717913383.033630133,1717913384.073629141,1717913385.113630772,1717913386.153631210,1717913387.193630457,1717913388.233630657,1717913389.273630857,1717913390.313629150,1717913391.353630066,1717913392.393630028,1717913393.433629751,1717913394.473629236,1717913395.513629198,1717913396.553630352,1717913397.593630314,1717913398.633628607,1717913399.673629761,1717913400.713631392,1717913401.753631592,1717913402.793628931,1717913403.833629847,1717913404.873629808,1717913405.913630724,1717913406.953630447,1717913407.993629456,1717913409.033630371,1717913410.073631287,1717913411.113629103,1717913412.153630018,1717913412.580629826],"size":[0,0,0,0,0,0,0,0,0,0,0,0,0,0,0,0,0,0,0,0,0,0,0,0,0,0,0,0,0,0,0,0,0,0,0,0,0,0,0,0,0,0,0,0,0,0,0,0,0,0,0,0,0,0,0,0,0,0,0,0,0,0,0,0,0,0,0,0,0,0,0,0,0,0,0,0,0,0,0,0,0,0,0,0,0,0,0,0],"total_size":[2,1,1,1,1,1,1,1,1,1,1,1,1,1,1,1,1,1,1,1,1,1,1,1,1,1,1,1,1,1,1,1,1,1,1,1,1,1,1,1,1,1,1,1,1,1,1,1,1,1,1,1,1,1,1,1,1,1,1,1,1,1,1,1,1,1,1,1,1,1,1,1,1,1,1,1,1,1,1,1,1,1,1,1,1,1,1,0]}}}