{"address":"","progress_loop":{"progress_with_timeout":{"num":1065,"min":0.000000238,"max":0.107051849,"avg":0.103022559,"var":0.106351857,"sum":109.719025612},"progress_timeout_value_msec":{"num":1065,"min":100.000000000.0,"max":100.000000000.0,"avg":100.000000000.0,"var":0.000000000.0,"sum":106500.000000000.0},"progress_without_timeout":{"num":459415,"min":0.000000000.0,"max":0.000183821,"avg":0.000000112,"var":0.000000054,"sum":0.051659584},"trigger":{"num":52,"min":0.000000238,"max":0.000025988,"avg":0.000001463,"var":0.000000001,"sum":0.000076056}},"rpcs":{"65535:65535:14048217247822970879:0":{"rpc_id":-4398526825886580737,"provider_id":0,"parent_rpc_id":65535,"parent_provider_id":65535,"name":"get_file_data","origin":{"sent to ofi+cxi://0x23eb4200":{"iforward":{"duration":{"num":10,"min":0.000000954,"max":0.000032902,"avg":0.000004458,"var":0.000000001,"sum":0.000044584},"relative_timestamp_from_create":{"num":10,"min":0.000000000.0,"max":0.000004292,"avg":0.000000596,"var":0.000000000,"sum":0.000005960}},"forward_cb":{"duration":{"num":10,"min":0.000000000.0,"max":0.000000477,"avg":0.000000167,"var":0.000000000,"sum":0.000001669},"relative_timestamp_from_iforward_start":{"num":10,"min":0.003994226,"max":0.042667150,"avg":0.013157487,"var":0.001137236,"sum":0.131574869}},"iforward_wait":{"duration":{"num":10,"min":0.003993988,"max":0.042658806,"avg":0.013156343,"var":0.001136756,"sum":0.131563425},"relative_timestamp_from_iforward_end":{"num":10,"min":0.000000000.0,"max":0.000000477,"avg":0.000000167,"var":0.000000000,"sum":0.000001669}},"set_input":{"duration":{"num":10,"min":0.000000238,"max":0.000005007,"avg":0.000000858,"var":0.000000000,"sum":0.000008583},"relative_timestamp_from_iforward_start":{"num":10,"min":0.000000477,"max":0.000020027,"avg":0.000002694,"var":0.000000000,"sum":0.000026941}},"get_output":{"duration":{"num":10,"min":0.000010490,"max":0.000072241,"avg":0.000016904,"var":0.000000003,"sum":0.000169039},"relative_timestamp_from_wait_end":{"num":10,"min":0.000000000.0,"max":0.000000715,"avg":0.000000143,"var":0.000000000,"sum":0.000001431}}}},"target":{"received from ofi+cxi://0x23eb4200":{"handler":{"duration":{"num":10,"min":0.000000238,"max":0.000006914,"avg":0.000001168,"var":0.000000000,"sum":0.000011683}},"ult":{"duration":{"num":10,"min":0.003992558,"max":0.042628527,"avg":0.013151336,"var":0.001135016,"sum":0.131513357},"relative_timestamp_from_handler_start":{"num":10,"min":0.000000477,"max":0.000015259,"avg":0.000002289,"var":0.000000000,"sum":0.000022888}},"irespond":{"duration":{"num":10,"min":0.000148058,"max":0.000158548,"avg":0.000151014,"var":0.000000000,"sum":0.001510143},"relative_timestamp_from_ult_start":{"num":10,"min":0.003841639,"max":0.042445421,"avg":0.012996197,"var":0.001133171,"sum":0.129961967}},"respond_cb":{"duration":{"num":10,"min":0.000000000.0,"max":0.000000477,"avg":0.000000191,"var":0.000000000,"sum":0.000001907},"relative_timestamp_from_irespond_start":{"num":10,"min":0.000148535,"max":0.000159740,"avg":0.000151825,"var":0.000000000,"sum":0.001518250}},"irespond_wait":{"duration":{"num":10,"min":0.000000954,"max":0.000002861,"avg":0.000001526,"var":0.000000000,"sum":0.000015259},"relative_timestamp_from_irespond_end":{"num":10,"min":0.000000000.0,"max":0.000000238,"avg":0.000000095,"var":0.000000000,"sum":0.000000954}},"set_output":{"duration":{"num":10,"min":0.000132322,"max":0.000138521,"avg":0.000134945,"var":0.000000000,"sum":0.001349449},"relative_timestamp_from_irespond_start":{"num":10,"min":0.000000000.0,"max":0.000001192,"avg":0.000000262,"var":0.000000000,"sum":0.000002623}},"get_input":{"duration":{"num":10,"min":0.000000000.0,"max":0.000002146,"avg":0.000000381,"var":0.000000000,"sum":0.000003815},"relative_timestamp_from_ult_start":{"num":10,"min":0.000000000.0,"max":0.000003576,"avg":0.000000596,"var":0.000000000,"sum":0.000005960}}}}},"14048217247822970879:0:14048217247822970879:0":{"rpc_id":-4398526825886580737,"provider_id":0,"parent_rpc_id":-4398526825886580737,"parent_provider_id":0,"name":"get_file_data","origin":{"sent to ofi+cxi://0x23ed6200":{"iforward":{"duration":{"num":10,"min":0.000008821,"max":0.000037193,"avg":0.000013208,"var":0.000000001,"sum":0.000132084},"relative_timestamp_from_create":{"num":10,"min":0.000000000.0,"max":0.000000238,"avg":0.000000048,"var":0.000000000,"sum":0.000000477}},"forward_cb":{"duration":{"num":10,"min":0.000000000.0,"max":0.000001192,"avg":0.000000238,"var":0.000000000,"sum":0.000002384},"relative_timestamp_from_iforward_start":{"num":10,"min":0.003674030,"max":0.042172670,"avg":0.012833309,"var":0.001126213,"sum":0.128333092}},"iforward_wait":{"duration":{"num":10,"min":0.003664494,"max":0.042140245,"avg":0.012820840,"var":0.001124912,"sum":0.128208399},"relative_timestamp_from_iforward_end":{"num":10,"min":0.000000000.0,"max":0.000000238,"avg":0.000000191,"var":0.000000000,"sum":0.000001907}},"set_input":{"duration":{"num":10,"min":0.000000477,"max":0.000000715,"avg":0.000000548,"var":0.000000000,"sum":0.000005484},"relative_timestamp_from_iforward_start":{"num":10,"min":0.000000238,"max":0.000002861,"avg":0.000000691,"var":0.000000000,"sum":0.000006914}},"get_output":{"duration":{"num":10,"min":0.000136137,"max":0.000152349,"avg":0.000140929,"var":0.000000000,"sum":0.001409292},"relative_timestamp_from_wait_end":{"num":10,"min":0.000000000.0,"max":0.000019550,"avg":0.000002170,"var":0.000000000,"sum":0.000021696}}}}},"65535:65535:8686831390660034559:65535":{"rpc_id":8686831390660034559,"provider_id":65535,"parent_rpc_id":65535,"parent_provider_id":65535,"name":"__shutdown__","target":{"received from ofi+cxi://0x23e70601":{"handler":{"duration":{"num":1,"min":0.000014782,"max":0.000014782,"avg":0.000014782,"var":0.000000000.0,"sum":0.000014782}},"ult":{"duration":{"num":1,"min":0.000017166,"max":0.000017166,"avg":0.000017166,"var":0.000000000.0,"sum":0.000017166},"relative_timestamp_from_handler_start":{"num":1,"min":0.000018835,"max":0.000018835,"avg":0.000018835,"var":0.000000000.0,"sum":0.000018835}},"irespond":{"duration":{"num":1,"min":0.000007391,"max":0.000007391,"avg":0.000007391,"var":0.000000000.0,"sum":0.000007391},"relative_timestamp_from_ult_start":{"num":1,"min":0.000001192,"max":0.000001192,"avg":0.000001192,"var":0.000000000.0,"sum":0.000001192}},"respond_cb":{"duration":{"num":1,"min":0.000000477,"max":0.000000477,"avg":0.000000477,"var":0.000000000.0,"sum":0.000000477},"relative_timestamp_from_irespond_start":{"num":1,"min":0.000013351,"max":0.000013351,"avg":0.000013351,"var":0.000000000.0,"sum":0.000013351}},"irespond_wait":{"duration":{"num":1,"min":0.000006676,"max":0.000006676,"avg":0.000006676,"var":0.000000000.0,"sum":0.000006676},"relative_timestamp_from_irespond_end":{"num":1,"min":0.000000238,"max":0.000000238,"avg":0.000000238,"var":0.000000000.0,"sum":0.000000238}},"set_output":{"duration":{"num":1,"min":0.000000477,"max":0.000000477,"avg":0.000000477,"var":0.000000000.0,"sum":0.000000477},"relative_timestamp_from_irespond_start":{"num":1,"min":0.000001192,"max":0.000001192,"avg":0.000001192,"var":0.000000000.0,"sum":0.000001192}},"get_input":{"duration":{"num":0,"min":0.000000000.0,"max":0.000000000.0,"avg":0.000000000.0,"var":0.000000000.0,"sum":0.000000000.0},"relative_timestamp_from_ult_start":{"num":0,"min":0.000000000.0,"max":0.000000000.0,"avg":0.000000000.0,"var":0.000000000.0,"sum":0.000000000.0}}}}}}}