{"address":"","progress_loop":{"progress_with_timeout":{"num":872,"min":0.000007391,"max":0.104006767,"avg":0.102945087,"var":0.092128344,"sum":89.768115759},"progress_timeout_value_msec":{"num":872,"min":100.000000000.0,"max":100.000000000.0,"avg":100.000000000.0,"var":0.000000000.0,"sum":87200.000000000.0},"progress_without_timeout":{"num":37426,"min":0.000000000.0,"max":0.000035286,"avg":0.000000118,"var":0.000000003,"sum":0.004411936},"trigger":{"num":462,"min":0.000000000.0,"max":0.002727270,"avg":0.000025002,"var":0.000026129,"sum":0.011550903}},"rpcs":{"65535:65535:14048217247822970879:0":{"rpc_id":-4398526825886580737,"provider_id":0,"parent_rpc_id":65535,"parent_provider_id":65535,"name":"get_file_data","origin":{"sent to ofi+cxi://0x23ef4200":{"iforward":{"duration":{"num":10,"min":0.000000477,"max":0.000028610,"avg":0.000003576,"var":0.000000001,"sum":0.000035763},"relative_timestamp_from_create":{"num":10,"min":0.000000000.0,"max":0.000003099,"avg":0.000000429,"var":0.000000000,"sum":0.000004292}},"forward_cb":{"duration":{"num":10,"min":0.000000000.0,"max":0.000000238,"avg":0.000000072,"var":0.000000000,"sum":0.000000715},"relative_timestamp_from_iforward_start":{"num":10,"min":0.000047684,"max":0.010799408,"avg":0.001167130,"var":0.000103106,"sum":0.011671305}},"iforward_wait":{"duration":{"num":10,"min":0.000066757,"max":0.010833025,"avg":0.001187277,"var":0.000103394,"sum":0.011872768},"relative_timestamp_from_iforward_end":{"num":10,"min":0.000000000.0,"max":0.000000238,"avg":0.000000072,"var":0.000000000,"sum":0.000000715}},"set_input":{"duration":{"num":10,"min":0.000000000.0,"max":0.000004292,"avg":0.000000548,"var":0.000000000,"sum":0.000005484},"relative_timestamp_from_iforward_start":{"num":10,"min":0.000000238,"max":0.000017643,"avg":0.000002193,"var":0.000000000,"sum":0.000021935}},"get_output":{"duration":{"num":10,"min":0.000000000.0,"max":0.000000238,"avg":0.000000191,"var":0.000000000,"sum":0.000001907},"relative_timestamp_from_wait_end":{"num":10,"min":0.000000000.0,"max":0.000000238,"avg":0.000000072,"var":0.000000000,"sum":0.000000715}}}},"target":{"received from ofi+cxi://0x23ef4200":{"handler":{"duration":{"num":10,"min":0.000000238,"max":0.000006199,"avg":0.000001049,"var":0.000000000,"sum":0.000010490}},"ult":{"duration":{"num":10,"min":0.000043154,"max":0.010750294,"avg":0.001153779,"var":0.000102339,"sum":0.011537790},"relative_timestamp_from_handler_start":{"num":10,"min":0.000001192,"max":0.000013351,"avg":0.000005245,"var":0.000000000,"sum":0.000052452}},"irespond":{"duration":{"num":10,"min":0.000000238,"max":0.000020742,"avg":0.000002575,"var":0.000000000,"sum":0.000025749},"relative_timestamp_from_ult_start":{"num":10,"min":0.000036001,"max":0.009110212,"avg":0.000979280,"var":0.000073470,"sum":0.009792805}},"respond_cb":{"duration":{"num":10,"min":0.000000000.0,"max":0.000000238,"avg":0.000000119,"var":0.000000000,"sum":0.000001192},"relative_timestamp_from_irespond_start":{"num":10,"min":0.000002384,"max":0.000026464,"avg":0.000009894,"var":0.000000000,"sum":0.000098944}},"irespond_wait":{"duration":{"num":10,"min":0.000004530,"max":0.001634598,"avg":0.000171375,"var":0.000002379,"sum":0.001713753},"relative_timestamp_from_irespond_end":{"num":10,"min":0.000000000.0,"max":0.000000477,"avg":0.000000119,"var":0.000000000,"sum":0.000001192}},"set_output":{"duration":{"num":10,"min":0.000000000.0,"max":0.000020266,"avg":0.000002170,"var":0.000000000,"sum":0.000021696},"relative_timestamp_from_irespond_start":{"num":10,"min":0.000000000.0,"max":0.000001192,"avg":0.000000215,"var":0.000000000,"sum":0.000002146}},"get_input":{"duration":{"num":10,"min":0.000000000.0,"max":0.000001907,"avg":0.000000286,"var":0.000000000,"sum":0.000002861},"relative_timestamp_from_ult_start":{"num":10,"min":0.000000000.0,"max":0.000002861,"avg":0.000000453,"var":0.000000000,"sum":0.000004530}}}}},"14048217247822970879:0:14048217247822970879:0":{"rpc_id":-4398526825886580737,"provider_id":0,"parent_rpc_id":-4398526825886580737,"parent_provider_id":0,"name":"get_file_data","origin":{"sent to ofi+cxi://0x23e70400":{"iforward":{"duration":{"num":150,"min":0.000000954,"max":0.000035048,"avg":0.000003220,"var":0.000000003,"sum":0.000483036},"relative_timestamp_from_create":{"num":150,"min":0.000000000.0,"max":0.000000477,"avg":0.000000078,"var":0.000000000,"sum":0.000011683}},"forward_cb":{"duration":{"num":150,"min":0.000000000.0,"max":0.000001669,"avg":0.000000151,"var":0.000000000,"sum":0.000022650},"relative_timestamp_from_iforward_start":{"num":150,"min":0.000008583,"max":0.010384798,"avg":0.001457567,"var":0.001413758,"sum":0.218635082}},"iforward_wait":{"duration":{"num":150,"min":0.000007629,"max":0.010384321,"avg":0.001488034,"var":0.001437803,"sum":0.223205090},"relative_timestamp_from_iforward_end":{"num":150,"min":0.000000000.0,"max":0.000000477,"avg":0.000000227,"var":0.000000000,"sum":0.000034094}},"set_input":{"duration":{"num":150,"min":0.000000000.0,"max":0.000000477,"avg":0.000000151,"var":0.000000000,"sum":0.000022650},"relative_timestamp_from_iforward_start":{"num":150,"min":0.000000238,"max":0.000001907,"avg":0.000000510,"var":0.000000000,"sum":0.000076532}},"get_output":{"duration":{"num":150,"min":0.000000000.0,"max":0.000000715,"avg":0.000000135,"var":0.000000000,"sum":0.000020266},"relative_timestamp_from_wait_end":{"num":150,"min":0.000000000.0,"max":0.000000954,"avg":0.000000146,"var":0.000000000,"sum":0.000021935}}}},"target":{"received from ofi+cxi://0x23ed6600":{"handler":{"duration":{"num":70,"min":0.000000238,"max":0.002184629,"avg":0.000085711,"var":0.000011553,"sum":0.005999804}},"ult":{"duration":{"num":70,"min":0.000016689,"max":0.010385513,"avg":0.001718950,"var":0.000675394,"sum":0.120326519},"relative_timestamp_from_handler_start":{"num":70,"min":0.000000477,"max":0.007158041,"avg":0.000563278,"var":0.000155863,"sum":0.039429426}},"irespond":{"duration":{"num":70,"min":0.000000238,"max":0.000001669,"avg":0.000000473,"var":0.000000000,"sum":0.000033140},"relative_timestamp_from_ult_start":{"num":70,"min":0.000012636,"max":0.010379553,"avg":0.001547807,"var":0.000665443,"sum":0.108346462}},"respond_cb":{"duration":{"num":70,"min":0.000000000.0,"max":0.000000238,"avg":0.000000099,"var":0.000000000,"sum":0.000006914},"relative_timestamp_from_irespond_start":{"num":70,"min":0.000003576,"max":0.004537344,"avg":0.000154529,"var":0.000039551,"sum":0.010817051}},"irespond_wait":{"duration":{"num":70,"min":0.000003099,"max":0.004547358,"avg":0.000170262,"var":0.000039511,"sum":0.011918306},"relative_timestamp_from_irespond_end":{"num":70,"min":0.000000000.0,"max":0.000000477,"avg":0.000000211,"var":0.000000000,"sum":0.000014782}},"set_output":{"duration":{"num":70,"min":0.000000000.0,"max":0.000000477,"avg":0.000000133,"var":0.000000000,"sum":0.000009298},"relative_timestamp_from_irespond_start":{"num":70,"min":0.000000000.0,"max":0.000000238,"avg":0.000000082,"var":0.000000000,"sum":0.000005722}},"get_input":{"duration":{"num":70,"min":0.000000000.0,"max":0.000001431,"avg":0.000000194,"var":0.000000000,"sum":0.000013590},"relative_timestamp_from_ult_start":{"num":70,"min":0.000000000.0,"max":0.000001669,"avg":0.000000211,"var":0.000000000,"sum":0.000014782}}},"received from ofi+cxi://0x23e92000":{"handler":{"duration":{"num":70,"min":0.000000238,"max":0.002726316,"avg":0.000076907,"var":0.000013911,"sum":0.005383492}},"ult":{"duration":{"num":70,"min":0.000016689,"max":0.010396242,"avg":0.001755278,"var":0.000712994,"sum":0.122869492},"relative_timestamp_from_handler_start":{"num":70,"min":0.000000477,"max":0.005033731,"avg":0.000570815,"var":0.000119315,"sum":0.039957047}},"irespond":{"duration":{"num":70,"min":0.000000238,"max":0.000001431,"avg":0.000000484,"var":0.000000000,"sum":0.000033855},"relative_timestamp_from_ult_start":{"num":70,"min":0.000012875,"max":0.010389090,"avg":0.001522006,"var":0.000697244,"sum":0.106540442}},"respond_cb":{"duration":{"num":70,"min":0.000000000.0,"max":0.000000954,