{"address":"","progress_loop":{"progress_with_timeout":{"num":1065,"min":0.000000000.0,"max":0.104009390,"avg":0.103049447,"var":0.101355732,"sum":109.747661114},"progress_timeout_value_msec":{"num":1065,"min":100.000000000.0,"max":100.000000000.0,"avg":100.000000000.0,"var":0.000000000.0,"sum":106500.000000000.0},"progress_without_timeout":{"num":316670,"min":0.000000000.0,"max":0.000120640,"avg":0.000000114,"var":0.000000045,"sum":0.035948992},"trigger":{"num":52,"min":0.000000000.0,"max":0.000033617,"avg":0.000001563,"var":0.000000001,"sum":0.000081301}},"rpcs":{"65535:65535:14048217247822970879:0":{"rpc_id":-4398526825886580737,"provider_id":0,"parent_rpc_id":65535,"parent_provider_id":65535,"name":"get_file_data","origin":{"sent to ofi+cxi://0x23eb4200":{"iforward":{"duration":{"num":10,"min":0.000000715,"max":0.000030756,"avg":0.000004053,"var":0.000000001,"sum":0.000040531},"relative_timestamp_from_create":{"num":10,"min":0.000000000.0,"max":0.000004292,"avg":0.000000501,"var":0.000000000,"sum":0.000005007}},"forward_cb":{"duration":{"num":10,"min":0.000000000.0,"max":0.000000477,"avg":0.000000191,"var":0.000000000,"sum":0.000001907},"relative_timestamp_from_iforward_start":{"num":10,"min":0.003886461,"max":0.026239872,"avg":0.009078193,"var":0.000426371,"sum":0.090781927}},"iforward_wait":{"duration":{"num":10,"min":0.003886223,"max":0.026229620,"avg":0.009077001,"var":0.000426016,"sum":0.090770006},"relative_timestamp_from_iforward_end":{"num":10,"min":0.000000000.0,"max":0.000000477,"avg":0.000000095,"var":0.000000000,"sum":0.000000954}},"set_input":{"duration":{"num":10,"min":0.000000000.0,"max":0.000004768,"avg":0.000000763,"var":0.000000000,"sum":0.000007629},"relative_timestamp_from_iforward_start":{"num":10,"min":0.000000238,"max":0.000018835,"avg":0.000002408,"var":0.000000000,"sum":0.000024080}},"get_output":{"duration":{"num":10,"min":0.000005245,"max":0.000036716,"avg":0.000008583,"var":0.000000001,"sum":0.000085831},"relative_timestamp_from_wait_end":{"num":10,"min":0.000000000.0,"max":0.000000238,"avg":0.000000119,"var":0.000000000,"sum":0.000001192}}}},"target":{"received from ofi+cxi://0x23eb4200":{"handler":{"duration":{"num":10,"min":0.000000238,"max":0.000007629,"avg":0.000001192,"var":0.000000000,"sum":0.000011921}},"ult":{"duration":{"num":10,"min":0.003885031,"max":0.025720835,"avg":0.009024501,"var":0.000408812,"sum":0.090245008},"relative_timestamp_from_handler_start":{"num":10,"min":0.000000477,"max":0.000493050,"avg":0.000049973,"var":0.000000218,"sum":0.000499725}},"irespond":{"duration":{"num":10,"min":0.000077009,"max":0.000085354,"avg":0.000079727,"var":0.000000000,"sum":0.000797272},"relative_timestamp_from_ult_start":{"num":10,"min":0.003806591,"max":0.025616169,"avg":0.008941460,"var":0.000407986,"sum":0.089414597}},"respond_cb":{"duration":{"num":10,"min":0.000000000.0,"max":0.000000238,"avg":0.000000095,"var":0.000000000,"sum":0.000000954},"relative_timestamp_from_irespond_start":{"num":10,"min":0.000077486,"max":0.000086308,"avg":0.000080276,"var":0.000000000,"sum":0.000802755}},"irespond_wait":{"duration":{"num":10,"min":0.000001192,"max":0.000002146,"avg":0.000001287,"var":0.000000000,"sum":0.000012875},"relative_timestamp_from_irespond_end":{"num":10,"min":0.000000000.0,"max":0.000000238,"avg":0.000000048,"var":0.000000000,"sum":0.000000477}},"set_output":{"duration":{"num":10,"min":0.000064611,"max":0.000070333,"avg":0.000068235,"var":0.000000000,"sum":0.000682354},"relative_timestamp_from_irespond_start":{"num":10,"min":0.000000000.0,"max":0.000000954,"avg":0.000000215,"var":0.000000000,"sum":0.000002146}},"get_input":{"duration":{"num":10,"min":0.000000000.0,"max":0.000002861,"avg":0.000000405,"var":0.000000000,"sum":0.000004053},"relative_timestamp_from_ult_start":{"num":10,"min":0.000000000.0,"max":0.000007868,"avg":0.000000930,"var":0.000000000,"sum":0.000009298}}}}},"14048217247822970879:0:14048217247822970879:0":{"rpc_id":-4398526825886580737,"provider_id":0,"parent_rpc_id":-4398526825886580737,"parent_provider_id":0,"name":"get_file_data","origin":{"sent to ofi+cxi://0x23ed6200":{"iforward":{"duration":{"num":10,"min":0.000007868,"max":0.000036955,"avg":0.000011992,"var":0.000000001,"sum":0.000119925},"relative_timestamp_from_create":{"num":10,"min":0.000000000.0,"max":0.000000477,"avg":0.000000119,"var":0.000000000,"sum":0.000001192}},"forward_cb":{"duration":{"num":10,"min":0.000000000.0,"max":0.000001669,"avg":0.000000238,"var":0.000000000,"sum":0.000002384},"relative_timestamp_from_iforward_start":{"num":10,"min":0.003773451,"max":0.025424480,"avg":0.008895707,"var":0.000401315,"sum":0.088957071}},"iforward_wait":{"duration":{"num":10,"min":0.003765345,"max":0.025392771,"avg":0.008884430,"var":0.000400582,"sum":0.088844299},"relative_timestamp_from_iforward_end":{"num":10,"min":0.000000000.0,"max":0.000000238,"avg":0.000000167,"var":0.000000000,"sum":0.000001669}},"set_input":{"duration":{"num":10,"min":0.000000000.0,"max":0.000000715,"avg":0.000000381,"var":0.000000000,"sum":0.000003815},"relative_timestamp_from_iforward_start":{"num":10,"min":0.000000238,"max":0.000002623,"avg":0.000000644,"var":0.000000000,"sum":0.000006437}},"get_output":{"duration":{"num":10,"min":0.000006914,"max":0.000067711,"avg":0.000024581,"var":0.000000007,"sum":0.000245810},"relative_timestamp_from_wait_end":{"num":10,"min":0.000000000.0,"max":0.000019550,"avg":0.000002170,"var":0.000000000,"sum":0.000021696}}}}},"65535:65535:8686831390660034559:65535":{"rpc_id":8686831390660034559,"provider_id":65535,"parent_rpc_id":65535,"parent_provider_id":65535,"name":"__shutdown__","target":{"received from ofi+cxi://0x23e70601":{"handler":{"duration":{"num":1,"min":0.000022650,"max":0.000022650,"avg":0.000022650,"var":0.000000000.0,"sum":0.000022650}},"ult":{"duration":{"num":1,"min":0.000016451,"max":0.000016451,"avg":0.000016451,"var":0.000000000.0,"sum":0.000016451},"relative_timestamp_from_handler_start":{"num":1,"min":0.000026464,"max":0.000026464,"avg":0.000026464,"var":0.000000000.0,"sum":0.000026464}},"irespond":{"duration":{"num":1,"min":0.000007391,"max":0.000007391,"avg":0.000007391,"var":0.000000000.0,"sum":0.000007391},"relative_timestamp_from_ult_start":{"num":1,"min":0.000000954,"max":0.000000954,"avg":0.000000954,"var":0.000000000.0,"sum":0.000000954}},"respond_cb":{"duration":{"num":1,"min":0.000000477,"max":0.000000477,"avg":0.000000477,"var":0.000000000.0,"sum":0.000000477},"relative_timestamp_from_irespond_start":{"num":1,"min":0.000012875,"max":0.000012875,"avg":0.000012875,"var":0.000000000.0,"sum":0.000012875}},"irespond_wait":{"duration":{"num":1,"min":0.000006437,"max":0.000006437,"avg":0.000006437,"var":0.000000000.0,"sum":0.000006437},"relative_timestamp_from_irespond_end":{"num":1,"min":0.000000000.0,"max":0.000000000.0,"avg":0.000000000.0,"var":0.000000000.0,"sum":0.000000000.0}},"set_output":{"duration":{"num":1,"min":0.000000238,"max":0.000000238,"avg":0.000000238,"var":0.000000000.0,"sum":0.000000238},"relative_timestamp_from_irespond_start":{"num":1,"min":0.000001431,"max":0.000001431,"avg":0.000001431,"var":0.000000000.0,"sum":0.000001431}},"get_input":{"duration":{"num":0,"min":0.000000000.0,"max":0.000000000.0,"avg":0.000000000.0,"var":0.000000000.0,"sum":0.000000000.0},"relative_timestamp_from_ult_start":{"num":0,"min":0.000000000.0,"max":0.000000000.0,"avg":0.000000000.0,"var":0.000000000.0,"sum":0.000000000.0}}}}}}}