{"address":"","progress_loop":{"progress_with_timeout":{"num":960,"min":0.079463720,"max":0.104007721,"avg":0.103968636,"var":0.000619092,"sum":99.809890985},"progress_timeout_value_msec":{"num":960,"min":100.000000000.0,"max":100.000000000.0,"avg":100.000000000.0,"var":0.000000000.0,"sum":96000.000000000.0},"progress_without_timeout":{"num":107600746,"min":0.000000000.0,"max":0.043635845,"avg":0.000000138,"var":0.096726337,"sum":14.895496368},"trigger":{"num":292,"min":0.000000238,"max":0.002449512,"avg":0.000016962,"var":0.000009793,"sum":0.004952908}},"rpcs":{"65535:65535:14048217247822970879:0":{"rpc_id":-4398526825886580737,"provider_id":0,"parent_rpc_id":65535,"parent_provider_id":65535,"name":"get_file_data","origin":{"sent to ofi+cxi://0x23eb4600":{"iforward":{"duration":{"num":10,"min":0.000002861,"max":0.000027180,"avg":0.000005770,"var":0.000000001,"sum":0.000057697},"relative_timestamp_from_create":{"num":10,"min":0.000000238,"max":0.000004053,"avg":0.000001049,"var":0.000000000,"sum":0.000010490}},"forward_cb":{"duration":{"num":10,"min":0.000000238,"max":0.000000477,"avg":0.000000381,"var":0.000000000,"sum":0.000003815},"relative_timestamp_from_iforward_start":{"num":10,"min":0.979750156,"max":4.043550491,"avg":3.589671540,"var":7.664904601,"sum":35.896715403}},"iforward_wait":{"duration":{"num":10,"min":0.980080843,"max":4.043844938,"avg":3.590046239,"var":7.664954901,"sum":35.900462389},"relative_timestamp_from_iforward_end":{"num":10,"min":0.000000000.0,"max":0.000000238,"avg":0.000000191,"var":0.000000000,"sum":0.000001907}},"set_input":{"duration":{"num":10,"min":0.000000238,"max":0.000004292,"avg":0.000000834,"var":0.000000000,"sum":0.000008345},"relative_timestamp_from_iforward_start":{"num":10,"min":0.000002146,"max":0.000015974,"avg":0.000003815,"var":0.000000000,"sum":0.000038147}},"get_output":{"duration":{"num":10,"min":0.044131279,"max":0.045345306,"avg":0.044755435,"var":0.000002492,"sum":0.447554350},"relative_timestamp_from_wait_end":{"num":10,"min":0.000000477,"max":0.000000954,"avg":0.000000691,"var":0.000000000,"sum":0.000006914}}}},"target":{"received from ofi+cxi://0x23eb4600":{"handler":{"duration":{"num":10,"min":0.000000715,"max":0.000007153,"avg":0.000001550,"var":0.000000000,"sum":0.000015497}},"ult":{"duration":{"num":10,"min":0.980053186,"max":4.043839455,"avg":3.589956856,"var":7.664797436,"sum":35.899568558},"relative_timestamp_from_handler_start":{"num":10,"min":0.000001431,"max":0.000013828,"avg":0.000002789,"var":0.000000000,"sum":0.000027895}},"irespond":{"duration":{"num":10,"min":0.048055887,"max":0.049357414,"avg":0.048717904,"var":0.000002697,"sum":0.487179041},"relative_timestamp_from_ult_start":{"num":10,"min":0.930644035,"max":3.994181633,"avg":3.540938067,"var":7.666668248,"sum":35.409380674}},"respond_cb":{"duration":{"num":10,"min":0.000000238,"max":0.000000477,"avg":0.000000310,"var":0.000000000,"sum":0.000003099},"relative_timestamp_from_irespond_start":{"num":10,"min":0.048058033,"max":0.049360514,"avg":0.048720646,"var":0.000002697,"sum":0.487206459}},"irespond_wait":{"duration":{"num":10,"min":0.000003576,"max":0.000007868,"avg":0.000004339,"var":0.000000000,"sum":0.000043392},"relative_timestamp_from_irespond_end":{"num":10,"min":0.000000238,"max":0.000000715,"avg":0.000000429,"var":0.000000000,"sum":0.000004292}},"set_output":{"duration":{"num":10,"min":0.046551228,"max":0.048033714,"avg":0.047336674,"var":0.000002754,"sum":0.473366737},"relative_timestamp_from_irespond_start":{"num":10,"min":0.000000238,"max":0.000001669,"avg":0.000000501,"var":0.000000000,"sum":0.000005007}},"get_input":{"duration":{"num":10,"min":0.000000238,"max":0.000001669,"avg":0.000000429,"var":0.000000000,"sum":0.000004292},"relative_timestamp_from_ult_start":{"num":10,"min":0.000000477,"max":0.000003099,"avg":0.000000763,"var":0.000000000,"sum":0.000007629}}}}},"14048217247822970879:0:14048217247822970879:0":{"rpc_id":-4398526825886580737,"provider_id":0,"parent_rpc_id":-4398526825886580737,"parent_provider_id":0,"name":"get_file_data","origin":{"sent to ofi+cxi://0x23e96600":{"iforward":{"duration":{"num":70,"min":0.000007391,"max":0.001302481,"avg":0.000461313,"var":0.000010532,"sum":0.032291889},"relative_timestamp_from_create":{"num":70,"min":0.000000000.0,"max":0.000001192,"avg":0.000000324,"var":0.000000000,"sum":0.000022650}},"forward_cb":{"duration":{"num":70,"min":0.000000238,"max":0.000021458,"avg":0.000001001,"var":0.000000001,"sum":0.000070095},"relative_timestamp_from_iforward_start":{"num":70,"min":0.881746769,"max":3.945465803,"avg":3.532926679,"var":22.967468935,"sum":247.304867506}},"iforward_wait":{"duration":{"num":70,"min":0.881720066,"max":3.945451736,"avg":3.532467018,"var":22.958827554,"sum":247.272691250},"relative_timestamp_from_iforward_end":{"num":70,"min":0.000000000.0,"max":0.000000715,"avg":0.000000337,"var":0.000000000,"sum":0.000023603}},"set_input":{"duration":{"num":70,"min":0.000000000.0,"max":0.000000715,"avg":0.000000402,"var":0.000000000,"sum":0.000028133},"relative_timestamp_from_iforward_start":{"num":70,"min":0.000000477,"max":0.000003099,"avg":0.000001574,"var":0.000000000,"sum":0.000110149}},"get_output":{"duration":{"num":70,"min":0.043930292,"max":0.050080061,"avg":0.046215197,"var":0.000292114,"sum":3.235063791},"relative_timestamp_from_wait_end":{"num":70,"min":0.000000477,"max":0.000001431,"avg":0.000000753,"var":0.000000000,"sum":0.000052691}}}},"target":{"received from ofi+cxi://0x23ed0400":{"handler":{"duration":{"num":30,"min":0.000000715,"max":0.000005960,"avg":0.000002305,"var":0.000000000,"sum":0.000069141}},"ult":{"duration":{"num":30,"min":1.359569073,"max":4.041397333,"avg":3.688611921,"var":7.323500474,"sum":110.658357620},"relative_timestamp_from_handler_start":{"num":30,"min":0.000002384,"max":0.001979828,"avg":0.000084821,"var":0.000003809,"sum":0.002544641}},"irespond":{"duration":{"num":30,"min":0.048047066,"max":0.049625397,"avg":0.049003577,"var":0.000005546,"sum":1.470107317},"relative_timestamp_from_ult_start":{"num":30,"min":1.177288055,"max":3.857731581,"avg":3.563784266,"var":7.661406056,"sum":106.913527966}},"respond_cb":{"duration":{"num":30,"min":0.000000000.0,"max":0.000000715,"avg":0.000000326,"var":0.000000000,"sum":0.000009775},"relative_timestamp_from_irespond_start":{"num":30,"min":0.086872578,"max":0.183391809,"avg":0.124495347,"var":0.047918859,"sum":3.734860420}},"irespond_wait":{"duration":{"num":30,"min":0.038283110,"max":0.134359598,"avg":0.075492104,"var":0.048052867,"sum":2.264763117},"relative_timestamp_from_irespond_end":{"num":30,"min":0.000000238,"max":0.000000477,"avg":0.000000374,"var":0.000000000,"sum":0.000011206}},"set_output":{"duration":{"num":30,"min":0.046808004,"max":0.047882080,"avg":0.047350526,"var":0.000003834,"sum":1.420515776},"relative_timestamp_from_irespond_start":{"num":30,"min":0.000000238,"max":0.000000477,"avg":0.000000318,"var":0.000000000,"sum":0.000009537}},"get_input":{"duration":{"num":30,"min":0.000000238,"max":0.000001192,"avg":0.000000453,"var":0.000000000,"sum":0.000013590},"relative_timestamp_from_ult_start":{"num":30,"min":0.000000238,"max":0.000001192,"avg":0.000000509,"var":0.000000000,"sum":0.000015259}}},"received from ofi+cxi://0x23ef2000":{"handler":{"duration":{"num":30,"min":0.000001431,"max":0.002448559,"avg":0.000149210,"var":0.000009198,"sum":0.004476309}},"ult":{"duration":{"num":30,"min":1.408538580,"max":4.073916912,"avg":3.737070847,"var":7.569184858,"sum":112.112125397},"relative_timestamp_from_handler_start":{"num":30,"min":0.000002146,"max":0.002450466,"avg":0.000154320,"var":0.000009405,"sum":0.004629612}},"irespond":{"duration":{"num":30,"min":0.047803402,"max":0.049827099,"avg":0.048780775,"var":0.000008784,"sum":1.463423252},"relative_timestamp_from_ult_start":{"num":30,"min":1.310248852,"max":3.976373672,"avg":3.607764443,"var":7.598957915,"sum":108.232933283}},"respond_cb":{"duration":{"num":30,"min":0.000000238,"max":0.000000477,"avg":0.000000350,