{"address":"","rpcs":{"get_file_data:0":{"timestamps":[1717913091.841272593,1717913092.917937756,1717913093.957936287,1717913094.997937441,1717913096.037937641,1717913097.077936888,1717913098.117938042,1717913099.157935619,1717913100.197937489,1717913101.237937450,1717913102.277936459,1717913103.317937136,1717913104.357936144,1717913105.397937298,1717913106.437936783,1717913107.477937222,1717913108.517937660,1717913109.557935953,1717913110.597935677,1717913111.637936354,1717913112.677941322,1717913113.717936754,1717913114.757936716,1717913115.797936678,1717913116.837936640,1717913117.877936840,1717913118.917936802,1717913119.957936764,1717913120.997937441,1717913122.037935495,1717913123.077936888,1717913124.117937088,1717913125.157936811,1717913126.197937012,1717913127.237936974,1717913128.277939796,1717913129.317937136,1717913130.357937098,1717913131.397937059,1717913132.437935591,1717913133.477936983,1717913134.513936520,1717913135.553935766,1717913136.593937159,1717913137.633936644,1717913138.673935652,1717913139.713937044,1717913140.753937483,1717913141.793936968,1717913142.833937407,1717913143.873935699,1717913144.913937092,1717913145.953937054,1717913146.993937016,1717913148.033936739,1717913149.073936701,1717913150.113939047,1717913151.153939724,1717913152.193936825,1717913153.233936548,1717913154.273936033,1717913155.313937187,1717913156.353937149,1717913157.393937111,1717913158.433937073,1717913159.473935604,1717913160.513936520,1717913161.553937197,1717913162.593936682,1717913163.633937120,1717913164.673936367,1717913165.713936806,1717913166.753937483,1717913167.793936729,1717913168.833936930,1717913169.873936176,1717913170.913936377,1717913171.953936100,1717913172.993937016,1717913174.033939123,1717913175.073935986,1717913176.113936901,1717913177.153936625,1717913178.193937540,1717913179.233936787,1717913180.273935795,1717913181.313936234,1717913181.752402306],"count":[1,9,0,0,0,0,0,0,0,0,0,0,0,0,0,0,0,0,0,0,0,0,0,0,0,0,0,0,0,0,0,0,0,0,0,0,0,0,0,0,0,0,0,0,0,0,0,0,0,0,0,0,0,0,0,0,0,0,0,0,0,0,0,0,0,0,0,0,0,0,0,0,0,0,0,0,0,0,0,0,0,0,0,0,0,0,0,0],"bulk_size":[0,0,0,0,0,0,0,0,0,0,0,0,0,0,0,0,0,0,0,0,0,0,0,0,0,0,0,0,0,0,0,0,0,0,0,0,0,0,0,0,0,0,0,0,0,0,0,0,0,0,0,0,0,0,0,0,0,0,0,0,0,0,0,0,0,0,0,0,0,0,0,0,0,0,0,0,0,0,0,0,0,0,0,0,0,0,0,0]},"__shutdown__:65535":{"timestamps":[1717913181.752402306],"count":[1],"bulk_size":[0]}},"pools":{"__primary__":{"timestamps":[1717913091.841272593,1717913092.917937756,1717913093.957936287,1717913094.997937441,1717913096.037937641,1717913097.077936888,1717913098.117938042,1717913099.157935619,1717913100.197937489,1717913101.237937450,1717913102.277936459,1717913103.317937136,1717913104.357936144,1717913105.397937298,1717913106.437936783,1717913107.477937222,1717913108.517937660,1717913109.557935953,1717913110.597935677,1717913111.637936354,1717913112.677941322,1717913113.717936754,1717913114.757936716,1717913115.797936678,1717913116.837936640,1717913117.877936840,1717913118.917936802,1717913119.957936764,1717913120.997937441,1717913122.037935495,1717913123.077936888,1717913124.117937088,1717913125.157936811,1717913126.197937012,1717913127.237936974,1717913128.277939796,1717913129.317937136,1717913130.357937098,1717913131.397937059,1717913132.437935591,1717913133.477936983,1717913134.513936520,1717913135.553935766,1717913136.593937159,1717913137.633936644,1717913138.673935652,1717913139.713937044,1717913140.753937483,1717913141.793936968,1717913142.833937407,1717913143.873935699,1717913144.913937092,1717913145.953937054,1717913146.993937016,1717913148.033936739,1717913149.073936701,1717913150.113939047,1717913151.153939724,1717913152.193936825,1717913153.233936548,1717913154.273936033,1717913155.313937187,1717913156.353937149,1717913157.393937111,1717913158.433937073,1717913159.473935604,1717913160.513936520,1717913161.553937197,1717913162.593936682,1717913163.633937120,1717913164.673936367,1717913165.713936806,1717913166.753937483,1717913167.793936729,1717913168.833936930,1717913169.873936176,1717913170.913936377,1717913171.953936100,1717913172.993937016,1717913174.033939123,1717913175.073935986,1717913176.113936901,1717913177.153936625,1717913178.193937540,1717913179.233936787,1717913180.273935795,1717913181.313936234,1717913181.752402306],"size":[0,0,0,0,0,0,0,0,0,0,0,0,0,0,0,0,0,0,0,0,0,0,0,0,0,0,0,0,0,0,0,0,0,0,0,0,0,0,0,0,0,0,0,0,0,0,0,0,0,0,0,0,0,0,0,0,0,0,0,0,0,0,0,0,0,0,0,0,0,0,0,0,0,0,0,0,0,0,0,0,0,0,0,0,0,0,0,0],"total_size":[2,1,1,1,1,1,1,1,1,1,1,1,1,1,1,1,1,1,1,1,1,1,1,1,1,1,1,1,1,1,1,1,1,1,1,1,1,1,1,1,1,1,1,1,1,1,1,1,1,1,1,1,1,1,1,1,1,1,1,1,1,1,1,1,1,1,1,1,1,1,1,1,1,1,1,1,1,1,1,1,1,1,1,1,1,1,1,0]}}}