{"address":"","progress_loop":{"progress_with_timeout":{"num":873,"min":0.000000000.0,"max":0.104008675,"avg":0.102872616,"var":0.098042865,"sum":89.807793856},"progress_timeout_value_msec":{"num":873,"min":100.000000000.0,"max":100.000000000.0,"avg":100.000000000.0,"var":0.000000000.0,"sum":87300.000000000.0},"progress_without_timeout":{"num":93102,"min":0.000000000.0,"max":0.000065565,"avg":0.000000120,"var":0.000000007,"sum":0.011163235},"trigger":{"num":52,"min":0.000000000.0,"max":0.000023365,"avg":0.000001243,"var":0.000000001,"sum":0.000064611}},"rpcs":{"65535:65535:14048217247822970879:0":{"rpc_id":-4398526825886580737,"provider_id":0,"parent_rpc_id":65535,"parent_provider_id":65535,"name":"get_file_data","origin":{"sent to ofi+cxi://0x23e96200":{"iforward":{"duration":{"num":10,"min":0.000000715,"max":0.000029802,"avg":0.000003886,"var":0.000000001,"sum":0.000038862},"relative_timestamp_from_create":{"num":10,"min":0.000000000.0,"max":0.000004053,"avg":0.000000453,"var":0.000000000,"sum":0.000004530}},"forward_cb":{"duration":{"num":10,"min":0.000000000.0,"max":0.000000238,"avg":0.000000143,"var":0.000000000,"sum":0.000001431},"relative_timestamp_from_iforward_start":{"num":10,"min":0.000226736,"max":0.014925957,"avg":0.002719283,"var":0.000186043,"sum":0.027192831}},"iforward_wait":{"duration":{"num":10,"min":0.000226736,"max":0.014900684,"avg":0.002716541,"var":0.000185425,"sum":0.027165413},"relative_timestamp_from_iforward_end":{"num":10,"min":0.000000000.0,"max":0.000000238,"avg":0.000000048,"var":0.000000000,"sum":0.000000477}},"set_input":{"duration":{"num":10,"min":0.000000000.0,"max":0.000004530,"avg":0.000000715,"var":0.000000000,"sum":0.000007153},"relative_timestamp_from_iforward_start":{"num":10,"min":0.000000477,"max":0.000018597,"avg":0.000002408,"var":0.000000000,"sum":0.000024080}},"get_output":{"duration":{"num":10,"min":0.000000238,"max":0.000000954,"avg":0.000000453,"var":0.000000000,"sum":0.000004530},"relative_timestamp_from_wait_end":{"num":10,"min":0.000000000.0,"max":0.000000238,"avg":0.000000119,"var":0.000000000,"sum":0.000001192}}}},"target":{"received from ofi+cxi://0x23e96200":{"handler":{"duration":{"num":10,"min":0.000000238,"max":0.000006437,"avg":0.000001049,"var":0.000000000,"sum":0.000010490}},"ult":{"duration":{"num":10,"min":0.000225306,"max":0.014872074,"avg":0.002712202,"var":0.000184745,"sum":0.027122021},"relative_timestamp_from_handler_start":{"num":10,"min":0.000000477,"max":0.000014067,"avg":0.000002050,"var":0.000000000,"sum":0.000020504}},"irespond":{"duration":{"num":10,"min":0.000011206,"max":0.000022888,"avg":0.000013113,"var":0.000000000,"sum":0.000131130},"relative_timestamp_from_ult_start":{"num":10,"min":0.000211239,"max":0.014845371,"avg":0.002697420,"var":0.000184416,"sum":0.026974201}},"respond_cb":{"duration":{"num":10,"min":0.000000000.0,"max":0.000000238,"avg":0.000000119,"var":0.000000000,"sum":0.000001192},"relative_timestamp_from_irespond_start":{"num":10,"min":0.000011683,"max":0.000024080,"avg":0.000013685,"var":0.000000000,"sum":0.000136852}},"irespond_wait":{"duration":{"num":10,"min":0.000000954,"max":0.000002146,"avg":0.000001121,"var":0.000000000,"sum":0.000011206},"relative_timestamp_from_irespond_end":{"num":10,"min":0.000000000.0,"max":0.000000238,"avg":0.000000119,"var":0.000000000,"sum":0.000001192}},"set_output":{"duration":{"num":10,"min":0.000004768,"max":0.000010967,"avg":0.000005722,"var":0.000000000,"sum":0.000057220},"relative_timestamp_from_irespond_start":{"num":10,"min":0.000000000.0,"max":0.000000954,"avg":0.000000191,"var":0.000000000,"sum":0.000001907}},"get_input":{"duration":{"num":10,"min":0.000000000.0,"max":0.000002146,"avg":0.000000381,"var":0.000000000,"sum":0.000003815},"relative_timestamp_from_ult_start":{"num":10,"min":0.000000000.0,"max":0.000002861,"avg":0.000000429,"var":0.000000000,"sum":0.000004292}}}}},"14048217247822970879:0:14048217247822970879:0":{"rpc_id":-4398526825886580737,"provider_id":0,"parent_rpc_id":-4398526825886580737,"parent_provider_id":0,"name":"get_file_data","origin":{"sent to ofi+cxi://0x23ed6200":{"iforward":{"duration":{"num":10,"min":0.000007868,"max":0.000037193,"avg":0.000011659,"var":0.000000001,"sum":0.000116587},"relative_timestamp_from_create":{"num":10,"min":0.000000000.0,"max":0.000000477,"avg":0.000000072,"var":0.000000000,"sum":0.000000715}},"forward_cb":{"duration":{"num":10,"min":0.000000000.0,"max":0.000001192,"avg":0.000000167,"var":0.000000000,"sum":0.000001669},"relative_timestamp_from_iforward_start":{"num":10,"min":0.000194550,"max":0.014727116,"avg":0.002676606,"var":0.000181761,"sum":0.026766062}},"iforward_wait":{"duration":{"num":10,"min":0.000186682,"max":0.014694452,"avg":0.002665520,"var":0.000181172,"sum":0.026655197},"relative_timestamp_from_iforward_end":{"num":10,"min":0.000000000.0,"max":0.000000238,"avg":0.000000191,"var":0.000000000,"sum":0.000001907}},"set_input":{"duration":{"num":10,"min":0.000000238,"max":0.000000715,"avg":0.000000405,"var":0.000000000,"sum":0.000004053},"relative_timestamp_from_iforward_start":{"num":10,"min":0.000000238,"max":0.000002146,"avg":0.000000620,"var":0.000000000,"sum":0.000006199}},"get_output":{"duration":{"num":10,"min":0.000000238,"max":0.000005484,"avg":0.000001240,"var":0.000000000,"sum":0.000012398},"relative_timestamp_from_wait_end":{"num":10,"min":0.000000000.0,"max":0.000016928,"avg":0.000001860,"var":0.000000000,"sum":0.000018597}}}}},"65535:65535:8686831390660034559:65535":{"rpc_id":8686831390660034559,"provider_id":65535,"parent_rpc_id":65535,"parent_provider_id":65535,"name":"__shutdown__","target":{"received from ofi+cxi://0x23e70601":{"handler":{"duration":{"num":1,"min":0.000013351,"max":0.000013351,"avg":0.000013351,"var":0.000000000.0,"sum":0.000013351}},"ult":{"duration":{"num":1,"min":0.000016212,"max":0.000016212,"avg":0.000016212,"var":0.000000000.0,"sum":0.000016212},"relative_timestamp_from_handler_start":{"num":1,"min":0.000016689,"max":0.000016689,"avg":0.000016689,"var":0.000000000.0,"sum":0.000016689}},"irespond":{"duration":{"num":1,"min":0.000006676,"max":0.000006676,"avg":0.000006676,"var":0.000000000.0,"sum":0.000006676},"relative_timestamp_from_ult_start":{"num":1,"min":0.000001431,"max":0.000001431,"avg":0.000001431,"var":0.000000000.0,"sum":0.000001431}},"respond_cb":{"duration":{"num":1,"min":0.000000477,"max":0.000000477,"avg":0.000000477,"var":0.000000000.0,"sum":0.000000477},"relative_timestamp_from_irespond_start":{"num":1,"min":0.000011921,"max":0.000011921,"avg":0.000011921,"var":0.000000000.0,"sum":0.000011921}},"irespond_wait":{"duration":{"num":1,"min":0.000005960,"max":0.000005960,"avg":0.000005960,"var":0.000000000.0,"sum":0.000005960},"relative_timestamp_from_irespond_end":{"num":1,"min":0.000000000.0,"max":0.000000000.0,"avg":0.000000000.0,"var":0.000000000.0,"sum":0.000000000.0}},"set_output":{"duration":{"num":1,"min":0.000000715,"max":0.000000715,"avg":0.000000715,"var":0.000000000.0,"sum":0.000000715},"relative_timestamp_from_irespond_start":{"num":1,"min":0.000000954,"max":0.000000954,"avg":0.000000954,"var":0.000000000.0,"sum":0.000000954}},"get_input":{"duration":{"num":0,"min":0.000000000.0,"max":0.000000000.0,"avg":0.000000000.0,"var":0.000000000.0,"sum":0.000000000.0},"relative_timestamp_from_ult_start":{"num":0,"min":0.000000000.0,"max":0.000000000.0,"avg":0.000000000.0,"var":0.000000000.0,"sum":0.000000000.0}}}}}}}