{"address":"","progress_loop":{"progress_with_timeout":{"num":873,"min":0.000000000.0,"max":0.104010344,"avg":0.102895997,"var":0.096859002,"sum":89.828205585},"progress_timeout_value_msec":{"num":873,"min":100.000000000.0,"max":100.000000000.0,"avg":100.000000000.0,"var":0.000000000.0,"sum":87300.000000000.0},"progress_without_timeout":{"num":35672,"min":0.000000000.0,"max":0.000009298,"avg":0.000000112,"var":0.000000001,"sum":0.003991127},"trigger":{"num":42,"min":0.000000000.0,"max":0.000022411,"avg":0.000001164,"var":0.000000001,"sum":0.000048876}},"rpcs":{"65535:65535:14048217247822970879:0":{"rpc_id":-4398526825886580737,"provider_id":0,"parent_rpc_id":65535,"parent_provider_id":65535,"name":"get_file_data","origin":{"sent to ofi+cxi://0x23ef4600":{"iforward":{"duration":{"num":10,"min":0.000000715,"max":0.000027180,"avg":0.000003529,"var":0.000000001,"sum":0.000035286},"relative_timestamp_from_create":{"num":10,"min":0.000000000.0,"max":0.000003338,"avg":0.000000405,"var":0.000000000,"sum":0.000004053}},"forward_cb":{"duration":{"num":10,"min":0.000000000.0,"max":0.000000238,"avg":0.000000143,"var":0.000000000,"sum":0.000001431},"relative_timestamp_from_iforward_start":{"num":10,"min":0.000073671,"max":0.008997202,"avg":0.001088071,"var":0.000070419,"sum":0.010880709}},"iforward_wait":{"duration":{"num":10,"min":0.000073433,"max":0.008973598,"avg":0.001085567,"var":0.000070048,"sum":0.010855675},"relative_timestamp_from_iforward_end":{"num":10,"min":0.000000000.0,"max":0.000000238,"avg":0.000000048,"var":0.000000000,"sum":0.000000477}},"set_input":{"duration":{"num":10,"min":0.000000000.0,"max":0.000004292,"avg":0.000000691,"var":0.000000000,"sum":0.000006914},"relative_timestamp_from_iforward_start":{"num":10,"min":0.000000238,"max":0.000016928,"avg":0.000002098,"var":0.000000000,"sum":0.000020981}},"get_output":{"duration":{"num":10,"min":0.000000000.0,"max":0.000000238,"avg":0.000000095,"var":0.000000000,"sum":0.000000954},"relative_timestamp_from_wait_end":{"num":10,"min":0.000000000.0,"max":0.000000238,"avg":0.000000095,"var":0.000000000,"sum":0.000000954}}}},"target":{"received from ofi+cxi://0x23ef4600":{"handler":{"duration":{"num":10,"min":0.000000238,"max":0.000006676,"avg":0.000001025,"var":0.000000000,"sum":0.000010252}},"ult":{"duration":{"num":10,"min":0.000072241,"max":0.008375168,"avg":0.001024199,"var":0.000060955,"sum":0.010241985},"relative_timestamp_from_handler_start":{"num":10,"min":0.000000477,"max":0.000586510,"avg":0.000059247,"var":0.000000309,"sum":0.000592470}},"irespond":{"duration":{"num":10,"min":0.000000477,"max":0.000002623,"avg":0.000000834,"var":0.000000000,"sum":0.000008345},"relative_timestamp_from_ult_start":{"num":10,"min":0.000070333,"max":0.008368969,"avg":0.001021910,"var":0.000060891,"sum":0.010219097}},"respond_cb":{"duration":{"num":10,"min":0.000000000.0,"max":0.000000238,"avg":0.000000095,"var":0.000000000,"sum":0.000000954},"relative_timestamp_from_irespond_start":{"num":10,"min":0.000000715,"max":0.000003576,"avg":0.000001287,"var":0.000000000,"sum":0.000012875}},"irespond_wait":{"duration":{"num":10,"min":0.000000954,"max":0.000002146,"avg":0.000001097,"var":0.000000000,"sum":0.000010967},"relative_timestamp_from_irespond_end":{"num":10,"min":0.000000000.0,"max":0.000000238,"avg":0.000000024,"var":0.000000000,"sum":0.000000238}},"set_output":{"duration":{"num":10,"min":0.000000238,"max":0.000000715,"avg":0.000000477,"var":0.000000000,"sum":0.000004768},"relative_timestamp_from_irespond_start":{"num":10,"min":0.000000000.0,"max":0.000000954,"avg":0.000000143,"var":0.000000000,"sum":0.000001431}},"get_input":{"duration":{"num":10,"min":0.000000000.0,"max":0.000002146,"avg":0.000000310,"var":0.000000000,"sum":0.000003099},"relative_timestamp_from_ult_start":{"num":10,"min":0.000000000.0,"max":0.000005484,"avg":0.000000691,"var":0.000000000,"sum":0.000006914}}}}},"14048217247822970879:0:14048217247822970879:0":{"rpc_id":-4398526825886580737,"provider_id":0,"parent_rpc_id":-4398526825886580737,"parent_provider_id":0,"name":"get_file_data","origin":{"sent to ofi+cxi://0x23eb6200":{"iforward":{"duration":{"num":10,"min":0.000007868,"max":0.000034571,"avg":0.000010920,"var":0.000000001,"sum":0.000109196},"relative_timestamp_from_create":{"num":10,"min":0.000000000.0,"max":0.000000477,"avg":0.000000095,"var":0.000000000,"sum":0.000000954}},"forward_cb":{"duration":{"num":10,"min":0.000000000.0,"max":0.000000954,"avg":0.000000167,"var":0.000000000,"sum":0.000001669},"relative_timestamp_from_iforward_start":{"num":10,"min":0.000064373,"max":0.008263111,"avg":0.001005220,"var":0.000059446,"sum":0.010052204}},"iforward_wait":{"duration":{"num":10,"min":0.000056267,"max":0.008232355,"avg":0.000994897,"var":0.000059117,"sum":0.009948969},"relative_timestamp_from_iforward_end":{"num":10,"min":0.000000000.0,"max":0.000000238,"avg":0.000000215,"var":0.000000000,"sum":0.000002146}},"set_input":{"duration":{"num":10,"min":0.000000000.0,"max":0.000000477,"avg":0.000000358,"var":0.000000000,"sum":0.000003576},"relative_timestamp_from_iforward_start":{"num":10,"min":0.000000238,"max":0.000001907,"avg":0.000000572,"var":0.000000000,"sum":0.000005722}},"get_output":{"duration":{"num":10,"min":0.000000000.0,"max":0.000000954,"avg":0.000000262,"var":0.000000000,"sum":0.000002623},"relative_timestamp_from_wait_end":{"num":10,"min":0.000000000.0,"max":0.000000477,"avg":0.000000072,"var":0.000000000,"sum":0.000000715}}}}},"65535:65535:8686831390660034559:65535":{"rpc_id":8686831390660034559,"provider_id":65535,"parent_rpc_id":65535,"parent_provider_id":65535,"name":"__shutdown__","target":{"received from ofi+cxi://0x23e70601":{"handler":{"duration":{"num":1,"min":0.000015497,"max":0.000015497,"avg":0.000015497,"var":0.000000000.0,"sum":0.000015497}},"ult":{"duration":{"num":1,"min":0.000012159,"max":0.000012159,"avg":0.000012159,"var":0.000000000.0,"sum":0.000012159},"relative_timestamp_from_handler_start":{"num":1,"min":0.000018597,"max":0.000018597,"avg":0.000018597,"var":0.000000000.0,"sum":0.000018597}},"irespond":{"duration":{"num":1,"min":0.000004530,"max":0.000004530,"avg":0.000004530,"var":0.000000000.0,"sum":0.000004530},"relative_timestamp_from_ult_start":{"num":1,"min":0.000000477,"max":0.000000477,"avg":0.000000477,"var":0.000000000.0,"sum":0.000000477}},"respond_cb":{"duration":{"num":1,"min":0.000000238,"max":0.000000238,"avg":0.000000238,"var":0.000000000.0,"sum":0.000000238},"relative_timestamp_from_irespond_start":{"num":1,"min":0.000009775,"max":0.000009775,"avg":0.000009775,"var":0.000000000.0,"sum":0.000009775}},"irespond_wait":{"duration":{"num":1,"min":0.000005722,"max":0.000005722,"avg":0.000005722,"var":0.000000000.0,"sum":0.000005722},"relative_timestamp_from_irespond_end":{"num":1,"min":0.000000238,"max":0.000000238,"avg":0.000000238,"var":0.000000000.0,"sum":0.000000238}},"set_output":{"duration":{"num":1,"min":0.000000477,"max":0.000000477,"avg":0.000000477,"var":0.000000000.0,"sum":0.000000477},"relative_timestamp_from_irespond_start":{"num":1,"min":0.000000715,"max":0.000000715,"avg":0.000000715,"var":0.000000000.0,"sum":0.000000715}},"get_input":{"duration":{"num":0,"min":0.000000000.0,"max":0.000000000.0,"avg":0.000000000.0,"var":0.000000000.0,"sum":0.000000000.0},"relative_timestamp_from_ult_start":{"num":0,"min":0.000000000.0,"max":0.000000000.0,"avg":0.000000000.0,"var":0.000000000.0,"sum":0.000000000.0}}}}}}}