{"address":"","progress_loop":{"progress_with_timeout":{"num":1146,"min":0.076365232,"max":0.104009151,"avg":0.103969007,"var":0.000792171,"sum":119.148481846},"progress_timeout_value_msec":{"num":1146,"min":100.000000000.0,"max":100.000000000.0,"avg":100.000000000.0,"var":0.000000000.0,"sum":114600.000000000.0},"progress_without_timeout":{"num":65484373,"min":0.000000000.0,"max":0.023107767,"avg":0.000000121,"var":0.012735232,"sum":7.906485558},"trigger":{"num":132,"min":0.000000238,"max":0.001427174,"avg":0.000012835,"var":0.000002017,"sum":0.001694202}},"rpcs":{"65535:65535:14048217247822970879:0":{"rpc_id":-4398526825886580737,"provider_id":0,"parent_rpc_id":65535,"parent_provider_id":65535,"name":"get_file_data","origin":{"sent to ofi+cxi://0x23eb6600":{"iforward":{"duration":{"num":10,"min":0.000002623,"max":0.000031471,"avg":0.000006270,"var":0.000000001,"sum":0.000062704},"relative_timestamp_from_create":{"num":10,"min":0.000000238,"max":0.000003815,"avg":0.000000811,"var":0.000000000,"sum":0.000008106}},"forward_cb":{"duration":{"num":10,"min":0.000000238,"max":0.000000477,"avg":0.000000262,"var":0.000000000,"sum":0.000002623},"relative_timestamp_from_iforward_start":{"num":10,"min":1.016124487,"max":2.179236174,"avg":1.953492498,"var":1.017433502,"sum":19.534924984}},"iforward_wait":{"duration":{"num":10,"min":1.016350269,"max":2.179437637,"avg":1.953682780,"var":1.017368528,"sum":19.536827803},"relative_timestamp_from_iforward_end":{"num":10,"min":0.000000000.0,"max":0.000000238,"avg":0.000000215,"var":0.000000000,"sum":0.000002146}},"set_input":{"duration":{"num":10,"min":0.000000238,"max":0.000005007,"avg":0.000000906,"var":0.000000000,"sum":0.000009060},"relative_timestamp_from_iforward_start":{"num":10,"min":0.000001907,"max":0.000018835,"avg":0.000004148,"var":0.000000000,"sum":0.000041485}},"get_output":{"duration":{"num":10,"min":0.022977352,"max":0.025232553,"avg":0.023533273,"var":0.000004833,"sum":0.235332727},"relative_timestamp_from_wait_end":{"num":10,"min":0.000000238,"max":0.000000954,"avg":0.000000548,"var":0.000000000,"sum":0.000005484}}}},"target":{"received from ofi+cxi://0x23eb6600":{"handler":{"duration":{"num":10,"min":0.000000477,"max":0.000006914,"avg":0.000001478,"var":0.000000000,"sum":0.000014782}},"ult":{"duration":{"num":10,"min":1.015840769,"max":2.179430246,"avg":1.953625846,"var":1.018310849,"sum":19.536258459},"relative_timestamp_from_handler_start":{"num":10,"min":0.000001192,"max":0.000490665,"avg":0.000051427,"var":0.000000214,"sum":0.000514269}},"irespond":{"duration":{"num":10,"min":0.026261091,"max":0.028831005,"avg":0.027476931,"var":0.000005147,"sum":0.274769306},"relative_timestamp_from_ult_start":{"num":10,"min":0.972448826,"max":2.134677649,"avg":1.922588897,"var":1.040279354,"sum":19.225888968}},"respond_cb":{"duration":{"num":10,"min":0.000000000.0,"max":0.000000715,"avg":0.000000238,"var":0.000000000,"sum":0.000002384},"relative_timestamp_from_irespond_start":{"num":10,"min":0.026618481,"max":0.044548988,"avg":0.030841327,"var":0.000427134,"sum":0.308413267}},"irespond_wait":{"duration":{"num":10,"min":0.000002861,"max":0.016879797,"avg":0.003365779,"var":0.000452281,"sum":0.033657789},"relative_timestamp_from_irespond_end":{"num":10,"min":0.000000000.0,"max":0.000000477,"avg":0.000000286,"var":0.000000000,"sum":0.000002861}},"set_output":{"duration":{"num":10,"min":0.025545597,"max":0.028114557,"avg":0.026782465,"var":0.000005000,"sum":0.267824650},"relative_timestamp_from_irespond_start":{"num":10,"min":0.000000238,"max":0.000002146,"avg":0.000000739,"var":0.000000000,"sum":0.000007391}},"get_input":{"duration":{"num":10,"min":0.000000238,"max":0.000002861,"avg":0.000000572,"var":0.000000000,"sum":0.000005722},"relative_timestamp_from_ult_start":{"num":10,"min":0.000000238,"max":0.000007868,"avg":0.000001192,"var":0.000000000,"sum":0.000011921}}}}},"14048217247822970879:0:14048217247822970879:0":{"rpc_id":-4398526825886580737,"provider_id":0,"parent_rpc_id":-4398526825886580737,"parent_provider_id":0,"name":"get_file_data","origin":{"sent to ofi+cxi://0x23e92000":{"iforward":{"duration":{"num":30,"min":0.000003099,"max":0.000705481,"avg":0.000208696,"var":0.000001184,"sum":0.006260872},"relative_timestamp_from_create":{"num":30,"min":0.000000000.0,"max":0.000000477,"avg":0.000000238,"var":0.000000000,"sum":0.000007153}},"forward_cb":{"duration":{"num":30,"min":0.000000238,"max":0.000002384,"avg":0.000000604,"var":0.000000000,"sum":0.000018120},"relative_timestamp_from_iforward_start":{"num":30,"min":0.947052717,"max":2.091499805,"avg":1.891299176,"var":2.034647890,"sum":56.738975286}},"iforward_wait":{"duration":{"num":30,"min":0.947025061,"max":2.091485739,"avg":1.891092054,"var":2.033823882,"sum":56.732761621},"relative_timestamp_from_iforward_end":{"num":30,"min":0.000000000.0,"max":0.000000238,"avg":0.000000230,"var":0.000000000,"sum":0.000006914}},"set_input":{"duration":{"num":30,"min":0.000000000.0,"max":0.000000715,"avg":0.000000397,"var":0.000000000,"sum":0.000011921},"relative_timestamp_from_iforward_start":{"num":30,"min":0.000000477,"max":0.000002384,"avg":0.000001184,"var":0.000000000,"sum":0.000035524}},"get_output":{"duration":{"num":30,"min":0.022070408,"max":0.028132677,"avg":0.025934569,"var":0.000147717,"sum":0.778037071},"relative_timestamp_from_wait_end":{"num":30,"min":0.000000477,"max":0.000001669,"avg":0.000000723,"var":0.000000000,"sum":0.000021696}}}},"target":{"received from ofi+cxi://0x23eb0000":{"handler":{"duration":{"num":10,"min":0.000002146,"max":0.000002623,"avg":0.000002360,"var":0.000000000,"sum":0.000023603}},"ult":{"duration":{"num":10,"min":1.113245249,"max":2.153848886,"avg":1.938543177,"var":0.820802680,"sum":19.385431767},"relative_timestamp_from_handler_start":{"num":10,"min":0.000002861,"max":0.000003338,"avg":0.000003028,"var":0.000000000,"sum":0.000030279}},"irespond":{"duration":{"num":10,"min":0.024265528,"max":0.026221037,"avg":0.024929786,"var":0.000003757,"sum":0.249297857},"relative_timestamp_from_ult_start":{"num":10,"min":1.063462257,"max":2.102459908,"avg":1.888355470,"var":0.820162009,"sum":18.883554697}},"respond_cb":{"duration":{"num":10,"min":0.000000000.0,"max":0.000000238,"avg":0.000000119,"var":0.000000000,"sum":0.000001192},"relative_timestamp_from_irespond_start":{"num":10,"min":0.049242496,"max":0.051202059,"avg":0.049987531,"var":0.000004522,"sum":0.499875307}},"irespond_wait":{"duration":{"num":10,"min":0.024708986,"max":0.025423765,"avg":0.025058055,"var":0.000000519,"sum":0.250580549},"relative_timestamp_from_irespond_end":{"num":10,"min":0.000000000.0,"max":0.000000477,"avg":0.000000262,"var":0.000000000,"sum":0.000002623}},"set_output":{"duration":{"num":10,"min":0.023572445,"max":0.025524855,"avg":0.024245119,"var":0.000003861,"sum":0.242451191},"relative_timestamp_from_irespond_start":{"num":10,"min":0.000000238,"max":0.000000715,"avg":0.000000405,"var":0.000000000,"sum":0.000004053}},"get_input":{"duration":{"num":10,"min":0.000000238,"max":0.000000715,"avg":0.000000525,"var":0.000000000,"sum":0.000005245},"relative_timestamp_from_ult_start":{"num":10,"min":0.000000238,"max":0.000000715,"avg":0.000000429,"var":0.000000000,"sum":0.000004292}}},"received from ofi+cxi://0x23eb0400":{"handler":{"duration":{"num":10,"min":0.000001907,"max":0.001426220,"avg":0.000144625,"var":0.000001825,"sum":0.001446247}},"ult":{"duration":{"num":10,"min":1.736363411,"max":2.157019615,"avg":1.994362140,"var":0.177652191,"sum":19.943621397},"relative_timestamp_from_handler_start":{"num":10,"min":0.000002384,"max":0.001428127,"avg":0.000145221,"var":0.000001829,"sum":0.001452208}},"irespond":{"duration":{"num":10,"min":0.024681330,"max":0.028011560,"avg":0.027179170,"var":0.000007566,"sum":0.271791697},"relative_timestamp_from_ult_start":{"num":10,"min":1.691483259,"max":2.103932381,"avg":1.942408228,"var":0.173883793,"sum":19.424082279}},"respond_cb":{"duration":{"num":10,"min":0.000000000.0,"max":0.000000238,"avg":0.000000143,