{"address":"","rpcs":{"get_file_data:0":{"timestamps":[1717913322.675899029,1717913323.757885695,1717913324.797885180,1717913325.837886333,1717913326.877885342,1717913327.917885303,1717913328.957887650,1717913329.997886181,1717913331.037885427,1717913332.077886820,1717913333.117885113,1717913334.157885551,1717913335.197886705,1717913336.237885475,1717913337.277885914,1717913338.317886591,1717913339.357886076,1717913340.397886276,1717913341.437885761,1717913342.477886915,1717913343.517885685,1717913344.557885647,1717913345.597889900,1717913346.637890577,1717913347.677885771,1717913348.717885256,1717913349.757885933,1717913350.797885418,1717913351.837885380,1717913352.877885818,1717913353.917886972,1717913354.953885794,1717913355.993888140,1717913357.033885479,1717913358.073886633,1717913359.113886356,1717913360.153885126,1717913361.193885803,1717913362.233887434,1717913363.273885727,1717913364.313886881,1717913365.353885174,1717913366.393886805,1717913367.433886290,1717913368.473885298,1717913369.513886213,1717913370.553885698,1717913371.593886375,1717913372.633886337,1717913373.673886061,1717913374.713886976,1717913375.753886938,1717913376.793886900,1717913377.833886862,1717913378.873886824,1717913379.913886309,1717913380.953886747,1717913381.993886948,1717913383.033885956,1717913384.073886395,1717913385.113885880,1717913386.153886318,1717913387.193886757,1717913388.233886480,1717913389.273886919,1717913390.313886404,1717913391.353885889,1717913392.393886089,1717913393.433885813,1717913394.473885775,1717913395.513885975,1717913396.553885937,1717913397.593887091,1717913398.633885860,1717913399.673885822,1717913400.713885307,1717913401.753885746,1717913402.793886185,1717913403.833885670,1717913404.873886347,1717913405.913886309,1717913406.953885078,1717913407.993887186,1717913409.033885717,1717913410.073886156,1717913411.113886118,1717913412.153885603,1717913412.576780081],"count":[1,9,0,0,0,0,0,0,0,0,0,0,0,0,0,0,0,0,0,0,0,0,0,0,0,0,0,0,0,0,0,0,0,0,0,0,0,0,0,0,0,0,0,0,0,0,0,0,0,0,0,0,0,0,0,0,0,0,0,0,0,0,0,0,0,0,0,0,0,0,0,0,0,0,0,0,0,0,0,0,0,0,0,0,0,0,0,0],"bulk_size":[0,0,0,0,0,0,0,0,0,0,0,0,0,0,0,0,0,0,0,0,0,0,0,0,0,0,0,0,0,0,0,0,0,0,0,0,0,0,0,0,0,0,0,0,0,0,0,0,0,0,0,0,0,0,0,0,0,0,0,0,0,0,0,0,0,0,0,0,0,0,0,0,0,0,0,0,0,0,0,0,0,0,0,0,0,0,0,0]},"__shutdown__:65535":{"timestamps":[1717913412.576780081],"count":[1],"bulk_size":[0]}},"pools":{"__primary__":{"timestamps":[1717913322.675899029,1717913323.757885695,1717913324.797885180,1717913325.837886333,1717913326.877885342,1717913327.917885303,1717913328.957887650,1717913329.997886181,1717913331.037885427,1717913332.077886820,1717913333.117885113,1717913334.157885551,1717913335.197886705,1717913336.237885475,1717913337.277885914,1717913338.317886591,1717913339.357886076,1717913340.397886276,1717913341.437885761,1717913342.477886915,1717913343.517885685,1717913344.557885647,1717913345.597889900,1717913346.637890577,1717913347.677885771,1717913348.717885256,1717913349.757885933,1717913350.797885418,1717913351.837885380,1717913352.877885818,1717913353.917886972,1717913354.953885794,1717913355.993888140,1717913357.033885479,1717913358.073886633,1717913359.113886356,1717913360.153885126,1717913361.193885803,1717913362.233887434,1717913363.273885727,1717913364.313886881,1717913365.353885174,1717913366.393886805,1717913367.433886290,1717913368.473885298,1717913369.513886213,1717913370.553885698,1717913371.593886375,1717913372.633886337,1717913373.673886061,1717913374.713886976,1717913375.753886938,1717913376.793886900,1717913377.833886862,1717913378.873886824,1717913379.913886309,1717913380.953886747,1717913381.993886948,1717913383.033885956,1717913384.073886395,1717913385.113885880,1717913386.153886318,1717913387.193886757,1717913388.233886480,1717913389.273886919,1717913390.313886404,1717913391.353885889,1717913392.393886089,1717913393.433885813,1717913394.473885775,1717913395.513885975,1717913396.553885937,1717913397.593887091,1717913398.633885860,1717913399.673885822,1717913400.713885307,1717913401.753885746,1717913402.793886185,1717913403.833885670,1717913404.873886347,1717913405.913886309,1717913406.953885078,1717913407.993887186,1717913409.033885717,1717913410.073886156,1717913411.113886118,1717913412.153885603,1717913412.576780081],"size":[0,0,0,0,0,0,0,0,0,0,0,0,0,0,0,0,0,0,0,0,0,0,0,0,0,0,0,0,0,0,0,0,0,0,0,0,0,0,0,0,0,0,0,0,0,0,0,0,0,0,0,0,0,0,0,0,0,0,0,0,0,0,0,0,0,0,0,0,0,0,0,0,0,0,0,0,0,0,0,0,0,0,0,0,0,0,0,0],"total_size":[2,1,1,1,1,1,1,1,1,1,1,1,1,1,1,1,1,1,1,1,1,1,1,1,1,1,1,1,1,1,1,1,1,1,1,1,1,1,1,1,1,1,1,1,1,1,1,1,1,1,1,1,1,1,1,1,1,1,1,1,1,1,1,1,1,1,1,1,1,1,1,1,1,1,1,1,1,1,1,1,1,1,1,1,1,1,1,0]}}}