{"address":"","progress_loop":{"progress_with_timeout":{"num":1157,"min":0.000000954,"max":0.104007721,"avg":0.103130710,"var":0.099849347,"sum":119.322231531},"progress_timeout_value_msec":{"num":1157,"min":100.000000000.0,"max":100.000000000.0,"avg":100.000000000.0,"var":0.000000000.0,"sum":115700.000000000.0},"progress_without_timeout":{"num":70026407,"min":0.000000000.0,"max":0.022662163,"avg":0.000000114,"var":0.005033279,"sum":8.007717609},"trigger":{"num":52,"min":0.000000477,"max":0.000037432,"avg":0.000002806,"var":0.000000002,"sum":0.000145912}},"rpcs":{"65535:65535:14048217247822970879:0":{"rpc_id":-4398526825886580737,"provider_id":0,"parent_rpc_id":65535,"parent_provider_id":65535,"name":"get_file_data","origin":{"sent to ofi+cxi://0x23e94600":{"iforward":{"duration":{"num":10,"min":0.000002623,"max":0.000033140,"avg":0.000006199,"var":0.000000001,"sum":0.000061989},"relative_timestamp_from_create":{"num":10,"min":0.000000238,"max":0.000005484,"avg":0.000000811,"var":0.000000000,"sum":0.000008106}},"forward_cb":{"duration":{"num":10,"min":0.000000238,"max":0.000000477,"avg":0.000000405,"var":0.000000000,"sum":0.000004053},"relative_timestamp_from_iforward_start":{"num":10,"min":1.543118000,"max":2.260616541,"avg":2.027559018,"var":0.313522551,"sum":20.275590181}},"iforward_wait":{"duration":{"num":10,"min":1.543341875,"max":2.260851860,"avg":2.027788925,"var":0.313529256,"sum":20.277889252},"relative_timestamp_from_iforward_end":{"num":10,"min":0.000000000.0,"max":0.000000238,"avg":0.000000119,"var":0.000000000,"sum":0.000001192}},"set_input":{"duration":{"num":10,"min":0.000000238,"max":0.000004768,"avg":0.000000882,"var":0.000000000,"sum":0.000008821},"relative_timestamp_from_iforward_start":{"num":10,"min":0.000001669,"max":0.000020742,"avg":0.000004196,"var":0.000000000,"sum":0.000041962}},"get_output":{"duration":{"num":10,"min":0.023399353,"max":0.024390936,"avg":0.023897839,"var":0.000001296,"sum":0.238978386},"relative_timestamp_from_wait_end":{"num":10,"min":0.000000238,"max":0.000000954,"avg":0.000000548,"var":0.000000000,"sum":0.000005484}}}},"target":{"received from ofi+cxi://0x23e94600":{"handler":{"duration":{"num":10,"min":0.000000954,"max":0.000005245,"avg":0.000001431,"var":0.000000000,"sum":0.000014305}},"ult":{"duration":{"num":10,"min":1.542834520,"max":2.260846376,"avg":2.027732778,"var":0.314015281,"sum":20.277327776},"relative_timestamp_from_handler_start":{"num":10,"min":0.000001669,"max":0.000489950,"avg":0.000050950,"var":0.000000214,"sum":0.000509501}},"irespond":{"duration":{"num":10,"min":0.027627468,"max":0.029127121,"avg":0.028110504,"var":0.000002004,"sum":0.281105042},"relative_timestamp_from_ult_start":{"num":10,"min":1.514466286,"max":2.232769251,"avg":1.999384522,"var":0.314080710,"sum":19.993845224}},"respond_cb":{"duration":{"num":10,"min":0.000000000.0,"max":0.000000477,"avg":0.000000215,"var":0.000000000,"sum":0.000002146},"relative_timestamp_from_irespond_start":{"num":10,"min":0.027629614,"max":0.029129505,"avg":0.028112817,"var":0.000002004,"sum":0.281128168}},"irespond_wait":{"duration":{"num":10,"min":0.000003099,"max":0.000005484,"avg":0.000003815,"var":0.000000000,"sum":0.000038147},"relative_timestamp_from_irespond_end":{"num":10,"min":0.000000000.0,"max":0.000000477,"avg":0.000000262,"var":0.000000000,"sum":0.000002623}},"set_output":{"duration":{"num":10,"min":0.026923656,"max":0.028414965,"avg":0.027397776,"var":0.000001971,"sum":0.273977757},"relative_timestamp_from_irespond_start":{"num":10,"min":0.000000238,"max":0.000001431,"avg":0.000000429,"var":0.000000000,"sum":0.000004292}},"get_input":{"duration":{"num":10,"min":0.000000238,"max":0.000002861,"avg":0.000000596,"var":0.000000000,"sum":0.000005960},"relative_timestamp_from_ult_start":{"num":10,"min":0.000000238,"max":0.000007629,"avg":0.000001192,"var":0.000000000,"sum":0.000011921}}}}},"14048217247822970879:0:14048217247822970879:0":{"rpc_id":-4398526825886580737,"provider_id":0,"parent_rpc_id":-4398526825886580737,"parent_provider_id":0,"name":"get_file_data","origin":{"sent to ofi+cxi://0x23ed2400":{"iforward":{"duration":{"num":10,"min":0.000014067,"max":0.000036478,"avg":0.000017834,"var":0.000000000,"sum":0.000178337},"relative_timestamp_from_create":{"num":10,"min":0.000000000.0,"max":0.000000477,"avg":0.000000238,"var":0.000000000,"sum":0.000002384}},"forward_cb":{"duration":{"num":10,"min":0.000000477,"max":0.000021219,"avg":0.000002813,"var":0.000000000,"sum":0.000028133},"relative_timestamp_from_iforward_start":{"num":10,"min":1.486646414,"max":2.204645634,"avg":1.971329927,"var":0.313908897,"sum":19.713299274}},"iforward_wait":{"duration":{"num":10,"min":1.486618519,"max":2.204627275,"avg":1.971316457,"var":0.313918813,"sum":19.713164568},"relative_timestamp_from_iforward_end":{"num":10,"min":0.000000000.0,"max":0.000000238,"avg":0.000000167,"var":0.000000000,"sum":0.000001669}},"set_input":{"duration":{"num":10,"min":0.000000238,"max":0.000000477,"avg":0.000000429,"var":0.000000000,"sum":0.000004292},"relative_timestamp_from_iforward_start":{"num":10,"min":0.000000715,"max":0.000002384,"avg":0.000000954,"var":0.000000000,"sum":0.000009537}},"get_output":{"duration":{"num":10,"min":0.027300835,"max":0.028642178,"avg":0.028006482,"var":0.000001574,"sum":0.280064821},"relative_timestamp_from_wait_end":{"num":10,"min":0.000000477,"max":0.000001192,"avg":0.000000691,"var":0.000000000,"sum":0.000006914}}}}},"65535:65535:8686831390660034559:65535":{"rpc_id":8686831390660034559,"provider_id":65535,"parent_rpc_id":65535,"parent_provider_id":65535,"name":"__shutdown__","target":{"received from ofi+cxi://0x23e70601":{"handler":{"duration":{"num":1,"min":0.000024796,"max":0.000024796,"avg":0.000024796,"var":0.000000000.0,"sum":0.000024796}},"ult":{"duration":{"num":1,"min":0.000017881,"max":0.000017881,"avg":0.000017881,"var":0.000000000.0,"sum":0.000017881},"relative_timestamp_from_handler_start":{"num":1,"min":0.000029087,"max":0.000029087,"avg":0.000029087,"var":0.000000000.0,"sum":0.000029087}},"irespond":{"duration":{"num":1,"min":0.000007629,"max":0.000007629,"avg":0.000007629,"var":0.000000000.0,"sum":0.000007629},"relative_timestamp_from_ult_start":{"num":1,"min":0.000001192,"max":0.000001192,"avg":0.000001192,"var":0.000000000.0,"sum":0.000001192}},"respond_cb":{"duration":{"num":1,"min":0.000000238,"max":0.000000238,"avg":0.000000238,"var":0.000000000.0,"sum":0.000000238},"relative_timestamp_from_irespond_start":{"num":1,"min":0.000013828,"max":0.000013828,"avg":0.000013828,"var":0.000000000.0,"sum":0.000013828}},"irespond_wait":{"duration":{"num":1,"min":0.000006676,"max":0.000006676,"avg":0.000006676,"var":0.000000000.0,"sum":0.000006676},"relative_timestamp_from_irespond_end":{"num":1,"min":0.000000238,"max":0.000000238,"avg":0.000000238,"var":0.000000000.0,"sum":0.000000238}},"set_output":{"duration":{"num":1,"min":0.000000715,"max":0.000000715,"avg":0.000000715,"var":0.000000000.0,"sum":0.000000715},"relative_timestamp_from_irespond_start":{"num":1,"min":0.000000954,"max":0.000000954,"avg":0.000000954,"var":0.000000000.0,"sum":0.000000954}},"get_input":{"duration":{"num":0,"min":0.000000000.0,"max":0.000000000.0,"avg":0.000000000.0,"var":0.000000000.0,"sum":0.000000000.0},"relative_timestamp_from_ult_start":{"num":0,"min":0.000000000.0,"max":0.000000000.0,"avg":0.000000000.0,"var":0.000000000.0,"sum":0.000000000.0}}}}}}}