{"address":"","rpcs":{"get_file_data:0":{"timestamps":[1717912283.969173908,1717912285.067163229,1717912286.107163429,1717912287.147164106,1717912288.187162876,1717912289.227163076,1717912290.267162323,1717912291.307163715,1717912292.347164631,1717912293.387164593,1717912294.427163363,1717912295.467163086,1717912296.507165670,1717912297.547163963,1717912298.587163448,1717912299.627164841,1717912300.667163372,1717912301.707163572,1717912302.747162819,1717912303.787165403,1717912304.827163219,1717912305.867163420,1717912306.907163620,1717912307.947165012,1717912308.987163782,1717912310.027164698,1717912311.067166805,1717912312.107164621,1717912313.147164583,1717912314.187162876,1717912315.227163792,1717912316.267164707,1717912317.307162762,1717912318.347163916,1717912319.387163877,1717912320.427170038,1717912321.467162371,1717912322.507163525,1717912323.547164679,1717912324.587163925,1717912325.627163887,1717912326.667165041,1717912327.707164049,1717912328.747164726,1717912329.787163734,1717912330.827165127,1717912331.867164135,1717912332.907164335,1717912333.947162628,1717912334.987163782,1717912336.027164221,1717912337.067166805,1717912338.107163429,1717912339.147163868,1717912340.187162876,1717912341.227164268,1717912342.267163754,1717912343.307163477,1717912344.347163916,1717912345.387165070,1717912346.427163601,1717912347.467163086,1717912348.507164478,1717912349.547164202,1717912350.587163448,1717912351.627163172,1717912352.667163849,1717912353.707164288,1717912354.747164011,1717912355.787163734,1717912356.827164412,1717912357.867163420,1717912358.907163620,1717912359.947165489,1717912360.987164021,1717912362.027164459,1717912363.067163944,1717912364.107164621,1717912365.147162914,1717912366.187167883,1717912367.227164745,1717912368.267163992,1717912369.307165623,1717912370.347163916,1717912371.383163691,1717912372.423163414,1717912373.463163614,1717912373.754270077],"count":[1,69,0,0,0,0,0,0,0,0,0,0,0,0,0,0,0,0,0,0,0,0,0,0,0,0,0,0,0,0,0,0,0,0,0,0,0,0,0,0,0,0,0,0,0,0,0,0,0,0,0,0,0,0,0,0,0,0,0,0,0,0,0,0,0,0,0,0,0,0,0,0,0,0,0,0,0,0,0,0,0,0,0,0,0,0,0,0],"bulk_size":[0,0,0,0,0,0,0,0,0,0,0,0,0,0,0,0,0,0,0,0,0,0,0,0,0,0,0,0,0,0,0,0,0,0,0,0,0,0,0,0,0,0,0,0,0,0,0,0,0,0,0,0,0,0,0,0,0,0,0,0,0,0,0,0,0,0,0,0,0,0,0,0,0,0,0,0,0,0,0,0,0,0,0,0,0,0,0,0]},"__shutdown__:65535":{"timestamps":[1717912373.754270077],"count":[1],"bulk_size":[0]}},"pools":{"__primary__":{"timestamps":[1717912283.969173908,1717912285.067163229,1717912286.107163429,1717912287.147164106,1717912288.187162876,1717912289.227163076,1717912290.267162323,1717912291.307163715,1717912292.347164631,1717912293.387164593,1717912294.427163363,1717912295.467163086,1717912296.507165670,1717912297.547163963,1717912298.587163448,1717912299.627164841,1717912300.667163372,1717912301.707163572,1717912302.747162819,1717912303.787165403,1717912304.827163219,1717912305.867163420,1717912306.907163620,1717912307.947165012,1717912308.987163782,1717912310.027164698,1717912311.067166805,1717912312.107164621,1717912313.147164583,1717912314.187162876,1717912315.227163792,1717912316.267164707,1717912317.307162762,1717912318.347163916,1717912319.387163877,1717912320.427170038,1717912321.467162371,1717912322.507163525,1717912323.547164679,1717912324.587163925,1717912325.627163887,1717912326.667165041,1717912327.707164049,1717912328.747164726,1717912329.787163734,1717912330.827165127,1717912331.867164135,1717912332.907164335,1717912333.947162628,1717912334.987163782,1717912336.027164221,1717912337.067166805,1717912338.107163429,1717912339.147163868,1717912340.187162876,1717912341.227164268,1717912342.267163754,1717912343.307163477,1717912344.347163916,1717912345.387165070,1717912346.427163601,1717912347.467163086,1717912348.507164478,1717912349.547164202,1717912350.587163448,1717912351.627163172,1717912352.667163849,1717912353.707164288,1717912354.747164011,1717912355.787163734,1717912356.827164412,1717912357.867163420,1717912358.907163620,1717912359.947165489,1717912360.987164021,1717912362.027164459,1717912363.067163944,1717912364.107164621,1717912365.147162914,1717912366.187167883,1717912367.227164745,1717912368.267163992,1717912369.307165623,1717912370.347163916,1717912371.383163691,1717912372.423163414,1717912373.463163614,1717912373.754270077],"size":[0,0,0,0,0,0,0,0,0,0,0,0,0,0,0,0,0,0,0,0,0,0,0,0,0,0,0,0,0,0,0,0,0,0,0,0,0,0,0,0,0,0,0,0,0,0,0,0,0,0,0,0,0,0,0,0,0,0,0,0,0,0,0,0,0,0,0,0,0,0,0,0,0,0,0,0,0,0,0,0,0,0,0,0,0,0,0,0],"total_size":[2,1,1,1,1,1,1,1,1,1,1,1,1,1,1,1,1,1,1,1,1,1,1,1,1,1,1,1,1,1,1,1,1,1,1,1,1,1,1,1,1,1,1,1,1,1,1,1,1,1,1,1,1,1,1,1,1,1,1,1,1,1,1,1,1,1,1,1,1,1,1,1,1,1,1,1,1,1,1,1,1,1,1,1,1,1,1,0]}}}