{"address":"","progress_loop":{"progress_with_timeout":{"num":1074,"min":0.000004768,"max":0.104011059,"avg":0.102236867,"var":0.191014553,"sum":109.802395582},"progress_timeout_value_msec":{"num":1074,"min":100.000000000.0,"max":100.000000000.0,"avg":100.000000000.0,"var":0.000000000.0,"sum":107400.000000000.0},"progress_without_timeout":{"num":130395,"min":0.000000000.0,"max":0.000067472,"avg":0.000000119,"var":0.000000014,"sum":0.015466928},"trigger":{"num":612,"min":0.000000000.0,"max":0.002754688,"avg":0.000007329,"var":0.000009547,"sum":0.004485607}},"rpcs":{"65535:65535:14048217247822970879:0":{"rpc_id":-4398526825886580737,"provider_id":0,"parent_rpc_id":65535,"parent_provider_id":65535,"name":"get_file_data","origin":{"sent to ofi+cxi://0x23e96600":{"iforward":{"duration":{"num":10,"min":0.000000715,"max":0.000033379,"avg":0.000004148,"var":0.000000001,"sum":0.000041485},"relative_timestamp_from_create":{"num":10,"min":0.000000000.0,"max":0.000004768,"avg":0.000000572,"var":0.000000000,"sum":0.000005722}},"forward_cb":{"duration":{"num":10,"min":0.000000000.0,"max":0.000000477,"avg":0.000000119,"var":0.000000000,"sum":0.000001192},"relative_timestamp_from_iforward_start":{"num":10,"min":0.000075817,"max":0.007127047,"avg":0.000796485,"var":0.000044530,"sum":0.007964849}},"iforward_wait":{"duration":{"num":10,"min":0.000075579,"max":0.007131577,"avg":0.000796723,"var":0.000044590,"sum":0.007967234},"relative_timestamp_from_iforward_end":{"num":10,"min":0.000000000.0,"max":0.000000238,"avg":0.000000095,"var":0.000000000,"sum":0.000000954}},"set_input":{"duration":{"num":10,"min":0.000000000.0,"max":0.000005245,"avg":0.000000787,"var":0.000000000,"sum":0.000007868},"relative_timestamp_from_iforward_start":{"num":10,"min":0.000000238,"max":0.000020027,"avg":0.000002456,"var":0.000000000,"sum":0.000024557}},"get_output":{"duration":{"num":10,"min":0.000000715,"max":0.000007391,"avg":0.000001383,"var":0.000000000,"sum":0.000013828},"relative_timestamp_from_wait_end":{"num":10,"min":0.000000000.0,"max":0.000000238,"avg":0.000000167,"var":0.000000000,"sum":0.000001669}}}},"target":{"received from ofi+cxi://0x23e96600":{"handler":{"duration":{"num":10,"min":0.000000238,"max":0.000007391,"avg":0.000001073,"var":0.000000000,"sum":0.000010729}},"ult":{"duration":{"num":10,"min":0.000074148,"max":0.006591558,"avg":0.000741339,"var":0.000038028,"sum":0.007413387},"relative_timestamp_from_handler_start":{"num":10,"min":0.000000477,"max":0.000491858,"avg":0.000049877,"var":0.000000217,"sum":0.000498772}},"irespond":{"duration":{"num":10,"min":0.000016689,"max":0.000022888,"avg":0.000017929,"var":0.000000000,"sum":0.000179291},"relative_timestamp_from_ult_start":{"num":10,"min":0.000055552,"max":0.006549120,"avg":0.000720239,"var":0.000037752,"sum":0.007202387}},"respond_cb":{"duration":{"num":10,"min":0.000000000.0,"max":0.000000477,"avg":0.000000119,"var":0.000000000,"sum":0.000001192},"relative_timestamp_from_irespond_start":{"num":10,"min":0.000017166,"max":0.000039101,"avg":0.000020003,"var":0.000000000,"sum":0.000200033}},"irespond_wait":{"duration":{"num":10,"min":0.000000954,"max":0.000018120,"avg":0.000002718,"var":0.000000000,"sum":0.000027180},"relative_timestamp_from_irespond_end":{"num":10,"min":0.000000000.0,"max":0.000000238,"avg":0.000000072,"var":0.000000000,"sum":0.000000715}},"set_output":{"duration":{"num":10,"min":0.000009537,"max":0.000011683,"avg":0.000010085,"var":0.000000000,"sum":0.000100851},"relative_timestamp_from_irespond_start":{"num":10,"min":0.000000000.0,"max":0.000000715,"avg":0.000000143,"var":0.000000000,"sum":0.000001431}},"get_input":{"duration":{"num":10,"min":0.000000000.0,"max":0.000002384,"avg":0.000000334,"var":0.000000000,"sum":0.000003338},"relative_timestamp_from_ult_start":{"num":10,"min":0.000000000.0,"max":0.000005722,"avg":0.000000691,"var":0.000000000,"sum":0.000006914}}}}},"14048217247822970879:0:14048217247822970879:0":{"rpc_id":-4398526825886580737,"provider_id":0,"parent_rpc_id":-4398526825886580737,"parent_provider_id":0,"name":"get_file_data","origin":{"sent to ofi+cxi://0x23e70400":{"iforward":{"duration":{"num":150,"min":0.000000954,"max":0.000031948,"avg":0.000003037,"var":0.000000002,"sum":0.000455618},"relative_timestamp_from_create":{"num":150,"min":0.000000000.0,"max":0.000000477,"avg":0.000000095,"var":0.000000000,"sum":0.000014305}},"forward_cb":{"duration":{"num":150,"min":0.000000000.0,"max":0.000001431,"avg":0.000000092,"var":0.000000000,"sum":0.000013828},"relative_timestamp_from_iforward_start":{"num":150,"min":0.000024319,"max":0.010307074,"avg":0.001326472,"var":0.000794093,"sum":0.198970795}},"iforward_wait":{"duration":{"num":150,"min":0.000023603,"max":0.010304451,"avg":0.001324116,"var":0.000794205,"sum":0.198617458},"relative_timestamp_from_iforward_end":{"num":150,"min":0.000000000.0,"max":0.000002623,"avg":0.000000208,"var":0.000000000,"sum":0.000031233}},"set_input":{"duration":{"num":150,"min":0.000000000.0,"max":0.000000477,"avg":0.000000175,"var":0.000000000,"sum":0.000026226},"relative_timestamp_from_iforward_start":{"num":150,"min":0.000000238,"max":0.000002623,"avg":0.000000421,"var":0.000000000,"sum":0.000063181}},"get_output":{"duration":{"num":150,"min":0.000000715,"max":0.000008583,"avg":0.000001198,"var":0.000000000,"sum":0.000179768},"relative_timestamp_from_wait_end":{"num":150,"min":0.000000000.0,"max":0.000004292,"avg":0.000000188,"var":0.000000000,"sum":0.000028133}}}},"target":{"received from ofi+cxi://0x23e90400":{"handler":{"duration":{"num":70,"min":0.000000238,"max":0.001410007,"avg":0.000020579,"var":0.000001959,"sum":0.001440525}},"ult":{"duration":{"num":70,"min":0.000054121,"max":0.008601904,"avg":0.000315925,"var":0.000101317,"sum":0.022114754},"relative_timestamp_from_handler_start":{"num":70,"min":0.000000477,"max":0.001411676,"avg":0.000021734,"var":0.000001962,"sum":0.001521349}},"irespond":{"duration":{"num":70,"min":0.000002146,"max":0.000030518,"avg":0.000014036,"var":0.000000004,"sum":0.000982523},"relative_timestamp_from_ult_start":{"num":70,"min":0.000030041,"max":0.006460428,"avg":0.000199788,"var":0.000051947,"sum":0.013985157}},"respond_cb":{"duration":{"num":70,"min":0.000000000.0,"max":0.000000238,"avg":0.000000068,"var":0.000000000,"sum":0.000004768},"relative_timestamp_from_irespond_start":{"num":70,"min":0.000015020,"max":0.002122402,"avg":0.000114363,"var":0.000009608,"sum":0.008005381}},"irespond_wait":{"duration":{"num":70,"min":0.000012875,"max":0.002111435,"avg":0.000101573,"var":0.000009650,"sum":0.007110119},"relative_timestamp_from_irespond_end":{"num":70,"min":0.000000000.0,"max":0.000000715,"avg":0.000000279,"var":0.000000000,"sum":0.000019550}},"set_output":{"duration":{"num":70,"min":0.000000715,"max":0.000014544,"avg":0.000007193,"var":0.000000001,"sum":0.000503540},"relative_timestamp_from_irespond_start":{"num":70,"min":0.000000000.0,"max":0.000000238,"avg":0.000000092,"var":0.000000000,"sum":0.000006437}},"get_input":{"duration":{"num":70,"min":0.000000000.0,"max":0.000000477,"avg":0.000000136,"var":0.000000000,"sum":0.000009537},"relative_timestamp_from_ult_start":{"num":70,"min":0.000000000.0,"max":0.000000715,"avg":0.000000163,"var":0.000000000,"sum":0.000011444}}},"received from ofi+cxi://0x23eb4600":{"handler":{"duration":{"num":70,"min":0.000000238,"max":0.002753735,"avg":0.000039775,"var":0.000007472,"sum":0.002784252}},"ult":{"duration":{"num":70,"min":0.000046968,"max":0.010333538,"avg":0.002826132,"var":0.000495151,"sum":0.197829247},"relative_timestamp_from_handler_start":{"num":70,"min":0.000000477,"max":0.002755404,"avg":0.000040351,"var":0.000007479,"sum":0.002824545}},"irespond":{"duration":{"num":70,"min":0.000001669,"max":0.000027657,"avg":0.000005402,"var":0.000000003,"sum":0.000378132},"relative_timestamp_from_ult_start":{"num":70,"min":0.000029564,"max":0.010312557,"avg":0.002554866,"var":0.000507853,"sum":0.178840637}},"respond_cb":{"duration":{"num":70,"min":0.000000000.0,"max":0.000000477,