{"address":"","rpcs":{"get_file_data:0":{"timestamps":[1717912861.017832279,1717912862.067058563,1717912863.107058287,1717912864.147058249,1717912865.187059164,1717912866.227058649,1717912867.267058611,1717912868.307058096,1717912869.347058058,1717912870.387058258,1717912871.427058697,1717912872.467058659,1717912873.507059336,1717912874.547059774,1717912875.587058544,1717912876.627059460,1717912877.667057991,1717912878.707059622,1717912879.747058153,1717912880.787058115,1717912881.827058554,1717912882.867058039,1717912883.907059193,1717912884.947057962,1717912885.987059593,1717912887.027063608,1717912888.067059755,1717912889.107058287,1717912890.147058487,1717912891.187059164,1717912892.227058649,1717912893.267059803,1717912894.307057858,1717912895.347058535,1717912896.387059927,1717912897.427058220,1717912898.467059135,1717912899.507058144,1717912900.547058821,1717912901.587059021,1717912902.627058506,1717912903.667058468,1717912904.707058191,1717912905.747059584,1717912906.787058592,1717912907.827060461,1717912908.867062330,1717912909.907058001,1717912910.947058201,1717912911.987059593,1717912913.027058125,1717912914.067058563,1717912915.107058764,1717912916.147058725,1717912917.187058687,1717912918.227058649,1717912919.267057896,1717912920.307058573,1717912921.347058058,1717912922.387061119,1717912923.427058697,1717912924.467058659,1717912925.507058144,1717912926.547060966,1717912927.587059736,1717912928.627058029,1717912929.667057991,1717912930.707058668,1717912931.747058630,1717912932.787057877,1717912933.827057838,1717912934.867058516,1717912935.903059721,1717912936.943058014,1717912937.983057737,1717912939.023058176,1717912940.063060522,1717912941.103058815,1717912942.143059969,1717912943.183060169,1717912944.223060131,1717912945.263058424,1717912946.303059340,1717912947.343058109,1717912948.383060455,1717912949.423060179,1717912950.463062048,1717912950.913911819],"count":[1,69,0,0,0,0,0,0,0,0,0,0,0,0,0,0,0,0,0,0,0,0,0,0,0,0,0,0,0,0,0,0,0,0,0,0,0,0,0,0,0,0,0,0,0,0,0,0,0,0,0,0,0,0,0,0,0,0,0,0,0,0,0,0,0,0,0,0,0,0,0,0,0,0,0,0,0,0,0,0,0,0,0,0,0,0,0,0],"bulk_size":[0,0,0,0,0,0,0,0,0,0,0,0,0,0,0,0,0,0,0,0,0,0,0,0,0,0,0,0,0,0,0,0,0,0,0,0,0,0,0,0,0,0,0,0,0,0,0,0,0,0,0,0,0,0,0,0,0,0,0,0,0,0,0,0,0,0,0,0,0,0,0,0,0,0,0,0,0,0,0,0,0,0,0,0,0,0,0,0]},"__shutdown__:65535":{"timestamps":[1717912950.913911819],"count":[1],"bulk_size":[0]}},"pools":{"__primary__":{"timestamps":[1717912861.017832279,1717912862.067058563,1717912863.107058287,1717912864.147058249,1717912865.187059164,1717912866.227058649,1717912867.267058611,1717912868.307058096,1717912869.347058058,1717912870.387058258,1717912871.427058697,1717912872.467058659,1717912873.507059336,1717912874.547059774,1717912875.587058544,1717912876.627059460,1717912877.667057991,1717912878.707059622,1717912879.747058153,1717912880.787058115,1717912881.827058554,1717912882.867058039,1717912883.907059193,1717912884.947057962,1717912885.987059593,1717912887.027063608,1717912888.067059755,1717912889.107058287,1717912890.147058487,1717912891.187059164,1717912892.227058649,1717912893.267059803,1717912894.307057858,1717912895.347058535,1717912896.387059927,1717912897.427058220,1717912898.467059135,1717912899.507058144,1717912900.547058821,1717912901.587059021,1717912902.627058506,1717912903.667058468,1717912904.707058191,1717912905.747059584,1717912906.787058592,1717912907.827060461,1717912908.867062330,1717912909.907058001,1717912910.947058201,1717912911.987059593,1717912913.027058125,1717912914.067058563,1717912915.107058764,1717912916.147058725,1717912917.187058687,1717912918.227058649,1717912919.267057896,1717912920.307058573,1717912921.347058058,1717912922.387061119,1717912923.427058697,1717912924.467058659,1717912925.507058144,1717912926.547060966,1717912927.587059736,1717912928.627058029,1717912929.667057991,1717912930.707058668,1717912931.747058630,1717912932.787057877,1717912933.827057838,1717912934.867058516,1717912935.903059721,1717912936.943058014,1717912937.983057737,1717912939.023058176,1717912940.063060522,1717912941.103058815,1717912942.143059969,1717912943.183060169,1717912944.223060131,1717912945.263058424,1717912946.303059340,1717912947.343058109,1717912948.383060455,1717912949.423060179,1717912950.463062048,1717912950.913911819],"size":[0,0,0,0,0,0,0,0,0,0,0,0,0,0,0,0,0,0,0,0,0,0,0,0,0,0,0,0,0,0,0,0,0,0,0,0,0,0,0,0,0,0,0,0,0,0,0,0,0,0,0,0,0,0,0,0,0,0,0,0,0,0,0,0,0,0,0,0,0,0,0,0,0,0,0,0,0,0,0,0,0,0,0,0,0,0,0,0],"total_size":[2,1,1,1,1,1,1,1,1,1,1,1,1,1,1,1,1,1,1,1,1,1,1,1,1,1,1,1,1,1,1,1,1,1,1,1,1,1,1,1,1,1,1,1,1,1,1,1,1,1,1,1,1,1,1,1,1,1,1,1,1,1,1,1,1,1,1,1,1,1,1,1,1,1,1,1,1,1,1,1,1,1,1,1,1,1,1,0]}}}