{"address":"","progress_loop":{"progress_with_timeout":{"num":1065,"min":0.000000000.0,"max":0.104007006,"avg":0.103029051,"var":0.105017121,"sum":109.725939512},"progress_timeout_value_msec":{"num":1065,"min":100.000000000.0,"max":100.000000000.0,"avg":100.000000000.0,"var":0.000000000.0,"sum":106500.000000000.0},"progress_without_timeout":{"num":401738,"min":0.000000000.0,"max":0.000157118,"avg":0.000000113,"var":0.000000043,"sum":0.045371771},"trigger":{"num":52,"min":0.000000000.0,"max":0.000030279,"avg":0.000001481,"var":0.000000001,"sum":0.000077009}},"rpcs":{"65535:65535:14048217247822970879:0":{"rpc_id":-4398526825886580737,"provider_id":0,"parent_rpc_id":65535,"parent_provider_id":65535,"name":"get_file_data","origin":{"sent to ofi+cxi://0x23ef0400":{"iforward":{"duration":{"num":10,"min":0.000000954,"max":0.000031233,"avg":0.000004363,"var":0.000000001,"sum":0.000043631},"relative_timestamp_from_create":{"num":10,"min":0.000000000.0,"max":0.000004292,"avg":0.000000501,"var":0.000000000,"sum":0.000005007}},"forward_cb":{"duration":{"num":10,"min":0.000000000.0,"max":0.000000238,"avg":0.000000119,"var":0.000000000,"sum":0.000001192},"relative_timestamp_from_iforward_start":{"num":10,"min":0.007126570,"max":0.022620201,"avg":0.011623597,"var":0.000329950,"sum":0.116235971}},"iforward_wait":{"duration":{"num":10,"min":0.007126570,"max":0.022620440,"avg":0.011622572,"var":0.000329839,"sum":0.116225719},"relative_timestamp_from_iforward_end":{"num":10,"min":0.000000000.0,"max":0.000000238,"avg":0.000000048,"var":0.000000000,"sum":0.000000477}},"set_input":{"duration":{"num":10,"min":0.000000000.0,"max":0.000004768,"avg":0.000000811,"var":0.000000000,"sum":0.000008106},"relative_timestamp_from_iforward_start":{"num":10,"min":0.000000477,"max":0.000019073,"avg":0.000002623,"var":0.000000000,"sum":0.000026226}},"get_output":{"duration":{"num":10,"min":0.000010490,"max":0.000072002,"avg":0.000016832,"var":0.000000003,"sum":0.000168324},"relative_timestamp_from_wait_end":{"num":10,"min":0.000000000.0,"max":0.000000477,"avg":0.000000143,"var":0.000000000,"sum":0.000001431}}}},"target":{"received from ofi+cxi://0x23ef0400":{"handler":{"duration":{"num":10,"min":0.000000238,"max":0.000006914,"avg":0.000001192,"var":0.000000000,"sum":0.000011921}},"ult":{"duration":{"num":10,"min":0.007125139,"max":0.022618055,"avg":0.011569691,"var":0.000321878,"sum":0.115696907},"relative_timestamp_from_handler_start":{"num":10,"min":0.000000477,"max":0.000493526,"avg":0.000050139,"var":0.000000218,"sum":0.000501394}},"irespond":{"duration":{"num":10,"min":0.000141144,"max":0.000146389,"avg":0.000144315,"var":0.000000000,"sum":0.001443148},"relative_timestamp_from_ult_start":{"num":10,"min":0.006978989,"max":0.022471189,"avg":0.011421561,"var":0.000321518,"sum":0.114215612}},"respond_cb":{"duration":{"num":10,"min":0.000000000.0,"max":0.000000477,"avg":0.000000167,"var":0.000000000,"sum":0.000001669},"relative_timestamp_from_irespond_start":{"num":10,"min":0.000141859,"max":0.000147104,"avg":0.000144958,"var":0.000000000,"sum":0.001449585}},"irespond_wait":{"duration":{"num":10,"min":0.000001192,"max":0.000002384,"avg":0.000001478,"var":0.000000000,"sum":0.000014782},"relative_timestamp_from_irespond_end":{"num":10,"min":0.000000000.0,"max":0.000000238,"avg":0.000000024,"var":0.000000000,"sum":0.000000238}},"set_output":{"duration":{"num":10,"min":0.000126839,"max":0.000130653,"avg":0.000128913,"var":0.000000000,"sum":0.001289129},"relative_timestamp_from_irespond_start":{"num":10,"min":0.000000000.0,"max":0.000000954,"avg":0.000000238,"var":0.000000000,"sum":0.000002384}},"get_input":{"duration":{"num":10,"min":0.000000000.0,"max":0.000002384,"avg":0.000000429,"var":0.000000000,"sum":0.000004292},"relative_timestamp_from_ult_start":{"num":10,"min":0.000000000.0,"max":0.000007153,"avg":0.000000882,"var":0.000000000,"sum":0.000008821}}}}},"14048217247822970879:0:14048217247822970879:0":{"rpc_id":-4398526825886580737,"provider_id":0,"parent_rpc_id":-4398526825886580737,"parent_provider_id":0,"name":"get_file_data","origin":{"sent to ofi+cxi://0x23ef2000":{"iforward":{"duration":{"num":10,"min":0.000009060,"max":0.000035763,"avg":0.000012708,"var":0.000000001,"sum":0.000127077},"relative_timestamp_from_create":{"num":10,"min":0.000000000.0,"max":0.000000477,"avg":0.000000095,"var":0.000000000,"sum":0.000000954}},"forward_cb":{"duration":{"num":10,"min":0.000000000.0,"max":0.000001192,"avg":0.000000191,"var":0.000000000,"sum":0.000001907},"relative_timestamp_from_iforward_start":{"num":10,"min":0.006816626,"max":0.022322416,"avg":0.011264873,"var":0.000319910,"sum":0.112648726}},"iforward_wait":{"duration":{"num":10,"min":0.006807804,"max":0.022313356,"avg":0.011252880,"var":0.000319625,"sum":0.112528801},"relative_timestamp_from_iforward_end":{"num":10,"min":0.000000000.0,"max":0.000000238,"avg":0.000000143,"var":0.000000000,"sum":0.000001431}},"set_input":{"duration":{"num":10,"min":0.000000238,"max":0.000000715,"avg":0.000000429,"var":0.000000000,"sum":0.000004292},"relative_timestamp_from_iforward_start":{"num":10,"min":0.000000238,"max":0.000002384,"avg":0.000000691,"var":0.000000000,"sum":0.000006914}},"get_output":{"duration":{"num":10,"min":0.000131607,"max":0.000139236,"avg":0.000135136,"var":0.000000000,"sum":0.001351357},"relative_timestamp_from_wait_end":{"num":10,"min":0.000000000.0,"max":0.000020027,"avg":0.000002170,"var":0.000000000,"sum":0.000021696}}}}},"65535:65535:8686831390660034559:65535":{"rpc_id":8686831390660034559,"provider_id":65535,"parent_rpc_id":65535,"parent_provider_id":65535,"name":"__shutdown__","target":{"received from ofi+cxi://0x23e70601":{"handler":{"duration":{"num":1,"min":0.000016928,"max":0.000016928,"avg":0.000016928,"var":0.000000000.0,"sum":0.000016928}},"ult":{"duration":{"num":1,"min":0.000017405,"max":0.000017405,"avg":0.000017405,"var":0.000000000.0,"sum":0.000017405},"relative_timestamp_from_handler_start":{"num":1,"min":0.000021935,"max":0.000021935,"avg":0.000021935,"var":0.000000000.0,"sum":0.000021935}},"irespond":{"duration":{"num":1,"min":0.000007391,"max":0.000007391,"avg":0.000007391,"var":0.000000000.0,"sum":0.000007391},"relative_timestamp_from_ult_start":{"num":1,"min":0.000001669,"max":0.000001669,"avg":0.000001669,"var":0.000000000.0,"sum":0.000001669}},"respond_cb":{"duration":{"num":1,"min":0.000000238,"max":0.000000238,"avg":0.000000238,"var":0.000000000.0,"sum":0.000000238},"relative_timestamp_from_irespond_start":{"num":1,"min":0.000012875,"max":0.000012875,"avg":0.000012875,"var":0.000000000.0,"sum":0.000012875}},"irespond_wait":{"duration":{"num":1,"min":0.000006199,"max":0.000006199,"avg":0.000006199,"var":0.000000000.0,"sum":0.000006199},"relative_timestamp_from_irespond_end":{"num":1,"min":0.000000000.0,"max":0.000000000.0,"avg":0.000000000.0,"var":0.000000000.0,"sum":0.000000000.0}},"set_output":{"duration":{"num":1,"min":0.000000477,"max":0.000000477,"avg":0.000000477,"var":0.000000000.0,"sum":0.000000477},"relative_timestamp_from_irespond_start":{"num":1,"min":0.000001192,"max":0.000001192,"avg":0.000001192,"var":0.000000000.0,"sum":0.000001192}},"get_input":{"duration":{"num":0,"min":0.000000000.0,"max":0.000000000.0,"avg":0.000000000.0,"var":0.000000000.0,"sum":0.000000000.0},"relative_timestamp_from_ult_start":{"num":0,"min":0.000000000.0,"max":0.000000000.0,"avg":0.000000000.0,"var":0.000000000.0,"sum":0.000000000.0}}}}}}}