{"address":"","rpcs":{"get_file_data:0":{"timestamps":[1717912283.959382057,1717912284.964413404,1717912286.004415035,1717912287.044412851,1717912288.084413052,1717912289.124412537,1717912290.164412260,1717912291.204413891,1717912292.244413376,1717912293.284412861,1717912294.324413061,1717912295.364413261,1717912296.404413939,1717912297.444413185,1717912298.484412193,1717912299.524413347,1717912300.564414024,1717912301.604413509,1717912302.644412041,1717912303.684413671,1717912304.724413633,1717912305.764413834,1717912306.804413319,1717912307.844415426,1717912308.884413242,1717912309.924414396,1717912310.964413166,1717912312.004414558,1717912313.044413328,1717912314.084413767,1717912315.124413013,1717912316.164413929,1717912317.204413891,1717912318.244416237,1717912319.284413815,1717912320.324415207,1717912321.364416599,1717912322.404413462,1717912323.444413424,1717912324.484414577,1717912325.524413347,1717912326.564413548,1717912327.604412317,1717912328.644412756,1717912329.680412054,1717912330.720412254,1717912331.760412931,1717912332.800413609,1717912333.840413809,1717912334.880413055,1717912335.920416355,1717912336.960412025,1717912338.000416517,1717912339.040413380,1717912340.080413342,1717912341.120413303,1717912342.160413504,1717912343.200414419,1717912344.240412712,1717912345.280412674,1717912346.320412874,1717912347.360413313,1717912348.400413513,1717912349.440412760,1717912350.480412483,1717912351.520412922,1717912352.560413837,1717912353.600412130,1717912354.640412092,1717912355.680413008,1717912356.720413685,1717912357.760413885,1717912358.800413132,1717912359.840413332,1717912360.880413771,1717912361.920412064,1717912362.960412025,1717912364.000412703,1717912365.040413618,1717912366.080412149,1717912367.120411873,1717912368.160413027,1717912369.200413465,1717912370.240413666,1717912371.280412674,1717912372.320413828,1717912373.360413790,1717912373.754993200],"count":[1,69,0,0,0,0,0,0,0,0,0,0,0,0,0,0,0,0,0,0,0,0,0,0,0,0,0,0,0,0,0,0,0,0,0,0,0,0,0,0,0,0,0,0,0,0,0,0,0,0,0,0,0,0,0,0,0,0,0,0,0,0,0,0,0,0,0,0,0,0,0,0,0,0,0,0,0,0,0,0,0,0,0,0,0,0,0,0],"bulk_size":[0,0,0,0,0,0,0,0,0,0,0,0,0,0,0,0,0,0,0,0,0,0,0,0,0,0,0,0,0,0,0,0,0,0,0,0,0,0,0,0,0,0,0,0,0,0,0,0,0,0,0,0,0,0,0,0,0,0,0,0,0,0,0,0,0,0,0,0,0,0,0,0,0,0,0,0,0,0,0,0,0,0,0,0,0,0,0,0]},"__shutdown__:65535":{"timestamps":[1717912373.754993200],"count":[1],"bulk_size":[0]}},"pools":{"__primary__":{"timestamps":[1717912283.959382057,1717912284.964413404,1717912286.004415035,1717912287.044412851,1717912288.084413052,1717912289.124412537,1717912290.164412260,1717912291.204413891,1717912292.244413376,1717912293.284412861,1717912294.324413061,1717912295.364413261,1717912296.404413939,1717912297.444413185,1717912298.484412193,1717912299.524413347,1717912300.564414024,1717912301.604413509,1717912302.644412041,1717912303.684413671,1717912304.724413633,1717912305.764413834,1717912306.804413319,1717912307.844415426,1717912308.884413242,1717912309.924414396,1717912310.964413166,1717912312.004414558,1717912313.044413328,1717912314.084413767,1717912315.124413013,1717912316.164413929,1717912317.204413891,1717912318.244416237,1717912319.284413815,1717912320.324415207,1717912321.364416599,1717912322.404413462,1717912323.444413424,1717912324.484414577,1717912325.524413347,1717912326.564413548,1717912327.604412317,1717912328.644412756,1717912329.680412054,1717912330.720412254,1717912331.760412931,1717912332.800413609,1717912333.840413809,1717912334.880413055,1717912335.920416355,1717912336.960412025,1717912338.000416517,1717912339.040413380,1717912340.080413342,1717912341.120413303,1717912342.160413504,1717912343.200414419,1717912344.240412712,1717912345.280412674,1717912346.320412874,1717912347.360413313,1717912348.400413513,1717912349.440412760,1717912350.480412483,1717912351.520412922,1717912352.560413837,1717912353.600412130,1717912354.640412092,1717912355.680413008,1717912356.720413685,1717912357.760413885,1717912358.800413132,1717912359.840413332,1717912360.880413771,1717912361.920412064,1717912362.960412025,1717912364.000412703,1717912365.040413618,1717912366.080412149,1717912367.120411873,1717912368.160413027,1717912369.200413465,1717912370.240413666,1717912371.280412674,1717912372.320413828,1717912373.360413790,1717912373.754993200],"size":[0,0,0,0,0,0,0,0,0,0,0,0,0,0,0,0,0,0,0,0,0,0,0,0,0,0,0,0,0,0,0,0,0,0,0,0,0,0,0,0,0,0,0,0,0,0,0,0,0,0,0,0,0,0,0,0,0,0,0,0,0,0,0,0,0,0,0,0,0,0,0,0,0,0,0,0,0,0,0,0,0,0,0,0,0,0,0,0],"total_size":[2,1,1,1,1,1,1,1,1,1,1,1,1,1,1,1,1,1,1,1,1,1,1,1,1,1,1,1,1,1,1,1,1,1,1,1,1,1,1,1,1,1,1,1,1,1,1,1,1,1,1,1,1,1,1,1,1,1,1,1,1,1,1,1,1,1,1,1,1,1,1,1,1,1,1,1,1,1,1,1,1,1,1,1,1,1,1,0]}}}