{"address":"","progress_loop":{"progress_with_timeout":{"num":867,"min":0.000001669,"max":0.104004860,"avg":0.103607024,"var":0.032871454,"sum":89.827289581},"progress_timeout_value_msec":{"num":867,"min":100.000000000.0,"max":100.000000000.0,"avg":100.000000000.0,"var":0.000000000.0,"sum":86700.000000000.0},"progress_without_timeout":{"num":42955,"min":0.000000000.0,"max":0.000015020,"avg":0.000000113,"var":0.000000001,"sum":0.004840136},"trigger":{"num":102,"min":0.000000000.0,"max":0.001846790,"avg":0.000019073,"var":0.000003375,"sum":0.001945496}},"rpcs":{"65535:65535:14048217247822970879:0":{"rpc_id":-4398526825886580737,"provider_id":0,"parent_rpc_id":65535,"parent_provider_id":65535,"name":"get_file_data","origin":{"sent to ofi+cxi://0x23ef2000":{"iforward":{"duration":{"num":10,"min":0.000000715,"max":0.000033379,"avg":0.000004315,"var":0.000000001,"sum":0.000043154},"relative_timestamp_from_create":{"num":10,"min":0.000000000.0,"max":0.000004530,"avg":0.000000501,"var":0.000000000,"sum":0.000005007}},"forward_cb":{"duration":{"num":10,"min":0.000000000.0,"max":0.000000238,"avg":0.000000143,"var":0.000000000,"sum":0.000001431},"relative_timestamp_from_iforward_start":{"num":10,"min":0.000063419,"max":0.009532452,"avg":0.001450491,"var":0.000080187,"sum":0.014504910}},"iforward_wait":{"duration":{"num":10,"min":0.000063419,"max":0.009511471,"avg":0.001449418,"var":0.000079815,"sum":0.014494181},"relative_timestamp_from_iforward_end":{"num":10,"min":0.000000000.0,"max":0.000000238,"avg":0.000000048,"var":0.000000000,"sum":0.000000477}},"set_input":{"duration":{"num":10,"min":0.000000000.0,"max":0.000004768,"avg":0.000000763,"var":0.000000000,"sum":0.000007629},"relative_timestamp_from_iforward_start":{"num":10,"min":0.000000477,"max":0.000020981,"avg":0.000002646,"var":0.000000000,"sum":0.000026464}},"get_output":{"duration":{"num":10,"min":0.000000000.0,"max":0.000000477,"avg":0.000000167,"var":0.000000000,"sum":0.000001669},"relative_timestamp_from_wait_end":{"num":10,"min":0.000000000.0,"max":0.000000238,"avg":0.000000048,"var":0.000000000,"sum":0.000000477}}}},"target":{"received from ofi+cxi://0x23ef2000":{"handler":{"duration":{"num":10,"min":0.000000238,"max":0.000007153,"avg":0.000001049,"var":0.000000000,"sum":0.000010490}},"ult":{"duration":{"num":10,"min":0.000062227,"max":0.009472132,"avg":0.001442504,"var":0.000079237,"sum":0.014425039},"relative_timestamp_from_handler_start":{"num":10,"min":0.000000477,"max":0.000015497,"avg":0.000002193,"var":0.000000000,"sum":0.000021935}},"irespond":{"duration":{"num":10,"min":0.000000477,"max":0.000003099,"avg":0.000000954,"var":0.000000000,"sum":0.000009537},"relative_timestamp_from_ult_start":{"num":10,"min":0.000054836,"max":0.009464502,"avg":0.001439261,"var":0.000079165,"sum":0.014392614}},"respond_cb":{"duration":{"num":10,"min":0.000000000.0,"max":0.000000238,"avg":0.000000119,"var":0.000000000,"sum":0.000001192},"relative_timestamp_from_irespond_start":{"num":10,"min":0.000000954,"max":0.000006676,"avg":0.000002146,"var":0.000000000,"sum":0.000021458}},"irespond_wait":{"duration":{"num":10,"min":0.000000954,"max":0.000006676,"avg":0.000001931,"var":0.000000000,"sum":0.000019312},"relative_timestamp_from_irespond_end":{"num":10,"min":0.000000000.0,"max":0.000000238,"avg":0.000000048,"var":0.000000000,"sum":0.000000477}},"set_output":{"duration":{"num":10,"min":0.000000000.0,"max":0.000000954,"avg":0.000000477,"var":0.000000000,"sum":0.000004768},"relative_timestamp_from_irespond_start":{"num":10,"min":0.000000000.0,"max":0.000001431,"avg":0.000000262,"var":0.000000000,"sum":0.000002623}},"get_input":{"duration":{"num":10,"min":0.000000000.0,"max":0.000002146,"avg":0.000000262,"var":0.000000000,"sum":0.000002623},"relative_timestamp_from_ult_start":{"num":10,"min":0.000000000.0,"max":0.000003338,"avg":0.000000525,"var":0.000000000,"sum":0.000005245}}}}},"14048217247822970879:0:14048217247822970879:0":{"rpc_id":-4398526825886580737,"provider_id":0,"parent_rpc_id":-4398526825886580737,"parent_provider_id":0,"name":"get_file_data","origin":{"sent to ofi+cxi://0x23eb4600":{"iforward":{"duration":{"num":30,"min":0.000001192,"max":0.000037432,"avg":0.000008941,"var":0.000000001,"sum":0.000268221},"relative_timestamp_from_create":{"num":30,"min":0.000000000.0,"max":0.000000715,"avg":0.000000095,"var":0.000000000,"sum":0.000002861}},"forward_cb":{"duration":{"num":30,"min":0.000000000.0,"max":0.000002146,"avg":0.000000159,"var":0.000000000,"sum":0.000004768},"relative_timestamp_from_iforward_start":{"num":30,"min":0.000040054,"max":0.009353399,"avg":0.001373267,"var":0.000174571,"sum":0.041198015}},"iforward_wait":{"duration":{"num":30,"min":0.000038624,"max":0.009322405,"avg":0.001365813,"var":0.000174215,"sum":0.040974379},"relative_timestamp_from_iforward_end":{"num":30,"min":0.000000000.0,"max":0.000000477,"avg":0.000000215,"var":0.000000000,"sum":0.000006437}},"set_input":{"duration":{"num":30,"min":0.000000000.0,"max":0.000000715,"avg":0.000000342,"var":0.000000000,"sum":0.000010252},"relative_timestamp_from_iforward_start":{"num":30,"min":0.000000238,"max":0.000002146,"avg":0.000000580,"var":0.000000000,"sum":0.000017405}},"get_output":{"duration":{"num":30,"min":0.000000000.0,"max":0.000001669,"avg":0.000000262,"var":0.000000000,"sum":0.000007868},"relative_timestamp_from_wait_end":{"num":30,"min":0.000000000.0,"max":0.000000715,"avg":0.000000143,"var":0.000000000,"sum":0.000004292}}}},"target":{"received from ofi+cxi://0x23ef0400":{"handler":{"duration":{"num":10,"min":0.000000238,"max":0.000003576,"avg":0.000000763,"var":0.000000000,"sum":0.000007629}},"ult":{"duration":{"num":10,"min":0.000055313,"max":0.007514000,"avg":0.001368713,"var":0.000049816,"sum":0.013687134},"relative_timestamp_from_handler_start":{"num":10,"min":0.000000477,"max":0.001852036,"avg":0.000187302,"var":0.000003079,"sum":0.001873016}},"irespond":{"duration":{"num":10,"min":0.000000238,"max":0.000002146,"avg":0.000000715,"var":0.000000000,"sum":0.000007153},"relative_timestamp_from_ult_start":{"num":10,"min":0.000049591,"max":0.007464886,"avg":0.001358819,"var":0.000049281,"sum":0.013588190}},"respond_cb":{"duration":{"num":10,"min":0.000000000.0,"max":0.000000238,"avg":0.000000095,"var":0.000000000,"sum":0.000000954},"relative_timestamp_from_irespond_start":{"num":10,"min":0.000004292,"max":0.000033617,"avg":0.000007868,"var":0.000000001,"sum":0.000078678}},"irespond_wait":{"duration":{"num":10,"min":0.000004292,"max":0.000046492,"avg":0.000008726,"var":0.000000002,"sum":0.000087261},"relative_timestamp_from_irespond_end":{"num":10,"min":0.000000000.0,"max":0.000000477,"avg":0.000000238,"var":0.000000000,"sum":0.000002384}},"set_output":{"duration":{"num":10,"min":0.000000000.0,"max":0.000000954,"avg":0.000000215,"var":0.000000000,"sum":0.000002146},"relative_timestamp_from_irespond_start":{"num":10,"min":0.000000000.0,"max":0.000000238,"avg":0.000000119,"var":0.000000000,"sum":0.000001192}},"get_input":{"duration":{"num":10,"min":0.000000000.0,"max":0.000000715,"avg":0.000000191,"var":0.000000000,"sum":0.000001907},"relative_timestamp_from_ult_start":{"num":10,"min":0.000000000.0,"max":0.000000954,"avg":0.000000262,"var":0.000000000,"sum":0.000002623}}},"received from ofi+cxi://0x23eb2400":{"handler":{"duration":{"num":10,"min":0.000000238,"max":0.001845598,"avg":0.000185442,"var":0.000003062,"sum":0.001854420}},"ult":{"duration":{"num":10,"min":0.000050306,"max":0.007453918,"avg":0.001374388,"var":0.000048834,"sum":0.013743877},"relative_timestamp_from_handler_start":{"num":10,"min":0.000000477,"max":0.001909256,"avg":0.000192142,"var":0.000003276,"sum":0.001921415}},"irespond":{"duration":{"num":10,"min":0.000000238,"max":0.000003576,"avg":0.000000930,"var":0.000000000,"sum":0.000009298},"relative_timestamp_from_ult_start":{"num":10,"min":0.000044346,"max":0.007407427,"avg":0.001361251,"var":0.000048410,"sum":0.013612509}},"respond_cb":{"duration":{"num":10,"min":0.000000000.0,"max":0.000000238,