{"address":"","rpcs":{"get_file_data:0":{"timestamps":[1717912399.328851700,1717912400.382710457,1717912401.422710419,1717912402.462709904,1717912403.502711058,1717912404.542710543,1717912405.582712412,1717912406.622710943,1717912407.662710428,1717912408.702709675,1717912409.742714405,1717912410.782710791,1717912411.822714090,1717912412.862710238,1717912413.902710438,1717912414.942711592,1717912415.982711554,1717912417.022709846,1717912418.062712431,1717912419.102710247,1717912420.138712168,1717912421.178711176,1717912422.218710899,1717912423.258711576,1717912424.298709869,1717912425.338711262,1717912426.378709793,1717912427.418711901,1717912428.458710432,1717912429.498709917,1717912430.538711071,1717912431.578714609,1717912432.618710756,1717912433.658709764,1717912434.698711872,1717912435.738709688,1717912436.778711796,1717912437.818711281,1717912438.858711004,1717912439.898711205,1717912440.938710451,1717912441.978709698,1717912443.018709660,1717912444.058710098,1717912445.098709822,1717912446.138710737,1717912447.178709745,1717912448.218710661,1717912449.258710384,1717912450.298710823,1717912451.338710546,1717912452.378713369,1717912453.418709993,1717912454.458709955,1717912455.498709917,1717912456.538709641,1717912457.578711033,1717912458.618710995,1717912459.658712387,1717912460.698710442,1717912461.738712072,1717912462.778710842,1717912463.818710327,1717912464.858709812,1717912465.898713112,1717912466.938709736,1717912467.978709698,1717912469.018710852,1717912470.058714151,1717912471.098711729,1717912472.138713360,1717912473.178710222,1717912474.218709707,1717912475.258709908,1717912476.298709869,1717912477.338711023,1717912478.378710032,1717912479.418709993,1717912480.458710432,1717912481.498711109,1717912482.538710833,1717912483.578709841,1717912484.618710279,1717912485.658710480,1717912486.698710918,1717912487.738711119,1717912488.778710127,1717912489.193752527],"count":[1,9,0,0,0,0,0,0,0,0,0,0,0,0,0,0,0,0,0,0,0,0,0,0,0,0,0,0,0,0,0,0,0,0,0,0,0,0,0,0,0,0,0,0,0,0,0,0,0,0,0,0,0,0,0,0,0,0,0,0,0,0,0,0,0,0,0,0,0,0,0,0,0,0,0,0,0,0,0,0,0,0,0,0,0,0,0,0],"bulk_size":[0,0,0,0,0,0,0,0,0,0,0,0,0,0,0,0,0,0,0,0,0,0,0,0,0,0,0,0,0,0,0,0,0,0,0,0,0,0,0,0,0,0,0,0,0,0,0,0,0,0,0,0,0,0,0,0,0,0,0,0,0,0,0,0,0,0,0,0,0,0,0,0,0,0,0,0,0,0,0,0,0,0,0,0,0,0,0,0]},"__shutdown__:65535":{"timestamps":[1717912489.193752527],"count":[1],"bulk_size":[0]}},"pools":{"__primary__":{"timestamps":[1717912399.328851700,1717912400.382710457,1717912401.422710419,1717912402.462709904,1717912403.502711058,1717912404.542710543,1717912405.582712412,1717912406.622710943,1717912407.662710428,1717912408.702709675,1717912409.742714405,1717912410.782710791,1717912411.822714090,1717912412.862710238,1717912413.902710438,1717912414.942711592,1717912415.982711554,1717912417.022709846,1717912418.062712431,1717912419.102710247,1717912420.138712168,1717912421.178711176,1717912422.218710899,1717912423.258711576,1717912424.298709869,1717912425.338711262,1717912426.378709793,1717912427.418711901,1717912428.458710432,1717912429.498709917,1717912430.538711071,1717912431.578714609,1717912432.618710756,1717912433.658709764,1717912434.698711872,1717912435.738709688,1717912436.778711796,1717912437.818711281,1717912438.858711004,1717912439.898711205,1717912440.938710451,1717912441.978709698,1717912443.018709660,1717912444.058710098,1717912445.098709822,1717912446.138710737,1717912447.178709745,1717912448.218710661,1717912449.258710384,1717912450.298710823,1717912451.338710546,1717912452.378713369,1717912453.418709993,1717912454.458709955,1717912455.498709917,1717912456.538709641,1717912457.578711033,1717912458.618710995,1717912459.658712387,1717912460.698710442,1717912461.738712072,1717912462.778710842,1717912463.818710327,1717912464.858709812,1717912465.898713112,1717912466.938709736,1717912467.978709698,1717912469.018710852,1717912470.058714151,1717912471.098711729,1717912472.138713360,1717912473.178710222,1717912474.218709707,1717912475.258709908,1717912476.298709869,1717912477.338711023,1717912478.378710032,1717912479.418709993,1717912480.458710432,1717912481.498711109,1717912482.538710833,1717912483.578709841,1717912484.618710279,1717912485.658710480,1717912486.698710918,1717912487.738711119,1717912488.778710127,1717912489.193752527],"size":[0,0,0,0,0,0,0,0,0,0,0,0,0,0,0,0,0,0,0,0,0,0,0,0,0,0,0,0,0,0,0,0,0,0,0,0,0,0,0,0,0,0,0,0,0,0,0,0,0,0,0,0,0,0,0,0,0,0,0,0,0,0,0,0,0,0,0,0,0,0,0,0,0,0,0,0,0,0,0,0,0,0,0,0,0,0,0,0],"total_size":[2,1,1,1,1,1,1,1,1,1,1,1,1,1,1,1,1,1,1,1,1,1,1,1,1,1,1,1,1,1,1,1,1,1,1,1,1,1,1,1,1,1,1,1,1,1,1,1,1,1,1,1,1,1,1,1,1,1,1,1,1,1,1,1,1,1,1,1,1,1,1,1,1,1,1,1,1,1,1,1,1,1,1,1,1,1,1,0]}}}