{"address":"","progress_loop":{"progress_with_timeout":{"num":1062,"min":0.000016451,"max":0.104008198,"avg":0.103373039,"var":0.065461776,"sum":109.782167196},"progress_timeout_value_msec":{"num":1062,"min":100.000000000.0,"max":100.000000000.0,"avg":100.000000000.0,"var":0.000000000.0,"sum":106200.000000000.0},"progress_without_timeout":{"num":102534,"min":0.000000000.0,"max":0.000201941,"avg":0.000000127,"var":0.000000091,"sum":0.013008595},"trigger":{"num":612,"min":0.000000000.0,"max":0.003181696,"avg":0.000017960,"var":0.000028492,"sum":0.010991812}},"rpcs":{"65535:65535:14048217247822970879:0":{"rpc_id":-4398526825886580737,"provider_id":0,"parent_rpc_id":65535,"parent_provider_id":65535,"name":"get_file_data","origin":{"sent to ofi+cxi://0x23ef4200":{"iforward":{"duration":{"num":10,"min":0.000000715,"max":0.000032663,"avg":0.000004172,"var":0.000000001,"sum":0.000041723},"relative_timestamp_from_create":{"num":10,"min":0.000000000.0,"max":0.000004292,"avg":0.000000501,"var":0.000000000,"sum":0.000005007}},"forward_cb":{"duration":{"num":10,"min":0.000000000.0,"max":0.000000238,"avg":0.000000119,"var":0.000000000,"sum":0.000001192},"relative_timestamp_from_iforward_start":{"num":10,"min":0.000800610,"max":0.013527632,"avg":0.004326582,"var":0.000204327,"sum":0.043265820}},"iforward_wait":{"duration":{"num":10,"min":0.000800610,"max":0.013527155,"avg":0.004335642,"var":0.000204876,"sum":0.043356419},"relative_timestamp_from_iforward_end":{"num":10,"min":0.000000000.0,"max":0.000000477,"avg":0.000000143,"var":0.000000000,"sum":0.000001431}},"set_input":{"duration":{"num":10,"min":0.000000000.0,"max":0.000006437,"avg":0.000000811,"var":0.000000000,"sum":0.000008106},"relative_timestamp_from_iforward_start":{"num":10,"min":0.000000477,"max":0.000018835,"avg":0.000002384,"var":0.000000000,"sum":0.000023842}},"get_output":{"duration":{"num":10,"min":0.000001431,"max":0.000015497,"avg":0.000002885,"var":0.000000000,"sum":0.000028849},"relative_timestamp_from_wait_end":{"num":10,"min":0.000000000.0,"max":0.000000477,"avg":0.000000310,"var":0.000000000,"sum":0.000003099}}}},"target":{"received from ofi+cxi://0x23ef4200":{"handler":{"duration":{"num":10,"min":0.000000238,"max":0.000006914,"avg":0.000001073,"var":0.000000000,"sum":0.000010729}},"ult":{"duration":{"num":10,"min":0.000794172,"max":0.013498306,"avg":0.004311776,"var":0.000202999,"sum":0.043117762},"relative_timestamp_from_handler_start":{"num":10,"min":0.000000477,"max":0.000015020,"avg":0.000003362,"var":0.000000000,"sum":0.000033617}},"irespond":{"duration":{"num":10,"min":0.000002384,"max":0.000035048,"avg":0.000015688,"var":0.000000002,"sum":0.000156879},"relative_timestamp_from_ult_start":{"num":10,"min":0.000788450,"max":0.013444901,"avg":0.004265642,"var":0.000199143,"sum":0.042656422}},"respond_cb":{"duration":{"num":10,"min":0.000000000.0,"max":0.000000238,"avg":0.000000119,"var":0.000000000,"sum":0.000001192},"relative_timestamp_from_irespond_start":{"num":10,"min":0.000002861,"max":0.000225544,"avg":0.000044274,"var":0.000000042,"sum":0.000442743}},"irespond_wait":{"duration":{"num":10,"min":0.000001192,"max":0.000193357,"avg":0.000029874,"var":0.000000032,"sum":0.000298738},"relative_timestamp_from_irespond_end":{"num":10,"min":0.000000000.0,"max":0.000000238,"avg":0.000000143,"var":0.000000000,"sum":0.000001431}},"set_output":{"duration":{"num":10,"min":0.000001431,"max":0.000020266,"avg":0.000010562,"var":0.000000001,"sum":0.000105619},"relative_timestamp_from_irespond_start":{"num":10,"min":0.000000000.0,"max":0.000001192,"avg":0.000000191,"var":0.000000000,"sum":0.000001907}},"get_input":{"duration":{"num":10,"min":0.000000000.0,"max":0.000002146,"avg":0.000000358,"var":0.000000000,"sum":0.000003576},"relative_timestamp_from_ult_start":{"num":10,"min":0.000000000.0,"max":0.000003576,"avg":0.000000548,"var":0.000000000,"sum":0.000005484}}}}},"14048217247822970879:0:14048217247822970879:0":{"rpc_id":-4398526825886580737,"provider_id":0,"parent_rpc_id":-4398526825886580737,"parent_provider_id":0,"name":"get_file_data","origin":{"sent to ofi+cxi://0x23e70400":{"iforward":{"duration":{"num":150,"min":0.000000954,"max":0.000038862,"avg":0.000003389,"var":0.000000003,"sum":0.000508308},"relative_timestamp_from_create":{"num":150,"min":0.000000000.0,"max":0.000000477,"avg":0.000000119,"var":0.000000000,"sum":0.000017881}},"forward_cb":{"duration":{"num":150,"min":0.000000000.0,"max":0.000001907,"avg":0.000000202,"var":0.000000000,"sum":0.000030279},"relative_timestamp_from_iforward_start":{"num":150,"min":0.000029802,"max":0.013500929,"avg":0.003455043,"var":0.002259400,"sum":0.518256426}},"iforward_wait":{"duration":{"num":150,"min":0.000027895,"max":0.013493538,"avg":0.003469494,"var":0.002251186,"sum":0.520424128},"relative_timestamp_from_iforward_end":{"num":150,"min":0.000000000.0,"max":0.000000715,"avg":0.000000218,"var":0.000000000,"sum":0.000032663}},"set_input":{"duration":{"num":150,"min":0.000000000.0,"max":0.000000715,"avg":0.000000221,"var":0.000000000,"sum":0.000033140},"relative_timestamp_from_iforward_start":{"num":150,"min":0.000000238,"max":0.000002861,"avg":0.000000561,"var":0.000000000,"sum":0.000084162}},"get_output":{"duration":{"num":150,"min":0.000001669,"max":0.000018358,"avg":0.000002578,"var":0.000000001,"sum":0.000386715},"relative_timestamp_from_wait_end":{"num":150,"min":0.000000000.0,"max":0.000000954,"avg":0.000000191,"var":0.000000000,"sum":0.000028610}}}},"target":{"received from ofi+cxi://0x23e92000":{"handler":{"duration":{"num":70,"min":0.000000238,"max":0.002646685,"avg":0.000106505,"var":0.000017752,"sum":0.007455349}},"ult":{"duration":{"num":70,"min":0.000056267,"max":0.013631105,"avg":0.003570383,"var":0.001006264,"sum":0.249926805},"relative_timestamp_from_handler_start":{"num":70,"min":0.000000477,"max":0.008042574,"avg":0.000563942,"var":0.000227489,"sum":0.039475918}},"irespond":{"duration":{"num":70,"min":0.000002384,"max":0.000045776,"avg":0.000016379,"var":0.000000013,"sum":0.001146555},"relative_timestamp_from_ult_start":{"num":70,"min":0.000036955,"max":0.013513803,"avg":0.003420186,"var":0.001011090,"sum":0.239413023}},"respond_cb":{"duration":{"num":70,"min":0.000000000.0,"max":0.000000477,"avg":0.000000099,"var":0.000000000,"sum":0.000006914},"relative_timestamp_from_irespond_start":{"num":70,"min":0.000017881,"max":0.001167536,"avg":0.000146447,"var":0.000004911,"sum":0.010251284}},"irespond_wait":{"duration":{"num":70,"min":0.000015020,"max":0.001139641,"avg":0.000133300,"var":0.000004771,"sum":0.009330988},"relative_timestamp_from_irespond_end":{"num":70,"min":0.000000000.0,"max":0.000000477,"avg":0.000000238,"var":0.000000000,"sum":0.000016689}},"set_output":{"duration":{"num":70,"min":0.000000954,"max":0.000027895,"avg":0.000010501,"var":0.000000006,"sum":0.000735044},"relative_timestamp_from_irespond_start":{"num":70,"min":0.000000000.0,"max":0.000000477,"avg":0.000000106,"var":0.000000000,"sum":0.000007391}},"get_input":{"duration":{"num":70,"min":0.000000000.0,"max":0.000000715,"avg":0.000000157,"var":0.000000000,"sum":0.000010967},"relative_timestamp_from_ult_start":{"num":70,"min":0.000000000.0,"max":0.000000715,"avg":0.000000184,"var":0.000000000,"sum":0.000012875}}},"received from ofi+cxi://0x23ed6600":{"handler":{"duration":{"num":70,"min":0.000000238,"max":0.003180027,"avg":0.000045916,"var":0.000009965,"sum":0.003214121}},"ult":{"duration":{"num":70,"min":0.000055552,"max":0.013529301,"avg":0.003591105,"var":0.001020451,"sum":0.251377344},"relative_timestamp_from_handler_start":{"num":70,"min":0.000000477,"max":0.005970716,"avg":0.000251576,"var":0.000062151,"sum":0.017610312}},"irespond":{"duration":{"num":70,"min":0.000002146,"max":0.000035286,"avg":0.000013460,"var":0.000000010,"sum":0.000942230},"relative_timestamp_from_ult_start":{"num":70,"min":0.000036478,"max":0.013477802,"avg":0.003434971,"var":0.001040049,"sum":0.240447998}},"respond_cb":{"duration":{"num":70,"min":0.000000000.0,"max":0.000000238,