{"address":"","progress_loop":{"progress_with_timeout":{"num":1257,"min":0.000001192,"max":0.104007006,"avg":0.103166930,"var":0.107244485,"sum":129.680831432},"progress_timeout_value_msec":{"num":1257,"min":100.000000000.0,"max":100.000000000.0,"avg":100.000000000.0,"var":0.000000000.0,"sum":125700.000000000.0},"progress_without_timeout":{"num":34303982,"min":0.000000000.0,"max":0.011372089,"avg":0.000000114,"var":0.000637893,"sum":3.925674438},"trigger":{"num":52,"min":0.000000477,"max":0.000037193,"avg":0.000003113,"var":0.000000002,"sum":0.000161886}},"rpcs":{"65535:65535:14048217247822970879:0":{"rpc_id":-4398526825886580737,"provider_id":0,"parent_rpc_id":65535,"parent_provider_id":65535,"name":"get_file_data","origin":{"sent to ofi+cxi://0x23ef6200":{"iforward":{"duration":{"num":10,"min":0.000003099,"max":0.000038624,"avg":0.000007010,"var":0.000000001,"sum":0.000070095},"relative_timestamp_from_create":{"num":10,"min":0.000000000.0,"max":0.000004768,"avg":0.000000691,"var":0.000000000,"sum":0.000006914}},"forward_cb":{"duration":{"num":10,"min":0.000000238,"max":0.000000715,"avg":0.000000381,"var":0.000000000,"sum":0.000003815},"relative_timestamp_from_iforward_start":{"num":10,"min":0.534466982,"max":1.114873648,"avg":0.999643159,"var":0.249064069,"sum":9.996431589}},"iforward_wait":{"duration":{"num":10,"min":0.534595728,"max":1.115050793,"avg":0.999803996,"var":0.249099359,"sum":9.998039961},"relative_timestamp_from_iforward_end":{"num":10,"min":0.000000000.0,"max":0.000000238,"avg":0.000000119,"var":0.000000000,"sum":0.000001192}},"set_input":{"duration":{"num":10,"min":0.000000238,"max":0.000007153,"avg":0.000001144,"var":0.000000000,"sum":0.000011444},"relative_timestamp_from_iforward_start":{"num":10,"min":0.000002146,"max":0.000022888,"avg":0.000004625,"var":0.000000000,"sum":0.000046253}},"get_output":{"duration":{"num":10,"min":0.015392303,"max":0.017184496,"avg":0.016180897,"var":0.000002638,"sum":0.161808968},"relative_timestamp_from_wait_end":{"num":10,"min":0.000000477,"max":0.000000715,"avg":0.000000548,"var":0.000000000,"sum":0.000005484}}}},"target":{"received from ofi+cxi://0x23ef6200":{"handler":{"duration":{"num":10,"min":0.000000954,"max":0.000007391,"avg":0.000001884,"var":0.000000000,"sum":0.000018835}},"ult":{"duration":{"num":10,"min":0.534564257,"max":1.115045071,"avg":0.999795079,"var":0.249122795,"sum":9.997950792},"relative_timestamp_from_handler_start":{"num":10,"min":0.000001907,"max":0.000015259,"avg":0.000003457,"var":0.000000000,"sum":0.000034571}},"irespond":{"duration":{"num":10,"min":0.014263868,"max":0.014579058,"avg":0.014411926,"var":0.000000097,"sum":0.144119263},"relative_timestamp_from_ult_start":{"num":10,"min":0.519944191,"max":1.100470066,"avg":0.985213065,"var":0.249153325,"sum":9.852130651}},"respond_cb":{"duration":{"num":10,"min":0.000000238,"max":0.000000477,"avg":0.000000310,"var":0.000000000,"sum":0.000003099},"relative_timestamp_from_irespond_start":{"num":10,"min":0.014266253,"max":0.014581680,"avg":0.014414406,"var":0.000000097,"sum":0.144144058}},"irespond_wait":{"duration":{"num":10,"min":0.000003815,"max":0.000004768,"avg":0.000004172,"var":0.000000000,"sum":0.000041723},"relative_timestamp_from_irespond_end":{"num":10,"min":0.000000000.0,"max":0.000000477,"avg":0.000000215,"var":0.000000000,"sum":0.000002146}},"set_output":{"duration":{"num":10,"min":0.013875246,"max":0.014181614,"avg":0.014019704,"var":0.000000090,"sum":0.140197039},"relative_timestamp_from_irespond_start":{"num":10,"min":0.000000238,"max":0.000001431,"avg":0.000000477,"var":0.000000000,"sum":0.000004768}},"get_input":{"duration":{"num":10,"min":0.000000238,"max":0.000002146,"avg":0.000000572,"var":0.000000000,"sum":0.000005722},"relative_timestamp_from_ult_start":{"num":10,"min":0.000000477,"max":0.000003815,"avg":0.000000906,"var":0.000000000,"sum":0.000009060}}}}},"14048217247822970879:0:14048217247822970879:0":{"rpc_id":-4398526825886580737,"provider_id":0,"parent_rpc_id":-4398526825886580737,"parent_provider_id":0,"name":"get_file_data","origin":{"sent to ofi+cxi://0x24016600":{"iforward":{"duration":{"num":10,"min":0.000015974,"max":0.000042200,"avg":0.000020099,"var":0.000000001,"sum":0.000200987},"relative_timestamp_from_create":{"num":10,"min":0.000000000.0,"max":0.000000238,"avg":0.000000095,"var":0.000000000,"sum":0.000000954}},"forward_cb":{"duration":{"num":10,"min":0.000000477,"max":0.000036716,"avg":0.000004315,"var":0.000000001,"sum":0.000043154},"relative_timestamp_from_iforward_start":{"num":10,"min":0.500504017,"max":1.080950737,"avg":0.965821695,"var":0.249183907,"sum":9.658216953}},"iforward_wait":{"duration":{"num":10,"min":0.500469446,"max":1.080935001,"avg":0.965807390,"var":0.249201403,"sum":9.658073902},"relative_timestamp_from_iforward_end":{"num":10,"min":0.000000000.0,"max":0.000000238,"avg":0.000000191,"var":0.000000000,"sum":0.000001907}},"set_input":{"duration":{"num":10,"min":0.000000238,"max":0.000000715,"avg":0.000000453,"var":0.000000000,"sum":0.000004530},"relative_timestamp_from_iforward_start":{"num":10,"min":0.000000954,"max":0.000002623,"avg":0.000001168,"var":0.000000000,"sum":0.000011683}},"get_output":{"duration":{"num":10,"min":0.019101858,"max":0.019495487,"avg":0.019344664,"var":0.000000113,"sum":0.193446636},"relative_timestamp_from_wait_end":{"num":10,"min":0.000000715,"max":0.000001669,"avg":0.000000882,"var":0.000000000,"sum":0.000008821}}}}},"65535:65535:8686831390660034559:65535":{"rpc_id":8686831390660034559,"provider_id":65535,"parent_rpc_id":65535,"parent_provider_id":65535,"name":"__shutdown__","target":{"received from ofi+cxi://0x23e70601":{"handler":{"duration":{"num":1,"min":0.000023127,"max":0.000023127,"avg":0.000023127,"var":0.000000000.0,"sum":0.000023127}},"ult":{"duration":{"num":1,"min":0.000019073,"max":0.000019073,"avg":0.000019073,"var":0.000000000.0,"sum":0.000019073},"relative_timestamp_from_handler_start":{"num":1,"min":0.000026941,"max":0.000026941,"avg":0.000026941,"var":0.000000000.0,"sum":0.000026941}},"irespond":{"duration":{"num":1,"min":0.000008821,"max":0.000008821,"avg":0.000008821,"var":0.000000000.0,"sum":0.000008821},"relative_timestamp_from_ult_start":{"num":1,"min":0.000001431,"max":0.000001431,"avg":0.000001431,"var":0.000000000.0,"sum":0.000001431}},"respond_cb":{"duration":{"num":1,"min":0.000000477,"max":0.000000477,"avg":0.000000477,"var":0.000000000.0,"sum":0.000000477},"relative_timestamp_from_irespond_start":{"num":1,"min":0.000015020,"max":0.000015020,"avg":0.000015020,"var":0.000000000.0,"sum":0.000015020}},"irespond_wait":{"duration":{"num":1,"min":0.000006676,"max":0.000006676,"avg":0.000006676,"var":0.000000000.0,"sum":0.000006676},"relative_timestamp_from_irespond_end":{"num":1,"min":0.000000238,"max":0.000000238,"avg":0.000000238,"var":0.000000000.0,"sum":0.000000238}},"set_output":{"duration":{"num":1,"min":0.000000477,"max":0.000000477,"avg":0.000000477,"var":0.000000000.0,"sum":0.000000477},"relative_timestamp_from_irespond_start":{"num":1,"min":0.000001431,"max":0.000001431,"avg":0.000001431,"var":0.000000000.0,"sum":0.000001431}},"get_input":{"duration":{"num":0,"min":0.000000000.0,"max":0.000000000.0,"avg":0.000000000.0,"var":0.000000000.0,"sum":0.000000000.0},"relative_timestamp_from_ult_start":{"num":0,"min":0.000000000.0,"max":0.000000000.0,"avg":0.000000000.0,"var":0.000000000.0,"sum":0.000000000.0}}}}}}}