{"address":"","progress_loop":{"progress_with_timeout":{"num":1056,"min":0.040712833,"max":0.104009867,"avg":0.103930636,"var":0.004035344,"sum":109.750751972},"progress_timeout_value_msec":{"num":1056,"min":100.000000000.0,"max":100.000000000.0,"avg":100.000000000.0,"var":0.000000000.0,"sum":105600.000000000.0},"progress_without_timeout":{"num":271136,"min":0.000000000.0,"max":0.000133753,"avg":0.000000122,"var":0.000000133,"sum":0.033090591},"trigger":{"num":292,"min":0.000000000.0,"max":0.002289772,"avg":0.000015024,"var":0.000008565,"sum":0.004387140}},"rpcs":{"65535:65535:14048217247822970879:0":{"rpc_id":-4398526825886580737,"provider_id":0,"parent_rpc_id":65535,"parent_provider_id":65535,"name":"get_file_data","origin":{"sent to ofi+cxi://0x23e90400":{"iforward":{"duration":{"num":10,"min":0.000000715,"max":0.000031233,"avg":0.000004196,"var":0.000000001,"sum":0.000041962},"relative_timestamp_from_create":{"num":10,"min":0.000000000.0,"max":0.000004053,"avg":0.000000501,"var":0.000000000,"sum":0.000005007}},"forward_cb":{"duration":{"num":10,"min":0.000000000.0,"max":0.000000238,"avg":0.000000119,"var":0.000000000,"sum":0.000001192},"relative_timestamp_from_iforward_start":{"num":10,"min":0.004647970,"max":0.012965918,"avg":0.008510971,"var":0.000084893,"sum":0.085109711}},"iforward_wait":{"duration":{"num":10,"min":0.004648209,"max":0.012965679,"avg":0.008511305,"var":0.000084902,"sum":0.085113049},"relative_timestamp_from_iforward_end":{"num":10,"min":0.000000000.0,"max":0.000000238,"avg":0.000000119,"var":0.000000000,"sum":0.000001192}},"set_input":{"duration":{"num":10,"min":0.000000238,"max":0.000004768,"avg":0.000000739,"var":0.000000000,"sum":0.000007391},"relative_timestamp_from_iforward_start":{"num":10,"min":0.000000477,"max":0.000019073,"avg":0.000002551,"var":0.000000000,"sum":0.000025511}},"get_output":{"duration":{"num":10,"min":0.000005484,"max":0.000037193,"avg":0.000008845,"var":0.000000001,"sum":0.000088453},"relative_timestamp_from_wait_end":{"num":10,"min":0.000000000.0,"max":0.000000715,"avg":0.000000143,"var":0.000000000,"sum":0.000001431}}}},"target":{"received from ofi+cxi://0x23e90400":{"handler":{"duration":{"num":10,"min":0.000000238,"max":0.000006437,"avg":0.000000978,"var":0.000000000,"sum":0.000009775}},"ult":{"duration":{"num":10,"min":0.004646778,"max":0.012913942,"avg":0.008500361,"var":0.000084250,"sum":0.085003614},"relative_timestamp_from_handler_start":{"num":10,"min":0.000000477,"max":0.000014305,"avg":0.000002050,"var":0.000000000,"sum":0.000020504}},"irespond":{"duration":{"num":10,"min":0.000008345,"max":0.000085354,"avg":0.000063801,"var":0.000000004,"sum":0.000638008},"relative_timestamp_from_ult_start":{"num":10,"min":0.004636288,"max":0.012835979,"avg":0.008432746,"var":0.000083705,"sum":0.084327459}},"respond_cb":{"duration":{"num":10,"min":0.000000000.0,"max":0.000000238,"avg":0.000000167,"var":0.000000000,"sum":0.000001669},"relative_timestamp_from_irespond_start":{"num":10,"min":0.000009060,"max":0.000086069,"avg":0.000064564,"var":0.000000004,"sum":0.000645638}},"irespond_wait":{"duration":{"num":10,"min":0.000000954,"max":0.000003099,"avg":0.000001550,"var":0.000000000,"sum":0.000015497},"relative_timestamp_from_irespond_end":{"num":10,"min":0.000000000.0,"max":0.000000238,"avg":0.000000215,"var":0.000000000,"sum":0.000002146}},"set_output":{"duration":{"num":10,"min":0.000007153,"max":0.000066042,"avg":0.000051260,"var":0.000000003,"sum":0.000512600},"relative_timestamp_from_irespond_start":{"num":10,"min":0.000000238,"max":0.000000477,"avg":0.000000262,"var":0.000000000,"sum":0.000002623}},"get_input":{"duration":{"num":10,"min":0.000000000.0,"max":0.000001907,"avg":0.000000262,"var":0.000000000,"sum":0.000002623},"relative_timestamp_from_ult_start":{"num":10,"min":0.000000000.0,"max":0.000003338,"avg":0.000000501,"var":0.000000000,"sum":0.000005007}}}}},"14048217247822970879:0:14048217247822970879:0":{"rpc_id":-4398526825886580737,"provider_id":0,"parent_rpc_id":-4398526825886580737,"parent_provider_id":0,"name":"get_file_data","origin":{"sent to ofi+cxi://0x23e96600":{"iforward":{"duration":{"num":70,"min":0.000001431,"max":0.000033855,"avg":0.000007718,"var":0.000000004,"sum":0.000540257},"relative_timestamp_from_create":{"num":70,"min":0.000000000.0,"max":0.000000477,"avg":0.000000133,"var":0.000000000,"sum":0.000009298}},"forward_cb":{"duration":{"num":70,"min":0.000000000.0,"max":0.000001431,"avg":0.000000238,"var":0.000000000,"sum":0.000016689},"relative_timestamp_from_iforward_start":{"num":70,"min":0.002304077,"max":0.017492294,"avg":0.007707766,"var":0.000933032,"sum":0.539543629}},"iforward_wait":{"duration":{"num":70,"min":0.002302647,"max":0.017483234,"avg":0.007702470,"var":0.000930955,"sum":0.539172888},"relative_timestamp_from_iforward_end":{"num":70,"min":0.000000000.0,"max":0.000000715,"avg":0.000000211,"var":0.000000000,"sum":0.000014782}},"set_input":{"duration":{"num":70,"min":0.000000000.0,"max":0.000000715,"avg":0.000000310,"var":0.000000000,"sum":0.000021696},"relative_timestamp_from_iforward_start":{"num":70,"min":0.000000238,"max":0.000002861,"avg":0.000000640,"var":0.000000000,"sum":0.000044823}},"get_output":{"duration":{"num":70,"min":0.000006437,"max":0.000068188,"avg":0.000010286,"var":0.000000011,"sum":0.000720024},"relative_timestamp_from_wait_end":{"num":70,"min":0.000000000.0,"max":0.000000954,"avg":0.000000310,"var":0.000000000,"sum":0.000021696}}}},"target":{"received from ofi+cxi://0x24016600":{"handler":{"duration":{"num":30,"min":0.000000238,"max":0.000001669,"avg":0.000000652,"var":0.000000000,"sum":0.000019550}},"ult":{"duration":{"num":30,"min":0.002410650,"max":0.017423153,"avg":0.007881443,"var":0.000415193,"sum":0.236443281},"relative_timestamp_from_handler_start":{"num":30,"min":0.000000477,"max":0.000002384,"avg":0.000000930,"var":0.000000000,"sum":0.000027895}},"irespond":{"duration":{"num":30,"min":0.000008106,"max":0.000089645,"avg":0.000069841,"var":0.000000009,"sum":0.002095222},"relative_timestamp_from_ult_start":{"num":30,"min":0.002317429,"max":0.017290831,"avg":0.007684326,"var":0.000421267,"sum":0.230529785}},"respond_cb":{"duration":{"num":30,"min":0.000000000.0,"max":0.000000238,"avg":0.000000127,"var":0.000000000,"sum":0.000003815},"relative_timestamp_from_irespond_start":{"num":30,"min":0.000071764,"max":0.001509428,"avg":0.000195352,"var":0.000001901,"sum":0.005860567}},"irespond_wait":{"duration":{"num":30,"min":0.000044823,"max":0.001423836,"avg":0.000126131,"var":0.000001845,"sum":0.003783941},"relative_timestamp_from_irespond_end":{"num":30,"min":0.000000238,"max":0.000000715,"avg":0.000000429,"var":0.000000000,"sum":0.000012875}},"set_output":{"duration":{"num":30,"min":0.000006914,"max":0.000067711,"avg":0.000055917,"var":0.000000007,"sum":0.001677513},"relative_timestamp_from_irespond_start":{"num":30,"min":0.000000000.0,"max":0.000000954,"avg":0.000000167,"var":0.000000000,"sum":0.000005007}},"get_input":{"duration":{"num":30,"min":0.000000000.0,"max":0.000000477,"avg":0.000000199,"var":0.000000000,"sum":0.000005960},"relative_timestamp_from_ult_start":{"num":30,"min":0.000000000.0,"max":0.000000477,"avg":0.000000159,"var":0.000000000,"sum":0.000004768}}},"received from ofi+cxi://0x23eb6200":{"handler":{"duration":{"num":30,"min":0.000000238,"max":0.002288818,"avg":0.000138346,"var":0.000008046,"sum":0.004150391}},"ult":{"duration":{"num":30,"min":0.002454519,"max":0.017663956,"avg":0.007716846,"var":0.000419313,"sum":0.231505394},"relative_timestamp_from_handler_start":{"num":30,"min":0.000000477,"max":0.002290964,"avg":0.000138799,"var":0.000008060,"sum":0.004163980}},"irespond":{"duration":{"num":30,"min":0.000008345,"max":0.000085831,"avg":0.000065692,"var":0.000000011,"sum":0.001970768},"relative_timestamp_from_ult_start":{"num":30,"min":0.002328396,"max":0.017534733,"avg":0.007546028,"var":0.000422478,"sum":0.226380825}},"respond_cb":{"duration":{"num":30,"min":0.000000000.0,"max":0.000000238,"avg":0.000000095,