{"address":"","rpcs":{"get_file_data:0":{"timestamps":[1717912745.587212324,1717912746.651064396,1717912747.691059589,1717912748.731058836,1717912749.771059275,1717912750.811058044,1717912751.851058722,1717912752.891059160,1717912753.931058645,1717912754.971058130,1717912756.011057854,1717912757.051058054,1717912758.091058969,1717912759.131058693,1717912760.171058893,1717912761.211060047,1717912762.251059055,1717912763.291059971,1717912764.331058025,1717912765.371058702,1717912766.411057949,1717912767.451058865,1717912768.491058350,1717912769.531058788,1717912770.571059227,1717912771.611058712,1717912772.651059389,1717912773.691060543,1717912774.731058836,1717912775.771058083,1717912776.807059526,1717912777.847059488,1717912778.887059212,1717912779.927059174,1717912780.967058897,1717912782.007058144,1717912783.047062874,1717912784.087059736,1717912785.127058029,1717912786.167058468,1717912787.207058907,1717912788.247059107,1717912789.287058592,1717912790.327058792,1717912791.367058516,1717912792.407058954,1717912793.447058678,1717912794.487058640,1717912795.527059078,1717912796.567059517,1717912797.607058764,1717912798.647059917,1717912799.687059402,1717912800.727058411,1717912801.767059565,1717912802.807058096,1717912803.847058296,1717912804.887058735,1717912805.927058697,1717912806.967059374,1717912808.007058620,1717912809.047057867,1717912810.087058783,1717912811.127058268,1717912812.167058468,1717912813.207060099,1717912814.247059345,1717912815.287058115,1717912816.327059984,1717912817.367058039,1717912818.407060385,1717912819.447057962,1717912820.487059116,1717912821.527058125,1717912822.567059755,1717912823.607058048,1717912824.647058010,1717912825.687059164,1717912826.727057934,1717912827.767059326,1717912828.807059050,1717912829.847059250,1717912830.887059212,1717912831.927058458,1717912832.967060089,1717912834.007058620,1717912835.047059059,1717912835.489715338],"count":[1,69,0,0,0,0,0,0,0,0,0,0,0,0,0,0,0,0,0,0,0,0,0,0,0,0,0,0,0,0,0,0,0,0,0,0,0,0,0,0,0,0,0,0,0,0,0,0,0,0,0,0,0,0,0,0,0,0,0,0,0,0,0,0,0,0,0,0,0,0,0,0,0,0,0,0,0,0,0,0,0,0,0,0,0,0,0,0],"bulk_size":[0,0,0,0,0,0,0,0,0,0,0,0,0,0,0,0,0,0,0,0,0,0,0,0,0,0,0,0,0,0,0,0,0,0,0,0,0,0,0,0,0,0,0,0,0,0,0,0,0,0,0,0,0,0,0,0,0,0,0,0,0,0,0,0,0,0,0,0,0,0,0,0,0,0,0,0,0,0,0,0,0,0,0,0,0,0,0,0]},"__shutdown__:65535":{"timestamps":[1717912835.489715338],"count":[1],"bulk_size":[0]}},"pools":{"__primary__":{"timestamps":[1717912745.587212324,1717912746.651064396,1717912747.691059589,1717912748.731058836,1717912749.771059275,1717912750.811058044,1717912751.851058722,1717912752.891059160,1717912753.931058645,1717912754.971058130,1717912756.011057854,1717912757.051058054,1717912758.091058969,1717912759.131058693,1717912760.171058893,1717912761.211060047,1717912762.251059055,1717912763.291059971,1717912764.331058025,1717912765.371058702,1717912766.411057949,1717912767.451058865,1717912768.491058350,1717912769.531058788,1717912770.571059227,1717912771.611058712,1717912772.651059389,1717912773.691060543,1717912774.731058836,1717912775.771058083,1717912776.807059526,1717912777.847059488,1717912778.887059212,1717912779.927059174,1717912780.967058897,1717912782.007058144,1717912783.047062874,1717912784.087059736,1717912785.127058029,1717912786.167058468,1717912787.207058907,1717912788.247059107,1717912789.287058592,1717912790.327058792,1717912791.367058516,1717912792.407058954,1717912793.447058678,1717912794.487058640,1717912795.527059078,1717912796.567059517,1717912797.607058764,1717912798.647059917,1717912799.687059402,1717912800.727058411,1717912801.767059565,1717912802.807058096,1717912803.847058296,1717912804.887058735,1717912805.927058697,1717912806.967059374,1717912808.007058620,1717912809.047057867,1717912810.087058783,1717912811.127058268,1717912812.167058468,1717912813.207060099,1717912814.247059345,1717912815.287058115,1717912816.327059984,1717912817.367058039,1717912818.407060385,1717912819.447057962,1717912820.487059116,1717912821.527058125,1717912822.567059755,1717912823.607058048,1717912824.647058010,1717912825.687059164,1717912826.727057934,1717912827.767059326,1717912828.807059050,1717912829.847059250,1717912830.887059212,1717912831.927058458,1717912832.967060089,1717912834.007058620,1717912835.047059059,1717912835.489715338],"size":[0,0,0,0,0,0,0,0,0,0,0,0,0,0,0,0,0,0,0,0,0,0,0,0,0,0,0,0,0,0,0,0,0,0,0,0,0,0,0,0,0,0,0,0,0,0,0,0,0,0,0,0,0,0,0,0,0,0,0,0,0,0,0,0,0,0,0,0,0,0,0,0,0,0,0,0,0,0,0,0,0,0,0,0,0,0,0,0],"total_size":[2,1,1,1,1,1,1,1,1,1,1,1,1,1,1,1,1,1,1,1,1,1,1,1,1,1,1,1,1,1,1,1,1,1,1,1,1,1,1,1,1,1,1,1,1,1,1,1,1,1,1,1,1,1,1,1,1,1,1,1,1,1,1,1,1,1,1,1,1,1,1,1,1,1,1,1,1,1,1,1,1,1,1,1,1,1,1,0]}}}