{"address":"","rpcs":{"get_file_data:0":{"timestamps":[1717912283.957740307,1717912284.962094307,1717912286.002094269,1717912287.042093515,1717912288.082096100,1717912289.122095108,1717912290.162094355,1717912291.202093840,1717912292.242094278,1717912293.282094479,1717912294.322093725,1717912295.362093687,1717912296.402095079,1717912297.442093611,1717912298.482093573,1717912299.522094965,1717912300.562094927,1717912301.602094650,1717912302.642094612,1717912303.682095766,1717912304.722094536,1717912305.762094021,1717912306.802095413,1717912307.842094183,1717912308.882095337,1717912309.922100782,1717912310.962093830,1717912312.002094269,1717912313.042094469,1717912314.082093954,1717912315.122094393,1717912316.162095070,1717912317.202094555,1717912318.242094517,1717912319.282094240,1717912320.322093487,1717912321.362093687,1717912322.402094603,1717912323.442094088,1717912324.482093811,1717912325.522094965,1717912326.562094212,1717912327.602093697,1717912328.642094851,1717912329.682095528,1717912330.722094536,1717912331.762094259,1717912332.802094698,1717912333.842093706,1717912334.882094383,1717912335.922095060,1717912336.962093592,1717912338.002094984,1717912339.042095184,1717912340.082094669,1717912341.122093916,1717912342.162096024,1717912343.202094793,1717912344.242096424,1717912345.282094002,1717912346.322095394,1717912347.362093687,1717912348.402094603,1717912349.442094564,1717912350.482094049,1717912351.522094011,1717912352.558093786,1717912353.598095179,1717912354.638094187,1717912355.678094625,1717912356.718094587,1717912357.758095503,1717912358.798094273,1717912359.838094711,1717912360.878093719,1717912361.918093681,1717912362.958093166,1717912363.998095036,1717912365.038094282,1717912366.078093529,1717912367.118095398,1717912368.158093929,1717912369.198094606,1717912370.238100052,1717912371.278094292,1717912372.318096399,1717912373.358094692,1717912373.761283636],"count":[1,9,0,0,0,0,0,0,0,0,0,0,0,0,0,0,0,0,0,0,0,0,0,0,0,0,0,0,0,0,0,0,0,0,0,0,0,0,0,0,0,0,0,0,0,0,0,0,0,0,0,0,0,0,0,0,0,0,0,0,0,0,0,0,0,0,0,0,0,0,0,0,0,0,0,0,0,0,0,0,0,0,0,0,0,0,0,0],"bulk_size":[0,0,0,0,0,0,0,0,0,0,0,0,0,0,0,0,0,0,0,0,0,0,0,0,0,0,0,0,0,0,0,0,0,0,0,0,0,0,0,0,0,0,0,0,0,0,0,0,0,0,0,0,0,0,0,0,0,0,0,0,0,0,0,0,0,0,0,0,0,0,0,0,0,0,0,0,0,0,0,0,0,0,0,0,0,0,0,0]},"__shutdown__:65535":{"timestamps":[1717912373.761283636],"count":[1],"bulk_size":[0]}},"pools":{"__primary__":{"timestamps":[1717912283.957740307,1717912284.962094307,1717912286.002094269,1717912287.042093515,1717912288.082096100,1717912289.122095108,1717912290.162094355,1717912291.202093840,1717912292.242094278,1717912293.282094479,1717912294.322093725,1717912295.362093687,1717912296.402095079,1717912297.442093611,1717912298.482093573,1717912299.522094965,1717912300.562094927,1717912301.602094650,1717912302.642094612,1717912303.682095766,1717912304.722094536,1717912305.762094021,1717912306.802095413,1717912307.842094183,1717912308.882095337,1717912309.922100782,1717912310.962093830,1717912312.002094269,1717912313.042094469,1717912314.082093954,1717912315.122094393,1717912316.162095070,1717912317.202094555,1717912318.242094517,1717912319.282094240,1717912320.322093487,1717912321.362093687,1717912322.402094603,1717912323.442094088,1717912324.482093811,1717912325.522094965,1717912326.562094212,1717912327.602093697,1717912328.642094851,1717912329.682095528,1717912330.722094536,1717912331.762094259,1717912332.802094698,1717912333.842093706,1717912334.882094383,1717912335.922095060,1717912336.962093592,1717912338.002094984,1717912339.042095184,1717912340.082094669,1717912341.122093916,1717912342.162096024,1717912343.202094793,1717912344.242096424,1717912345.282094002,1717912346.322095394,1717912347.362093687,1717912348.402094603,1717912349.442094564,1717912350.482094049,1717912351.522094011,1717912352.558093786,1717912353.598095179,1717912354.638094187,1717912355.678094625,1717912356.718094587,1717912357.758095503,1717912358.798094273,1717912359.838094711,1717912360.878093719,1717912361.918093681,1717912362.958093166,1717912363.998095036,1717912365.038094282,1717912366.078093529,1717912367.118095398,1717912368.158093929,1717912369.198094606,1717912370.238100052,1717912371.278094292,1717912372.318096399,1717912373.358094692,1717912373.761283636],"size":[0,0,0,0,0,0,0,0,0,0,0,0,0,0,0,0,0,0,0,0,0,0,0,0,0,0,0,0,0,0,0,0,0,0,0,0,0,0,0,0,0,0,0,0,0,0,0,0,0,0,0,0,0,0,0,0,0,0,0,0,0,0,0,0,0,0,0,0,0,0,0,0,0,0,0,0,0,0,0,0,0,0,0,0,0,0,0,0],"total_size":[2,1,1,1,1,1,1,1,1,1,1,1,1,1,1,1,1,1,1,1,1,1,1,1,1,1,1,1,1,1,1,1,1,1,1,1,1,1,1,1,1,1,1,1,1,1,1,1,1,1,1,1,1,1,1,1,1,1,1,1,1,1,1,1,1,1,1,1,1,1,1,1,1,1,1,1,1,1,1,1,1,1,1,1,1,1,1,0]}}}