{"address":"","progress_loop":{"progress_with_timeout":{"num":873,"min":0.000000000.0,"max":0.104007959,"avg":0.102845307,"var":0.100489031,"sum":89.783952713},"progress_timeout_value_msec":{"num":873,"min":100.000000000.0,"max":100.000000000.0,"avg":100.000000000.0,"var":0.000000000.0,"sum":87300.000000000.0},"progress_without_timeout":{"num":84059,"min":0.000000000.0,"max":0.000010967,"avg":0.000000112,"var":0.000000001,"sum":0.009408474},"trigger":{"num":42,"min":0.000000000.0,"max":0.000035524,"avg":0.000001470,"var":0.000000001,"sum":0.000061750}},"rpcs":{"65535:65535:14048217247822970879:0":{"rpc_id":-4398526825886580737,"provider_id":0,"parent_rpc_id":65535,"parent_provider_id":65535,"name":"get_file_data","origin":{"sent to ofi+cxi://0x23ef0000":{"iforward":{"duration":{"num":10,"min":0.000000715,"max":0.000031710,"avg":0.000004005,"var":0.000000001,"sum":0.000040054},"relative_timestamp_from_create":{"num":10,"min":0.000000000.0,"max":0.000004292,"avg":0.000000525,"var":0.000000000,"sum":0.000005245}},"forward_cb":{"duration":{"num":10,"min":0.000000000.0,"max":0.000000477,"avg":0.000000215,"var":0.000000000,"sum":0.000002146},"relative_timestamp_from_iforward_start":{"num":10,"min":0.000081778,"max":0.010436296,"avg":0.002431345,"var":0.000155384,"sum":0.024313450}},"iforward_wait":{"duration":{"num":10,"min":0.000081778,"max":0.010436296,"avg":0.002428389,"var":0.000154973,"sum":0.024283886},"relative_timestamp_from_iforward_end":{"num":10,"min":0.000000000.0,"max":0.000000238,"avg":0.000000072,"var":0.000000000,"sum":0.000000715}},"set_input":{"duration":{"num":10,"min":0.000000000.0,"max":0.000004530,"avg":0.000000668,"var":0.000000000,"sum":0.000006676},"relative_timestamp_from_iforward_start":{"num":10,"min":0.000000238,"max":0.000019789,"avg":0.000002432,"var":0.000000000,"sum":0.000024319}},"get_output":{"duration":{"num":10,"min":0.000000000.0,"max":0.000000238,"avg":0.000000095,"var":0.000000000,"sum":0.000000954},"relative_timestamp_from_wait_end":{"num":10,"min":0.000000000.0,"max":0.000000238,"avg":0.000000191,"var":0.000000000,"sum":0.000001907}}}},"target":{"received from ofi+cxi://0x23ef0000":{"handler":{"duration":{"num":10,"min":0.000000238,"max":0.000005007,"avg":0.000000858,"var":0.000000000,"sum":0.000008583}},"ult":{"duration":{"num":10,"min":0.000080347,"max":0.010434866,"avg":0.002378011,"var":0.000147753,"sum":0.023780107},"relative_timestamp_from_handler_start":{"num":10,"min":0.000000477,"max":0.000473499,"avg":0.000047970,"var":0.000000201,"sum":0.000479698}},"irespond":{"duration":{"num":10,"min":0.000000238,"max":0.000002384,"avg":0.000000668,"var":0.000000000,"sum":0.000006676},"relative_timestamp_from_ult_start":{"num":10,"min":0.000078678,"max":0.010433435,"avg":0.002375889,"var":0.000147702,"sum":0.023758888}},"respond_cb":{"duration":{"num":10,"min":0.000000000.0,"max":0.000000477,"avg":0.000000095,"var":0.000000000,"sum":0.000000954},"relative_timestamp_from_irespond_start":{"num":10,"min":0.000000715,"max":0.000003338,"avg":0.000001144,"var":0.000000000,"sum":0.000011444}},"irespond_wait":{"duration":{"num":10,"min":0.000000715,"max":0.000001907,"avg":0.000000978,"var":0.000000000,"sum":0.000009775},"relative_timestamp_from_irespond_end":{"num":10,"min":0.000000000.0,"max":0.000000477,"avg":0.000000119,"var":0.000000000,"sum":0.000001192}},"set_output":{"duration":{"num":10,"min":0.000000238,"max":0.000000715,"avg":0.000000381,"var":0.000000000,"sum":0.000003815},"relative_timestamp_from_irespond_start":{"num":10,"min":0.000000000.0,"max":0.000000954,"avg":0.000000143,"var":0.000000000,"sum":0.000001431}},"get_input":{"duration":{"num":10,"min":0.000000000.0,"max":0.000002623,"avg":0.000000310,"var":0.000000000,"sum":0.000003099},"relative_timestamp_from_ult_start":{"num":10,"min":0.000000000.0,"max":0.000005960,"avg":0.000000763,"var":0.000000000,"sum":0.000007629}}}}},"14048217247822970879:0:14048217247822970879:0":{"rpc_id":-4398526825886580737,"provider_id":0,"parent_rpc_id":-4398526825886580737,"parent_provider_id":0,"name":"get_file_data","origin":{"sent to ofi+cxi://0x23ef2400":{"iforward":{"duration":{"num":10,"min":0.000007629,"max":0.000032902,"avg":0.000010777,"var":0.000000001,"sum":0.000107765},"relative_timestamp_from_create":{"num":10,"min":0.000000000.0,"max":0.000000477,"avg":0.000000072,"var":0.000000000,"sum":0.000000715}},"forward_cb":{"duration":{"num":10,"min":0.000000000.0,"max":0.000000954,"avg":0.000000191,"var":0.000000000,"sum":0.000001907},"relative_timestamp_from_iforward_start":{"num":10,"min":0.000072002,"max":0.010426760,"avg":0.002358341,"var":0.000146164,"sum":0.023583412}},"iforward_wait":{"duration":{"num":10,"min":0.000064135,"max":0.010419369,"avg":0.002348280,"var":0.000145895,"sum":0.023482800},"relative_timestamp_from_iforward_end":{"num":10,"min":0.000000000.0,"max":0.000000238,"avg":0.000000143,"var":0.000000000,"sum":0.000001431}},"set_input":{"duration":{"num":10,"min":0.000000238,"max":0.000000477,"avg":0.000000358,"var":0.000000000,"sum":0.000003576},"relative_timestamp_from_iforward_start":{"num":10,"min":0.000000238,"max":0.000002146,"avg":0.000000620,"var":0.000000000,"sum":0.000006199}},"get_output":{"duration":{"num":10,"min":0.000000000.0,"max":0.000000954,"avg":0.000000238,"var":0.000000000,"sum":0.000002384},"relative_timestamp_from_wait_end":{"num":10,"min":0.000000000.0,"max":0.000000715,"avg":0.000000191,"var":0.000000000,"sum":0.000001907}}}}},"65535:65535:8686831390660034559:65535":{"rpc_id":8686831390660034559,"provider_id":65535,"parent_rpc_id":65535,"parent_provider_id":65535,"name":"__shutdown__","target":{"received from ofi+cxi://0x23e70601":{"handler":{"duration":{"num":1,"min":0.000022650,"max":0.000022650,"avg":0.000022650,"var":0.000000000.0,"sum":0.000022650}},"ult":{"duration":{"num":1,"min":0.000019312,"max":0.000019312,"avg":0.000019312,"var":0.000000000.0,"sum":0.000019312},"relative_timestamp_from_handler_start":{"num":1,"min":0.000027418,"max":0.000027418,"avg":0.000027418,"var":0.000000000.0,"sum":0.000027418}},"irespond":{"duration":{"num":1,"min":0.000007629,"max":0.000007629,"avg":0.000007629,"var":0.000000000.0,"sum":0.000007629},"relative_timestamp_from_ult_start":{"num":1,"min":0.000001431,"max":0.000001431,"avg":0.000001431,"var":0.000000000.0,"sum":0.000001431}},"respond_cb":{"duration":{"num":1,"min":0.000000715,"max":0.000000715,"avg":0.000000715,"var":0.000000000.0,"sum":0.000000715},"relative_timestamp_from_irespond_start":{"num":1,"min":0.000013828,"max":0.000013828,"avg":0.000013828,"var":0.000000000.0,"sum":0.000013828}},"irespond_wait":{"duration":{"num":1,"min":0.000007153,"max":0.000007153,"avg":0.000007153,"var":0.000000000.0,"sum":0.000007153},"relative_timestamp_from_irespond_end":{"num":1,"min":0.000000238,"max":0.000000238,"avg":0.000000238,"var":0.000000000.0,"sum":0.000000238}},"set_output":{"duration":{"num":1,"min":0.000000477,"max":0.000000477,"avg":0.000000477,"var":0.000000000.0,"sum":0.000000477},"relative_timestamp_from_irespond_start":{"num":1,"min":0.000001192,"max":0.000001192,"avg":0.000001192,"var":0.000000000.0,"sum":0.000001192}},"get_input":{"duration":{"num":0,"min":0.000000000.0,"max":0.000000000.0,"avg":0.000000000.0,"var":0.000000000.0,"sum":0.000000000.0},"relative_timestamp_from_ult_start":{"num":0,"min":0.000000000.0,"max":0.000000000.0,"avg":0.000000000.0,"var":0.000000000.0,"sum":0.000000000.0}}}}}}}