{"address":"","progress_loop":{"progress_with_timeout":{"num":1056,"min":0.033205509,"max":0.104006052,"avg":0.103927246,"var":0.005025669,"sum":109.747171402},"progress_timeout_value_msec":{"num":1056,"min":100.000000000.0,"max":100.000000000.0,"avg":100.000000000.0,"var":0.000000000.0,"sum":105600.000000000.0},"progress_without_timeout":{"num":247390,"min":0.000000000.0,"max":0.000274420,"avg":0.000000123,"var":0.000000182,"sum":0.030415773},"trigger":{"num":292,"min":0.000000000.0,"max":0.002747059,"avg":0.000016599,"var":0.000010870,"sum":0.004847050}},"rpcs":{"65535:65535:14048217247822970879:0":{"rpc_id":-4398526825886580737,"provider_id":0,"parent_rpc_id":65535,"parent_provider_id":65535,"name":"get_file_data","origin":{"sent to ofi+cxi://0x23ed6600":{"iforward":{"duration":{"num":10,"min":0.000000954,"max":0.000033379,"avg":0.000004506,"var":0.000000001,"sum":0.000045061},"relative_timestamp_from_create":{"num":10,"min":0.000000000.0,"max":0.000004292,"avg":0.000000548,"var":0.000000000,"sum":0.000005484}},"forward_cb":{"duration":{"num":10,"min":0.000000238,"max":0.000000477,"avg":0.000000286,"var":0.000000000,"sum":0.000002861},"relative_timestamp_from_iforward_start":{"num":10,"min":0.004374027,"max":0.019695520,"avg":0.008238626,"var":0.000273864,"sum":0.082386255}},"iforward_wait":{"duration":{"num":10,"min":0.004374027,"max":0.019683838,"avg":0.008237910,"var":0.000273536,"sum":0.082379103},"relative_timestamp_from_iforward_end":{"num":10,"min":0.000000000.0,"max":0.000000477,"avg":0.000000095,"var":0.000000000,"sum":0.000000954}},"set_input":{"duration":{"num":10,"min":0.000000238,"max":0.000005245,"avg":0.000000858,"var":0.000000000,"sum":0.000008583},"relative_timestamp_from_iforward_start":{"num":10,"min":0.000000477,"max":0.000020504,"avg":0.000002718,"var":0.000000000,"sum":0.000027180}},"get_output":{"duration":{"num":10,"min":0.000005484,"max":0.000038147,"avg":0.000008869,"var":0.000000001,"sum":0.000088692},"relative_timestamp_from_wait_end":{"num":10,"min":0.000000000.0,"max":0.000000477,"avg":0.000000215,"var":0.000000000,"sum":0.000002146}}}},"target":{"received from ofi+cxi://0x23ed6600":{"handler":{"duration":{"num":10,"min":0.000000238,"max":0.000006676,"avg":0.000001073,"var":0.000000000,"sum":0.000010729}},"ult":{"duration":{"num":10,"min":0.004372358,"max":0.019652843,"avg":0.008232665,"var":0.000272907,"sum":0.082326651},"relative_timestamp_from_handler_start":{"num":10,"min":0.000000715,"max":0.000014782,"avg":0.000002193,"var":0.000000000,"sum":0.000021935}},"irespond":{"duration":{"num":10,"min":0.000008106,"max":0.000092983,"avg":0.000065684,"var":0.000000005,"sum":0.000656843},"relative_timestamp_from_ult_start":{"num":10,"min":0.004362822,"max":0.019546509,"avg":0.008163214,"var":0.000271471,"sum":0.081632137}},"respond_cb":{"duration":{"num":10,"min":0.000000000.0,"max":0.000000238,"avg":0.000000072,"var":0.000000000,"sum":0.000000715},"relative_timestamp_from_irespond_start":{"num":10,"min":0.000008583,"max":0.000093460,"avg":0.000066400,"var":0.000000006,"sum":0.000663996}},"irespond_wait":{"duration":{"num":10,"min":0.000001192,"max":0.000003338,"avg":0.000001550,"var":0.000000000,"sum":0.000015497},"relative_timestamp_from_irespond_end":{"num":10,"min":0.000000000.0,"max":0.000000238,"avg":0.000000095,"var":0.000000000,"sum":0.000000954}},"set_output":{"duration":{"num":10,"min":0.000006914,"max":0.000067234,"avg":0.000050831,"var":0.000000003,"sum":0.000508308},"relative_timestamp_from_irespond_start":{"num":10,"min":0.000000000.0,"max":0.000000954,"avg":0.000000262,"var":0.000000000,"sum":0.000002623}},"get_input":{"duration":{"num":10,"min":0.000000000.0,"max":0.000001907,"avg":0.000000358,"var":0.000000000,"sum":0.000003576},"relative_timestamp_from_ult_start":{"num":10,"min":0.000000000.0,"max":0.000003338,"avg":0.000000429,"var":0.000000000,"sum":0.000004292}}}}},"14048217247822970879:0:14048217247822970879:0":{"rpc_id":-4398526825886580737,"provider_id":0,"parent_rpc_id":-4398526825886580737,"parent_provider_id":0,"name":"get_file_data","origin":{"sent to ofi+cxi://0x23ef4200":{"iforward":{"duration":{"num":70,"min":0.000001192,"max":0.000038862,"avg":0.000007810,"var":0.000000005,"sum":0.000546694},"relative_timestamp_from_create":{"num":70,"min":0.000000000.0,"max":0.000000477,"avg":0.000000181,"var":0.000000000,"sum":0.000012636}},"forward_cb":{"duration":{"num":70,"min":0.000000000.0,"max":0.000015974,"avg":0.000000504,"var":0.000000000,"sum":0.000035286},"relative_timestamp_from_iforward_start":{"num":70,"min":0.000207663,"max":0.019366264,"avg":0.007750440,"var":0.001639234,"sum":0.542530775}},"iforward_wait":{"duration":{"num":70,"min":0.000205994,"max":0.019333363,"avg":0.007751121,"var":0.001630439,"sum":0.542578459},"relative_timestamp_from_iforward_end":{"num":70,"min":0.000000000.0,"max":0.000000477,"avg":0.000000198,"var":0.000000000,"sum":0.000013828}},"set_input":{"duration":{"num":70,"min":0.000000000.0,"max":0.000000954,"avg":0.000000337,"var":0.000000000,"sum":0.000023603},"relative_timestamp_from_iforward_start":{"num":70,"min":0.000000238,"max":0.000002861,"avg":0.000000616,"var":0.000000000,"sum":0.000043154}},"get_output":{"duration":{"num":70,"min":0.000006676,"max":0.000071526,"avg":0.000010337,"var":0.000000011,"sum":0.000723600},"relative_timestamp_from_wait_end":{"num":70,"min":0.000000000.0,"max":0.000007153,"avg":0.000000341,"var":0.000000000,"sum":0.000023842}}}},"target":{"received from ofi+cxi://0x23ef2400":{"handler":{"duration":{"num":30,"min":0.000000238,"max":0.002746105,"avg":0.000153708,"var":0.000010231,"sum":0.004611254}},"ult":{"duration":{"num":30,"min":0.000332832,"max":0.018546581,"avg":0.007871127,"var":0.000648972,"sum":0.236133814},"relative_timestamp_from_handler_start":{"num":30,"min":0.000000477,"max":0.002748251,"avg":0.000217772,"var":0.000013189,"sum":0.006533146}},"irespond":{"duration":{"num":30,"min":0.000008583,"max":0.000089884,"avg":0.000061925,"var":0.000000017,"sum":0.001857758},"relative_timestamp_from_ult_start":{"num":30,"min":0.000225544,"max":0.018262625,"avg":0.007674789,"var":0.000659243,"sum":0.230243683}},"respond_cb":{"duration":{"num":30,"min":0.000000000.0,"max":0.000000238,"avg":0.000000064,"var":0.000000000,"sum":0.000001907},"relative_timestamp_from_irespond_start":{"num":30,"min":0.000039816,"max":0.001642942,"avg":0.000194987,"var":0.000002532,"sum":0.005849600}},"irespond_wait":{"duration":{"num":30,"min":0.000031233,"max":0.001564741,"avg":0.000133602,"var":0.000002419,"sum":0.004008055},"relative_timestamp_from_irespond_end":{"num":30,"min":0.000000000.0,"max":0.000000715,"avg":0.000000358,"var":0.000000000,"sum":0.000010729}},"set_output":{"duration":{"num":30,"min":0.000007153,"max":0.000069380,"avg":0.000048955,"var":0.000000011,"sum":0.001468658},"relative_timestamp_from_irespond_start":{"num":30,"min":0.000000000.0,"max":0.000000477,"avg":0.000000135,"var":0.000000000,"sum":0.000004053}},"get_input":{"duration":{"num":30,"min":0.000000000.0,"max":0.000000477,"avg":0.000000167,"var":0.000000000,"sum":0.000005007},"relative_timestamp_from_ult_start":{"num":30,"min":0.000000000.0,"max":0.000001431,"avg":0.000000254,"var":0.000000000,"sum":0.000007629}}},"received from ofi+cxi://0x23ed6200":{"handler":{"duration":{"num":30,"min":0.000000238,"max":0.000005722,"avg":0.000000771,"var":0.000000000,"sum":0.000023127}},"ult":{"duration":{"num":30,"min":0.002023697,"max":0.018647671,"avg":0.007999007,"var":0.000675301,"sum":0.239970207},"relative_timestamp_from_handler_start":{"num":30,"min":0.000000477,"max":0.000007391,"avg":0.000001105,"var":0.000000000,"sum":0.000033140}},"irespond":{"duration":{"num":30,"min":0.000009775,"max":0.000102997,"avg":0.000070667,"var":0.000000009,"sum":0.002120018},"relative_timestamp_from_ult_start":{"num":30,"min":0.000623941,"max":0.018411875,"avg":0.007759809,"var":0.000707032,"sum":0.232794285}},"respond_cb":{"duration":{"num":30,"min":0.000000000.0,"max":0.000000238,"avg":0.000000095,