{"address":"","progress_loop":{"progress_with_timeout":{"num":873,"min":0.000000000.0,"max":0.104010582,"avg":0.102864146,"var":0.098636690,"sum":89.800399780},"progress_timeout_value_msec":{"num":873,"min":100.000000000.0,"max":100.000000000.0,"avg":100.000000000.0,"var":0.000000000.0,"sum":87300.000000000.0},"progress_without_timeout":{"num":1576,"min":0.000000000.0,"max":0.000010014,"avg":0.000000131,"var":0.000000000,"sum":0.000206709},"trigger":{"num":42,"min":0.000000000.0,"max":0.000014782,"avg":0.000001027,"var":0.000000000,"sum":0.000043154}},"rpcs":{"65535:65535:14048217247822970879:0":{"rpc_id":-4398526825886580737,"provider_id":0,"parent_rpc_id":65535,"parent_provider_id":65535,"name":"get_file_data","origin":{"sent to ofi+cxi://0x23ef0400":{"iforward":{"duration":{"num":10,"min":0.000000715,"max":0.000035286,"avg":0.000004435,"var":0.000000001,"sum":0.000044346},"relative_timestamp_from_create":{"num":10,"min":0.000000000.0,"max":0.000004530,"avg":0.000000525,"var":0.000000000,"sum":0.000005245}},"forward_cb":{"duration":{"num":10,"min":0.000000000.0,"max":0.000000238,"avg":0.000000095,"var":0.000000000,"sum":0.000000954},"relative_timestamp_from_iforward_start":{"num":10,"min":0.000058651,"max":0.000747204,"avg":0.000133109,"var":0.000000419,"sum":0.001331091}},"iforward_wait":{"duration":{"num":10,"min":0.000058413,"max":0.000715971,"avg":0.000129700,"var":0.000000382,"sum":0.001296997},"relative_timestamp_from_iforward_end":{"num":10,"min":0.000000000.0,"max":0.000000238,"avg":0.000000072,"var":0.000000000,"sum":0.000000715}},"set_input":{"duration":{"num":10,"min":0.000000238,"max":0.000005245,"avg":0.000000763,"var":0.000000000,"sum":0.000007629},"relative_timestamp_from_iforward_start":{"num":10,"min":0.000000477,"max":0.000022650,"avg":0.000002766,"var":0.000000000,"sum":0.000027657}},"get_output":{"duration":{"num":10,"min":0.000000000.0,"max":0.000000477,"avg":0.000000143,"var":0.000000000,"sum":0.000001431},"relative_timestamp_from_wait_end":{"num":10,"min":0.000000000.0,"max":0.000000238,"avg":0.000000143,"var":0.000000000,"sum":0.000001431}}}},"target":{"received from ofi+cxi://0x23ef0400":{"handler":{"duration":{"num":10,"min":0.000000238,"max":0.000007391,"avg":0.000001073,"var":0.000000000,"sum":0.000010729}},"ult":{"duration":{"num":10,"min":0.000056982,"max":0.000221729,"avg":0.000078845,"var":0.000000023,"sum":0.000788450},"relative_timestamp_from_handler_start":{"num":10,"min":0.000000477,"max":0.000478983,"avg":0.000048470,"var":0.000000206,"sum":0.000484705}},"irespond":{"duration":{"num":10,"min":0.000000477,"max":0.000002623,"avg":0.000000715,"var":0.000000000,"sum":0.000007153},"relative_timestamp_from_ult_start":{"num":10,"min":0.000055075,"max":0.000215769,"avg":0.000076652,"var":0.000000022,"sum":0.000766516}},"respond_cb":{"duration":{"num":10,"min":0.000000000.0,"max":0.000000238,"avg":0.000000072,"var":0.000000000,"sum":0.000000715},"relative_timestamp_from_irespond_start":{"num":10,"min":0.000000715,"max":0.000003576,"avg":0.000001216,"var":0.000000000,"sum":0.000012159}},"irespond_wait":{"duration":{"num":10,"min":0.000000715,"max":0.000001907,"avg":0.000001073,"var":0.000000000,"sum":0.000010729},"relative_timestamp_from_irespond_end":{"num":10,"min":0.000000000.0,"max":0.000000238,"avg":0.000000048,"var":0.000000000,"sum":0.000000477}},"set_output":{"duration":{"num":10,"min":0.000000000.0,"max":0.000000477,"avg":0.000000310,"var":0.000000000,"sum":0.000003099},"relative_timestamp_from_irespond_start":{"num":10,"min":0.000000000.0,"max":0.000001192,"avg":0.000000238,"var":0.000000000,"sum":0.000002384}},"get_input":{"duration":{"num":10,"min":0.000000000.0,"max":0.000002623,"avg":0.000000310,"var":0.000000000,"sum":0.000003099},"relative_timestamp_from_ult_start":{"num":10,"min":0.000000000.0,"max":0.000006914,"avg":0.000000858,"var":0.000000000,"sum":0.000008583}}}}},"14048217247822970879:0:14048217247822970879:0":{"rpc_id":-4398526825886580737,"provider_id":0,"parent_rpc_id":-4398526825886580737,"parent_provider_id":0,"name":"get_file_data","origin":{"sent to ofi+cxi://0x23ef2000":{"iforward":{"duration":{"num":10,"min":0.000007868,"max":0.000037193,"avg":0.000011134,"var":0.000000001,"sum":0.000111341},"relative_timestamp_from_create":{"num":10,"min":0.000000000.0,"max":0.000000477,"avg":0.000000119,"var":0.000000000,"sum":0.000001192}},"forward_cb":{"duration":{"num":10,"min":0.000000000.0,"max":0.000001192,"avg":0.000000215,"var":0.000000000,"sum":0.000002146},"relative_timestamp_from_iforward_start":{"num":10,"min":0.000048637,"max":0.000104904,"avg":0.000059032,"var":0.000000003,"sum":0.000590324}},"iforward_wait":{"duration":{"num":10,"min":0.000041008,"max":0.000072718,"avg":0.000048685,"var":0.000000001,"sum":0.000486851},"relative_timestamp_from_iforward_end":{"num":10,"min":0.000000000.0,"max":0.000000238,"avg":0.000000167,"var":0.000000000,"sum":0.000001669}},"set_input":{"duration":{"num":10,"min":0.000000238,"max":0.000000954,"avg":0.000000501,"var":0.000000000,"sum":0.000005007},"relative_timestamp_from_iforward_start":{"num":10,"min":0.000000477,"max":0.000002623,"avg":0.000000691,"var":0.000000000,"sum":0.000006914}},"get_output":{"duration":{"num":10,"min":0.000000000.0,"max":0.000000954,"avg":0.000000215,"var":0.000000000,"sum":0.000002146},"relative_timestamp_from_wait_end":{"num":10,"min":0.000000000.0,"max":0.000000477,"avg":0.000000143,"var":0.000000000,"sum":0.000001431}}}}},"65535:65535:8686831390660034559:65535":{"rpc_id":8686831390660034559,"provider_id":65535,"parent_rpc_id":65535,"parent_provider_id":65535,"name":"__shutdown__","target":{"received from ofi+cxi://0x23e70601":{"handler":{"duration":{"num":1,"min":0.000010252,"max":0.000010252,"avg":0.000010252,"var":0.000000000.0,"sum":0.000010252}},"ult":{"duration":{"num":1,"min":0.000010014,"max":0.000010014,"avg":0.000010014,"var":0.000000000.0,"sum":0.000010014},"relative_timestamp_from_handler_start":{"num":1,"min":0.000011444,"max":0.000011444,"avg":0.000011444,"var":0.000000000.0,"sum":0.000011444}},"irespond":{"duration":{"num":1,"min":0.000002623,"max":0.000002623,"avg":0.000002623,"var":0.000000000.0,"sum":0.000002623},"relative_timestamp_from_ult_start":{"num":1,"min":0.000000477,"max":0.000000477,"avg":0.000000477,"var":0.000000000.0,"sum":0.000000477}},"respond_cb":{"duration":{"num":1,"min":0.000000000.0,"max":0.000000000.0,"avg":0.000000000.0,"var":0.000000000.0,"sum":0.000000000.0},"relative_timestamp_from_irespond_start":{"num":1,"min":0.000007391,"max":0.000007391,"avg":0.000007391,"var":0.000000000.0,"sum":0.000007391}},"irespond_wait":{"duration":{"num":1,"min":0.000004768,"max":0.000004768,"avg":0.000004768,"var":0.000000000.0,"sum":0.000004768},"relative_timestamp_from_irespond_end":{"num":1,"min":0.000000238,"max":0.000000238,"avg":0.000000238,"var":0.000000000.0,"sum":0.000000238}},"set_output":{"duration":{"num":1,"min":0.000000477,"max":0.000000477,"avg":0.000000477,"var":0.000000000.0,"sum":0.000000477},"relative_timestamp_from_irespond_start":{"num":1,"min":0.000000238,"max":0.000000238,"avg":0.000000238,"var":0.000000000.0,"sum":0.000000238}},"get_input":{"duration":{"num":0,"min":0.000000000.0,"max":0.000000000.0,"avg":0.000000000.0,"var":0.000000000.0,"sum":0.000000000.0},"relative_timestamp_from_ult_start":{"num":0,"min":0.000000000.0,"max":0.000000000.0,"avg":0.000000000.0,"var":0.000000000.0,"sum":0.000000000.0}}}}}}}