{"address":"","rpcs":{"get_file_data:0":{"timestamps":[1717912283.978947163,1717912285.064943075,1717912286.104943514,1717912287.144943714,1717912288.184943438,1717912289.224942684,1717912290.264945030,1717912291.304942608,1717912292.344945431,1717912293.384943724,1717912294.424945593,1717912295.464942932,1717912296.504942656,1717912297.540944815,1717912298.580943584,1717912299.620944738,1717912300.660944700,1717912301.700942516,1717912302.740946293,1717912303.780941963,1717912304.820942402,1717912305.860942125,1717912306.900943041,1717912307.940942049,1717912308.980943441,1717912310.020944118,1717912311.060943842,1717912312.100944042,1717912313.140945673,1717912314.180942774,1717912315.220944881,1717912316.260942459,1717912317.300943136,1717912318.340943575,1717912319.380943060,1717912320.420943022,1717912321.460944414,1717912322.500943184,1717912323.540943384,1717912324.580944061,1717912325.620942354,1717912326.660942078,1717912327.700942993,1717912328.740942955,1717912329.780946016,1717912330.820942163,1717912331.860942841,1717912332.900942087,1717912333.940942049,1717912334.980942488,1717912336.020944118,1717912337.060941935,1717912338.100942373,1717912339.140941858,1717912340.180943012,1717912341.220942736,1717912342.260946035,1717912343.300943375,1717912344.340943336,1717912345.380941868,1717912346.420943022,1717912347.460942268,1717912348.500943422,1717912349.540942430,1717912350.580942631,1717912351.620944500,1717912352.660943508,1717912353.700947046,1717912354.740942240,1717912355.780944109,1717912356.820943832,1717912357.860942841,1717912358.900943041,1717912359.940942049,1717912360.980943203,1717912362.020943165,1717912363.060943604,1717912364.100943327,1717912365.140942335,1717912366.180943012,1717912367.220942974,1717912368.260941982,1717912369.300943375,1717912370.340943813,1717912371.380943537,1717912372.420943260,1717912373.456943035,1717912373.756187916],"count":[1,29,0,0,0,0,0,0,0,0,0,0,0,0,0,0,0,0,0,0,0,0,0,0,0,0,0,0,0,0,0,0,0,0,0,0,0,0,0,0,0,0,0,0,0,0,0,0,0,0,0,0,0,0,0,0,0,0,0,0,0,0,0,0,0,0,0,0,0,0,0,0,0,0,0,0,0,0,0,0,0,0,0,0,0,0,0,0],"bulk_size":[0,0,0,0,0,0,0,0,0,0,0,0,0,0,0,0,0,0,0,0,0,0,0,0,0,0,0,0,0,0,0,0,0,0,0,0,0,0,0,0,0,0,0,0,0,0,0,0,0,0,0,0,0,0,0,0,0,0,0,0,0,0,0,0,0,0,0,0,0,0,0,0,0,0,0,0,0,0,0,0,0,0,0,0,0,0,0,0]},"__shutdown__:65535":{"timestamps":[1717912373.756187916],"count":[1],"bulk_size":[0]}},"pools":{"__primary__":{"timestamps":[1717912283.978947163,1717912285.064943075,1717912286.104943514,1717912287.144943714,1717912288.184943438,1717912289.224942684,1717912290.264945030,1717912291.304942608,1717912292.344945431,1717912293.384943724,1717912294.424945593,1717912295.464942932,1717912296.504942656,1717912297.540944815,1717912298.580943584,1717912299.620944738,1717912300.660944700,1717912301.700942516,1717912302.740946293,1717912303.780941963,1717912304.820942402,1717912305.860942125,1717912306.900943041,1717912307.940942049,1717912308.980943441,1717912310.020944118,1717912311.060943842,1717912312.100944042,1717912313.140945673,1717912314.180942774,1717912315.220944881,1717912316.260942459,1717912317.300943136,1717912318.340943575,1717912319.380943060,1717912320.420943022,1717912321.460944414,1717912322.500943184,1717912323.540943384,1717912324.580944061,1717912325.620942354,1717912326.660942078,1717912327.700942993,1717912328.740942955,1717912329.780946016,1717912330.820942163,1717912331.860942841,1717912332.900942087,1717912333.940942049,1717912334.980942488,1717912336.020944118,1717912337.060941935,1717912338.100942373,1717912339.140941858,1717912340.180943012,1717912341.220942736,1717912342.260946035,1717912343.300943375,1717912344.340943336,1717912345.380941868,1717912346.420943022,1717912347.460942268,1717912348.500943422,1717912349.540942430,1717912350.580942631,1717912351.620944500,1717912352.660943508,1717912353.700947046,1717912354.740942240,1717912355.780944109,1717912356.820943832,1717912357.860942841,1717912358.900943041,1717912359.940942049,1717912360.980943203,1717912362.020943165,1717912363.060943604,1717912364.100943327,1717912365.140942335,1717912366.180943012,1717912367.220942974,1717912368.260941982,1717912369.300943375,1717912370.340943813,1717912371.380943537,1717912372.420943260,1717912373.456943035,1717912373.756187916],"size":[0,0,0,0,0,0,0,0,0,0,0,0,0,0,0,0,0,0,0,0,0,0,0,0,0,0,0,0,0,0,0,0,0,0,0,0,0,0,0,0,0,0,0,0,0,0,0,0,0,0,0,0,0,0,0,0,0,0,0,0,0,0,0,0,0,0,0,0,0,0,0,0,0,0,0,0,0,0,0,0,0,0,0,0,0,0,0,0],"total_size":[2,1,1,1,1,1,1,1,1,1,1,1,1,1,1,1,1,1,1,1,1,1,1,1,1,1,1,1,1,1,1,1,1,1,1,1,1,1,1,1,1,1,1,1,1,1,1,1,1,1,1,1,1,1,1,1,1,1,1,1,1,1,1,1,1,1,1,1,1,1,1,1,1,1,1,1,1,1,1,1,1,1,1,1,1,1,1,0]}}}