{"address":"","progress_loop":{"progress_with_timeout":{"num":1064,"min":0.000000238,"max":0.104008436,"avg":0.103045497,"var":0.102606961,"sum":109.640408278},"progress_timeout_value_msec":{"num":1064,"min":100.000000000.0,"max":100.000000000.0,"avg":100.000000000.0,"var":0.000000000.0,"sum":106400.000000000.0},"progress_without_timeout":{"num":700467,"min":0.000000000.0,"max":0.000242949,"avg":0.000000113,"var":0.000000110,"sum":0.078915596},"trigger":{"num":52,"min":0.000000238,"max":0.000027418,"avg":0.000001618,"var":0.000000001,"sum":0.000084162}},"rpcs":{"65535:65535:14048217247822970879:0":{"rpc_id":-4398526825886580737,"provider_id":0,"parent_rpc_id":65535,"parent_provider_id":65535,"name":"get_file_data","origin":{"sent to ofi+cxi://0x23eb2400":{"iforward":{"duration":{"num":10,"min":0.000001192,"max":0.000030279,"avg":0.000004363,"var":0.000000001,"sum":0.000043631},"relative_timestamp_from_create":{"num":10,"min":0.000000000.0,"max":0.000004292,"avg":0.000000548,"var":0.000000000,"sum":0.000005484}},"forward_cb":{"duration":{"num":10,"min":0.000000000.0,"max":0.000000238,"avg":0.000000072,"var":0.000000000,"sum":0.000000715},"relative_timestamp_from_iforward_start":{"num":10,"min":0.015121460,"max":0.029420614,"avg":0.020187473,"var":0.000255260,"sum":0.201874733}},"iforward_wait":{"duration":{"num":10,"min":0.015121460,"max":0.029420614,"avg":0.020187664,"var":0.000255284,"sum":0.201876640},"relative_timestamp_from_iforward_end":{"num":10,"min":0.000000000.0,"max":0.000000238,"avg":0.000000095,"var":0.000000000,"sum":0.000000954}},"set_input":{"duration":{"num":10,"min":0.000000238,"max":0.000004768,"avg":0.000000787,"var":0.000000000,"sum":0.000007868},"relative_timestamp_from_iforward_start":{"num":10,"min":0.000000715,"max":0.000018597,"avg":0.000002742,"var":0.000000000,"sum":0.000027418}},"get_output":{"duration":{"num":10,"min":0.000021458,"max":0.000139713,"avg":0.000035357,"var":0.000000012,"sum":0.000353575},"relative_timestamp_from_wait_end":{"num":10,"min":0.000000238,"max":0.000000477,"avg":0.000000262,"var":0.000000000,"sum":0.000002623}}}},"target":{"received from ofi+cxi://0x23eb2400":{"handler":{"duration":{"num":10,"min":0.000000477,"max":0.000006914,"avg":0.000001287,"var":0.000000000,"sum":0.000012875}},"ult":{"duration":{"num":10,"min":0.015119314,"max":0.029414415,"avg":0.020182133,"var":0.000254799,"sum":0.201821327},"relative_timestamp_from_handler_start":{"num":10,"min":0.000000715,"max":0.000015020,"avg":0.000002432,"var":0.000000000,"sum":0.000024319}},"irespond":{"duration":{"num":10,"min":0.000272989,"max":0.000289917,"avg":0.000282693,"var":0.000000000,"sum":0.002826929},"relative_timestamp_from_ult_start":{"num":10,"min":0.014829159,"max":0.029132843,"avg":0.019893861,"var":0.000254765,"sum":0.198938608}},"respond_cb":{"duration":{"num":10,"min":0.000000000.0,"max":0.000000238,"avg":0.000000119,"var":0.000000000,"sum":0.000001192},"relative_timestamp_from_irespond_start":{"num":10,"min":0.000274181,"max":0.000291348,"avg":0.000283933,"var":0.000000000,"sum":0.002839327}},"irespond_wait":{"duration":{"num":10,"min":0.000001669,"max":0.000002623,"avg":0.000002027,"var":0.000000000,"sum":0.000020266},"relative_timestamp_from_irespond_end":{"num":10,"min":0.000000000.0,"max":0.000000477,"avg":0.000000143,"var":0.000000000,"sum":0.000001431}},"set_output":{"duration":{"num":10,"min":0.000249863,"max":0.000265360,"avg":0.000258183,"var":0.000000000,"sum":0.002581835},"relative_timestamp_from_irespond_start":{"num":10,"min":0.000000000.0,"max":0.000001192,"avg":0.000000286,"var":0.000000000,"sum":0.000002861}},"get_input":{"duration":{"num":10,"min":0.000000000.0,"max":0.000001907,"avg":0.000000381,"var":0.000000000,"sum":0.000003815},"relative_timestamp_from_ult_start":{"num":10,"min":0.000000238,"max":0.000003338,"avg":0.000000596,"var":0.000000000,"sum":0.000005960}}}}},"14048217247822970879:0:14048217247822970879:0":{"rpc_id":-4398526825886580737,"provider_id":0,"parent_rpc_id":-4398526825886580737,"parent_provider_id":0,"name":"get_file_data","origin":{"sent to ofi+cxi://0x23ef2000":{"iforward":{"duration":{"num":10,"min":0.000009775,"max":0.000036240,"avg":0.000013685,"var":0.000000001,"sum":0.000136852},"relative_timestamp_from_create":{"num":10,"min":0.000000000.0,"max":0.000000238,"avg":0.000000143,"var":0.000000000,"sum":0.000001431}},"forward_cb":{"duration":{"num":10,"min":0.000000238,"max":0.000001669,"avg":0.000000453,"var":0.000000000,"sum":0.000004530},"relative_timestamp_from_iforward_start":{"num":10,"min":0.014524937,"max":0.028857708,"avg":0.019599628,"var":0.000253680,"sum":0.195996284}},"iforward_wait":{"duration":{"num":10,"min":0.014534235,"max":0.028846741,"avg":0.019588900,"var":0.000253214,"sum":0.195888996},"relative_timestamp_from_iforward_end":{"num":10,"min":0.000000000.0,"max":0.000000238,"avg":0.000000191,"var":0.000000000,"sum":0.000001907}},"set_input":{"duration":{"num":10,"min":0.000000238,"max":0.000000477,"avg":0.000000358,"var":0.000000000,"sum":0.000003576},"relative_timestamp_from_iforward_start":{"num":10,"min":0.000000477,"max":0.000002623,"avg":0.000000739,"var":0.000000000,"sum":0.000007391}},"get_output":{"duration":{"num":10,"min":0.000260592,"max":0.000275612,"avg":0.000269938,"var":0.000000000,"sum":0.002699375},"relative_timestamp_from_wait_end":{"num":10,"min":0.000000238,"max":0.000000954,"avg":0.000000310,"var":0.000000000,"sum":0.000003099}}}}},"65535:65535:8686831390660034559:65535":{"rpc_id":8686831390660034559,"provider_id":65535,"parent_rpc_id":65535,"parent_provider_id":65535,"name":"__shutdown__","target":{"received from ofi+cxi://0x23e70601":{"handler":{"duration":{"num":1,"min":0.000014782,"max":0.000014782,"avg":0.000014782,"var":0.000000000.0,"sum":0.000014782}},"ult":{"duration":{"num":1,"min":0.000016928,"max":0.000016928,"avg":0.000016928,"var":0.000000000.0,"sum":0.000016928},"relative_timestamp_from_handler_start":{"num":1,"min":0.000019550,"max":0.000019550,"avg":0.000019550,"var":0.000000000.0,"sum":0.000019550}},"irespond":{"duration":{"num":1,"min":0.000006914,"max":0.000006914,"avg":0.000006914,"var":0.000000000.0,"sum":0.000006914},"relative_timestamp_from_ult_start":{"num":1,"min":0.000001431,"max":0.000001431,"avg":0.000001431,"var":0.000000000.0,"sum":0.000001431}},"respond_cb":{"duration":{"num":1,"min":0.000000238,"max":0.000000238,"avg":0.000000238,"var":0.000000000.0,"sum":0.000000238},"relative_timestamp_from_irespond_start":{"num":1,"min":0.000012875,"max":0.000012875,"avg":0.000012875,"var":0.000000000.0,"sum":0.000012875}},"irespond_wait":{"duration":{"num":1,"min":0.000006437,"max":0.000006437,"avg":0.000006437,"var":0.000000000.0,"sum":0.000006437},"relative_timestamp_from_irespond_end":{"num":1,"min":0.000000238,"max":0.000000238,"avg":0.000000238,"var":0.000000000.0,"sum":0.000000238}},"set_output":{"duration":{"num":1,"min":0.000000715,"max":0.000000715,"avg":0.000000715,"var":0.000000000.0,"sum":0.000000715},"relative_timestamp_from_irespond_start":{"num":1,"min":0.000000954,"max":0.000000954,"avg":0.000000954,"var":0.000000000.0,"sum":0.000000954}},"get_input":{"duration":{"num":0,"min":0.000000000.0,"max":0.000000000.0,"avg":0.000000000.0,"var":0.000000000.0,"sum":0.000000000.0},"relative_timestamp_from_ult_start":{"num":0,"min":0.000000000.0,"max":0.000000000.0,"avg":0.000000000.0,"var":0.000000000.0,"sum":0.000000000.0}}}}}}}