{"address":"","rpcs":{"get_file_data:0":{"timestamps":[1717913919.812941790,1717913920.907163382,1717913921.947164059,1717913922.987164021,1717913924.027163029,1717913925.063163996,1717913926.103163004,1717913927.143165588,1717913928.183163643,1717913929.223166227,1717913930.263162851,1717913931.303164244,1717913932.343162775,1717913933.383164167,1717913934.423163414,1717913935.463164806,1717913936.503162861,1717913937.543163776,1717913938.583163500,1717913939.623163462,1717913940.663162947,1717913941.703164101,1717913942.743165016,1717913943.783164263,1717913944.823163033,1717913945.863162756,1717913946.903163910,1717913947.943166256,1717913948.983162642,1717913950.023164749,1717913951.063163280,1717913952.103163719,1717913953.143163919,1717913954.183163881,1717913955.223163128,1717913956.263163805,1717913957.303163528,1717913958.343163013,1717913959.383163929,1717913960.423163414,1717913961.463163853,1717913962.503168583,1717913963.543163538,1717913964.583164454,1717913965.623162985,1717913966.663163424,1717913967.703162909,1717913968.743167400,1717913969.783164024,1717913970.823163748,1717913971.863164425,1717913972.903163910,1717913973.943163633,1717913974.983162880,1717913976.023164034,1717913977.063164234,1717913978.103163004,1717913979.143163919,1717913980.183163404,1717913981.223164082,1717913982.263164043,1717913983.303162813,1717913984.343165159,1717913985.383165836,1717913986.423162937,1717913987.463164568,1717913988.503163815,1717913989.543163538,1717913990.583163500,1717913991.623163462,1717913992.663162947,1717913993.703164577,1717913994.743163347,1717913995.783163548,1717913996.823164940,1717913997.863164186,1717913998.903163910,1717913999.943163633,1717914000.983163595,1717914002.023163557,1717914003.063163519,1717914004.103163719,1717914005.143163443,1717914006.183163404,1717914007.223163366,1717914008.263163090,1717914009.303162813,1717914010.343163013,1717914011.383164167,1717914012.423164129,1717914013.463163137,1717914014.503163099,1717914015.543163538,1717914016.583163977,1717914017.623163700,1717914018.659163475,1717914019.699164867,1717914020.739163637,1717914021.779164076,1717914022.819162846,1717914023.859164238,1717914024.899163961,1717914025.939163446,1717914026.979163885,1717914028.019163609,1717914029.059163809,1717914029.706787586],"count":[1,69,0,0,0,0,0,0,0,0,0,0,0,0,0,0,0,0,0,0,0,0,0,0,0,0,0,0,0,0,0,0,0,0,0,0,0,0,0,0,0,0,0,0,0,0,0,0,0,0,0,0,0,0,0,0,0,0,0,0,0,0,0,0,0,0,0,0,0,0,0,0,0,0,0,0,0,0,0,0,0,0,0,0,0,0,0,0,0,0,0,0,0,0,0,0,0,0,0,0,0,0,0,0,0,0,0],"bulk_size":[0,0,0,0,0,0,0,0,0,0,0,0,0,0,0,0,0,0,0,0,0,0,0,0,0,0,0,0,0,0,0,0,0,0,0,0,0,0,0,0,0,0,0,0,0,0,0,0,0,0,0,0,0,0,0,0,0,0,0,0,0,0,0,0,0,0,0,0,0,0,0,0,0,0,0,0,0,0,0,0,0,0,0,0,0,0,0,0,0,0,0,0,0,0,0,0,0,0,0,0,0,0,0,0,0,0,0]},"__shutdown__:65535":{"timestamps":[1717914029.706787586],"count":[1],"bulk_size":[0]}},"pools":{"__primary__":{"timestamps":[1717913919.812941790,1717913920.907163382,1717913921.947164059,1717913922.987164021,1717913924.027163029,1717913925.063163996,1717913926.103163004,1717913927.143165588,1717913928.183163643,1717913929.223166227,1717913930.263162851,1717913931.303164244,1717913932.343162775,1717913933.383164167,1717913934.423163414,1717913935.463164806,1717913936.503162861,1717913937.543163776,1717913938.583163500,1717913939.623163462,1717913940.663162947,1717913941.703164101,1717913942.743165016,1717913943.783164263,1717913944.823163033,1717913945.863162756,1717913946.903163910,1717913947.943166256,1717913948.983162642,1717913950.023164749,1717913951.063163280,1717913952.103163719,1717913953.143163919,1717913954.183163881,1717913955.223163128,1717913956.263163805,1717913957.303163528,1717913958.343163013,1717913959.383163929,1717913960.423163414,1717913961.463163853,1717913962.503168583,1717913963.543163538,1717913964.583164454,1717913965.623162985,1717913966.663163424,1717913967.703162909,1717913968.743167400,1717913969.783164024,1717913970.823163748,1717913971.863164425,1717913972.903163910,1717913973.943163633,1717913974.983162880,1717913976.023164034,1717913977.063164234,1717913978.103163004,1717913979.143163919,1717913980.183163404,1717913981.223164082,1717913982.263164043,1717913983.303162813,1717913984.343165159,1717913985.383165836,1717913986.423162937,1717913987.463164568,1717913988.503163815,1717913989.543163538,1717913990.583163500,1717913991.623163462,1717913992.663162947,1717913993.703164577,1717913994.743163347,1717913995.783163548,1717913996.823164940,1717913997.863164186,1717913998.903163910,1717913999.943163633,1717914000.983163595,1717914002.023163557,1717914003.063163519,1717914004.103163719,1717914005.143163443,1717914006.183163404,1717914007.223163366,1717914008.263163090,1717914009.303162813,1717914010.343163013,1717914011.383164167,1717914012.423164129,1717914013.463163137,1717914014.503163099,1717914015.543163538,1717914016.583163977,1717914017.623163700,1717914018.659163475,1717914019.699164867,1717914020.739163637,1717914021.779164076,1717914022.819162846,1717914023.859164238,1717914024.899163961,1717914025.939163446,1717914026.979163885,1717914028.019163609,1717914029.059163809,1717914029.706787586],"size":[0,0,0,0,0,0,0,0,0,0,0,0,0,0,0,0,0,0,0,0,0,0,0,0,0,0,0,0,0,0,0,0,0,0,0,0,0,0,0,0,0,0,0,0,0,0,0,0,0,0,0,0,0,0,0,0,0,0,0,0,0,0,0,0,0,0,0,0,0,0,0,0,0,0,0,0,0,0,0,0,0,0,0,0,0,0,0,0,0,0,0,0,0,0,0,0,0,0,0,0,0,0,0,0,0,0,0],"total_size":[2,1,1,1,1,1,1,1,1,1,1,1,1,1,1,1,1,1,1,1,1,1,1,1,1,1,1,1,1,1,1,1,1,1,1,1,1,1,1,1,1,1,1,1,1,1,1,1,1,1,1,1,1,1,1,1,1,1,1,1,1,1,1,1,1,1,1,1,1,1,1,1,1,1,1,1,1,1,1,1,1,1,1,1,1,1,1,1,1,1,1,1,1,1,1,1,1,1,1,1,1,1,1,1,1,1,0]}}}