{"address":"","progress_loop":{"progress_with_timeout":{"num":1310,"min":0.000000715,"max":0.104006052,"avg":0.103247097,"var":0.098265951,"sum":135.253697395},"progress_timeout_value_msec":{"num":1310,"min":100.000000000.0,"max":100.000000000.0,"avg":100.000000000.0,"var":0.000000000.0,"sum":131000.000000000.0},"progress_without_timeout":{"num":15512652,"min":0.000000000.0,"max":0.005856037,"avg":0.000000113,"var":0.000063055,"sum":1.752449751},"trigger":{"num":52,"min":0.000000477,"max":0.000030518,"avg":0.000002783,"var":0.000000002,"sum":0.000144720}},"rpcs":{"65535:65535:14048217247822970879:0":{"rpc_id":-4398526825886580737,"provider_id":0,"parent_rpc_id":65535,"parent_provider_id":65535,"name":"get_file_data","origin":{"sent to ofi+cxi://0x23eb2400":{"iforward":{"duration":{"num":10,"min":0.000002384,"max":0.000034094,"avg":0.000006104,"var":0.000000001,"sum":0.000061035},"relative_timestamp_from_create":{"num":10,"min":0.000000238,"max":0.000004292,"avg":0.000000644,"var":0.000000000,"sum":0.000006437}},"forward_cb":{"duration":{"num":10,"min":0.000000238,"max":0.000000477,"avg":0.000000358,"var":0.000000000,"sum":0.000003576},"relative_timestamp_from_iforward_start":{"num":10,"min":0.280001163,"max":0.529251099,"avg":0.452233052,"var":0.042754174,"sum":4.522330523}},"iforward_wait":{"duration":{"num":10,"min":0.280132055,"max":0.529250383,"avg":0.452246189,"var":0.042709211,"sum":4.522461891},"relative_timestamp_from_iforward_end":{"num":10,"min":0.000000000.0,"max":0.000000238,"avg":0.000000143,"var":0.000000000,"sum":0.000001431}},"set_input":{"duration":{"num":10,"min":0.000000238,"max":0.000004768,"avg":0.000000954,"var":0.000000000,"sum":0.000009537},"relative_timestamp_from_iforward_start":{"num":10,"min":0.000001431,"max":0.000021458,"avg":0.000003958,"var":0.000000000,"sum":0.000039577}},"get_output":{"duration":{"num":10,"min":0.005410671,"max":0.008103132,"avg":0.006766653,"var":0.000003935,"sum":0.067666531},"relative_timestamp_from_wait_end":{"num":10,"min":0.000000238,"max":0.000000715,"avg":0.000000501,"var":0.000000000,"sum":0.000005007}}}},"target":{"received from ofi+cxi://0x23eb2400":{"handler":{"duration":{"num":10,"min":0.000000954,"max":0.000006914,"avg":0.000001860,"var":0.000000000,"sum":0.000018597}},"ult":{"duration":{"num":10,"min":0.279637098,"max":0.529243469,"avg":0.452191234,"var":0.042876830,"sum":4.521912336},"relative_timestamp_from_handler_start":{"num":10,"min":0.000001907,"max":0.000476599,"avg":0.000049734,"var":0.000000202,"sum":0.000497341}},"irespond":{"duration":{"num":10,"min":0.006367445,"max":0.008010864,"avg":0.007697749,"var":0.000002645,"sum":0.076977491},"relative_timestamp_from_ult_start":{"num":10,"min":0.272381783,"max":0.521300316,"avg":0.444471812,"var":0.042569341,"sum":4.444718122}},"respond_cb":{"duration":{"num":10,"min":0.000000238,"max":0.000000477,"avg":0.000000286,"var":0.000000000,"sum":0.000002861},"relative_timestamp_from_irespond_start":{"num":10,"min":0.006369591,"max":0.008013248,"avg":0.007700396,"var":0.000002644,"sum":0.077003956}},"irespond_wait":{"duration":{"num":10,"min":0.000003576,"max":0.000006676,"avg":0.000004268,"var":0.000000000,"sum":0.000042677},"relative_timestamp_from_irespond_end":{"num":10,"min":0.000000000.0,"max":0.000000477,"avg":0.000000215,"var":0.000000000,"sum":0.000002146}},"set_output":{"duration":{"num":10,"min":0.006147146,"max":0.007781506,"avg":0.007471466,"var":0.000002629,"sum":0.074714661},"relative_timestamp_from_irespond_start":{"num":10,"min":0.000000238,"max":0.000001669,"avg":0.000000477,"var":0.000000000,"sum":0.000004768}},"get_input":{"duration":{"num":10,"min":0.000000238,"max":0.000002623,"avg":0.000000620,"var":0.000000000,"sum":0.000006199},"relative_timestamp_from_ult_start":{"num":10,"min":0.000000238,"max":0.000008345,"avg":0.000001287,"var":0.000000000,"sum":0.000012875}}}}},"14048217247822970879:0:14048217247822970879:0":{"rpc_id":-4398526825886580737,"provider_id":0,"parent_rpc_id":-4398526825886580737,"parent_provider_id":0,"name":"get_file_data","origin":{"sent to ofi+cxi://0x23ef2000":{"iforward":{"duration":{"num":10,"min":0.000016212,"max":0.000036716,"avg":0.000020695,"var":0.000000000,"sum":0.000206947},"relative_timestamp_from_create":{"num":10,"min":0.000000000.0,"max":0.000000477,"avg":0.000000191,"var":0.000000000,"sum":0.000001907}},"forward_cb":{"duration":{"num":10,"min":0.000000238,"max":0.000002384,"avg":0.000000477,"var":0.000000000,"sum":0.000004768},"relative_timestamp_from_iforward_start":{"num":10,"min":0.263142586,"max":0.511106014,"avg":0.434441423,"var":0.042138975,"sum":4.344414234}},"iforward_wait":{"duration":{"num":10,"min":0.263114452,"max":0.511089563,"avg":0.434425282,"var":0.042142214,"sum":4.344252825},"relative_timestamp_from_iforward_end":{"num":10,"min":0.000000000.0,"max":0.000000238,"avg":0.000000215,"var":0.000000000,"sum":0.000002146}},"set_input":{"duration":{"num":10,"min":0.000000238,"max":0.000000954,"avg":0.000000548,"var":0.000000000,"sum":0.000005484},"relative_timestamp_from_iforward_start":{"num":10,"min":0.000000954,"max":0.000002861,"avg":0.000001264,"var":0.000000000,"sum":0.000012636}},"get_output":{"duration":{"num":10,"min":0.008271456,"max":0.010474920,"avg":0.009992719,"var":0.000004751,"sum":0.099927187},"relative_timestamp_from_wait_end":{"num":10,"min":0.000000238,"max":0.000001669,"avg":0.000000501,"var":0.000000000,"sum":0.000005007}}}}},"65535:65535:8686831390660034559:65535":{"rpc_id":8686831390660034559,"provider_id":65535,"parent_rpc_id":65535,"parent_provider_id":65535,"name":"__shutdown__","target":{"received from ofi+cxi://0x23e70601":{"handler":{"duration":{"num":1,"min":0.000014782,"max":0.000014782,"avg":0.000014782,"var":0.000000000.0,"sum":0.000014782}},"ult":{"duration":{"num":1,"min":0.000016928,"max":0.000016928,"avg":0.000016928,"var":0.000000000.0,"sum":0.000016928},"relative_timestamp_from_handler_start":{"num":1,"min":0.000019073,"max":0.000019073,"avg":0.000019073,"var":0.000000000.0,"sum":0.000019073}},"irespond":{"duration":{"num":1,"min":0.000007391,"max":0.000007391,"avg":0.000007391,"var":0.000000000.0,"sum":0.000007391},"relative_timestamp_from_ult_start":{"num":1,"min":0.000001192,"max":0.000001192,"avg":0.000001192,"var":0.000000000.0,"sum":0.000001192}},"respond_cb":{"duration":{"num":1,"min":0.000000238,"max":0.000000238,"avg":0.000000238,"var":0.000000000.0,"sum":0.000000238},"relative_timestamp_from_irespond_start":{"num":1,"min":0.000013113,"max":0.000013113,"avg":0.000013113,"var":0.000000000.0,"sum":0.000013113}},"irespond_wait":{"duration":{"num":1,"min":0.000006437,"max":0.000006437,"avg":0.000006437,"var":0.000000000.0,"sum":0.000006437},"relative_timestamp_from_irespond_end":{"num":1,"min":0.000000000.0,"max":0.000000000.0,"avg":0.000000000.0,"var":0.000000000.0,"sum":0.000000000.0}},"set_output":{"duration":{"num":1,"min":0.000000477,"max":0.000000477,"avg":0.000000477,"var":0.000000000.0,"sum":0.000000477},"relative_timestamp_from_irespond_start":{"num":1,"min":0.000001192,"max":0.000001192,"avg":0.000001192,"var":0.000000000.0,"sum":0.000001192}},"get_input":{"duration":{"num":0,"min":0.000000000.0,"max":0.000000000.0,"avg":0.000000000.0,"var":0.000000000.0,"sum":0.000000000.0},"relative_timestamp_from_ult_start":{"num":0,"min":0.000000000.0,"max":0.000000000.0,"avg":0.000000000.0,"var":0.000000000.0,"sum":0.000000000.0}}}}}}}