{"address":"","rpcs":{"get_file_data:0":{"timestamps":[1717913091.835652351,1717913092.920100689,1717913093.960100889,1717913095.000101328,1717913096.040100336,1717913097.080102205,1717913098.120100498,1717913099.160100937,1717913100.200100899,1717913101.236100912,1717913102.276100636,1717913103.316101789,1717913104.356101990,1717913105.396100760,1717913106.436100960,1717913107.476102114,1717913108.516101837,1717913109.556101799,1717913110.596100807,1717913111.636101007,1717913112.676101208,1717913113.716101885,1717913114.756101131,1717913115.796101570,1717913116.836101055,1717913117.876100540,1717913118.916100979,1717913119.956101894,1717913120.996100903,1717913122.036101818,1717913123.076102257,1717913124.116101265,1717913125.156101227,1717913126.196101904,1717913127.236101627,1717913128.276102304,1717913129.316100836,1717913130.356101274,1717913131.396100521,1717913132.436100960,1717913133.476100683,1717913134.516101122,1717913135.556100845,1717913136.596101284,1717913137.636101007,1717913138.676100731,1717913139.716101170,1717913140.756101608,1717913141.796102285,1717913142.836102486,1717913143.876101255,1717913144.916101456,1717913145.956102371,1717913146.996102095,1717913148.036101103,1717913149.076102734,1717913150.116101980,1717913151.156101704,1717913152.196104765,1717913153.236101866,1717913154.276101351,1717913155.316101313,1717913156.356101036,1717913157.396101236,1717913158.436101913,1717913159.476102352,1717913160.516100883,1717913161.556101084,1717913162.596100330,1717913163.636101246,1717913164.676101208,1717913165.716101646,1717913166.756101847,1717913167.796100855,1717913168.836101055,1717913169.876101017,1717913170.916102171,1717913171.956101179,1717913172.996100664,1717913174.036104918,1717913175.076103210,1717913176.116101027,1717913177.156100988,1717913178.196101665,1717913179.236100912,1717913180.276101589,1717913181.316101551,1717913181.751093864],"count":[1,149,0,0,0,0,0,0,0,0,0,0,0,0,0,0,0,0,0,0,0,0,0,0,0,0,0,0,0,0,0,0,0,0,0,0,0,0,0,0,0,0,0,0,0,0,0,0,0,0,0,0,0,0,0,0,0,0,0,0,0,0,0,0,0,0,0,0,0,0,0,0,0,0,0,0,0,0,0,0,0,0,0,0,0,0,0,0],"bulk_size":[0,0,0,0,0,0,0,0,0,0,0,0,0,0,0,0,0,0,0,0,0,0,0,0,0,0,0,0,0,0,0,0,0,0,0,0,0,0,0,0,0,0,0,0,0,0,0,0,0,0,0,0,0,0,0,0,0,0,0,0,0,0,0,0,0,0,0,0,0,0,0,0,0,0,0,0,0,0,0,0,0,0,0,0,0,0,0,0]},"__shutdown__:65535":{"timestamps":[1717913181.751093864],"count":[1],"bulk_size":[0]}},"pools":{"__primary__":{"timestamps":[1717913091.835652351,1717913092.920100689,1717913093.960100889,1717913095.000101328,1717913096.040100336,1717913097.080102205,1717913098.120100498,1717913099.160100937,1717913100.200100899,1717913101.236100912,1717913102.276100636,1717913103.316101789,1717913104.356101990,1717913105.396100760,1717913106.436100960,1717913107.476102114,1717913108.516101837,1717913109.556101799,1717913110.596100807,1717913111.636101007,1717913112.676101208,1717913113.716101885,1717913114.756101131,1717913115.796101570,1717913116.836101055,1717913117.876100540,1717913118.916100979,1717913119.956101894,1717913120.996100903,1717913122.036101818,1717913123.076102257,1717913124.116101265,1717913125.156101227,1717913126.196101904,1717913127.236101627,1717913128.276102304,1717913129.316100836,1717913130.356101274,1717913131.396100521,1717913132.436100960,1717913133.476100683,1717913134.516101122,1717913135.556100845,1717913136.596101284,1717913137.636101007,1717913138.676100731,1717913139.716101170,1717913140.756101608,1717913141.796102285,1717913142.836102486,1717913143.876101255,1717913144.916101456,1717913145.956102371,1717913146.996102095,1717913148.036101103,1717913149.076102734,1717913150.116101980,1717913151.156101704,1717913152.196104765,1717913153.236101866,1717913154.276101351,1717913155.316101313,1717913156.356101036,1717913157.396101236,1717913158.436101913,1717913159.476102352,1717913160.516100883,1717913161.556101084,1717913162.596100330,1717913163.636101246,1717913164.676101208,1717913165.716101646,1717913166.756101847,1717913167.796100855,1717913168.836101055,1717913169.876101017,1717913170.916102171,1717913171.956101179,1717913172.996100664,1717913174.036104918,1717913175.076103210,1717913176.116101027,1717913177.156100988,1717913178.196101665,1717913179.236100912,1717913180.276101589,1717913181.316101551,1717913181.751093864],"size":[0,0,0,0,0,0,0,0,0,0,0,0,0,0,0,0,0,0,0,0,0,0,0,0,0,0,0,0,0,0,0,0,0,0,0,0,0,0,0,0,0,0,0,0,0,0,0,0,0,0,0,0,0,0,0,0,0,0,0,0,0,0,0,0,0,0,0,0,0,0,0,0,0,0,0,0,0,0,0,0,0,0,0,0,0,0,0,0],"total_size":[2,1,1,1,1,1,1,1,1,1,1,1,1,1,1,1,1,1,1,1,1,1,1,1,1,1,1,1,1,1,1,1,1,1,1,1,1,1,1,1,1,1,1,1,1,1,1,1,1,1,1,1,1,1,1,1,1,1,1,1,1,1,1,1,1,1,1,1,1,1,1,1,1,1,1,1,1,1,1,1,1,1,1,1,1,1,1,0]}}}