{"address":"","progress_loop":{"progress_with_timeout":{"num":863,"min":0.040488720,"max":0.104006052,"avg":0.103912925,"var":0.004071158,"sum":89.676854134},"progress_timeout_value_msec":{"num":863,"min":100.000000000.0,"max":100.000000000.0,"avg":100.000000000.0,"var":0.000000000.0,"sum":86300.000000000.0},"progress_without_timeout":{"num":276919,"min":0.000000000.0,"max":0.000013828,"avg":0.000000111,"var":0.000000004,"sum":0.030843019},"trigger":{"num":102,"min":0.000000000.0,"max":0.001491785,"avg":0.000015584,"var":0.000002202,"sum":0.001589537}},"rpcs":{"65535:65535:14048217247822970879:0":{"rpc_id":-4398526825886580737,"provider_id":0,"parent_rpc_id":65535,"parent_provider_id":65535,"name":"get_file_data","origin":{"sent to ofi+cxi://0x23ed0400":{"iforward":{"duration":{"num":10,"min":0.000000715,"max":0.000030041,"avg":0.000003934,"var":0.000000001,"sum":0.000039339},"relative_timestamp_from_create":{"num":10,"min":0.000000000.0,"max":0.000004530,"avg":0.000000477,"var":0.000000000,"sum":0.000004768}},"forward_cb":{"duration":{"num":10,"min":0.000000000.0,"max":0.000000238,"avg":0.000000095,"var":0.000000000,"sum":0.000000954},"relative_timestamp_from_iforward_start":{"num":10,"min":0.000112772,"max":0.036810398,"avg":0.007981348,"var":0.001133593,"sum":0.079813480}},"iforward_wait":{"duration":{"num":10,"min":0.000112534,"max":0.036794424,"avg":0.007979512,"var":0.001132670,"sum":0.079795122},"relative_timestamp_from_iforward_end":{"num":10,"min":0.000000000.0,"max":0.000000238,"avg":0.000000048,"var":0.000000000,"sum":0.000000477}},"set_input":{"duration":{"num":10,"min":0.000000000.0,"max":0.000004530,"avg":0.000000691,"var":0.000000000,"sum":0.000006914},"relative_timestamp_from_iforward_start":{"num":10,"min":0.000000477,"max":0.000018120,"avg":0.000002337,"var":0.000000000,"sum":0.000023365}},"get_output":{"duration":{"num":10,"min":0.000000000.0,"max":0.000000238,"avg":0.000000167,"var":0.000000000,"sum":0.000001669},"relative_timestamp_from_wait_end":{"num":10,"min":0.000000000.0,"max":0.000000238,"avg":0.000000095,"var":0.000000000,"sum":0.000000954}}}},"target":{"received from ofi+cxi://0x23ed0400":{"handler":{"duration":{"num":10,"min":0.000000238,"max":0.000014782,"avg":0.000001788,"var":0.000000000,"sum":0.000017881}},"ult":{"duration":{"num":10,"min":0.000111341,"max":0.036262512,"avg":0.007924867,"var":0.001102314,"sum":0.079248667},"relative_timestamp_from_handler_start":{"num":10,"min":0.000000477,"max":0.000507593,"avg":0.000051403,"var":0.000000231,"sum":0.000514030}},"irespond":{"duration":{"num":10,"min":0.000000238,"max":0.000002623,"avg":0.000000691,"var":0.000000000,"sum":0.000006914},"relative_timestamp_from_ult_start":{"num":10,"min":0.000109673,"max":0.036254406,"avg":0.007922482,"var":0.001101948,"sum":0.079224825}},"respond_cb":{"duration":{"num":10,"min":0.000000000.0,"max":0.000000238,"avg":0.000000072,"var":0.000000000,"sum":0.000000715},"relative_timestamp_from_irespond_start":{"num":10,"min":0.000000715,"max":0.000004530,"avg":0.000001311,"var":0.000000000,"sum":0.000013113}},"irespond_wait":{"duration":{"num":10,"min":0.000000954,"max":0.000004292,"avg":0.000001335,"var":0.000000000,"sum":0.000013351},"relative_timestamp_from_irespond_end":{"num":10,"min":0.000000000.0,"max":0.000000238,"avg":0.000000072,"var":0.000000000,"sum":0.000000715}},"set_output":{"duration":{"num":10,"min":0.000000000.0,"max":0.000000477,"avg":0.000000334,"var":0.000000000,"sum":0.000003338},"relative_timestamp_from_irespond_start":{"num":10,"min":0.000000000.0,"max":0.000001192,"avg":0.000000191,"var":0.000000000,"sum":0.000001907}},"get_input":{"duration":{"num":10,"min":0.000000000.0,"max":0.000002623,"avg":0.000000381,"var":0.000000000,"sum":0.000003815},"relative_timestamp_from_ult_start":{"num":10,"min":0.000000000.0,"max":0.000006914,"avg":0.000000834,"var":0.000000000,"sum":0.000008345}}}}},"14048217247822970879:0:14048217247822970879:0":{"rpc_id":-4398526825886580737,"provider_id":0,"parent_rpc_id":-4398526825886580737,"parent_provider_id":0,"name":"get_file_data","origin":{"sent to ofi+cxi://0x23eb4600":{"iforward":{"duration":{"num":30,"min":0.000001431,"max":0.000031233,"avg":0.000008694,"var":0.000000001,"sum":0.000260830},"relative_timestamp_from_create":{"num":30,"min":0.000000000.0,"max":0.000000477,"avg":0.000000095,"var":0.000000000,"sum":0.000002861}},"forward_cb":{"duration":{"num":30,"min":0.000000000.0,"max":0.000001669,"avg":0.000000167,"var":0.000000000,"sum":0.000005007},"relative_timestamp_from_iforward_start":{"num":30,"min":0.000034332,"max":0.036154509,"avg":0.006629229,"var":0.002133440,"sum":0.198876858}},"iforward_wait":{"duration":{"num":30,"min":0.000032663,"max":0.036128521,"avg":0.006621520,"var":0.002132322,"sum":0.198645592},"relative_timestamp_from_iforward_end":{"num":30,"min":0.000000000.0,"max":0.000000477,"avg":0.000000238,"var":0.000000000,"sum":0.000007153}},"set_input":{"duration":{"num":30,"min":0.000000000.0,"max":0.000000715,"avg":0.000000326,"var":0.000000000,"sum":0.000009775},"relative_timestamp_from_iforward_start":{"num":30,"min":0.000000238,"max":0.000002384,"avg":0.000000572,"var":0.000000000,"sum":0.000017166}},"get_output":{"duration":{"num":30,"min":0.000000000.0,"max":0.000000715,"avg":0.000000111,"var":0.000000000,"sum":0.000003338},"relative_timestamp_from_wait_end":{"num":30,"min":0.000000000.0,"max":0.000000954,"avg":0.000000191,"var":0.000000000,"sum":0.000005722}}}},"target":{"received from ofi+cxi://0x23e92400":{"handler":{"duration":{"num":10,"min":0.000000238,"max":0.000001669,"avg":0.000000596,"var":0.000000000,"sum":0.000005960}},"ult":{"duration":{"num":10,"min":0.000045776,"max":0.019977093,"avg":0.006425166,"var":0.000570612,"sum":0.064251661},"relative_timestamp_from_handler_start":{"num":10,"min":0.000000477,"max":0.000026464,"avg":0.000004935,"var":0.000000001,"sum":0.000049353}},"irespond":{"duration":{"num":10,"min":0.000000238,"max":0.000002146,"avg":0.000000572,"var":0.000000000,"sum":0.000005722},"relative_timestamp_from_ult_start":{"num":10,"min":0.000039577,"max":0.019927263,"avg":0.006270957,"var":0.000581462,"sum":0.062709570}},"respond_cb":{"duration":{"num":10,"min":0.000000000.0,"max":0.000000477,"avg":0.000000191,"var":0.000000000,"sum":0.000001907},"relative_timestamp_from_irespond_start":{"num":10,"min":0.000004292,"max":0.001404524,"avg":0.000148869,"var":0.000001753,"sum":0.001488686}},"irespond_wait":{"duration":{"num":10,"min":0.000004053,"max":0.001435757,"avg":0.000153160,"var":0.000001829,"sum":0.001531601},"relative_timestamp_from_irespond_end":{"num":10,"min":0.000000000.0,"max":0.000000238,"avg":0.000000191,"var":0.000000000,"sum":0.000001907}},"set_output":{"duration":{"num":10,"min":0.000000000.0,"max":0.000000477,"avg":0.000000119,"var":0.000000000,"sum":0.000001192},"relative_timestamp_from_irespond_start":{"num":10,"min":0.000000000.0,"max":0.000000477,"avg":0.000000119,"var":0.000000000,"sum":0.000001192}},"get_input":{"duration":{"num":10,"min":0.000000000.0,"max":0.000000477,"avg":0.000000191,"var":0.000000000,"sum":0.000001907},"relative_timestamp_from_ult_start":{"num":10,"min":0.000000000.0,"max":0.000000715,"avg":0.000000238,"var":0.000000000,"sum":0.000002384}}},"received from ofi+cxi://0x23e90000":{"handler":{"duration":{"num":10,"min":0.000000238,"max":0.001490355,"avg":0.000149918,"var":0.000001996,"sum":0.001499176}},"ult":{"duration":{"num":10,"min":0.000066042,"max":0.018255472,"avg":0.005739570,"var":0.000431097,"sum":0.057395697},"relative_timestamp_from_handler_start":{"num":10,"min":0.000000477,"max":0.001492262,"avg":0.000150871,"var":0.000001999,"sum":0.001508713}},"irespond":{"duration":{"num":10,"min":0.000000238,"max":0.000001669,"avg":0.000000572,"var":0.000000000,"sum":0.000005722},"relative_timestamp_from_ult_start":{"num":10,"min":0.000060320,"max":0.018250227,"avg":0.005729675,"var":0.000430402,"sum":0.057296753}},"respond_cb":{"duration":{"num":10,"min":0.000000000.0,"max":0.000000238,