{"address":"","progress_loop":{"progress_with_timeout":{"num":1338,"min":0.000033617,"max":0.104008436,"avg":0.103881222,"var":0.013242782,"sum":138.993074894},"progress_timeout_value_msec":{"num":1338,"min":100.000000000.0,"max":100.000000000.0,"avg":100.000000000.0,"var":0.000000000.0,"sum":133800.000000000.0},"progress_without_timeout":{"num":72,"min":0.000000000.0,"max":0.000049114,"avg":0.000012901,"var":0.000000014,"sum":0.000928879},"trigger":{"num":602,"min":0.000000238,"max":0.002763033,"avg":0.000050406,"var":0.000063269,"sum":0.030344486}},"rpcs":{"14048217247822970879:0:14048217247822970879:0":{"rpc_id":-4398526825886580737,"provider_id":0,"parent_rpc_id":-4398526825886580737,"parent_provider_id":0,"name":"get_file_data","target":{"received from ofi+cxi://0x23e96600":{"handler":{"duration":{"num":150,"min":0.000000238,"max":0.002713203,"avg":0.000083094,"var":0.000025331,"sum":0.012464046}},"ult":{"duration":{"num":150,"min":0.020355701,"max":0.170963049,"avg":0.111152568,"var":0.147347007,"sum":16.672885180},"relative_timestamp_from_handler_start":{"num":150,"min":0.000006437,"max":0.033863783,"avg":0.009040697,"var":0.007521484,"sum":1.356104612}},"irespond":{"duration":{"num":150,"min":0.000752926,"max":0.005163670,"avg":0.001230124,"var":0.000058856,"sum":0.184518576},"relative_timestamp_from_ult_start":{"num":150,"min":0.000600815,"max":0.002092600,"avg":0.001414811,"var":0.000056156,"sum":0.212221622}},"respond_cb":{"duration":{"num":150,"min":0.000000000.0,"max":0.000001907,"avg":0.000000396,"var":0.000000000,"sum":0.000059366},"relative_timestamp_from_irespond_start":{"num":150,"min":0.005930185,"max":0.160029173,"avg":0.105562545,"var":0.143070078,"sum":15.834381819}},"irespond_wait":{"duration":{"num":150,"min":0.016909361,"max":0.168087959,"avg":0.108502564,"var":0.149856652,"sum":16.275384665},"relative_timestamp_from_irespond_end":{"num":150,"min":0.000000000.0,"max":0.000000715,"avg":0.000000300,"var":0.000000000,"sum":0.000045061}},"set_output":{"duration":{"num":150,"min":0.000705004,"max":0.001108408,"avg":0.001041172,"var":0.000000323,"sum":0.156175852},"relative_timestamp_from_irespond_start":{"num":150,"min":0.000000238,"max":0.000003338,"avg":0.000000353,"var":0.000000000,"sum":0.000052929}},"get_input":{"duration":{"num":150,"min":0.000000238,"max":0.000003815,"avg":0.000000488,"var":0.000000000,"sum":0.000073195},"relative_timestamp_from_ult_start":{"num":150,"min":0.000000238,"max":0.000008821,"avg":0.000000663,"var":0.000000000,"sum":0.000099421}}},"received from ofi+cxi://0x23ef4200":{"handler":{"duration":{"num":150,"min":0.000000238,"max":0.002761841,"avg":0.000116440,"var":0.000036329,"sum":0.017466068}},"ult":{"duration":{"num":150,"min":0.004776478,"max":0.174007893,"avg":0.101866927,"var":0.190241741,"sum":15.280039072},"relative_timestamp_from_handler_start":{"num":150,"min":0.000005960,"max":0.035999298,"avg":0.010274544,"var":0.007592054,"sum":1.541181564}},"irespond":{"duration":{"num":150,"min":0.000812292,"max":0.005339861,"avg":0.001253759,"var":0.000078473,"sum":0.188063860},"relative_timestamp_from_ult_start":{"num":150,"min":0.000634193,"max":0.002023458,"avg":0.001475178,"var":0.000056807,"sum":0.221276760}},"respond_cb":{"duration":{"num":150,"min":0.000000000.0,"max":0.000000715,"avg":0.000000347,"var":0.000000000,"sum":0.000051975},"relative_timestamp_from_irespond_start":{"num":150,"min":0.002218246,"max":0.163239479,"avg":0.097620219,"var":0.165457445,"sum":14.643032789}},"irespond_wait":{"duration":{"num":150,"min":0.001680136,"max":0.171038389,"avg":0.099136365,"var":0.188840808,"sum":14.870454788},"relative_timestamp_from_irespond_end":{"num":150,"min":0.000000000.0,"max":0.000000715,"avg":0.000000315,"var":0.000000000,"sum":0.000047207}},"set_output":{"duration":{"num":150,"min":0.000768661,"max":0.001080036,"avg":0.001042720,"var":0.000000156,"sum":0.156408072},"relative_timestamp_from_irespond_start":{"num":150,"min":0.000000238,"max":0.000000715,"avg":0.000000337,"var":0.000000000,"sum":0.000050545}},"get_input":{"duration":{"num":150,"min":0.000000238,"max":0.000000715,"avg":0.000000475,"var":0.000000000,"sum":0.000071287},"relative_timestamp_from_ult_start":{"num":150,"min":0.000000238,"max":0.000000954,"avg":0.000000596,"var":0.000000000,"sum":0.000089407}}}}},"65535:65535:8686831390660034559:65535":{"rpc_id":8686831390660034559,"provider_id":65535,"parent_rpc_id":65535,"parent_provider_id":65535,"name":"__shutdown__","target":{"received from ofi+cxi://0x23e70601":{"handler":{"duration":{"num":1,"min":0.000010967,"max":0.000010967,"avg":0.000010967,"var":0.000000000.0,"sum":0.000010967}},"ult":{"duration":{"num":1,"min":0.000014782,"max":0.000014782,"avg":0.000014782,"var":0.000000000.0,"sum":0.000014782},"relative_timestamp_from_handler_start":{"num":1,"min":0.000014544,"max":0.000014544,"avg":0.000014544,"var":0.000000000.0,"sum":0.000014544}},"irespond":{"duration":{"num":1,"min":0.000005722,"max":0.000005722,"avg":0.000005722,"var":0.000000000.0,"sum":0.000005722},"relative_timestamp_from_ult_start":{"num":1,"min":0.000000715,"max":0.000000715,"avg":0.000000715,"var":0.000000000.0,"sum":0.000000715}},"respond_cb":{"duration":{"num":1,"min":0.000000715,"max":0.000000715,"avg":0.000000715,"var":0.000000000.0,"sum":0.000000715},"relative_timestamp_from_irespond_start":{"num":1,"min":0.000010729,"max":0.000010729,"avg":0.000010729,"var":0.000000000.0,"sum":0.000010729}},"irespond_wait":{"duration":{"num":1,"min":0.000005484,"max":0.000005484,"avg":0.000005484,"var":0.000000000.0,"sum":0.000005484},"relative_timestamp_from_irespond_end":{"num":1,"min":0.000000477,"max":0.000000477,"avg":0.000000477,"var":0.000000000.0,"sum":0.000000477}},"set_output":{"duration":{"num":1,"min":0.000000238,"max":0.000000238,"avg":0.000000238,"var":0.000000000.0,"sum":0.000000238},"relative_timestamp_from_irespond_start":{"num":1,"min":0.000000954,"max":0.000000954,"avg":0.000000954,"var":0.000000000.0,"sum":0.000000954}},"get_input":{"duration":{"num":0,"min":0.000000000.0,"max":0.000000000.0,"avg":0.000000000.0,"var":0.000000000.0,"sum":0.000000000.0},"relative_timestamp_from_ult_start":{"num":0,"min":0.000000000.0,"max":0.000000000.0,"avg":0.000000000.0,"var":0.000000000.0,"sum":0.000000000.0}}}}}}}