{"address":"","rpcs":{"get_file_data:0":{"timestamps":[1717912976.412632227,1717912977.467384815,1717912978.507384062,1717912979.547384739,1717912980.587385893,1717912981.627384186,1717912982.667384386,1717912983.707384109,1717912984.747384310,1717912985.787384987,1717912986.827388763,1717912987.867387772,1717912988.907385826,1717912989.947384596,1717912990.987384796,1717912992.027384520,1717912993.067383766,1717912994.107385397,1717912995.147386074,1717912996.187384605,1717912997.227385759,1717912998.267384529,1717912999.307384729,1717913000.347384691,1717913001.387388706,1717913002.427384377,1717913003.467385054,1717913004.503384829,1717913005.543386698,1717913006.583384752,1717913007.623384953,1717913008.663383722,1717913009.703385830,1717913010.743385792,1717913011.783385754,1717913012.823385477,1717913013.863385201,1717913014.903383970,1717913015.943384409,1717913016.983384609,1717913018.023385763,1717913019.063383818,1717913020.103384256,1717913021.143384695,1717913022.183385611,1717913023.223384619,1717913024.263384581,1717913025.303384781,1717913026.343384266,1717913027.383384466,1717913028.423384428,1717913029.463384151,1717913030.503385305,1717913031.543384552,1717913032.583383799,1717913033.623383522,1717913034.663383961,1717913035.703385115,1717913036.743384838,1717913037.783384562,1717913038.823384523,1717913039.863384485,1717913040.903388500,1717913041.943384886,1717913042.983386993,1717913044.023384571,1717913045.063384056,1717913046.103384972,1717913047.143383980,1717913048.183385611,1717913049.223384380,1717913050.263384104,1717913051.303383827,1717913052.343384266,1717913053.383384228,1717913054.423385620,1717913055.463385105,1717913056.503384352,1717913057.543383837,1717913058.583385706,1717913059.623384476,1717913060.663385630,1717913061.703385353,1717913062.743385553,1717913063.783383846,1717913064.823385000,1717913065.863385677,1717913066.306599855],"count":[1,29,0,0,0,0,0,0,0,0,0,0,0,0,0,0,0,0,0,0,0,0,0,0,0,0,0,0,0,0,0,0,0,0,0,0,0,0,0,0,0,0,0,0,0,0,0,0,0,0,0,0,0,0,0,0,0,0,0,0,0,0,0,0,0,0,0,0,0,0,0,0,0,0,0,0,0,0,0,0,0,0,0,0,0,0,0,0],"bulk_size":[0,0,0,0,0,0,0,0,0,0,0,0,0,0,0,0,0,0,0,0,0,0,0,0,0,0,0,0,0,0,0,0,0,0,0,0,0,0,0,0,0,0,0,0,0,0,0,0,0,0,0,0,0,0,0,0,0,0,0,0,0,0,0,0,0,0,0,0,0,0,0,0,0,0,0,0,0,0,0,0,0,0,0,0,0,0,0,0]},"__shutdown__:65535":{"timestamps":[1717913066.306599855],"count":[1],"bulk_size":[0]}},"pools":{"__primary__":{"timestamps":[1717912976.412632227,1717912977.467384815,1717912978.507384062,1717912979.547384739,1717912980.587385893,1717912981.627384186,1717912982.667384386,1717912983.707384109,1717912984.747384310,1717912985.787384987,1717912986.827388763,1717912987.867387772,1717912988.907385826,1717912989.947384596,1717912990.987384796,1717912992.027384520,1717912993.067383766,1717912994.107385397,1717912995.147386074,1717912996.187384605,1717912997.227385759,1717912998.267384529,1717912999.307384729,1717913000.347384691,1717913001.387388706,1717913002.427384377,1717913003.467385054,1717913004.503384829,1717913005.543386698,1717913006.583384752,1717913007.623384953,1717913008.663383722,1717913009.703385830,1717913010.743385792,1717913011.783385754,1717913012.823385477,1717913013.863385201,1717913014.903383970,1717913015.943384409,1717913016.983384609,1717913018.023385763,1717913019.063383818,1717913020.103384256,1717913021.143384695,1717913022.183385611,1717913023.223384619,1717913024.263384581,1717913025.303384781,1717913026.343384266,1717913027.383384466,1717913028.423384428,1717913029.463384151,1717913030.503385305,1717913031.543384552,1717913032.583383799,1717913033.623383522,1717913034.663383961,1717913035.703385115,1717913036.743384838,1717913037.783384562,1717913038.823384523,1717913039.863384485,1717913040.903388500,1717913041.943384886,1717913042.983386993,1717913044.023384571,1717913045.063384056,1717913046.103384972,1717913047.143383980,1717913048.183385611,1717913049.223384380,1717913050.263384104,1717913051.303383827,1717913052.343384266,1717913053.383384228,1717913054.423385620,1717913055.463385105,1717913056.503384352,1717913057.543383837,1717913058.583385706,1717913059.623384476,1717913060.663385630,1717913061.703385353,1717913062.743385553,1717913063.783383846,1717913064.823385000,1717913065.863385677,1717913066.306599855],"size":[0,0,0,0,0,0,0,0,0,0,0,0,0,0,0,0,0,0,0,0,0,0,0,0,0,0,0,0,0,0,0,0,0,0,0,0,0,0,0,0,0,0,0,0,0,0,0,0,0,0,0,0,0,0,0,0,0,0,0,0,0,0,0,0,0,0,0,0,0,0,0,0,0,0,0,0,0,0,0,0,0,0,0,0,0,0,0,0],"total_size":[2,1,1,1,1,1,1,1,1,1,1,1,1,1,1,1,1,1,1,1,1,1,1,1,1,1,1,1,1,1,1,1,1,1,1,1,1,1,1,1,1,1,1,1,1,1,1,1,1,1,1,1,1,1,1,1,1,1,1,1,1,1,1,1,1,1,1,1,1,1,1,1,1,1,1,1,1,1,1,1,1,1,1,1,1,1,1,0]}}}