{"address":"","rpcs":{"get_file_data:0":{"timestamps":[1717914461.479417562,1717914462.516025543,1717914463.556024075,1717914464.596024513,1717914465.636023760,1717914466.676025867,1717914467.716024399,1717914468.756024837,1717914469.796023607,1717914470.836026192,1717914471.876024246,1717914472.916026115,1717914473.956025600,1717914474.996024132,1717914476.036026239,1717914477.076024055,1717914478.116024494,1717914479.156025410,1717914480.196023464,1717914481.236026525,1717914482.276023388,1717914483.316026449,1717914484.356024265,1717914485.396023512,1717914486.436024427,1717914487.476025105,1717914488.516025543,1717914489.556025743,1717914490.596023560,1717914491.636024714,1717914492.676024914,1717914493.716024399,1717914494.756023884,1717914495.796025991,1717914496.836024761,1717914497.876025915,1717914498.916024685,1717914499.956027269,1717914500.996024609,1717914502.036024570,1717914503.076024532,1717914504.116026163,1717914505.156025648,1717914506.196025133,1717914507.236024380,1717914508.276024342,1717914509.316024542,1717914510.356024981,1717914511.396025181,1717914512.436026096,1717914513.476026535,1717914514.516026974,1717914515.556024075,1717914516.596028328,1717914517.636025429,1717914518.676024199,1717914519.716025352,1717914520.756025076,1717914521.796024561,1717914522.836025715,1717914523.876025200,1717914524.916024685,1717914525.956024885,1717914526.996024370,1717914528.036024809,1717914529.076026201,1717914530.116024971,1717914531.156025887,1717914532.196024656,1717914533.236024857,1717914534.276028156,1717914535.316024303,1717914536.356025219,1717914537.396026373,1717914538.436024666,1717914539.476025581,1717914540.516025066,1717914541.556025028,1717914542.596024990,1717914543.636024952,1717914544.676025152,1717914545.716026306,1717914546.756024361,1717914547.796028852,1717914548.836024046,1717914549.876025915,1717914550.916025162,1717914551.956024885,1717914552.996025085,1717914554.036023855,1717914555.076025248,1717914556.116024733,1717914557.152024508,1717914558.192025185,1717914559.232024908,1717914560.272024393,1717914561.312024832,1717914562.352025032,1717914563.392024994,1717914564.432024956,1717914565.472024918,1717914566.512023926,1717914567.552026272,1717914568.592025280,1717914569.632025719,1717914570.672025681,1717914571.376121521],"count":[1,29,0,0,0,0,0,0,0,0,0,0,0,0,0,0,0,0,0,0,0,0,0,0,0,0,0,0,0,0,0,0,0,0,0,0,0,0,0,0,0,0,0,0,0,0,0,0,0,0,0,0,0,0,0,0,0,0,0,0,0,0,0,0,0,0,0,0,0,0,0,0,0,0,0,0,0,0,0,0,0,0,0,0,0,0,0,0,0,0,0,0,0,0,0,0,0,0,0,0,0,0,0,0,0,0,0],"bulk_size":[0,0,0,0,0,0,0,0,0,0,0,0,0,0,0,0,0,0,0,0,0,0,0,0,0,0,0,0,0,0,0,0,0,0,0,0,0,0,0,0,0,0,0,0,0,0,0,0,0,0,0,0,0,0,0,0,0,0,0,0,0,0,0,0,0,0,0,0,0,0,0,0,0,0,0,0,0,0,0,0,0,0,0,0,0,0,0,0,0,0,0,0,0,0,0,0,0,0,0,0,0,0,0,0,0,0,0]},"__shutdown__:65535":{"timestamps":[1717914571.376121521],"count":[1],"bulk_size":[0]}},"pools":{"__primary__":{"timestamps":[1717914461.479417562,1717914462.516025543,1717914463.556024075,1717914464.596024513,1717914465.636023760,1717914466.676025867,1717914467.716024399,1717914468.756024837,1717914469.796023607,1717914470.836026192,1717914471.876024246,1717914472.916026115,1717914473.956025600,1717914474.996024132,1717914476.036026239,1717914477.076024055,1717914478.116024494,1717914479.156025410,1717914480.196023464,1717914481.236026525,1717914482.276023388,1717914483.316026449,1717914484.356024265,1717914485.396023512,1717914486.436024427,1717914487.476025105,1717914488.516025543,1717914489.556025743,1717914490.596023560,1717914491.636024714,1717914492.676024914,1717914493.716024399,1717914494.756023884,1717914495.796025991,1717914496.836024761,1717914497.876025915,1717914498.916024685,1717914499.956027269,1717914500.996024609,1717914502.036024570,1717914503.076024532,1717914504.116026163,1717914505.156025648,1717914506.196025133,1717914507.236024380,1717914508.276024342,1717914509.316024542,1717914510.356024981,1717914511.396025181,1717914512.436026096,1717914513.476026535,1717914514.516026974,1717914515.556024075,1717914516.596028328,1717914517.636025429,1717914518.676024199,1717914519.716025352,1717914520.756025076,1717914521.796024561,1717914522.836025715,1717914523.876025200,1717914524.916024685,1717914525.956024885,1717914526.996024370,1717914528.036024809,1717914529.076026201,1717914530.116024971,1717914531.156025887,1717914532.196024656,1717914533.236024857,1717914534.276028156,1717914535.316024303,1717914536.356025219,1717914537.396026373,1717914538.436024666,1717914539.476025581,1717914540.516025066,1717914541.556025028,1717914542.596024990,1717914543.636024952,1717914544.676025152,1717914545.716026306,1717914546.756024361,1717914547.796028852,1717914548.836024046,1717914549.876025915,1717914550.916025162,1717914551.956024885,1717914552.996025085,1717914554.036023855,1717914555.076025248,1717914556.116024733,1717914557.152024508,1717914558.192025185,1717914559.232024908,1717914560.272024393,1717914561.312024832,1717914562.352025032,1717914563.392024994,1717914564.432024956,1717914565.472024918,1717914566.512023926,1717914567.552026272,1717914568.592025280,1717914569.632025719,1717914570.672025681,1717914571.376121521],"size":[0,0,0,0,0,0,0,0,0,0,0,0,0,0,0,0,0,0,0,0,0,0,0,0,0,0,0,0,0,0,0,0,0,0,0,0,0,0,0,0,0,0,0,0,0,0,0,0,0,0,0,0,0,0,0,0,0,0,0,0,0,0,0,0,0,0,0,0,0,0,0,0,0,0,0,0,0,0,0,0,0,0,0,0,0,0,0,0,0,0,0,0,0,0,0,0,0,0,0,0,0,0,0,0,0,0,0],"total_size":[2,1,1,1,1,1,1,1,1,1,1,1,1,1,1,1,1,1,1,1,1,1,1,1,1,1,1,1,1,1,1,1,1,1,1,1,1,1,1,1,1,1,1,1,1,1,1,1,1,1,1,1,1,1,1,1,1,1,1,1,1,1,1,1,1,1,1,1,1,1,1,1,1,1,1,1,1,1,1,1,1,1,1,1,1,1,1,1,1,1,1,1,1,1,1,1,1,1,1,1,1,1,1,1,1,1,0]}}}