{"address":"","rpcs":{"get_file_data:0":{"timestamps":[1717912861.014842749,1717912862.090729713,1717912863.130728483,1717912864.170728922,1717912865.210729599,1717912866.250730038,1717912867.290729523,1717912868.330728531,1717912869.370728493,1717912870.410728931,1717912871.450728416,1717912872.490728617,1717912873.530729294,1717912874.570729494,1717912875.610729218,1717912876.650729179,1717912877.690729141,1717912878.730729580,1717912879.770729542,1717912880.810729265,1717912881.850729227,1717912882.890729904,1717912883.930728912,1717912884.970729828,1717912886.006729364,1717912887.046730518,1717912888.086729527,1717912889.126728535,1717912890.166728973,1717912891.206728935,1717912892.246729851,1717912893.286729097,1717912894.326729298,1717912895.366729021,1717912896.406730175,1717912897.446729183,1717912898.486729622,1717912899.526728392,1717912900.566729546,1717912901.606729031,1717912902.646729946,1717912903.686729908,1717912904.726729870,1717912905.766729116,1717912906.806730032,1717912907.846729040,1717912908.886729002,1717912909.926729202,1717912910.966729164,1717912912.006729126,1717912913.046730280,1717912914.086728334,1717912915.126729250,1717912916.166728973,1717912917.206729412,1717912918.246729612,1717912919.286730289,1717912920.326728344,1717912921.366729498,1717912922.406728506,1717912923.446729422,1717912924.486728668,1717912925.526730299,1717912926.566729784,1717912927.606730461,1717912928.646729231,1717912929.686730385,1717912930.726728916,1717912931.766730070,1717912932.806728840,1717912933.846730232,1717912934.886728764,1717912935.926731110,1717912936.966729403,1717912938.006743908,1717912939.046729326,1717912940.086733341,1717912941.126730919,1717912942.166728735,1717912943.206728458,1717912944.246729374,1717912945.286729336,1717912946.326730728,1717912947.366729021,1717912948.406729221,1717912949.446728945,1717912950.486729145,1717912950.913957834],"count":[1,69,0,0,0,0,0,0,0,0,0,0,0,0,0,0,0,0,0,0,0,0,0,0,0,0,0,0,0,0,0,0,0,0,0,0,0,0,0,0,0,0,0,0,0,0,0,0,0,0,0,0,0,0,0,0,0,0,0,0,0,0,0,0,0,0,0,0,0,0,0,0,0,0,0,0,0,0,0,0,0,0,0,0,0,0,0,0],"bulk_size":[0,0,0,0,0,0,0,0,0,0,0,0,0,0,0,0,0,0,0,0,0,0,0,0,0,0,0,0,0,0,0,0,0,0,0,0,0,0,0,0,0,0,0,0,0,0,0,0,0,0,0,0,0,0,0,0,0,0,0,0,0,0,0,0,0,0,0,0,0,0,0,0,0,0,0,0,0,0,0,0,0,0,0,0,0,0,0,0]},"__shutdown__:65535":{"timestamps":[1717912950.913957834],"count":[1],"bulk_size":[0]}},"pools":{"__primary__":{"timestamps":[1717912861.014842749,1717912862.090729713,1717912863.130728483,1717912864.170728922,1717912865.210729599,1717912866.250730038,1717912867.290729523,1717912868.330728531,1717912869.370728493,1717912870.410728931,1717912871.450728416,1717912872.490728617,1717912873.530729294,1717912874.570729494,1717912875.610729218,1717912876.650729179,1717912877.690729141,1717912878.730729580,1717912879.770729542,1717912880.810729265,1717912881.850729227,1717912882.890729904,1717912883.930728912,1717912884.970729828,1717912886.006729364,1717912887.046730518,1717912888.086729527,1717912889.126728535,1717912890.166728973,1717912891.206728935,1717912892.246729851,1717912893.286729097,1717912894.326729298,1717912895.366729021,1717912896.406730175,1717912897.446729183,1717912898.486729622,1717912899.526728392,1717912900.566729546,1717912901.606729031,1717912902.646729946,1717912903.686729908,1717912904.726729870,1717912905.766729116,1717912906.806730032,1717912907.846729040,1717912908.886729002,1717912909.926729202,1717912910.966729164,1717912912.006729126,1717912913.046730280,1717912914.086728334,1717912915.126729250,1717912916.166728973,1717912917.206729412,1717912918.246729612,1717912919.286730289,1717912920.326728344,1717912921.366729498,1717912922.406728506,1717912923.446729422,1717912924.486728668,1717912925.526730299,1717912926.566729784,1717912927.606730461,1717912928.646729231,1717912929.686730385,1717912930.726728916,1717912931.766730070,1717912932.806728840,1717912933.846730232,1717912934.886728764,1717912935.926731110,1717912936.966729403,1717912938.006743908,1717912939.046729326,1717912940.086733341,1717912941.126730919,1717912942.166728735,1717912943.206728458,1717912944.246729374,1717912945.286729336,1717912946.326730728,1717912947.366729021,1717912948.406729221,1717912949.446728945,1717912950.486729145,1717912950.913957834],"size":[0,0,0,0,0,0,0,0,0,0,0,0,0,0,0,0,0,0,0,0,0,0,0,0,0,0,0,0,0,0,0,0,0,0,0,0,0,0,0,0,0,0,0,0,0,0,0,0,0,0,0,0,0,0,0,0,0,0,0,0,0,0,0,0,0,0,0,0,0,0,0,0,0,0,0,0,0,0,0,0,0,0,0,0,0,0,0,0],"total_size":[2,1,1,1,1,1,1,1,1,1,1,1,1,1,1,1,1,1,1,1,1,1,1,1,1,1,1,1,1,1,1,1,1,1,1,1,1,1,1,1,1,1,1,1,1,1,1,1,1,1,1,1,1,1,1,1,1,1,1,1,1,1,1,1,1,1,1,1,1,1,1,1,1,1,1,1,1,1,1,1,1,1,1,1,1,1,1,0]}}}