{"address":"","progress_loop":{"progress_with_timeout":{"num":978,"min":0.000000954,"max":0.104007483,"avg":0.103038564,"var":0.096446337,"sum":100.771715403},"progress_timeout_value_msec":{"num":978,"min":100.000000000.0,"max":100.000000000.0,"avg":100.000000000.0,"var":0.000000000.0,"sum":97800.000000000.0},"progress_without_timeout":{"num":132584613,"min":0.000000000.0,"max":0.043251753,"avg":0.000000117,"var":0.017742346,"sum":15.514312267},"trigger":{"num":52,"min":0.000000477,"max":0.000041008,"avg":0.000002866,"var":0.000000002,"sum":0.000149012}},"rpcs":{"65535:65535:14048217247822970879:0":{"rpc_id":-4398526825886580737,"provider_id":0,"parent_rpc_id":65535,"parent_provider_id":65535,"name":"get_file_data","origin":{"sent to ofi+cxi://0x23eb0000":{"iforward":{"duration":{"num":10,"min":0.000003338,"max":0.000032187,"avg":0.000007367,"var":0.000000001,"sum":0.000073671},"relative_timestamp_from_create":{"num":10,"min":0.000000477,"max":0.000004292,"avg":0.000001097,"var":0.000000000,"sum":0.000010967}},"forward_cb":{"duration":{"num":10,"min":0.000000238,"max":0.000000477,"avg":0.000000262,"var":0.000000000,"sum":0.000002623},"relative_timestamp_from_iforward_start":{"num":10,"min":2.177142382,"max":4.179127216,"avg":3.862095022,"var":3.208746842,"sum":38.620950222}},"iforward_wait":{"duration":{"num":10,"min":2.177478313,"max":4.179470778,"avg":3.862439179,"var":3.208778056,"sum":38.624391794},"relative_timestamp_from_iforward_end":{"num":10,"min":0.000000000.0,"max":0.000000238,"avg":0.000000167,"var":0.000000000,"sum":0.000001669}},"set_input":{"duration":{"num":10,"min":0.000000238,"max":0.000005007,"avg":0.000001001,"var":0.000000000,"sum":0.000010014},"relative_timestamp_from_iforward_start":{"num":10,"min":0.000002384,"max":0.000019789,"avg":0.000005126,"var":0.000000000,"sum":0.000051260}},"get_output":{"duration":{"num":10,"min":0.044182539,"max":0.044536352,"avg":0.044307256,"var":0.000000151,"sum":0.443072557},"relative_timestamp_from_wait_end":{"num":10,"min":0.000000477,"max":0.000000954,"avg":0.000000644,"var":0.000000000,"sum":0.000006437}}}},"target":{"received from ofi+cxi://0x23eb0000":{"handler":{"duration":{"num":10,"min":0.000000954,"max":0.000007391,"avg":0.000001836,"var":0.000000000,"sum":0.000018358}},"ult":{"duration":{"num":10,"min":2.177444458,"max":4.179464102,"avg":3.862428117,"var":3.208863083,"sum":38.624281168},"relative_timestamp_from_handler_start":{"num":10,"min":0.000001907,"max":0.000015736,"avg":0.000003600,"var":0.000000000,"sum":0.000036001}},"irespond":{"duration":{"num":10,"min":0.048172235,"max":0.048950911,"avg":0.048420453,"var":0.000000662,"sum":0.484204531},"relative_timestamp_from_ult_start":{"num":10,"min":2.128794670,"max":4.130941868,"avg":3.813654304,"var":3.208461559,"sum":38.136543036}},"respond_cb":{"duration":{"num":10,"min":0.000000238,"max":0.000000477,"avg":0.000000334,"var":0.000000000,"sum":0.000003338},"relative_timestamp_from_irespond_start":{"num":10,"min":0.048175573,"max":0.048953533,"avg":0.048423505,"var":0.000000660,"sum":0.484235048}},"irespond_wait":{"duration":{"num":10,"min":0.000004053,"max":0.000005722,"avg":0.000004840,"var":0.000000000,"sum":0.000048399},"relative_timestamp_from_irespond_end":{"num":10,"min":0.000000000.0,"max":0.000000477,"avg":0.000000286,"var":0.000000000,"sum":0.000002861}},"set_output":{"duration":{"num":10,"min":0.046823025,"max":0.047596455,"avg":0.047071409,"var":0.000000658,"sum":0.470714092},"relative_timestamp_from_irespond_start":{"num":10,"min":0.000000477,"max":0.000001669,"avg":0.000000715,"var":0.000000000,"sum":0.000007153}},"get_input":{"duration":{"num":10,"min":0.000000238,"max":0.000001907,"avg":0.000000596,"var":0.000000000,"sum":0.000005960},"relative_timestamp_from_ult_start":{"num":10,"min":0.000000477,"max":0.000003099,"avg":0.000000930,"var":0.000000000,"sum":0.000009298}}}}},"14048217247822970879:0:14048217247822970879:0":{"rpc_id":-4398526825886580737,"provider_id":0,"parent_rpc_id":-4398526825886580737,"parent_provider_id":0,"name":"get_file_data","origin":{"sent to ofi+cxi://0x23eb6600":{"iforward":{"duration":{"num":10,"min":0.000014782,"max":0.000040293,"avg":0.000018334,"var":0.000000001,"sum":0.000183344},"relative_timestamp_from_create":{"num":10,"min":0.000000000.0,"max":0.000000238,"avg":0.000000215,"var":0.000000000,"sum":0.000002146}},"forward_cb":{"duration":{"num":10,"min":0.000000238,"max":0.000002146,"avg":0.000000739,"var":0.000000000,"sum":0.000007391},"relative_timestamp_from_iforward_start":{"num":10,"min":2.080329418,"max":4.085973024,"avg":3.765799427,"var":3.211689235,"sum":37.657994270}},"iforward_wait":{"duration":{"num":10,"min":2.080296755,"max":4.085959435,"avg":3.765783525,"var":3.211752393,"sum":37.657835245},"relative_timestamp_from_iforward_end":{"num":10,"min":0.000000000.0,"max":0.000000238,"avg":0.000000143,"var":0.000000000,"sum":0.000001431}},"set_input":{"duration":{"num":10,"min":0.000000000.0,"max":0.000000715,"avg":0.000000262,"var":0.000000000,"sum":0.000002623},"relative_timestamp_from_iforward_start":{"num":10,"min":0.000000477,"max":0.000002623,"avg":0.000000954,"var":0.000000000,"sum":0.000009537}},"get_output":{"duration":{"num":10,"min":0.044413328,"max":0.049538374,"avg":0.047795630,"var":0.000027321,"sum":0.477956295},"relative_timestamp_from_wait_end":{"num":10,"min":0.000000477,"max":0.000001431,"avg":0.000000882,"var":0.000000000,"sum":0.000008821}}}}},"65535:65535:8686831390660034559:65535":{"rpc_id":8686831390660034559,"provider_id":65535,"parent_rpc_id":65535,"parent_provider_id":65535,"name":"__shutdown__","target":{"received from ofi+cxi://0x23e70601":{"handler":{"duration":{"num":1,"min":0.000027180,"max":0.000027180,"avg":0.000027180,"var":0.000000000.0,"sum":0.000027180}},"ult":{"duration":{"num":1,"min":0.000018835,"max":0.000018835,"avg":0.000018835,"var":0.000000000.0,"sum":0.000018835},"relative_timestamp_from_handler_start":{"num":1,"min":0.000031710,"max":0.000031710,"avg":0.000031710,"var":0.000000000.0,"sum":0.000031710}},"irespond":{"duration":{"num":1,"min":0.000008583,"max":0.000008583,"avg":0.000008583,"var":0.000000000.0,"sum":0.000008583},"relative_timestamp_from_ult_start":{"num":1,"min":0.000001192,"max":0.000001192,"avg":0.000001192,"var":0.000000000.0,"sum":0.000001192}},"respond_cb":{"duration":{"num":1,"min":0.000000477,"max":0.000000477,"avg":0.000000477,"var":0.000000000.0,"sum":0.000000477},"relative_timestamp_from_irespond_start":{"num":1,"min":0.000014782,"max":0.000014782,"avg":0.000014782,"var":0.000000000.0,"sum":0.000014782}},"irespond_wait":{"duration":{"num":1,"min":0.000006914,"max":0.000006914,"avg":0.000006914,"var":0.000000000.0,"sum":0.000006914},"relative_timestamp_from_irespond_end":{"num":1,"min":0.000000238,"max":0.000000238,"avg":0.000000238,"var":0.000000000.0,"sum":0.000000238}},"set_output":{"duration":{"num":1,"min":0.000000477,"max":0.000000477,"avg":0.000000477,"var":0.000000000.0,"sum":0.000000477},"relative_timestamp_from_irespond_start":{"num":1,"min":0.000000715,"max":0.000000715,"avg":0.000000715,"var":0.000000000.0,"sum":0.000000715}},"get_input":{"duration":{"num":0,"min":0.000000000.0,"max":0.000000000.0,"avg":0.000000000.0,"var":0.000000000.0,"sum":0.000000000.0},"relative_timestamp_from_ult_start":{"num":0,"min":0.000000000.0,"max":0.000000000.0,"avg":0.000000000.0,"var":0.000000000.0,"sum":0.000000000.0}}}}}}}