{"address":"","progress_loop":{"progress_with_timeout":{"num":1057,"min":0.000010252,"max":0.104008675,"avg":0.103863041,"var":0.011958803,"sum":109.783233881},"progress_timeout_value_msec":{"num":1057,"min":100.000000000.0,"max":100.000000000.0,"avg":100.000000000.0,"var":0.000000000.0,"sum":105700.000000000.0},"progress_without_timeout":{"num":173964,"min":0.000000000.0,"max":0.000083923,"avg":0.000000114,"var":0.000000017,"sum":0.019845009},"trigger":{"num":132,"min":0.000000000.0,"max":0.002126932,"avg":0.000017074,"var":0.000004486,"sum":0.002253771}},"rpcs":{"65535:65535:14048217247822970879:0":{"rpc_id":-4398526825886580737,"provider_id":0,"parent_rpc_id":65535,"parent_provider_id":65535,"name":"get_file_data","origin":{"sent to ofi+cxi://0x23ed0400":{"iforward":{"duration":{"num":10,"min":0.000000715,"max":0.000032187,"avg":0.000004101,"var":0.000000001,"sum":0.000041008},"relative_timestamp_from_create":{"num":10,"min":0.000000000.0,"max":0.000003815,"avg":0.000000429,"var":0.000000000,"sum":0.000004292}},"forward_cb":{"duration":{"num":10,"min":0.000000000.0,"max":0.000000238,"avg":0.000000143,"var":0.000000000,"sum":0.000001431},"relative_timestamp_from_iforward_start":{"num":10,"min":0.000904322,"max":0.018585920,"avg":0.005238438,"var":0.000310829,"sum":0.052384377}},"iforward_wait":{"duration":{"num":10,"min":0.000903845,"max":0.018586397,"avg":0.005235505,"var":0.000310487,"sum":0.052355051},"relative_timestamp_from_iforward_end":{"num":10,"min":0.000000000.0,"max":0.000000477,"avg":0.000000119,"var":0.000000000,"sum":0.000001192}},"set_input":{"duration":{"num":10,"min":0.000000000.0,"max":0.000004768,"avg":0.000000739,"var":0.000000000,"sum":0.000007391},"relative_timestamp_from_iforward_start":{"num":10,"min":0.000000477,"max":0.000020742,"avg":0.000002575,"var":0.000000000,"sum":0.000025749}},"get_output":{"duration":{"num":10,"min":0.000001192,"max":0.000001669,"avg":0.000001335,"var":0.000000000,"sum":0.000013351},"relative_timestamp_from_wait_end":{"num":10,"min":0.000000000.0,"max":0.000000238,"avg":0.000000095,"var":0.000000000,"sum":0.000000954}}}},"target":{"received from ofi+cxi://0x23ed0400":{"handler":{"duration":{"num":10,"min":0.000000238,"max":0.000006676,"avg":0.000001025,"var":0.000000000,"sum":0.000010252}},"ult":{"duration":{"num":10,"min":0.000902653,"max":0.018581867,"avg":0.005231094,"var":0.000310026,"sum":0.052310944},"relative_timestamp_from_handler_start":{"num":10,"min":0.000000477,"max":0.000014305,"avg":0.000002098,"var":0.000000000,"sum":0.000020981}},"irespond":{"duration":{"num":10,"min":0.000003099,"max":0.000032663,"avg":0.000023437,"var":0.000000001,"sum":0.000234365},"relative_timestamp_from_ult_start":{"num":10,"min":0.000874043,"max":0.018550873,"avg":0.005205750,"var":0.000309592,"sum":0.052057505}},"respond_cb":{"duration":{"num":10,"min":0.000000000.0,"max":0.000000477,"avg":0.000000095,"var":0.000000000,"sum":0.000000954},"relative_timestamp_from_irespond_start":{"num":10,"min":0.000003576,"max":0.000034094,"avg":0.000024104,"var":0.000000001,"sum":0.000241041}},"irespond_wait":{"duration":{"num":10,"min":0.000000954,"max":0.000003815,"avg":0.000001431,"var":0.000000000,"sum":0.000014305},"relative_timestamp_from_irespond_end":{"num":10,"min":0.000000000.0,"max":0.000000238,"avg":0.000000119,"var":0.000000000,"sum":0.000001192}},"set_output":{"duration":{"num":10,"min":0.000001907,"max":0.000020742,"avg":0.000016093,"var":0.000000000,"sum":0.000160933},"relative_timestamp_from_irespond_start":{"num":10,"min":0.000000000.0,"max":0.000001192,"avg":0.000000238,"var":0.000000000,"sum":0.000002384}},"get_input":{"duration":{"num":10,"min":0.000000000.0,"max":0.000001907,"avg":0.000000310,"var":0.000000000,"sum":0.000003099},"relative_timestamp_from_ult_start":{"num":10,"min":0.000000000.0,"max":0.000002861,"avg":0.000000405,"var":0.000000000,"sum":0.000004053}}}}},"14048217247822970879:0:14048217247822970879:0":{"rpc_id":-4398526825886580737,"provider_id":0,"parent_rpc_id":-4398526825886580737,"parent_provider_id":0,"name":"get_file_data","origin":{"sent to ofi+cxi://0x23eb4600":{"iforward":{"duration":{"num":30,"min":0.000001431,"max":0.000035524,"avg":0.000009052,"var":0.000000001,"sum":0.000271559},"relative_timestamp_from_create":{"num":30,"min":0.000000000.0,"max":0.000000477,"avg":0.000000111,"var":0.000000000,"sum":0.000003338}},"forward_cb":{"duration":{"num":30,"min":0.000000000.0,"max":0.000001192,"avg":0.000000159,"var":0.000000000,"sum":0.000004768},"relative_timestamp_from_iforward_start":{"num":30,"min":0.000093699,"max":0.022134304,"avg":0.004842528,"var":0.001041847,"sum":0.145275831}},"iforward_wait":{"duration":{"num":30,"min":0.000091314,"max":0.022120237,"avg":0.004834477,"var":0.001041361,"sum":0.145034313},"relative_timestamp_from_iforward_end":{"num":30,"min":0.000000000.0,"max":0.000005960,"avg":0.000000389,"var":0.000000000,"sum":0.000011683}},"set_input":{"duration":{"num":30,"min":0.000000000.0,"max":0.000000715,"avg":0.000000366,"var":0.000000000,"sum":0.000010967},"relative_timestamp_from_iforward_start":{"num":30,"min":0.000000238,"max":0.000002146,"avg":0.000000572,"var":0.000000000,"sum":0.000017166}},"get_output":{"duration":{"num":30,"min":0.000001431,"max":0.000021696,"avg":0.000003314,"var":0.000000001,"sum":0.000099421},"relative_timestamp_from_wait_end":{"num":30,"min":0.000000000.0,"max":0.000001192,"avg":0.000000207,"var":0.000000000,"sum":0.000006199}}}},"target":{"received from ofi+cxi://0x23e90000":{"handler":{"duration":{"num":10,"min":0.000000238,"max":0.000001431,"avg":0.000000453,"var":0.000000000,"sum":0.000004530}},"ult":{"duration":{"num":10,"min":0.000257015,"max":0.018526793,"avg":0.005245900,"var":0.000308642,"sum":0.052459002},"relative_timestamp_from_handler_start":{"num":10,"min":0.000000477,"max":0.000051975,"avg":0.000005889,"var":0.000000002,"sum":0.000058889}},"irespond":{"duration":{"num":10,"min":0.000003576,"max":0.000045538,"avg":0.000029039,"var":0.000000001,"sum":0.000290394},"relative_timestamp_from_ult_start":{"num":10,"min":0.000169516,"max":0.018453121,"avg":0.005028200,"var":0.000314775,"sum":0.050282001}},"respond_cb":{"duration":{"num":10,"min":0.000000000.0,"max":0.000000954,"avg":0.000000143,"var":0.000000000,"sum":0.000001431},"relative_timestamp_from_irespond_start":{"num":10,"min":0.000049829,"max":0.001462936,"avg":0.000215816,"var":0.000001732,"sum":0.002158165}},"irespond_wait":{"duration":{"num":10,"min":0.000039101,"max":0.001444817,"avg":0.000187945,"var":0.000001758,"sum":0.001879454},"relative_timestamp_from_irespond_end":{"num":10,"min":0.000000238,"max":0.000000477,"avg":0.000000262,"var":0.000000000,"sum":0.000002623}},"set_output":{"duration":{"num":10,"min":0.000002146,"max":0.000028133,"avg":0.000019169,"var":0.000000000,"sum":0.000191689},"relative_timestamp_from_irespond_start":{"num":10,"min":0.000000000.0,"max":0.000000477,"avg":0.000000143,"var":0.000000000,"sum":0.000001431}},"get_input":{"duration":{"num":10,"min":0.000000000.0,"max":0.000000477,"avg":0.000000167,"var":0.000000000,"sum":0.000001669},"relative_timestamp_from_ult_start":{"num":10,"min":0.000000000.0,"max":0.000000715,"avg":0.000000191,"var":0.000000000,"sum":0.000001907}}},"received from ofi+cxi://0x23e92400":{"handler":{"duration":{"num":10,"min":0.000000238,"max":0.002125740,"avg":0.000213504,"var":0.000004063,"sum":0.002135038}},"ult":{"duration":{"num":10,"min":0.000176907,"max":0.022335529,"avg":0.004429555,"var":0.000419262,"sum":0.044295549},"relative_timestamp_from_handler_start":{"num":10,"min":0.000000477,"max":0.002127647,"avg":0.000214863,"var":0.000004065,"sum":0.002148628}},"irespond":{"duration":{"num":10,"min":0.000016451,"max":0.000035286,"avg":0.000028849,"var":0.000000000,"sum":0.000288486},"relative_timestamp_from_ult_start":{"num":10,"min":0.000102520,"max":0.022152662,"avg":0.004342961,"var":0.000415537,"sum":0.043429613}},"respond_cb":{"duration":{"num":10,"min":0.000000000.0,"max":0.000000238,