{"address":"","rpcs":{"get_file_data:0":{"timestamps":[1717912283.968544245,1717912285.068105936,1717912286.108102322,1717912287.148101330,1717912288.188100815,1717912289.228101730,1717912290.268100977,1717912291.308100700,1717912292.348101854,1717912293.388101339,1717912294.428100824,1717912295.468103170,1717912296.508102655,1717912297.548101664,1717912298.588100672,1717912299.628101349,1717912300.668101788,1717912301.708104134,1717912302.748101473,1717912303.788104534,1717912304.828102350,1717912305.868101597,1717912306.908101082,1717912307.948101521,1717912308.988101244,1717912310.028102398,1717912311.068101168,1717912312.108103514,1717912313.148102283,1717912314.188100815,1717912315.228100538,1717912316.268101454,1717912317.308100462,1717912318.348105192,1717912319.388100624,1717912320.428102970,1717912321.468101501,1717912322.508101702,1717912323.548102856,1717912324.588100672,1717912325.628101110,1717912326.668101311,1717912327.708102465,1717912328.748105288,1717912329.788102150,1717912330.828103542,1717912331.868102551,1717912332.908100605,1717912333.948100805,1717912334.988101721,1717912336.028101444,1717912337.068101168,1717912338.108100414,1717912339.148100853,1717912340.188101053,1717912341.228101730,1717912342.268101215,1717912343.308101416,1717912344.348103762,1717912345.388101339,1717912346.428101301,1717912347.468101978,1717912348.504105330,1717912349.544101238,1717912350.584100962,1717912351.624101400,1717912352.664102316,1717912353.704101324,1717912354.744100809,1717912355.784101248,1717912356.824101925,1717912357.864101410,1717912358.904101849,1717912359.944101334,1717912360.984101295,1717912362.024101734,1717912363.064101934,1717912364.104102612,1717912365.144101381,1717912366.184102297,1717912367.224101305,1717912368.264102221,1717912369.304102659,1717912370.344101429,1717912371.384102106,1717912372.424101353,1717912373.464101076,1717912373.746620655],"count":[1,9,0,0,0,0,0,0,0,0,0,0,0,0,0,0,0,0,0,0,0,0,0,0,0,0,0,0,0,0,0,0,0,0,0,0,0,0,0,0,0,0,0,0,0,0,0,0,0,0,0,0,0,0,0,0,0,0,0,0,0,0,0,0,0,0,0,0,0,0,0,0,0,0,0,0,0,0,0,0,0,0,0,0,0,0,0,0],"bulk_size":[0,0,0,0,0,0,0,0,0,0,0,0,0,0,0,0,0,0,0,0,0,0,0,0,0,0,0,0,0,0,0,0,0,0,0,0,0,0,0,0,0,0,0,0,0,0,0,0,0,0,0,0,0,0,0,0,0,0,0,0,0,0,0,0,0,0,0,0,0,0,0,0,0,0,0,0,0,0,0,0,0,0,0,0,0,0,0,0]},"__shutdown__:65535":{"timestamps":[1717912373.746620655],"count":[1],"bulk_size":[0]}},"pools":{"__primary__":{"timestamps":[1717912283.968544245,1717912285.068105936,1717912286.108102322,1717912287.148101330,1717912288.188100815,1717912289.228101730,1717912290.268100977,1717912291.308100700,1717912292.348101854,1717912293.388101339,1717912294.428100824,1717912295.468103170,1717912296.508102655,1717912297.548101664,1717912298.588100672,1717912299.628101349,1717912300.668101788,1717912301.708104134,1717912302.748101473,1717912303.788104534,1717912304.828102350,1717912305.868101597,1717912306.908101082,1717912307.948101521,1717912308.988101244,1717912310.028102398,1717912311.068101168,1717912312.108103514,1717912313.148102283,1717912314.188100815,1717912315.228100538,1717912316.268101454,1717912317.308100462,1717912318.348105192,1717912319.388100624,1717912320.428102970,1717912321.468101501,1717912322.508101702,1717912323.548102856,1717912324.588100672,1717912325.628101110,1717912326.668101311,1717912327.708102465,1717912328.748105288,1717912329.788102150,1717912330.828103542,1717912331.868102551,1717912332.908100605,1717912333.948100805,1717912334.988101721,1717912336.028101444,1717912337.068101168,1717912338.108100414,1717912339.148100853,1717912340.188101053,1717912341.228101730,1717912342.268101215,1717912343.308101416,1717912344.348103762,1717912345.388101339,1717912346.428101301,1717912347.468101978,1717912348.504105330,1717912349.544101238,1717912350.584100962,1717912351.624101400,1717912352.664102316,1717912353.704101324,1717912354.744100809,1717912355.784101248,1717912356.824101925,1717912357.864101410,1717912358.904101849,1717912359.944101334,1717912360.984101295,1717912362.024101734,1717912363.064101934,1717912364.104102612,1717912365.144101381,1717912366.184102297,1717912367.224101305,1717912368.264102221,1717912369.304102659,1717912370.344101429,1717912371.384102106,1717912372.424101353,1717912373.464101076,1717912373.746620655],"size":[0,0,0,0,0,0,0,0,0,0,0,0,0,0,0,0,0,0,0,0,0,0,0,0,0,0,0,0,0,0,0,0,0,0,0,0,0,0,0,0,0,0,0,0,0,0,0,0,0,0,0,0,0,0,0,0,0,0,0,0,0,0,0,0,0,0,0,0,0,0,0,0,0,0,0,0,0,0,0,0,0,0,0,0,0,0,0,0],"total_size":[2,1,1,1,1,1,1,1,1,1,1,1,1,1,1,1,1,1,1,1,1,1,1,1,1,1,1,1,1,1,1,1,1,1,1,1,1,1,1,1,1,1,1,1,1,1,1,1,1,1,1,1,1,1,1,1,1,1,1,1,1,1,1,1,1,1,1,1,1,1,1,1,1,1,1,1,1,1,1,1,1,1,1,1,1,1,1,0]}}}