{"address":"","progress_loop":{"progress_with_timeout":{"num":866,"min":0.000012636,"max":0.104008913,"avg":0.103691311,"var":0.024382440,"sum":89.796675682},"progress_timeout_value_msec":{"num":866,"min":100.000000000.0,"max":100.000000000.0,"avg":100.000000000.0,"var":0.000000000.0,"sum":86600.000000000.0},"progress_without_timeout":{"num":153939,"min":0.000000000.0,"max":0.000014544,"avg":0.000000111,"var":0.000000003,"sum":0.017156839},"trigger":{"num":102,"min":0.000000000.0,"max":0.001893520,"avg":0.000019440,"var":0.000003548,"sum":0.001982927}},"rpcs":{"65535:65535:14048217247822970879:0":{"rpc_id":-4398526825886580737,"provider_id":0,"parent_rpc_id":65535,"parent_provider_id":65535,"name":"get_file_data","origin":{"sent to ofi+cxi://0x23ed6200":{"iforward":{"duration":{"num":10,"min":0.000000715,"max":0.000036478,"avg":0.000004578,"var":0.000000001,"sum":0.000045776},"relative_timestamp_from_create":{"num":10,"min":0.000000000.0,"max":0.000004292,"avg":0.000000572,"var":0.000000000,"sum":0.000005722}},"forward_cb":{"duration":{"num":10,"min":0.000000000.0,"max":0.000000238,"avg":0.000000143,"var":0.000000000,"sum":0.000001431},"relative_timestamp_from_iforward_start":{"num":10,"min":0.000059843,"max":0.020499229,"avg":0.004545832,"var":0.000462597,"sum":0.045458317}},"iforward_wait":{"duration":{"num":10,"min":0.000059843,"max":0.020498753,"avg":0.004544520,"var":0.000461851,"sum":0.045445204},"relative_timestamp_from_iforward_end":{"num":10,"min":0.000000000.0,"max":0.000000477,"avg":0.000000095,"var":0.000000000,"sum":0.000000954}},"set_input":{"duration":{"num":10,"min":0.000000238,"max":0.000005245,"avg":0.000000906,"var":0.000000000,"sum":0.000009060},"relative_timestamp_from_iforward_start":{"num":10,"min":0.000000238,"max":0.000023603,"avg":0.000002766,"var":0.000000000,"sum":0.000027657}},"get_output":{"duration":{"num":10,"min":0.000000000.0,"max":0.000000477,"avg":0.000000286,"var":0.000000000,"sum":0.000002861},"relative_timestamp_from_wait_end":{"num":10,"min":0.000000000.0,"max":0.000000238,"avg":0.000000048,"var":0.000000000,"sum":0.000000477}}}},"target":{"received from ofi+cxi://0x23ed6200":{"handler":{"duration":{"num":10,"min":0.000000238,"max":0.000007391,"avg":0.000001073,"var":0.000000000,"sum":0.000010729}},"ult":{"duration":{"num":10,"min":0.000057936,"max":0.020496845,"avg":0.004539776,"var":0.000461321,"sum":0.045397758},"relative_timestamp_from_handler_start":{"num":10,"min":0.000000477,"max":0.000015736,"avg":0.000002217,"var":0.000000000,"sum":0.000022173}},"irespond":{"duration":{"num":10,"min":0.000000477,"max":0.000002384,"avg":0.000001001,"var":0.000000000,"sum":0.000010014},"relative_timestamp_from_ult_start":{"num":10,"min":0.000055552,"max":0.020493746,"avg":0.004533958,"var":0.000461425,"sum":0.045339584}},"respond_cb":{"duration":{"num":10,"min":0.000000000.0,"max":0.000000238,"avg":0.000000143,"var":0.000000000,"sum":0.000001431},"relative_timestamp_from_irespond_start":{"num":10,"min":0.000000954,"max":0.000014305,"avg":0.000002813,"var":0.000000000,"sum":0.000028133}},"irespond_wait":{"duration":{"num":10,"min":0.000000954,"max":0.000033617,"avg":0.000004387,"var":0.000000001,"sum":0.000043869},"relative_timestamp_from_irespond_end":{"num":10,"min":0.000000000.0,"max":0.000000238,"avg":0.000000119,"var":0.000000000,"sum":0.000001192}},"set_output":{"duration":{"num":10,"min":0.000000477,"max":0.000000954,"avg":0.000000596,"var":0.000000000,"sum":0.000005960},"relative_timestamp_from_irespond_start":{"num":10,"min":0.000000000.0,"max":0.000000954,"avg":0.000000215,"var":0.000000000,"sum":0.000002146}},"get_input":{"duration":{"num":10,"min":0.000000000.0,"max":0.000002146,"avg":0.000000310,"var":0.000000000,"sum":0.000003099},"relative_timestamp_from_ult_start":{"num":10,"min":0.000000000.0,"max":0.000002861,"avg":0.000000429,"var":0.000000000,"sum":0.000004292}}}}},"14048217247822970879:0:14048217247822970879:0":{"rpc_id":-4398526825886580737,"provider_id":0,"parent_rpc_id":-4398526825886580737,"parent_provider_id":0,"name":"get_file_data","origin":{"sent to ofi+cxi://0x23ed6600":{"iforward":{"duration":{"num":30,"min":0.000001431,"max":0.000036240,"avg":0.000008432,"var":0.000000001,"sum":0.000252962},"relative_timestamp_from_create":{"num":30,"min":0.000000000.0,"max":0.000000477,"avg":0.000000095,"var":0.000000000,"sum":0.000002861}},"forward_cb":{"duration":{"num":30,"min":0.000000000.0,"max":0.000001431,"avg":0.000000207,"var":0.000000000,"sum":0.000006199},"relative_timestamp_from_iforward_start":{"num":30,"min":0.000035524,"max":0.020484209,"avg":0.003972689,"var":0.001325563,"sum":0.119180679}},"iforward_wait":{"duration":{"num":30,"min":0.000034094,"max":0.020476818,"avg":0.003965807,"var":0.001324450,"sum":0.118974209},"relative_timestamp_from_iforward_end":{"num":30,"min":0.000000000.0,"max":0.000000477,"avg":0.000000183,"var":0.000000000,"sum":0.000005484}},"set_input":{"duration":{"num":30,"min":0.000000000.0,"max":0.000000715,"avg":0.000000350,"var":0.000000000,"sum":0.000010490},"relative_timestamp_from_iforward_start":{"num":30,"min":0.000000238,"max":0.000002384,"avg":0.000000636,"var":0.000000000,"sum":0.000019073}},"get_output":{"duration":{"num":30,"min":0.000000000.0,"max":0.000002146,"avg":0.000000366,"var":0.000000000,"sum":0.000010967},"relative_timestamp_from_wait_end":{"num":30,"min":0.000000000.0,"max":0.000000715,"avg":0.000000159,"var":0.000000000,"sum":0.000004768}}}},"target":{"received from ofi+cxi://0x23e96200":{"handler":{"duration":{"num":10,"min":0.000000238,"max":0.000003576,"avg":0.000000882,"var":0.000000000,"sum":0.000008821}},"ult":{"duration":{"num":10,"min":0.000051975,"max":0.020447969,"avg":0.004573750,"var":0.000612549,"sum":0.045737505},"relative_timestamp_from_handler_start":{"num":10,"min":0.000000477,"max":0.000018835,"avg":0.000003195,"var":0.000000000,"sum":0.000031948}},"irespond":{"duration":{"num":10,"min":0.000000715,"max":0.000010729,"avg":0.000001788,"var":0.000000000,"sum":0.000017881},"relative_timestamp_from_ult_start":{"num":10,"min":0.000045300,"max":0.020428658,"avg":0.004563665,"var":0.000612324,"sum":0.045636654}},"respond_cb":{"duration":{"num":10,"min":0.000000000.0,"max":0.000000238,"avg":0.000000072,"var":0.000000000,"sum":0.000000715},"relative_timestamp_from_irespond_start":{"num":10,"min":0.000005722,"max":0.000018120,"avg":0.000009465,"var":0.000000000,"sum":0.000094652}},"irespond_wait":{"duration":{"num":10,"min":0.000005007,"max":0.000015736,"avg":0.000007772,"var":0.000000000,"sum":0.000077724},"relative_timestamp_from_irespond_end":{"num":10,"min":0.000000000.0,"max":0.000000477,"avg":0.000000215,"var":0.000000000,"sum":0.000002146}},"set_output":{"duration":{"num":10,"min":0.000000238,"max":0.000000954,"avg":0.000000381,"var":0.000000000,"sum":0.000003815},"relative_timestamp_from_irespond_start":{"num":10,"min":0.000000000.0,"max":0.000000238,"avg":0.000000119,"var":0.000000000,"sum":0.000001192}},"get_input":{"duration":{"num":10,"min":0.000000000.0,"max":0.000000477,"avg":0.000000167,"var":0.000000000,"sum":0.000001669},"relative_timestamp_from_ult_start":{"num":10,"min":0.000000000.0,"max":0.000000477,"avg":0.000000191,"var":0.000000000,"sum":0.000001907}}},"received from ofi+cxi://0x23eb4200":{"handler":{"duration":{"num":10,"min":0.000000238,"max":0.001892328,"avg":0.000190067,"var":0.000003220,"sum":0.001900673}},"ult":{"duration":{"num":10,"min":0.000046015,"max":0.015942335,"avg":0.002871156,"var":0.000235907,"sum":0.028711557},"relative_timestamp_from_handler_start":{"num":10,"min":0.000000477,"max":0.001894474,"avg":0.000190687,"var":0.000003225,"sum":0.001906872}},"irespond":{"duration":{"num":10,"min":0.000000477,"max":0.000008345,"avg":0.000001717,"var":0.000000000,"sum":0.000017166},"relative_timestamp_from_ult_start":{"num":10,"min":0.000039816,"max":0.015925884,"avg":0.002861547,"var":0.000235708,"sum":0.028615475}},"respond_cb":{"duration":{"num":10,"min":0.000000000.0,"max":0.000000000.0,