{"address":"","progress_loop":{"progress_with_timeout":{"num":1321,"min":0.005685806,"max":0.104012489,"avg":0.103917833,"var":0.009692692,"sum":137.275457144},"progress_timeout_value_msec":{"num":1321,"min":100.000000000.0,"max":100.000000000.0,"avg":100.000000000.0,"var":0.000000000.0,"sum":132100.000000000.0},"progress_without_timeout":{"num":8136025,"min":0.000000000.0,"max":0.003093481,"avg":0.000000115,"var":0.000050221,"sum":0.933441639},"trigger":{"num":132,"min":0.000000238,"max":0.001837969,"avg":0.000015707,"var":0.000003347,"sum":0.002073288}},"rpcs":{"65535:65535:14048217247822970879:0":{"rpc_id":-4398526825886580737,"provider_id":0,"parent_rpc_id":65535,"parent_provider_id":65535,"name":"get_file_data","origin":{"sent to ofi+cxi://0x23ed0400":{"iforward":{"duration":{"num":10,"min":0.000001907,"max":0.000026941,"avg":0.000005412,"var":0.000000001,"sum":0.000054121},"relative_timestamp_from_create":{"num":10,"min":0.000000238,"max":0.000003099,"avg":0.000000644,"var":0.000000000,"sum":0.000006437}},"forward_cb":{"duration":{"num":10,"min":0.000000238,"max":0.000000477,"avg":0.000000310,"var":0.000000000,"sum":0.000003099},"relative_timestamp_from_iforward_start":{"num":10,"min":0.170663118,"max":0.298250198,"avg":0.240794897,"var":0.010633066,"sum":2.407948971}},"iforward_wait":{"duration":{"num":10,"min":0.170773506,"max":0.298251867,"avg":0.240805817,"var":0.010617541,"sum":2.408058167},"relative_timestamp_from_iforward_end":{"num":10,"min":0.000000000.0,"max":0.000000477,"avg":0.000000119,"var":0.000000000,"sum":0.000001192}},"set_input":{"duration":{"num":10,"min":0.000000477,"max":0.000004530,"avg":0.000000882,"var":0.000000000,"sum":0.000008821},"relative_timestamp_from_iforward_start":{"num":10,"min":0.000001192,"max":0.000016212,"avg":0.000003552,"var":0.000000000,"sum":0.000035524}},"get_output":{"duration":{"num":10,"min":0.001856804,"max":0.003656387,"avg":0.002441311,"var":0.000002276,"sum":0.024413109},"relative_timestamp_from_wait_end":{"num":10,"min":0.000000238,"max":0.000000954,"avg":0.000000501,"var":0.000000000,"sum":0.000005007}}}},"target":{"received from ofi+cxi://0x23ed0400":{"handler":{"duration":{"num":10,"min":0.000000715,"max":0.000005960,"avg":0.000001359,"var":0.000000000,"sum":0.000013590}},"ult":{"duration":{"num":10,"min":0.170746326,"max":0.298247576,"avg":0.240765786,"var":0.010622602,"sum":2.407657862},"relative_timestamp_from_handler_start":{"num":10,"min":0.000001431,"max":0.000013351,"avg":0.000003242,"var":0.000000000,"sum":0.000032425}},"irespond":{"duration":{"num":10,"min":0.003254890,"max":0.004267931,"avg":0.003919482,"var":0.000001433,"sum":0.039194822},"relative_timestamp_from_ult_start":{"num":10,"min":0.164725542,"max":0.294110060,"avg":0.236592555,"var":0.010953888,"sum":2.365925550}},"respond_cb":{"duration":{"num":10,"min":0.000000000.0,"max":0.000000715,"avg":0.000000310,"var":0.000000000,"sum":0.000003099},"relative_timestamp_from_irespond_start":{"num":10,"min":0.003257036,"max":0.005885363,"avg":0.004157043,"var":0.000004585,"sum":0.041570425}},"irespond_wait":{"duration":{"num":10,"min":0.000003099,"max":0.002356291,"avg":0.000239086,"var":0.000004981,"sum":0.002390862},"relative_timestamp_from_irespond_end":{"num":10,"min":0.000000000.0,"max":0.000000238,"avg":0.000000167,"var":0.000000000,"sum":0.000001669}},"set_output":{"duration":{"num":10,"min":0.003117800,"max":0.004113913,"avg":0.003770304,"var":0.000001393,"sum":0.037703037},"relative_timestamp_from_irespond_start":{"num":10,"min":0.000000238,"max":0.000000954,"avg":0.000000453,"var":0.000000000,"sum":0.000004530}},"get_input":{"duration":{"num":10,"min":0.000000238,"max":0.000001907,"avg":0.000000548,"var":0.000000000,"sum":0.000005484},"relative_timestamp_from_ult_start":{"num":10,"min":0.000000238,"max":0.000003099,"avg":0.000000739,"var":0.000000000,"sum":0.000007391}}}}},"14048217247822970879:0:14048217247822970879:0":{"rpc_id":-4398526825886580737,"provider_id":0,"parent_rpc_id":-4398526825886580737,"parent_provider_id":0,"name":"get_file_data","origin":{"sent to ofi+cxi://0x23eb4600":{"iforward":{"duration":{"num":30,"min":0.000003099,"max":0.000288963,"avg":0.000094414,"var":0.000000194,"sum":0.002832413},"relative_timestamp_from_create":{"num":30,"min":0.000000000.0,"max":0.000000238,"avg":0.000000135,"var":0.000000000,"sum":0.000004053}},"forward_cb":{"duration":{"num":30,"min":0.000000000.0,"max":0.000001431,"avg":0.000000389,"var":0.000000000,"sum":0.000011683},"relative_timestamp_from_iforward_start":{"num":30,"min":0.160298109,"max":0.289825916,"avg":0.231933562,"var":0.025935673,"sum":6.958006859}},"iforward_wait":{"duration":{"num":30,"min":0.160272837,"max":0.289812088,"avg":0.231841048,"var":0.025920559,"sum":6.955231428},"relative_timestamp_from_iforward_end":{"num":30,"min":0.000000000.0,"max":0.000000238,"avg":0.000000199,"var":0.000000000,"sum":0.000005960}},"set_input":{"duration":{"num":30,"min":0.000000000.0,"max":0.000000715,"avg":0.000000366,"var":0.000000000,"sum":0.000010967},"relative_timestamp_from_iforward_start":{"num":30,"min":0.000000477,"max":0.000002146,"avg":0.000001160,"var":0.000000000,"sum":0.000034809}},"get_output":{"duration":{"num":30,"min":0.001436949,"max":0.005356789,"avg":0.003923933,"var":0.000027829,"sum":0.117717981},"relative_timestamp_from_wait_end":{"num":30,"min":0.000000238,"max":0.000001192,"avg":0.000000477,"var":0.000000000,"sum":0.000014305}}}},"target":{"received from ofi+cxi://0x23e92400":{"handler":{"duration":{"num":10,"min":0.000001431,"max":0.000002861,"avg":0.000001907,"var":0.000000000,"sum":0.000019073}},"ult":{"duration":{"num":10,"min":0.180894375,"max":0.288229227,"avg":0.237599540,"var":0.007864093,"sum":2.375995398},"relative_timestamp_from_handler_start":{"num":10,"min":0.000001907,"max":0.000003815,"avg":0.000002480,"var":0.000000000,"sum":0.000024796}},"irespond":{"duration":{"num":10,"min":0.003118277,"max":0.004300356,"avg":0.003930163,"var":0.000001428,"sum":0.039301634},"relative_timestamp_from_ult_start":{"num":10,"min":0.174278498,"max":0.280852079,"avg":0.232533145,"var":0.007882617,"sum":2.325331450}},"respond_cb":{"duration":{"num":10,"min":0.000000000.0,"max":0.000000238,"avg":0.000000191,"var":0.000000000,"sum":0.000001907},"relative_timestamp_from_irespond_start":{"num":10,"min":0.003844261,"max":0.007375479,"avg":0.005064487,"var":0.000010325,"sum":0.050644875}},"irespond_wait":{"duration":{"num":10,"min":0.000536442,"max":0.003495932,"avg":0.001134610,"var":0.000013535,"sum":0.011346102},"relative_timestamp_from_irespond_end":{"num":10,"min":0.000000238,"max":0.000000477,"avg":0.000000310,"var":0.000000000,"sum":0.000003099}},"set_output":{"duration":{"num":10,"min":0.002969503,"max":0.004149675,"avg":0.003780985,"var":0.000001407,"sum":0.037809849},"relative_timestamp_from_irespond_start":{"num":10,"min":0.000000238,"max":0.000000715,"avg":0.000000358,"var":0.000000000,"sum":0.000003576}},"get_input":{"duration":{"num":10,"min":0.000000477,"max":0.000000715,"avg":0.000000525,"var":0.000000000,"sum":0.000005245},"relative_timestamp_from_ult_start":{"num":10,"min":0.000000238,"max":0.000000715,"avg":0.000000548,"var":0.000000000,"sum":0.000005484}}},"received from ofi+cxi://0x23e90000":{"handler":{"duration":{"num":10,"min":0.000001431,"max":0.001837254,"avg":0.000185394,"var":0.000003032,"sum":0.001853943}},"ult":{"duration":{"num":10,"min":0.183754921,"max":0.284714460,"avg":0.243578267,"var":0.007669468,"sum":2.435782671},"relative_timestamp_from_handler_start":{"num":10,"min":0.000001907,"max":0.001838923,"avg":0.000185990,"var":0.000003036,"sum":0.001859903}},"irespond":{"duration":{"num":10,"min":0.003284454,"max":0.004254103,"avg":0.003898382,"var":0.000001243,"sum":0.038983822},"relative_timestamp_from_ult_start":{"num":10,"min":0.179081440,"max":0.280642271,"avg":0.238555384,"var":0.007437249,"sum":2.385553837}},"respond_cb":{"duration":{"num":10,"min":0.000000000.0,"max":0.000000477,"avg":0.000000167,"var":0.000000000,