{"address":"","rpcs":{"get_file_data:0":{"timestamps":[1717914055.225232840,1717914056.326740742,1717914057.366740227,1717914058.402740955,1717914059.442739964,1717914060.482740641,1717914061.522742748,1717914062.562740803,1717914063.602741003,1717914064.642740250,1717914065.682740211,1717914066.722741604,1717914067.762740374,1717914068.802741051,1717914069.842741489,1717914070.882740498,1717914071.922739744,1717914072.962740898,1717914074.002741814,1717914075.042740345,1717914076.082742214,1717914077.122740984,1717914078.162742138,1717914079.202741146,1717914080.242740870,1717914081.282740831,1717914082.322739601,1717914083.362740993,1717914084.402740717,1717914085.442739725,1717914086.482740164,1717914087.522741079,1717914088.562740803,1717914089.602740526,1717914090.642741203,1717914091.682740927,1717914092.722740889,1717914093.762741804,1717914094.802741528,1717914095.842739582,1717914096.882740974,1717914097.922741652,1717914098.962739706,1717914100.002743244,1717914101.042740345,1717914102.082740545,1717914103.122739792,1717914104.162741184,1717914105.202740908,1717914106.242740631,1717914107.282741308,1717914108.322740793,1717914109.362740755,1717914110.402740479,1717914111.442740679,1717914112.482739925,1717914113.522739649,1717914114.562741041,1717914115.602741957,1717914116.642740965,1717914117.682741404,1717914118.722740889,1717914119.762744188,1717914120.802740335,1717914121.842741728,1717914122.882740736,1717914123.922740221,1717914124.962740183,1717914126.002741098,1717914127.042739630,1717914128.082740545,1717914129.122744083,1717914130.162740231,1717914131.202740908,1717914132.242741108,1717914133.282740831,1717914134.322741747,1717914135.362740755,1717914136.402741194,1717914137.442739964,1717914138.482739687,1717914139.522739649,1717914140.562741041,1717914141.602741241,1717914142.642740488,1717914143.682740688,1717914144.722739935,1717914145.762741089,1717914146.802740574,1717914147.842740059,1717914148.882740259,1717914149.922742128,1717914150.958742142,1717914151.998740673,1717914153.038740635,1717914154.078744650,1717914155.118741512,1717914156.158741474,1717914157.198740721,1717914158.238740444,1717914159.278739929,1717914160.318740845,1717914161.358741045,1717914162.398741007,1717914163.438741684,1717914164.478742361,1717914165.122617006],"count":[1,149,0,0,0,0,0,0,0,0,0,0,0,0,0,0,0,0,0,0,0,0,0,0,0,0,0,0,0,0,0,0,0,0,0,0,0,0,0,0,0,0,0,0,0,0,0,0,0,0,0,0,0,0,0,0,0,0,0,0,0,0,0,0,0,0,0,0,0,0,0,0,0,0,0,0,0,0,0,0,0,0,0,0,0,0,0,0,0,0,0,0,0,0,0,0,0,0,0,0,0,0,0,0,0,0,0],"bulk_size":[0,0,0,0,0,0,0,0,0,0,0,0,0,0,0,0,0,0,0,0,0,0,0,0,0,0,0,0,0,0,0,0,0,0,0,0,0,0,0,0,0,0,0,0,0,0,0,0,0,0,0,0,0,0,0,0,0,0,0,0,0,0,0,0,0,0,0,0,0,0,0,0,0,0,0,0,0,0,0,0,0,0,0,0,0,0,0,0,0,0,0,0,0,0,0,0,0,0,0,0,0,0,0,0,0,0,0]},"__shutdown__:65535":{"timestamps":[1717914165.122617006],"count":[1],"bulk_size":[0]}},"pools":{"__primary__":{"timestamps":[1717914055.225232840,1717914056.326740742,1717914057.366740227,1717914058.402740955,1717914059.442739964,1717914060.482740641,1717914061.522742748,1717914062.562740803,1717914063.602741003,1717914064.642740250,1717914065.682740211,1717914066.722741604,1717914067.762740374,1717914068.802741051,1717914069.842741489,1717914070.882740498,1717914071.922739744,1717914072.962740898,1717914074.002741814,1717914075.042740345,1717914076.082742214,1717914077.122740984,1717914078.162742138,1717914079.202741146,1717914080.242740870,1717914081.282740831,1717914082.322739601,1717914083.362740993,1717914084.402740717,1717914085.442739725,1717914086.482740164,1717914087.522741079,1717914088.562740803,1717914089.602740526,1717914090.642741203,1717914091.682740927,1717914092.722740889,1717914093.762741804,1717914094.802741528,1717914095.842739582,1717914096.882740974,1717914097.922741652,1717914098.962739706,1717914100.002743244,1717914101.042740345,1717914102.082740545,1717914103.122739792,1717914104.162741184,1717914105.202740908,1717914106.242740631,1717914107.282741308,1717914108.322740793,1717914109.362740755,1717914110.402740479,1717914111.442740679,1717914112.482739925,1717914113.522739649,1717914114.562741041,1717914115.602741957,1717914116.642740965,1717914117.682741404,1717914118.722740889,1717914119.762744188,1717914120.802740335,1717914121.842741728,1717914122.882740736,1717914123.922740221,1717914124.962740183,1717914126.002741098,1717914127.042739630,1717914128.082740545,1717914129.122744083,1717914130.162740231,1717914131.202740908,1717914132.242741108,1717914133.282740831,1717914134.322741747,1717914135.362740755,1717914136.402741194,1717914137.442739964,1717914138.482739687,1717914139.522739649,1717914140.562741041,1717914141.602741241,1717914142.642740488,1717914143.682740688,1717914144.722739935,1717914145.762741089,1717914146.802740574,1717914147.842740059,1717914148.882740259,1717914149.922742128,1717914150.958742142,1717914151.998740673,1717914153.038740635,1717914154.078744650,1717914155.118741512,1717914156.158741474,1717914157.198740721,1717914158.238740444,1717914159.278739929,1717914160.318740845,1717914161.358741045,1717914162.398741007,1717914163.438741684,1717914164.478742361,1717914165.122617006],"size":[0,0,0,0,0,0,0,0,0,0,0,0,0,0,0,0,0,0,0,0,0,0,0,0,0,0,0,0,0,0,0,0,0,0,0,0,0,0,0,0,0,0,0,0,0,0,0,0,0,0,0,0,0,0,0,0,0,0,0,0,0,0,0,0,0,0,0,0,0,0,0,0,0,0,0,0,0,0,0,0,0,0,0,0,0,0,0,0,0,0,0,0,0,0,0,0,0,0,0,0,0,0,0,0,0,0,0],"total_size":[2,1,1,1,1,1,1,1,1,1,1,1,1,1,1,1,1,1,1,1,1,1,1,1,1,1,1,1,1,1,1,1,1,1,1,1,1,1,1,1,1,1,1,1,1,1,1,1,1,1,1,1,1,1,1,1,1,1,1,1,1,1,1,1,1,1,1,1,1,1,1,1,1,1,1,1,1,1,1,1,1,1,1,1,1,1,1,1,1,1,1,1,1,1,1,1,1,1,1,1,1,1,1,1,1,1,0]}}}