{"address":"","rpcs":{"get_file_data:0":{"timestamps":[1717912514.735454559,1717912515.780534744,1717912516.820533514,1717912517.860535860,1717912518.900534391,1717912519.940534592,1717912520.980534315,1717912522.020534039,1717912523.060534239,1717912524.100536108,1717912525.140535355,1717912526.180535078,1717912527.220533609,1717912528.260533571,1717912529.300534964,1717912530.340534210,1717912531.380534887,1717912532.420533657,1717912533.460534096,1717912534.500535250,1717912535.540533543,1717912536.580535173,1717912537.620534420,1717912538.660536051,1717912539.700539112,1717912540.740534067,1717912541.780534983,1717912542.820538282,1717912543.860535622,1717912544.900533915,1717912545.940533876,1717912546.980534792,1717912548.020534992,1717912549.060533524,1717912550.100537062,1717912551.140535355,1717912552.180534840,1717912553.220535278,1717912554.260535240,1717912555.300535202,1717912556.340533495,1717912557.380533457,1717912558.420534611,1717912559.460535288,1717912560.500533819,1717912561.540533543,1717912562.580539227,1717912563.620537996,1717912564.660534143,1717912565.700533867,1717912566.740534782,1717912567.780534744,1717912568.820535183,1717912569.860534668,1717912570.900534153,1717912571.940535545,1717912572.980535030,1717912574.020537615,1717912575.060534239,1717912576.100533962,1717912577.140534639,1717912578.180535793,1717912579.220535278,1717912580.260534763,1717912581.296535015,1717912582.336534500,1717912583.376534224,1717912584.416535378,1717912585.456534863,1717912586.496534824,1717912587.536536217,1717912588.576534271,1717912589.616536379,1717912590.656534910,1717912591.696534872,1717912592.736534119,1717912593.776534319,1717912594.816534758,1717912595.856534004,1717912596.896537066,1717912597.936533451,1717912598.976534843,1717912600.016539335,1717912601.056537151,1717912602.096535444,1717912603.136535645,1717912604.176534653,1717912604.615551710],"count":[1,29,0,0,0,0,0,0,0,0,0,0,0,0,0,0,0,0,0,0,0,0,0,0,0,0,0,0,0,0,0,0,0,0,0,0,0,0,0,0,0,0,0,0,0,0,0,0,0,0,0,0,0,0,0,0,0,0,0,0,0,0,0,0,0,0,0,0,0,0,0,0,0,0,0,0,0,0,0,0,0,0,0,0,0,0,0,0],"bulk_size":[0,0,0,0,0,0,0,0,0,0,0,0,0,0,0,0,0,0,0,0,0,0,0,0,0,0,0,0,0,0,0,0,0,0,0,0,0,0,0,0,0,0,0,0,0,0,0,0,0,0,0,0,0,0,0,0,0,0,0,0,0,0,0,0,0,0,0,0,0,0,0,0,0,0,0,0,0,0,0,0,0,0,0,0,0,0,0,0]},"__shutdown__:65535":{"timestamps":[1717912604.615551710],"count":[1],"bulk_size":[0]}},"pools":{"__primary__":{"timestamps":[1717912514.735454559,1717912515.780534744,1717912516.820533514,1717912517.860535860,1717912518.900534391,1717912519.940534592,1717912520.980534315,1717912522.020534039,1717912523.060534239,1717912524.100536108,1717912525.140535355,1717912526.180535078,1717912527.220533609,1717912528.260533571,1717912529.300534964,1717912530.340534210,1717912531.380534887,1717912532.420533657,1717912533.460534096,1717912534.500535250,1717912535.540533543,1717912536.580535173,1717912537.620534420,1717912538.660536051,1717912539.700539112,1717912540.740534067,1717912541.780534983,1717912542.820538282,1717912543.860535622,1717912544.900533915,1717912545.940533876,1717912546.980534792,1717912548.020534992,1717912549.060533524,1717912550.100537062,1717912551.140535355,1717912552.180534840,1717912553.220535278,1717912554.260535240,1717912555.300535202,1717912556.340533495,1717912557.380533457,1717912558.420534611,1717912559.460535288,1717912560.500533819,1717912561.540533543,1717912562.580539227,1717912563.620537996,1717912564.660534143,1717912565.700533867,1717912566.740534782,1717912567.780534744,1717912568.820535183,1717912569.860534668,1717912570.900534153,1717912571.940535545,1717912572.980535030,1717912574.020537615,1717912575.060534239,1717912576.100533962,1717912577.140534639,1717912578.180535793,1717912579.220535278,1717912580.260534763,1717912581.296535015,1717912582.336534500,1717912583.376534224,1717912584.416535378,1717912585.456534863,1717912586.496534824,1717912587.536536217,1717912588.576534271,1717912589.616536379,1717912590.656534910,1717912591.696534872,1717912592.736534119,1717912593.776534319,1717912594.816534758,1717912595.856534004,1717912596.896537066,1717912597.936533451,1717912598.976534843,1717912600.016539335,1717912601.056537151,1717912602.096535444,1717912603.136535645,1717912604.176534653,1717912604.615551710],"size":[0,0,0,0,0,0,0,0,0,0,0,0,0,0,0,0,0,0,0,0,0,0,0,0,0,0,0,0,0,0,0,0,0,0,0,0,0,0,0,0,0,0,0,0,0,0,0,0,0,0,0,0,0,0,0,0,0,0,0,0,0,0,0,0,0,0,0,0,0,0,0,0,0,0,0,0,0,0,0,0,0,0,0,0,0,0,0,0],"total_size":[2,1,1,1,1,1,1,1,1,1,1,1,1,1,1,1,1,1,1,1,1,1,1,1,1,1,1,1,1,1,1,1,1,1,1,1,1,1,1,1,1,1,1,1,1,1,1,1,1,1,1,1,1,1,1,1,1,1,1,1,1,1,1,1,1,1,1,1,1,1,1,1,1,1,1,1,1,1,1,1,1,1,1,1,1,1,1,0]}}}