{"address":"","progress_loop":{"progress_with_timeout":{"num":1299,"min":0.063041210,"max":0.104012489,"avg":0.103962404,"var":0.001705091,"sum":135.047163248},"progress_timeout_value_msec":{"num":1299,"min":100.000000000.0,"max":100.000000000.0,"avg":100.000000000.0,"var":0.000000000.0,"sum":129900.000000000.0},"progress_without_timeout":{"num":15309127,"min":0.000000000.0,"max":0.006151199,"avg":0.000000121,"var":0.000645512,"sum":1.848106384},"trigger":{"num":132,"min":0.000000000.0,"max":0.001856804,"avg":0.000016261,"var":0.000003415,"sum":0.002146482}},"rpcs":{"65535:65535:14048217247822970879:0":{"rpc_id":-4398526825886580737,"provider_id":0,"parent_rpc_id":65535,"parent_provider_id":65535,"name":"get_file_data","origin":{"sent to ofi+cxi://0x23ed6200":{"iforward":{"duration":{"num":10,"min":0.000002623,"max":0.000033855,"avg":0.000006175,"var":0.000000001,"sum":0.000061750},"relative_timestamp_from_create":{"num":10,"min":0.000000000.0,"max":0.000004768,"avg":0.000000715,"var":0.000000000,"sum":0.000007153}},"forward_cb":{"duration":{"num":10,"min":0.000000238,"max":0.000000477,"avg":0.000000358,"var":0.000000000,"sum":0.000003576},"relative_timestamp_from_iforward_start":{"num":10,"min":0.431923628,"max":0.516796827,"avg":0.464587402,"var":0.004457011,"sum":4.645874023}},"iforward_wait":{"duration":{"num":10,"min":0.431923866,"max":0.516796589,"avg":0.464599156,"var":0.004452931,"sum":4.645991564},"relative_timestamp_from_iforward_end":{"num":10,"min":0.000000000.0,"max":0.000000238,"avg":0.000000191,"var":0.000000000,"sum":0.000001907}},"set_input":{"duration":{"num":10,"min":0.000000238,"max":0.000005007,"avg":0.000000954,"var":0.000000000,"sum":0.000009537},"relative_timestamp_from_iforward_start":{"num":10,"min":0.000001669,"max":0.000021696,"avg":0.000003982,"var":0.000000000,"sum":0.000039816}},"get_output":{"duration":{"num":10,"min":0.003278255,"max":0.008543968,"avg":0.004549909,"var":0.000030692,"sum":0.045499086},"relative_timestamp_from_wait_end":{"num":10,"min":0.000000477,"max":0.000000954,"avg":0.000000715,"var":0.000000000,"sum":0.000007153}}}},"target":{"received from ofi+cxi://0x23ed6200":{"handler":{"duration":{"num":10,"min":0.000001192,"max":0.000006437,"avg":0.000001955,"var":0.000000000,"sum":0.000019550}},"ult":{"duration":{"num":10,"min":0.431918621,"max":0.516784668,"avg":0.464589500,"var":0.004453132,"sum":4.645895004},"relative_timestamp_from_handler_start":{"num":10,"min":0.000002146,"max":0.000014067,"avg":0.000004530,"var":0.000000000,"sum":0.000045300}},"irespond":{"duration":{"num":10,"min":0.006270409,"max":0.007944107,"avg":0.007540202,"var":0.000002074,"sum":0.075402021},"relative_timestamp_from_ult_start":{"num":10,"min":0.424134731,"max":0.503069639,"avg":0.455440784,"var":0.004046828,"sum":4.554407835}},"respond_cb":{"duration":{"num":10,"min":0.000000238,"max":0.000001192,"avg":0.000000381,"var":0.000000000,"sum":0.000003815},"relative_timestamp_from_irespond_start":{"num":10,"min":0.007308483,"max":0.013710976,"avg":0.009130836,"var":0.000057707,"sum":0.091308355}},"irespond_wait":{"duration":{"num":10,"min":0.000004053,"max":0.005768776,"avg":0.001592422,"var":0.000059518,"sum":0.015924215},"relative_timestamp_from_irespond_end":{"num":10,"min":0.000000000.0,"max":0.000000477,"avg":0.000000286,"var":0.000000000,"sum":0.000002861}},"set_output":{"duration":{"num":10,"min":0.006049395,"max":0.007711411,"avg":0.007309914,"var":0.000002018,"sum":0.073099136},"relative_timestamp_from_irespond_start":{"num":10,"min":0.000000238,"max":0.000001669,"avg":0.000000644,"var":0.000000000,"sum":0.000006437}},"get_input":{"duration":{"num":10,"min":0.000000238,"max":0.000001907,"avg":0.000000501,"var":0.000000000,"sum":0.000005007},"relative_timestamp_from_ult_start":{"num":10,"min":0.000000477,"max":0.000003099,"avg":0.000000811,"var":0.000000000,"sum":0.000008106}}}}},"14048217247822970879:0:14048217247822970879:0":{"rpc_id":-4398526825886580737,"provider_id":0,"parent_rpc_id":-4398526825886580737,"parent_provider_id":0,"name":"get_file_data","origin":{"sent to ofi+cxi://0x23ed6600":{"iforward":{"duration":{"num":30,"min":0.000004053,"max":0.000273466,"avg":0.000101757,"var":0.000000213,"sum":0.003052711},"relative_timestamp_from_create":{"num":30,"min":0.000000000.0,"max":0.000000477,"avg":0.000000286,"var":0.000000000,"sum":0.000008583}},"forward_cb":{"duration":{"num":30,"min":0.000000477,"max":0.000002384,"avg":0.000000699,"var":0.000000000,"sum":0.000020981},"relative_timestamp_from_iforward_start":{"num":30,"min":0.312970638,"max":0.534476757,"avg":0.443682758,"var":0.045425890,"sum":13.310482740}},"iforward_wait":{"duration":{"num":30,"min":0.312967777,"max":0.534464836,"avg":0.443582630,"var":0.045400514,"sum":13.307478905},"relative_timestamp_from_iforward_end":{"num":30,"min":0.000000000.0,"max":0.000000477,"avg":0.000000238,"var":0.000000000,"sum":0.000007153}},"set_input":{"duration":{"num":30,"min":0.000000238,"max":0.000000715,"avg":0.000000525,"var":0.000000000,"sum":0.000015736},"relative_timestamp_from_iforward_start":{"num":30,"min":0.000000954,"max":0.000002146,"avg":0.000001486,"var":0.000000000,"sum":0.000044584}},"get_output":{"duration":{"num":30,"min":0.002552748,"max":0.010305166,"avg":0.004293013,"var":0.000111436,"sum":0.128790379},"relative_timestamp_from_wait_end":{"num":30,"min":0.000000477,"max":0.000001669,"avg":0.000000747,"var":0.000000000,"sum":0.000022411}}}},"target":{"received from ofi+cxi://0x23eb4200":{"handler":{"duration":{"num":10,"min":0.000001669,"max":0.000002861,"avg":0.000002527,"var":0.000000000,"sum":0.000025272}},"ult":{"duration":{"num":10,"min":0.370627880,"max":0.490030766,"avg":0.449977231,"var":0.009894245,"sum":4.499772310},"relative_timestamp_from_handler_start":{"num":10,"min":0.000002623,"max":0.000003576,"avg":0.000003242,"var":0.000000000,"sum":0.000032425}},"irespond":{"duration":{"num":10,"min":0.005907536,"max":0.007617950,"avg":0.006994963,"var":0.000001964,"sum":0.069949627},"relative_timestamp_from_ult_start":{"num":10,"min":0.362739086,"max":0.482090712,"avg":0.441055179,"var":0.009649118,"sum":4.410551786}},"respond_cb":{"duration":{"num":10,"min":0.000000238,"max":0.000000238,"avg":0.000000238,"var":0.000000000.0,"sum":0.000002384},"relative_timestamp_from_irespond_start":{"num":10,"min":0.007884979,"max":0.013309002,"avg":0.008919144,"var":0.000029069,"sum":0.089191437}},"irespond_wait":{"duration":{"num":10,"min":0.000904799,"max":0.006682396,"avg":0.001924515,"var":0.000040291,"sum":0.019245148},"relative_timestamp_from_irespond_end":{"num":10,"min":0.000000238,"max":0.000000477,"avg":0.000000405,"var":0.000000000,"sum":0.000004053}},"set_output":{"duration":{"num":10,"min":0.005683184,"max":0.007378578,"avg":0.006764865,"var":0.000001949,"sum":0.067648649},"relative_timestamp_from_irespond_start":{"num":10,"min":0.000000238,"max":0.000000715,"avg":0.000000405,"var":0.000000000,"sum":0.000004053}},"get_input":{"duration":{"num":10,"min":0.000000238,"max":0.000000954,"avg":0.000000525,"var":0.000000000,"sum":0.000005245},"relative_timestamp_from_ult_start":{"num":10,"min":0.000000477,"max":0.000000715,"avg":0.000000525,"var":0.000000000,"sum":0.000005245}}},"received from ofi+cxi://0x23e96200":{"handler":{"duration":{"num":10,"min":0.000002146,"max":0.001855612,"avg":0.000187755,"var":0.000003091,"sum":0.001877546}},"ult":{"duration":{"num":10,"min":0.324482441,"max":0.557687998,"avg":0.456537747,"var":0.033388367,"sum":4.565377474},"relative_timestamp_from_handler_start":{"num":10,"min":0.000002861,"max":0.001857519,"avg":0.000188470,"var":0.000003095,"sum":0.001884699}},"irespond":{"duration":{"num":10,"min":0.005645037,"max":0.007731676,"avg":0.007011461,"var":0.000006735,"sum":0.070114613},"relative_timestamp_from_ult_start":{"num":10,"min":0.316531420,"max":0.543970585,"avg":0.447557759,"var":0.032140257,"sum":4.475577593}},"respond_cb":{"duration":{"num":10,"min":0.000000000.0,"max":0.000000477,"avg":0.000000191,"var":0.000000000,