{"address":"","progress_loop":{"progress_with_timeout":{"num":0,"min":0.000000000.0,"max":0.000000000.0,"avg":0.000000000.0,"var":0.000000000.0,"sum":0.000000000.0},"progress_timeout_value_msec":{"num":0,"min":0.000000000.0,"max":0.000000000.0,"avg":0.000000000.0,"var":0.000000000.0,"sum":0.000000000.0},"progress_without_timeout":{"num":522303547,"min":0.000000000.0,"max":0.152976513,"avg":0.000000119,"var":0.620343884,"sum":62.380869150},"trigger":{"num":132,"min":0.000000238,"max":0.001904488,"avg":0.000096558,"var":0.000016191,"sum":0.012745619}},"rpcs":{"65535:65535:14048217247822970879:0":{"rpc_id":-4398526825886580737,"provider_id":0,"parent_rpc_id":65535,"parent_provider_id":65535,"name":"get_file_data","origin":{"sent to ofi+cxi://0x23ed2400":{"iforward":{"duration":{"num":10,"min":0.000005007,"max":0.000034332,"avg":0.000008583,"var":0.000000001,"sum":0.000085831},"relative_timestamp_from_create":{"num":10,"min":0.000000954,"max":0.000004530,"avg":0.000001621,"var":0.000000000,"sum":0.000016212}},"forward_cb":{"duration":{"num":10,"min":0.000000238,"max":0.000000477,"avg":0.000000429,"var":0.000000000,"sum":0.000004292},"relative_timestamp_from_iforward_start":{"num":10,"min":11.511601448,"max":16.535483837,"avg":15.524897051,"var":18.549806842,"sum":155.248970509}},"iforward_wait":{"duration":{"num":10,"min":11.512736082,"max":16.536538363,"avg":15.525955033,"var":18.549090350,"sum":155.259550333},"relative_timestamp_from_iforward_end":{"num":10,"min":0.000000000.0,"max":0.000000238,"avg":0.000000191,"var":0.000000000,"sum":0.000001907}},"set_input":{"duration":{"num":10,"min":0.000000238,"max":0.000004768,"avg":0.000000930,"var":0.000000000,"sum":0.000009298},"relative_timestamp_from_iforward_start":{"num":10,"min":0.000003815,"max":0.000021696,"avg":0.000006247,"var":0.000000000,"sum":0.000062466}},"get_output":{"duration":{"num":10,"min":0.174689531,"max":0.176092625,"avg":0.175349998,"var":0.000002359,"sum":1.753499985},"relative_timestamp_from_wait_end":{"num":10,"min":0.000000477,"max":0.000000954,"avg":0.000000763,"var":0.000000000,"sum":0.000007629}}}},"target":{"received from ofi+cxi://0x23ed2400":{"handler":{"duration":{"num":10,"min":0.000001192,"max":0.000006437,"avg":0.000002170,"var":0.000000000,"sum":0.000021696}},"ult":{"duration":{"num":10,"min":11.512702227,"max":16.536530495,"avg":15.513406897,"var":18.444531821,"sum":155.134068966},"relative_timestamp_from_handler_start":{"num":10,"min":0.000002384,"max":0.000014782,"avg":0.000004148,"var":0.000000000,"sum":0.000041485}},"irespond":{"duration":{"num":10,"min":0.189498901,"max":0.192481041,"avg":0.190878749,"var":0.000008002,"sum":1.908787489},"relative_timestamp_from_ult_start":{"num":10,"min":11.322035313,"max":16.345264196,"avg":15.321460390,"var":18.435117670,"sum":153.214603901}},"respond_cb":{"duration":{"num":10,"min":0.000000238,"max":0.000000477,"avg":0.000000286,"var":0.000000000,"sum":0.000002861},"relative_timestamp_from_irespond_start":{"num":10,"min":0.189502716,"max":0.192484617,"avg":0.190881824,"var":0.000008002,"sum":1.908818245}},"irespond_wait":{"duration":{"num":10,"min":0.000004053,"max":0.000005484,"avg":0.000004816,"var":0.000000000,"sum":0.000048161},"relative_timestamp_from_irespond_end":{"num":10,"min":0.000000238,"max":0.000000715,"avg":0.000000429,"var":0.000000000,"sum":0.000004292}},"set_output":{"duration":{"num":10,"min":0.184234381,"max":0.186745167,"avg":0.185313749,"var":0.000005525,"sum":1.853137493},"relative_timestamp_from_irespond_start":{"num":10,"min":0.000000477,"max":0.000001669,"avg":0.000000691,"var":0.000000000,"sum":0.000006914}},"get_input":{"duration":{"num":10,"min":0.000000238,"max":0.000001907,"avg":0.000000620,"var":0.000000000,"sum":0.000006199},"relative_timestamp_from_ult_start":{"num":10,"min":0.000000954,"max":0.000003099,"avg":0.000001240,"var":0.000000000,"sum":0.000012398}}}}},"14048217247822970879:0:14048217247822970879:0":{"rpc_id":-4398526825886580737,"provider_id":0,"parent_rpc_id":-4398526825886580737,"parent_provider_id":0,"name":"get_file_data","origin":{"sent to ofi+cxi://0x23e92000":{"iforward":{"duration":{"num":30,"min":0.000010014,"max":0.002236366,"avg":0.001373593,"var":0.000028385,"sum":0.041207790},"relative_timestamp_from_create":{"num":30,"min":0.000000000.0,"max":0.000001669,"avg":0.000000437,"var":0.000000000,"sum":0.000013113}},"forward_cb":{"duration":{"num":30,"min":0.000000238,"max":0.000024080,"avg":0.000001486,"var":0.000000001,"sum":0.000044584},"relative_timestamp_from_iforward_start":{"num":30,"min":11.147240639,"max":16.312588215,"avg":15.082530363,"var":42.183263364,"sum":452.475910902}},"iforward_wait":{"duration":{"num":30,"min":11.147210360,"max":16.312574625,"avg":15.081159425,"var":42.174942730,"sum":452.434782743},"relative_timestamp_from_iforward_end":{"num":30,"min":0.000000000.0,"max":0.000000954,"avg":0.000000374,"var":0.000000000,"sum":0.000011206}},"set_input":{"duration":{"num":30,"min":0.000000238,"max":0.000001192,"avg":0.000000445,"var":0.000000000,"sum":0.000013351},"relative_timestamp_from_iforward_start":{"num":30,"min":0.000000715,"max":0.000003576,"avg":0.000001621,"var":0.000000000,"sum":0.000048637}},"get_output":{"duration":{"num":30,"min":0.174437046,"max":0.179817915,"avg":0.175242654,"var":0.000034889,"sum":5.257279634},"relative_timestamp_from_wait_end":{"num":30,"min":0.000000477,"max":0.000001431,"avg":0.000000970,"var":0.000000000,"sum":0.000029087}}}},"target":{"received from ofi+cxi://0x23e94600":{"handler":{"duration":{"num":10,"min":0.000001669,"max":0.000008106,"avg":0.000003982,"var":0.000000000,"sum":0.000039816}},"ult":{"duration":{"num":10,"min":12.365700960,"max":16.849073410,"avg":15.426348925,"var":13.440140754,"sum":154.263489246},"relative_timestamp_from_handler_start":{"num":10,"min":0.000002623,"max":0.000009537,"avg":0.000005102,"var":0.000000000,"sum":0.000051022}},"irespond":{"duration":{"num":10,"min":0.189235687,"max":0.194482565,"avg":0.191600347,"var":0.000021333,"sum":1.916003466},"relative_timestamp_from_ult_start":{"num":10,"min":12.012474298,"max":16.487140894,"avg":15.067572498,"var":13.411794618,"sum":150.675724983}},"respond_cb":{"duration":{"num":10,"min":0.000000238,"max":0.000000477,"avg":0.000000310,"var":0.000000000,"sum":0.000003099},"relative_timestamp_from_irespond_start":{"num":10,"min":0.347545862,"max":0.364923954,"avg":0.357672119,"var":0.000289720,"sum":3.576721191}},"irespond_wait":{"duration":{"num":10,"min":0.154313087,"max":0.173473358,"avg":0.166072011,"var":0.000334279,"sum":1.660720110},"relative_timestamp_from_irespond_end":{"num":10,"min":0.000000238,"max":0.000000715,"avg":0.000000572,"var":0.000000000,"sum":0.000005722}},"set_output":{"duration":{"num":10,"min":0.183996677,"max":0.186719656,"avg":0.185386896,"var":0.000009719,"sum":1.853868961},"relative_timestamp_from_irespond_start":{"num":10,"min":0.000000477,"max":0.000001192,"avg":0.000000596,"var":0.000000000,"sum":0.000005960}},"get_input":{"duration":{"num":10,"min":0.000000715,"max":0.000001192,"avg":0.000000787,"var":0.000000000,"sum":0.000007868},"relative_timestamp_from_ult_start":{"num":10,"min":0.000000477,"max":0.000001431,"avg":0.000000978,"var":0.000000000,"sum":0.000009775}}},"received from ofi+cxi://0x23e94200":{"handler":{"duration":{"num":10,"min":0.000003099,"max":0.001903296,"avg":0.000194025,"var":0.000003246,"sum":0.001940250}},"ult":{"duration":{"num":10,"min":12.918807983,"max":16.652137995,"avg":15.744850302,"var":9.782125682,"sum":157.448503017},"relative_timestamp_from_handler_start":{"num":10,"min":0.000003815,"max":0.001905203,"avg":0.000195098,"var":0.000003249,"sum":0.001950979}},"irespond":{"duration":{"num":10,"min":0.189285278,"max":0.193006754,"avg":0.191006899,"var":0.000011839,"sum":1.910068989},"relative_timestamp_from_ult_start":{"num":10,"min":12.560118437,"max":16.287632704,"avg":15.385075808,"var":9.770858580,"sum":153.850758076}},"respond_cb":{"duration":{"num":10,"min":0.000000000.0,