{"address":"","rpcs":{"get_file_data:0":{"timestamps":[1717912514.737150192,1717912515.817936659,1717912516.857936382,1717912517.893936157,1717912518.933937311,1717912519.973935366,1717912521.013937712,1717912522.053936958,1717912523.093936682,1717912524.133935928,1717912525.173936605,1717912526.213935375,1717912527.253935575,1717912528.293937445,1717912529.333936214,1717912530.373936415,1717912531.413937330,1717912532.453937531,1717912533.493936539,1717912534.533936024,1717912535.573935747,1717912536.613936663,1717912537.653936863,1717912538.693935394,1717912539.733937025,1717912540.773936987,1717912541.813936710,1717912542.853936672,1717912543.893936872,1717912544.933936357,1717912545.973936558,1717912547.013935804,1717912548.053937674,1717912549.093938112,1717912550.133938313,1717912551.173936367,1717912552.213937521,1717912553.253936291,1717912554.293937206,1717912555.333936691,1717912556.373936653,1717912557.413937807,1717912558.453937054,1717912559.493937731,1717912560.533936262,1717912561.573936939,1717912562.613935947,1717912563.653937101,1717912564.693936586,1717912565.733935356,1717912566.773936749,1717912567.813936710,1717912568.853937864,1717912569.893936634,1717912570.933937073,1717912571.973936081,1717912573.013936520,1717912574.053936481,1717912575.093935966,1717912576.133936405,1717912577.173937082,1717912578.213937044,1717912579.253936052,1717912580.293936491,1717912581.333936453,1717912582.373936653,1717912583.413935900,1717912584.453938723,1717912585.493938208,1717912586.533937454,1717912587.573936462,1717912588.613935709,1717912589.653936863,1717912590.693936348,1717912591.733937502,1717912592.773937464,1717912593.809936762,1717912594.849936008,1717912595.889935493,1717912596.929936409,1717912597.969936848,1717912599.009936333,1717912600.049938440,1717912601.089936495,1717912602.129935980,1717912603.169937849,1717912604.209936857,1717912604.604810238],"count":[1,9,0,0,0,0,0,0,0,0,0,0,0,0,0,0,0,0,0,0,0,0,0,0,0,0,0,0,0,0,0,0,0,0,0,0,0,0,0,0,0,0,0,0,0,0,0,0,0,0,0,0,0,0,0,0,0,0,0,0,0,0,0,0,0,0,0,0,0,0,0,0,0,0,0,0,0,0,0,0,0,0,0,0,0,0,0,0],"bulk_size":[0,0,0,0,0,0,0,0,0,0,0,0,0,0,0,0,0,0,0,0,0,0,0,0,0,0,0,0,0,0,0,0,0,0,0,0,0,0,0,0,0,0,0,0,0,0,0,0,0,0,0,0,0,0,0,0,0,0,0,0,0,0,0,0,0,0,0,0,0,0,0,0,0,0,0,0,0,0,0,0,0,0,0,0,0,0,0,0]},"__shutdown__:65535":{"timestamps":[1717912604.604810238],"count":[1],"bulk_size":[0]}},"pools":{"__primary__":{"timestamps":[1717912514.737150192,1717912515.817936659,1717912516.857936382,1717912517.893936157,1717912518.933937311,1717912519.973935366,1717912521.013937712,1717912522.053936958,1717912523.093936682,1717912524.133935928,1717912525.173936605,1717912526.213935375,1717912527.253935575,1717912528.293937445,1717912529.333936214,1717912530.373936415,1717912531.413937330,1717912532.453937531,1717912533.493936539,1717912534.533936024,1717912535.573935747,1717912536.613936663,1717912537.653936863,1717912538.693935394,1717912539.733937025,1717912540.773936987,1717912541.813936710,1717912542.853936672,1717912543.893936872,1717912544.933936357,1717912545.973936558,1717912547.013935804,1717912548.053937674,1717912549.093938112,1717912550.133938313,1717912551.173936367,1717912552.213937521,1717912553.253936291,1717912554.293937206,1717912555.333936691,1717912556.373936653,1717912557.413937807,1717912558.453937054,1717912559.493937731,1717912560.533936262,1717912561.573936939,1717912562.613935947,1717912563.653937101,1717912564.693936586,1717912565.733935356,1717912566.773936749,1717912567.813936710,1717912568.853937864,1717912569.893936634,1717912570.933937073,1717912571.973936081,1717912573.013936520,1717912574.053936481,1717912575.093935966,1717912576.133936405,1717912577.173937082,1717912578.213937044,1717912579.253936052,1717912580.293936491,1717912581.333936453,1717912582.373936653,1717912583.413935900,1717912584.453938723,1717912585.493938208,1717912586.533937454,1717912587.573936462,1717912588.613935709,1717912589.653936863,1717912590.693936348,1717912591.733937502,1717912592.773937464,1717912593.809936762,1717912594.849936008,1717912595.889935493,1717912596.929936409,1717912597.969936848,1717912599.009936333,1717912600.049938440,1717912601.089936495,1717912602.129935980,1717912603.169937849,1717912604.209936857,1717912604.604810238],"size":[0,0,0,0,0,0,0,0,0,0,0,0,0,0,0,0,0,0,0,0,0,0,0,0,0,0,0,0,0,0,0,0,0,0,0,0,0,0,0,0,0,0,0,0,0,0,0,0,0,0,0,0,0,0,0,0,0,0,0,0,0,0,0,0,0,0,0,0,0,0,0,0,0,0,0,0,0,0,0,0,0,0,0,0,0,0,0,0],"total_size":[2,1,1,1,1,1,1,1,1,1,1,1,1,1,1,1,1,1,1,1,1,1,1,1,1,1,1,1,1,1,1,1,1,1,1,1,1,1,1,1,1,1,1,1,1,1,1,1,1,1,1,1,1,1,1,1,1,1,1,1,1,1,1,1,1,1,1,1,1,1,1,1,1,1,1,1,1,1,1,1,1,1,1,1,1,1,1,0]}}}