{"address":"","rpcs":{"get_file_data:0":{"timestamps":[1717913553.490709543,1717913554.557239771,1717913555.597239494,1717913556.637241364,1717913557.677239418,1717913558.717240810,1717913559.757241726,1717913560.797240019,1717913561.837243557,1717913562.877239466,1717913563.917240381,1717913564.957240343,1717913565.997239590,1717913567.037240028,1717913568.077239752,1717913569.117241144,1717913570.157240629,1717913571.197239876,1717913572.237240076,1717913573.277241945,1717913574.317240953,1717913575.357239723,1717913576.397239208,1717913577.437240362,1717913578.477240562,1717913579.517240047,1717913580.557239294,1717913581.597244263,1717913582.637240410,1717913583.677240372,1717913584.717241526,1717913585.757239103,1717913586.797241688,1717913587.837240219,1717913588.877239227,1717913589.917240620,1717913590.957239628,1717913591.997241259,1717913593.037239075,1717913594.077239752,1717913595.117239714,1717913596.157239914,1717913597.197240591,1717913598.237239122,1717913599.277240515,1717913600.317239046,1717913601.357239723,1717913602.397239447,1717913603.437239647,1717913604.477240086,1717913605.517240047,1717913606.557239056,1717913607.597240925,1717913608.637240171,1717913609.677240372,1717913610.717240334,1717913611.757239580,1717913612.797240496,1717913613.837240219,1717913614.877240419,1717913615.917240143,1717913616.957240343,1717913617.997240305,1717913619.037239075,1717913620.077240944,1717913621.117239952,1717913622.157239914,1717913623.197240353,1717913624.237239361,1717913625.277239799,1717913626.317240238,1717913627.357240200,1717913628.397239685,1717913629.437240124,1717913630.477239132,1717913631.517239094,1717913632.557240009,1717913633.597241640,1717913634.637239456,1717913635.677241802,1717913636.717239857,1717913637.757239580,1717913638.797239542,1717913639.837240219,1717913640.877242804,1717913641.917240381,1717913642.957239866,1717913643.396734715],"count":[1,9,0,0,0,0,0,0,0,0,0,0,0,0,0,0,0,0,0,0,0,0,0,0,0,0,0,0,0,0,0,0,0,0,0,0,0,0,0,0,0,0,0,0,0,0,0,0,0,0,0,0,0,0,0,0,0,0,0,0,0,0,0,0,0,0,0,0,0,0,0,0,0,0,0,0,0,0,0,0,0,0,0,0,0,0,0,0],"bulk_size":[0,0,0,0,0,0,0,0,0,0,0,0,0,0,0,0,0,0,0,0,0,0,0,0,0,0,0,0,0,0,0,0,0,0,0,0,0,0,0,0,0,0,0,0,0,0,0,0,0,0,0,0,0,0,0,0,0,0,0,0,0,0,0,0,0,0,0,0,0,0,0,0,0,0,0,0,0,0,0,0,0,0,0,0,0,0,0,0]},"__shutdown__:65535":{"timestamps":[1717913643.396734715],"count":[1],"bulk_size":[0]}},"pools":{"__primary__":{"timestamps":[1717913553.490709543,1717913554.557239771,1717913555.597239494,1717913556.637241364,1717913557.677239418,1717913558.717240810,1717913559.757241726,1717913560.797240019,1717913561.837243557,1717913562.877239466,1717913563.917240381,1717913564.957240343,1717913565.997239590,1717913567.037240028,1717913568.077239752,1717913569.117241144,1717913570.157240629,1717913571.197239876,1717913572.237240076,1717913573.277241945,1717913574.317240953,1717913575.357239723,1717913576.397239208,1717913577.437240362,1717913578.477240562,1717913579.517240047,1717913580.557239294,1717913581.597244263,1717913582.637240410,1717913583.677240372,1717913584.717241526,1717913585.757239103,1717913586.797241688,1717913587.837240219,1717913588.877239227,1717913589.917240620,1717913590.957239628,1717913591.997241259,1717913593.037239075,1717913594.077239752,1717913595.117239714,1717913596.157239914,1717913597.197240591,1717913598.237239122,1717913599.277240515,1717913600.317239046,1717913601.357239723,1717913602.397239447,1717913603.437239647,1717913604.477240086,1717913605.517240047,1717913606.557239056,1717913607.597240925,1717913608.637240171,1717913609.677240372,1717913610.717240334,1717913611.757239580,1717913612.797240496,1717913613.837240219,1717913614.877240419,1717913615.917240143,1717913616.957240343,1717913617.997240305,1717913619.037239075,1717913620.077240944,1717913621.117239952,1717913622.157239914,1717913623.197240353,1717913624.237239361,1717913625.277239799,1717913626.317240238,1717913627.357240200,1717913628.397239685,1717913629.437240124,1717913630.477239132,1717913631.517239094,1717913632.557240009,1717913633.597241640,1717913634.637239456,1717913635.677241802,1717913636.717239857,1717913637.757239580,1717913638.797239542,1717913639.837240219,1717913640.877242804,1717913641.917240381,1717913642.957239866,1717913643.396734715],"size":[0,0,0,0,0,0,0,0,0,0,0,0,0,0,0,0,0,0,0,0,0,0,0,0,0,0,0,0,0,0,0,0,0,0,0,0,0,0,0,0,0,0,0,0,0,0,0,0,0,0,0,0,0,0,0,0,0,0,0,0,0,0,0,0,0,0,0,0,0,0,0,0,0,0,0,0,0,0,0,0,0,0,0,0,0,0,0,0],"total_size":[2,1,1,1,1,1,1,1,1,1,1,1,1,1,1,1,1,1,1,1,1,1,1,1,1,1,1,1,1,1,1,1,1,1,1,1,1,1,1,1,1,1,1,1,1,1,1,1,1,1,1,1,1,1,1,1,1,1,1,1,1,1,1,1,1,1,1,1,1,1,1,1,1,1,1,1,1,1,1,1,1,1,1,1,1,1,1,0]}}}